ano,mes,cbo6,faixa_sm,mov,n,sal_medio
2023,1,142505,3_a_6SM,adm,7,5642.86
2023,1,142505,3_a_6SM,deslig,7,5482.97
2023,1,142505,6_a_10SM,adm,10,10472.44
2023,1,142505,6_a_10SM,deslig,14,10510.41
2023,1,142505,acima_10SM,adm,20,22508.88
2023,1,142505,acima_10SM,deslig,23,21226.94
2023,1,142505,ate_3SM,adm,7,2228.86
2023,1,142505,ate_3SM,deslig,3,2537.18
2023,1,142510,3_a_6SM,adm,7,6054.23
2023,1,142510,3_a_6SM,deslig,6,5746.93
2023,1,142510,6_a_10SM,adm,20,11050.98
2023,1,142510,6_a_10SM,deslig,30,11110.6
2023,1,142510,acima_10SM,adm,110,22309.71
2023,1,142510,acima_10SM,deslig,108,22637.22
2023,1,142510,ate_3SM,adm,4,3175.0
2023,1,142510,ate_3SM,deslig,4,2735.13
2023,1,142515,3_a_6SM,adm,7,6003.06
2023,1,142515,3_a_6SM,deslig,8,5086.45
2023,1,142515,6_a_10SM,adm,10,9851.08
2023,1,142515,6_a_10SM,deslig,11,10536.33
2023,1,142515,acima_10SM,adm,21,21838.99
2023,1,142515,acima_10SM,deslig,34,21920.77
2023,1,142515,ate_3SM,adm,1,3250.0
2023,1,142515,ate_3SM,deslig,3,3325.25
2023,1,142520,3_a_6SM,adm,51,5899.89
2023,1,142520,3_a_6SM,deslig,42,6034.15
2023,1,142520,6_a_10SM,adm,103,10689.16
2023,1,142520,6_a_10SM,deslig,94,10546.82
2023,1,142520,acima_10SM,adm,128,20657.16
2023,1,142520,acima_10SM,deslig,133,19395.14
2023,1,142520,ate_3SM,adm,33,2681.91
2023,1,142520,ate_3SM,deslig,24,2831.36
2023,1,142525,6_a_10SM,adm,4,10350.65
2023,1,142525,6_a_10SM,deslig,1,10307.54
2023,1,142525,acima_10SM,adm,15,20984.72
2023,1,142525,acima_10SM,deslig,14,23356.41
2023,1,142525,ate_3SM,adm,1,3500.0
2023,1,142525,ate_3SM,deslig,3,3198.45
2023,1,142530,3_a_6SM,adm,10,5386.58
2023,1,142530,3_a_6SM,deslig,18,6026.09
2023,1,142530,6_a_10SM,adm,15,10468.31
2023,1,142530,6_a_10SM,deslig,10,10487.27
2023,1,142530,acima_10SM,adm,18,21658.59
2023,1,142530,acima_10SM,deslig,22,18832.38
2023,1,142530,ate_3SM,adm,8,2434.83
2023,1,142530,ate_3SM,deslig,3,2308.73
2023,1,142535,3_a_6SM,adm,7,5686.65
2023,1,142535,3_a_6SM,deslig,3,6188.47
2023,1,142535,6_a_10SM,adm,9,10775.12
2023,1,142535,6_a_10SM,deslig,13,10035.74
2023,1,142535,acima_10SM,adm,5,17719.92
2023,1,142535,acima_10SM,deslig,2,15783.42
2023,1,142535,ate_3SM,adm,20,2374.77
2023,1,142535,ate_3SM,deslig,12,2304.97
2023,1,212305,3_a_6SM,adm,60,5748.03
2023,1,212305,3_a_6SM,deslig,36,6136.89
2023,1,212305,6_a_10SM,adm,50,10186.81
2023,1,212305,6_a_10SM,deslig,36,10219.48
2023,1,212305,acima_10SM,adm,22,18567.75
2023,1,212305,acima_10SM,deslig,19,17258.34
2023,1,212305,ate_3SM,adm,26,2619.42
2023,1,212305,ate_3SM,deslig,55,2231.32
2023,1,212310,3_a_6SM,adm,22,5955.11
2023,1,212310,3_a_6SM,deslig,19,5740.06
2023,1,212310,6_a_10SM,adm,12,11206.23
2023,1,212310,6_a_10SM,deslig,12,10051.78
2023,1,212310,acima_10SM,adm,4,15846.68
2023,1,212310,acima_10SM,deslig,10,19886.28
2023,1,212310,ate_3SM,adm,29,2529.63
2023,1,212310,ate_3SM,deslig,17,2886.63
2023,1,212315,3_a_6SM,adm,27,5285.87
2023,1,212315,3_a_6SM,deslig,26,5529.9
2023,1,212315,6_a_10SM,adm,29,10405.43
2023,1,212315,6_a_10SM,deslig,20,10490.0
2023,1,212315,acima_10SM,adm,24,17578.2
2023,1,212315,acima_10SM,deslig,37,16992.35
2023,1,212315,ate_3SM,adm,30,2814.89
2023,1,212315,ate_3SM,deslig,31,2339.12
2023,1,212320,3_a_6SM,adm,73,5717.94
2023,1,212320,3_a_6SM,deslig,44,5738.42
2023,1,212320,6_a_10SM,adm,50,10716.01
2023,1,212320,6_a_10SM,deslig,36,10385.25
2023,1,212320,acima_10SM,adm,30,17121.22
2023,1,212320,acima_10SM,deslig,28,19271.8
2023,1,212320,ate_3SM,adm,47,2783.75
2023,1,212320,ate_3SM,deslig,17,2947.45
2023,1,212405,3_a_6SM,adm,1087,5641.25
2023,1,212405,3_a_6SM,deslig,940,5904.42
2023,1,212405,6_a_10SM,adm,994,10257.9
2023,1,212405,6_a_10SM,deslig,1014,10250.98
2023,1,212405,acima_10SM,adm,438,16570.67
2023,1,212405,acima_10SM,deslig,466,16834.09
2023,1,212405,ate_3SM,adm,1011,2668.07
2023,1,212405,ate_3SM,deslig,660,2748.25
2023,1,212410,3_a_6SM,adm,202,5350.59
2023,1,212410,3_a_6SM,deslig,184,5672.78
2023,1,212410,6_a_10SM,adm,72,10079.76
2023,1,212410,6_a_10SM,deslig,73,10108.12
2023,1,212410,acima_10SM,adm,27,17910.63
2023,1,212410,acima_10SM,deslig,32,18141.07
2023,1,212410,ate_3SM,adm,331,2562.33
2023,1,212410,ate_3SM,deslig,237,2527.48
2023,1,212415,3_a_6SM,adm,41,5257.54
2023,1,212415,3_a_6SM,deslig,38,5302.81
2023,1,212415,6_a_10SM,adm,14,9743.71
2023,1,212415,6_a_10SM,deslig,16,9704.07
2023,1,212415,acima_10SM,adm,3,14166.67
2023,1,212415,acima_10SM,deslig,3,14526.37
2023,1,212415,ate_3SM,adm,44,2632.21
2023,1,212415,ate_3SM,deslig,35,2835.72
2023,1,212420,3_a_6SM,adm,240,5381.65
2023,1,212420,3_a_6SM,deslig,241,5477.76
2023,1,212420,6_a_10SM,adm,79,10362.38
2023,1,212420,6_a_10SM,deslig,98,9887.48
2023,1,212420,acima_10SM,adm,33,16148.96
2023,1,212420,acima_10SM,deslig,39,18895.51
2023,1,212420,ate_3SM,adm,1183,2361.62
2023,1,212420,ate_3SM,deslig,934,2360.45
2023,1,212425,3_a_6SM,adm,12,6021.85
2023,1,212425,3_a_6SM,deslig,5,6636.77
2023,1,212425,6_a_10SM,adm,20,10500.29
2023,1,212425,6_a_10SM,deslig,9,10539.2
2023,1,212425,acima_10SM,adm,32,16406.97
2023,1,212425,acima_10SM,deslig,23,16807.17
2023,1,212425,ate_3SM,adm,2,2200.0
2023,1,212430,3_a_6SM,adm,65,5640.85
2023,1,212430,3_a_6SM,deslig,27,5740.61
2023,1,212430,6_a_10SM,adm,21,9568.14
2023,1,212430,6_a_10SM,deslig,16,10192.74
2023,1,212430,acima_10SM,adm,4,17250.0
2023,1,212430,acima_10SM,deslig,3,15720.6
2023,1,212430,ate_3SM,adm,21,3002.47
2023,1,212430,ate_3SM,deslig,15,2928.36
2023,1,317105,3_a_6SM,adm,19,5172.81
2023,1,317105,3_a_6SM,deslig,16,5862.13
2023,1,317105,6_a_10SM,adm,7,11285.84
2023,1,317105,6_a_10SM,deslig,5,9187.7
2023,1,317105,acima_10SM,deslig,4,18983.0
2023,1,317105,ate_3SM,adm,66,2226.19
2023,1,317105,ate_3SM,deslig,34,2255.19
2023,1,317110,3_a_6SM,adm,276,5603.01
2023,1,317110,3_a_6SM,deslig,272,5561.96
2023,1,317110,6_a_10SM,adm,204,10284.72
2023,1,317110,6_a_10SM,deslig,218,10284.74
2023,1,317110,acima_10SM,adm,87,17282.5
2023,1,317110,acima_10SM,deslig,88,17603.77
2023,1,317110,ate_3SM,adm,466,2498.15
2023,1,317110,ate_3SM,deslig,307,2632.34
2023,1,317115,3_a_6SM,adm,27,5020.04
2023,1,317115,3_a_6SM,deslig,21,5285.08
2023,1,317115,6_a_10SM,adm,1,8000.0
2023,1,317115,6_a_10SM,deslig,1,10080.4
2023,1,317115,ate_3SM,adm,22,2821.22
2023,1,317115,ate_3SM,deslig,25,2883.44
2023,1,317120,3_a_6SM,adm,7,5423.77
2023,1,317120,3_a_6SM,deslig,9,5631.15
2023,1,317120,6_a_10SM,adm,2,9980.0
2023,1,317120,6_a_10SM,deslig,2,10814.88
2023,1,317120,acima_10SM,adm,1,15000.0
2023,1,317120,acima_10SM,deslig,3,15309.42
2023,1,317120,ate_3SM,adm,17,2316.23
2023,1,317120,ate_3SM,deslig,19,2372.38
2023,1,317205,3_a_6SM,adm,15,4929.42
2023,1,317205,3_a_6SM,deslig,25,5158.98
2023,1,317205,6_a_10SM,adm,2,8554.24
2023,1,317205,6_a_10SM,deslig,4,10008.43
2023,1,317205,acima_10SM,adm,2,15500.0
2023,1,317205,acima_10SM,deslig,3,17716.52
2023,1,317205,ate_3SM,adm,280,1912.04
2023,1,317205,ate_3SM,deslig,227,1890.96
2023,1,317210,3_a_6SM,adm,24,4859.32
2023,1,317210,3_a_6SM,deslig,35,5198.17
2023,1,317210,6_a_10SM,adm,7,11357.14
2023,1,317210,6_a_10SM,deslig,15,10075.29
2023,1,317210,acima_10SM,adm,1,14000.0
2023,1,317210,acima_10SM,deslig,1,16978.23
2023,1,317210,ate_3SM,adm,759,2100.3
2023,1,317210,ate_3SM,deslig,529,2089.38
2023,2,142505,3_a_6SM,adm,3,4500.0
2023,2,142505,3_a_6SM,deslig,6,5432.37
2023,2,142505,6_a_10SM,adm,10,11380.72
2023,2,142505,6_a_10SM,deslig,11,10660.88
2023,2,142505,acima_10SM,adm,24,22682.47
2023,2,142505,acima_10SM,deslig,26,22738.26
2023,2,142505,ate_3SM,adm,5,2749.38
2023,2,142505,ate_3SM,deslig,9,2858.58
2023,2,142510,3_a_6SM,adm,9,6084.42
2023,2,142510,3_a_6SM,deslig,9,6504.61
2023,2,142510,6_a_10SM,adm,17,11007.54
2023,2,142510,6_a_10SM,deslig,26,11171.43
2023,2,142510,acima_10SM,adm,70,21603.12
2023,2,142510,acima_10SM,deslig,120,22902.89
2023,2,142510,ate_3SM,adm,2,2150.0
2023,2,142510,ate_3SM,deslig,8,2671.59
2023,2,142515,3_a_6SM,adm,4,6337.0
2023,2,142515,3_a_6SM,deslig,11,5375.65
2023,2,142515,6_a_10SM,adm,8,10925.0
2023,2,142515,6_a_10SM,deslig,9,11117.27
2023,2,142515,acima_10SM,adm,11,22839.55
2023,2,142515,acima_10SM,deslig,23,21773.11
2023,2,142515,ate_3SM,adm,4,2210.73
2023,2,142515,ate_3SM,deslig,4,2217.09
2023,2,142520,3_a_6SM,adm,32,5362.14
2023,2,142520,3_a_6SM,deslig,47,6193.81
2023,2,142520,6_a_10SM,adm,69,10391.04
2023,2,142520,6_a_10SM,deslig,94,10768.77
2023,2,142520,acima_10SM,adm,107,21514.85
2023,2,142520,acima_10SM,deslig,174,20546.92
2023,2,142520,ate_3SM,adm,36,2713.64
2023,2,142520,ate_3SM,deslig,17,2786.17
2023,2,142525,3_a_6SM,adm,3,5790.4
2023,2,142525,3_a_6SM,deslig,1,4021.68
2023,2,142525,6_a_10SM,adm,6,10679.67
2023,2,142525,6_a_10SM,deslig,2,11061.0
2023,2,142525,acima_10SM,adm,10,19800.0
2023,2,142525,acima_10SM,deslig,20,23321.09
2023,2,142525,ate_3SM,adm,1,2500.0
2023,2,142525,ate_3SM,deslig,1,2536.6
2023,2,142530,3_a_6SM,adm,12,5802.36
2023,2,142530,3_a_6SM,deslig,7,6194.85
2023,2,142530,6_a_10SM,adm,5,10936.98
2023,2,142530,6_a_10SM,deslig,10,10719.11
2023,2,142530,acima_10SM,adm,15,19049.15
2023,2,142530,acima_10SM,deslig,18,19335.12
2023,2,142530,ate_3SM,adm,8,2572.03
2023,2,142530,ate_3SM,deslig,19,2710.65
2023,2,142535,3_a_6SM,adm,16,5626.93
2023,2,142535,3_a_6SM,deslig,9,5780.96
2023,2,142535,6_a_10SM,adm,12,10694.77
2023,2,142535,6_a_10SM,deslig,14,11129.66
2023,2,142535,acima_10SM,adm,6,19733.33
2023,2,142535,acima_10SM,deslig,13,16014.76
2023,2,142535,ate_3SM,adm,22,2465.3
2023,2,142535,ate_3SM,deslig,16,2398.72
2023,2,212305,3_a_6SM,adm,24,5877.38
2023,2,212305,3_a_6SM,deslig,32,5803.74
2023,2,212305,6_a_10SM,adm,21,10668.19
2023,2,212305,6_a_10SM,deslig,43,10396.78
2023,2,212305,acima_10SM,adm,14,21114.85
2023,2,212305,acima_10SM,deslig,16,15907.87
2023,2,212305,ate_3SM,adm,14,2864.53
2023,2,212305,ate_3SM,deslig,20,2228.16
2023,2,212310,3_a_6SM,adm,8,5683.37
2023,2,212310,3_a_6SM,deslig,11,5651.7
2023,2,212310,6_a_10SM,adm,14,11062.86
2023,2,212310,6_a_10SM,deslig,12,10823.83
2023,2,212310,acima_10SM,adm,3,19247.33
2023,2,212310,acima_10SM,deslig,10,19075.17
2023,2,212310,ate_3SM,adm,16,2822.9
2023,2,212310,ate_3SM,deslig,25,2683.54
2023,2,212315,3_a_6SM,adm,16,5294.1
2023,2,212315,3_a_6SM,deslig,19,5694.68
2023,2,212315,6_a_10SM,adm,14,9748.95
2023,2,212315,6_a_10SM,deslig,34,10098.24
2023,2,212315,acima_10SM,adm,16,17365.32
2023,2,212315,acima_10SM,deslig,26,16970.76
2023,2,212315,ate_3SM,adm,37,2513.1
2023,2,212315,ate_3SM,deslig,17,2626.25
2023,2,212320,3_a_6SM,adm,41,5780.95
2023,2,212320,3_a_6SM,deslig,45,5891.33
2023,2,212320,6_a_10SM,adm,51,10225.33
2023,2,212320,6_a_10SM,deslig,30,9876.7
2023,2,212320,acima_10SM,adm,18,16949.08
2023,2,212320,acima_10SM,deslig,22,16656.9
2023,2,212320,ate_3SM,adm,39,2700.36
2023,2,212320,ate_3SM,deslig,22,2996.32
2023,2,212405,3_a_6SM,adm,753,5541.74
2023,2,212405,3_a_6SM,deslig,942,5880.95
2023,2,212405,6_a_10SM,adm,826,10374.94
2023,2,212405,6_a_10SM,deslig,1049,10265.05
2023,2,212405,acima_10SM,adm,361,16617.17
2023,2,212405,acima_10SM,deslig,543,16870.74
2023,2,212405,ate_3SM,adm,507,2726.74
2023,2,212405,ate_3SM,deslig,614,2729.95
2023,2,212410,3_a_6SM,adm,128,5320.05
2023,2,212410,3_a_6SM,deslig,123,5635.31
2023,2,212410,6_a_10SM,adm,67,9723.18
2023,2,212410,6_a_10SM,deslig,56,10196.8
2023,2,212410,acima_10SM,adm,23,17279.44
2023,2,212410,acima_10SM,deslig,26,17522.17
2023,2,212410,ate_3SM,adm,225,2495.91
2023,2,212410,ate_3SM,deslig,195,2559.04
2023,2,212415,3_a_6SM,adm,30,5390.85
2023,2,212415,3_a_6SM,deslig,35,5853.88
2023,2,212415,6_a_10SM,adm,11,10674.7
2023,2,212415,6_a_10SM,deslig,21,10417.41
2023,2,212415,acima_10SM,adm,9,17588.89
2023,2,212415,acima_10SM,deslig,3,15930.24
2023,2,212415,ate_3SM,adm,48,2565.37
2023,2,212415,ate_3SM,deslig,50,2542.34
2023,2,212420,3_a_6SM,adm,199,5325.27
2023,2,212420,3_a_6SM,deslig,266,5419.41
2023,2,212420,6_a_10SM,adm,63,9706.22
2023,2,212420,6_a_10SM,deslig,80,10086.06
2023,2,212420,acima_10SM,adm,30,17045.8
2023,2,212420,acima_10SM,deslig,49,18057.46
2023,2,212420,ate_3SM,adm,821,2388.44
2023,2,212420,ate_3SM,deslig,808,2422.66
2023,2,212425,3_a_6SM,adm,4,6358.89
2023,2,212425,3_a_6SM,deslig,3,7085.91
2023,2,212425,6_a_10SM,adm,19,10247.46
2023,2,212425,6_a_10SM,deslig,11,11105.22
2023,2,212425,acima_10SM,adm,29,19722.02
2023,2,212425,acima_10SM,deslig,15,16608.3
2023,2,212425,ate_3SM,adm,1,2500.0
2023,2,212425,ate_3SM,deslig,3,2961.61
2023,2,212430,3_a_6SM,adm,30,5479.35
2023,2,212430,3_a_6SM,deslig,26,6218.61
2023,2,212430,6_a_10SM,adm,13,11095.0
2023,2,212430,6_a_10SM,deslig,10,9800.45
2023,2,212430,acima_10SM,adm,2,15950.0
2023,2,212430,acima_10SM,deslig,3,15700.81
2023,2,212430,ate_3SM,adm,26,2662.27
2023,2,212430,ate_3SM,deslig,13,3060.34
2023,2,317105,3_a_6SM,adm,9,5698.9
2023,2,317105,3_a_6SM,deslig,19,5301.36
2023,2,317105,6_a_10SM,adm,7,10651.29
2023,2,317105,6_a_10SM,deslig,1,12166.05
2023,2,317105,acima_10SM,adm,5,17052.88
2023,2,317105,acima_10SM,deslig,2,29138.08
2023,2,317105,ate_3SM,adm,29,2346.74
2023,2,317105,ate_3SM,deslig,29,2453.51
2023,2,317110,3_a_6SM,adm,183,5598.76
2023,2,317110,3_a_6SM,deslig,295,5727.68
2023,2,317110,6_a_10SM,adm,162,9925.57
2023,2,317110,6_a_10SM,deslig,220,10274.49
2023,2,317110,acima_10SM,adm,79,18636.03
2023,2,317110,acima_10SM,deslig,78,16866.68
2023,2,317110,ate_3SM,adm,320,2505.37
2023,2,317110,ate_3SM,deslig,271,2612.69
2023,2,317115,3_a_6SM,adm,18,4994.73
2023,2,317115,3_a_6SM,deslig,24,5040.72
2023,2,317115,acima_10SM,adm,2,14200.0
2023,2,317115,ate_3SM,adm,24,2835.88
2023,2,317115,ate_3SM,deslig,25,2988.45
2023,2,317120,3_a_6SM,adm,7,6138.57
2023,2,317120,3_a_6SM,deslig,3,4992.55
2023,2,317120,6_a_10SM,adm,3,11786.67
2023,2,317120,6_a_10SM,deslig,6,10531.86
2023,2,317120,acima_10SM,adm,1,14000.0
2023,2,317120,acima_10SM,deslig,1,18193.07
2023,2,317120,ate_3SM,adm,15,2246.26
2023,2,317120,ate_3SM,deslig,10,2543.34
2023,2,317205,3_a_6SM,adm,17,4911.42
2023,2,317205,3_a_6SM,deslig,26,5167.25
2023,2,317205,6_a_10SM,adm,1,9500.0
2023,2,317205,6_a_10SM,deslig,13,10568.22
2023,2,317205,acima_10SM,adm,1,15500.0
2023,2,317205,acima_10SM,deslig,6,18377.27
2023,2,317205,ate_3SM,adm,193,1911.37
2023,2,317205,ate_3SM,deslig,165,2094.47
2023,2,317210,3_a_6SM,adm,24,4919.29
2023,2,317210,3_a_6SM,deslig,42,4785.65
2023,2,317210,6_a_10SM,adm,7,10394.01
2023,2,317210,6_a_10SM,deslig,6,10615.19
2023,2,317210,acima_10SM,adm,1,16448.75
2023,2,317210,acima_10SM,deslig,6,18581.03
2023,2,317210,ate_3SM,adm,713,2011.46
2023,2,317210,ate_3SM,deslig,558,2106.47
2023,3,142505,3_a_6SM,adm,6,5425.61
2023,3,142505,3_a_6SM,deslig,6,5529.59
2023,3,142505,6_a_10SM,adm,5,11000.0
2023,3,142505,6_a_10SM,deslig,8,11749.42
2023,3,142505,acima_10SM,adm,19,21588.18
2023,3,142505,acima_10SM,deslig,26,18736.52
2023,3,142505,ate_3SM,adm,11,2633.58
2023,3,142505,ate_3SM,deslig,10,3091.24
2023,3,142510,3_a_6SM,adm,6,6281.67
2023,3,142510,3_a_6SM,deslig,17,6169.62
2023,3,142510,6_a_10SM,adm,19,10756.16
2023,3,142510,6_a_10SM,deslig,35,10920.42
2023,3,142510,acima_10SM,adm,97,20553.3
2023,3,142510,acima_10SM,deslig,162,21836.5
2023,3,142510,ate_3SM,adm,5,3352.31
2023,3,142510,ate_3SM,deslig,6,2541.28
2023,3,142515,3_a_6SM,adm,5,5400.75
2023,3,142515,3_a_6SM,deslig,10,5157.37
2023,3,142515,6_a_10SM,adm,8,11079.75
2023,3,142515,6_a_10SM,deslig,10,10506.02
2023,3,142515,acima_10SM,adm,17,25436.84
2023,3,142515,acima_10SM,deslig,55,23356.18
2023,3,142515,ate_3SM,adm,1,2200.0
2023,3,142515,ate_3SM,deslig,4,2783.96
2023,3,142520,3_a_6SM,adm,33,5926.35
2023,3,142520,3_a_6SM,deslig,39,5727.32
2023,3,142520,6_a_10SM,adm,78,10786.64
2023,3,142520,6_a_10SM,deslig,113,10996.93
2023,3,142520,acima_10SM,adm,105,19957.44
2023,3,142520,acima_10SM,deslig,180,20808.91
2023,3,142520,ate_3SM,adm,16,2502.62
2023,3,142520,ate_3SM,deslig,10,2970.53
2023,3,142520,sem_info,adm,1,
2023,3,142525,3_a_6SM,deslig,1,5021.48
2023,3,142525,6_a_10SM,adm,2,12549.11
2023,3,142525,6_a_10SM,deslig,3,12591.07
2023,3,142525,acima_10SM,adm,10,22472.68
2023,3,142525,acima_10SM,deslig,23,21326.55
2023,3,142525,ate_3SM,adm,2,2084.9
2023,3,142525,ate_3SM,deslig,1,2084.67
2023,3,142530,3_a_6SM,adm,9,5560.32
2023,3,142530,3_a_6SM,deslig,22,5630.38
2023,3,142530,6_a_10SM,adm,5,11480.44
2023,3,142530,6_a_10SM,deslig,13,11323.37
2023,3,142530,acima_10SM,adm,26,24165.05
2023,3,142530,acima_10SM,deslig,29,21699.02
2023,3,142530,ate_3SM,adm,6,3039.93
2023,3,142530,ate_3SM,deslig,13,2630.14
2023,3,142535,3_a_6SM,adm,9,5574.65
2023,3,142535,3_a_6SM,deslig,7,5671.71
2023,3,142535,6_a_10SM,adm,10,10700.0
2023,3,142535,6_a_10SM,deslig,5,10218.23
2023,3,142535,acima_10SM,adm,3,14666.67
2023,3,142535,acima_10SM,deslig,15,15520.75
2023,3,142535,ate_3SM,adm,16,2120.08
2023,3,142535,ate_3SM,deslig,21,2681.28
2023,3,212305,3_a_6SM,adm,34,5992.34
2023,3,212305,3_a_6SM,deslig,36,5791.66
2023,3,212305,6_a_10SM,adm,31,10108.0
2023,3,212305,6_a_10SM,deslig,29,10924.51
2023,3,212305,acima_10SM,adm,18,17549.88
2023,3,212305,acima_10SM,deslig,23,21195.24
2023,3,212305,ate_3SM,adm,22,2318.29
2023,3,212305,ate_3SM,deslig,27,2304.31
2023,3,212310,3_a_6SM,adm,13,6218.79
2023,3,212310,3_a_6SM,deslig,17,5454.32
2023,3,212310,6_a_10SM,adm,14,10416.33
2023,3,212310,6_a_10SM,deslig,14,10253.71
2023,3,212310,acima_10SM,adm,7,15510.02
2023,3,212310,acima_10SM,deslig,8,17963.64
2023,3,212310,ate_3SM,adm,15,2623.04
2023,3,212310,ate_3SM,deslig,22,2753.47
2023,3,212315,3_a_6SM,adm,20,5741.22
2023,3,212315,3_a_6SM,deslig,60,5695.14
2023,3,212315,6_a_10SM,adm,22,9704.4
2023,3,212315,6_a_10SM,deslig,46,9922.99
2023,3,212315,acima_10SM,adm,18,18073.33
2023,3,212315,acima_10SM,deslig,38,16243.9
2023,3,212315,ate_3SM,adm,37,2518.1
2023,3,212315,ate_3SM,deslig,59,2706.43
2023,3,212320,3_a_6SM,adm,41,5975.46
2023,3,212320,3_a_6SM,deslig,51,5735.24
2023,3,212320,6_a_10SM,adm,41,10098.61
2023,3,212320,6_a_10SM,deslig,42,10159.68
2023,3,212320,acima_10SM,adm,22,18720.14
2023,3,212320,acima_10SM,deslig,20,16848.5
2023,3,212320,ate_3SM,adm,31,2985.5
2023,3,212320,ate_3SM,deslig,28,2885.86
2023,3,212405,3_a_6SM,adm,806,5757.24
2023,3,212405,3_a_6SM,deslig,992,5857.63
2023,3,212405,6_a_10SM,adm,915,10314.09
2023,3,212405,6_a_10SM,deslig,965,10231.8
2023,3,212405,acima_10SM,adm,412,16629.21
2023,3,212405,acima_10SM,deslig,402,16700.55
2023,3,212405,ate_3SM,adm,728,2730.92
2023,3,212405,ate_3SM,deslig,682,2781.97
2023,3,212405,sem_info,deslig,1,
2023,3,212410,3_a_6SM,adm,162,5400.38
2023,3,212410,3_a_6SM,deslig,159,5441.03
2023,3,212410,6_a_10SM,adm,76,10141.91
2023,3,212410,6_a_10SM,deslig,54,9821.27
2023,3,212410,acima_10SM,adm,31,16042.98
2023,3,212410,acima_10SM,deslig,34,21773.93
2023,3,212410,ate_3SM,adm,235,2533.66
2023,3,212410,ate_3SM,deslig,254,2621.52
2023,3,212415,3_a_6SM,adm,30,5735.85
2023,3,212415,3_a_6SM,deslig,44,4947.44
2023,3,212415,6_a_10SM,adm,26,10473.0
2023,3,212415,6_a_10SM,deslig,16,9091.15
2023,3,212415,acima_10SM,adm,10,15062.74
2023,3,212415,acima_10SM,deslig,5,23501.61
2023,3,212415,ate_3SM,adm,38,2716.73
2023,3,212415,ate_3SM,deslig,45,2682.36
2023,3,212420,3_a_6SM,adm,260,5427.24
2023,3,212420,3_a_6SM,deslig,256,5418.52
2023,3,212420,6_a_10SM,adm,80,10152.44
2023,3,212420,6_a_10SM,deslig,90,10032.54
2023,3,212420,acima_10SM,adm,34,16464.72
2023,3,212420,acima_10SM,deslig,28,17673.99
2023,3,212420,ate_3SM,adm,1124,2395.93
2023,3,212420,ate_3SM,deslig,917,2451.11
2023,3,212425,3_a_6SM,adm,2,4750.0
2023,3,212425,3_a_6SM,deslig,6,6426.72
2023,3,212425,6_a_10SM,adm,19,10757.31
2023,3,212425,6_a_10SM,deslig,9,10827.38
2023,3,212425,acima_10SM,adm,22,18569.89
2023,3,212425,acima_10SM,deslig,23,18450.77
2023,3,212425,ate_3SM,adm,3,2066.67
2023,3,212425,ate_3SM,deslig,5,2659.24
2023,3,212430,3_a_6SM,adm,17,6128.55
2023,3,212430,3_a_6SM,deslig,85,5905.91
2023,3,212430,6_a_10SM,adm,34,10196.18
2023,3,212430,6_a_10SM,deslig,35,10150.39
2023,3,212430,acima_10SM,adm,1,15800.0
2023,3,212430,acima_10SM,deslig,1,15194.29
2023,3,212430,ate_3SM,adm,33,2790.57
2023,3,212430,ate_3SM,deslig,29,2786.99
2023,3,317105,3_a_6SM,adm,14,5344.08
2023,3,317105,3_a_6SM,deslig,22,5555.61
2023,3,317105,6_a_10SM,adm,9,11299.32
2023,3,317105,6_a_10SM,deslig,21,10100.64
2023,3,317105,acima_10SM,adm,3,15500.0
2023,3,317105,acima_10SM,deslig,8,15328.77
2023,3,317105,ate_3SM,adm,38,2282.32
2023,3,317105,ate_3SM,deslig,43,2467.05
2023,3,317110,3_a_6SM,adm,216,5558.08
2023,3,317110,3_a_6SM,deslig,248,5585.97
2023,3,317110,6_a_10SM,adm,209,10277.55
2023,3,317110,6_a_10SM,deslig,247,10043.79
2023,3,317110,acima_10SM,adm,77,17485.02
2023,3,317110,acima_10SM,deslig,84,21847.8
2023,3,317110,ate_3SM,adm,353,2550.68
2023,3,317110,ate_3SM,deslig,312,2597.2
2023,3,317110,sem_info,deslig,1,
2023,3,317115,3_a_6SM,adm,16,4876.06
2023,3,317115,3_a_6SM,deslig,20,5208.13
2023,3,317115,6_a_10SM,adm,1,8140.0
2023,3,317115,ate_3SM,adm,21,2844.45
2023,3,317115,ate_3SM,deslig,24,2857.84
2023,3,317120,3_a_6SM,adm,9,5732.37
2023,3,317120,3_a_6SM,deslig,6,6178.64
2023,3,317120,6_a_10SM,adm,3,8833.33
2023,3,317120,6_a_10SM,deslig,4,11183.61
2023,3,317120,acima_10SM,deslig,6,21576.44
2023,3,317120,ate_3SM,adm,88,2378.32
2023,3,317120,ate_3SM,deslig,10,2699.45
2023,3,317205,3_a_6SM,adm,13,5218.88
2023,3,317205,3_a_6SM,deslig,12,5294.34
2023,3,317205,6_a_10SM,deslig,1,10277.44
2023,3,317205,acima_10SM,adm,1,17000.0
2023,3,317205,acima_10SM,deslig,1,16000.0
2023,3,317205,ate_3SM,adm,207,1861.22
2023,3,317205,ate_3SM,deslig,213,2005.25
2023,3,317210,3_a_6SM,adm,30,5061.96
2023,3,317210,3_a_6SM,deslig,28,5216.96
2023,3,317210,6_a_10SM,adm,9,10090.73
2023,3,317210,6_a_10SM,deslig,5,8397.88
2023,3,317210,acima_10SM,adm,5,14242.96
2023,3,317210,acima_10SM,deslig,1,18465.0
2023,3,317210,ate_3SM,adm,804,2021.31
2023,3,317210,ate_3SM,deslig,609,2116.5
2023,4,142505,3_a_6SM,adm,2,4825.0
2023,4,142505,3_a_6SM,deslig,11,5224.46
2023,4,142505,6_a_10SM,adm,8,11093.19
2023,4,142505,6_a_10SM,deslig,9,10975.47
2023,4,142505,acima_10SM,adm,30,21279.32
2023,4,142505,acima_10SM,deslig,28,20245.83
2023,4,142505,ate_3SM,adm,5,2445.2
2023,4,142505,ate_3SM,deslig,6,2949.05
2023,4,142510,3_a_6SM,adm,6,6157.83
2023,4,142510,3_a_6SM,deslig,4,5651.77
2023,4,142510,6_a_10SM,adm,20,11179.05
2023,4,142510,6_a_10SM,deslig,27,11039.08
2023,4,142510,acima_10SM,adm,86,20769.81
2023,4,142510,acima_10SM,deslig,148,20714.32
2023,4,142510,ate_3SM,adm,4,2580.55
2023,4,142510,ate_3SM,deslig,4,2739.25
2023,4,142515,3_a_6SM,adm,6,5922.45
2023,4,142515,3_a_6SM,deslig,8,5782.25
2023,4,142515,6_a_10SM,adm,11,10984.09
2023,4,142515,6_a_10SM,deslig,12,10558.4
2023,4,142515,acima_10SM,adm,25,21765.2
2023,4,142515,acima_10SM,deslig,39,21735.19
2023,4,142515,ate_3SM,adm,2,3000.0
2023,4,142515,ate_3SM,deslig,5,2409.47
2023,4,142520,3_a_6SM,adm,40,5744.19
2023,4,142520,3_a_6SM,deslig,45,6177.23
2023,4,142520,6_a_10SM,adm,97,10561.87
2023,4,142520,6_a_10SM,deslig,94,10734.01
2023,4,142520,acima_10SM,adm,124,19403.45
2023,4,142520,acima_10SM,deslig,143,18723.77
2023,4,142520,ate_3SM,adm,12,2479.69
2023,4,142520,ate_3SM,deslig,19,2881.52
2023,4,142525,3_a_6SM,deslig,1,6913.15
2023,4,142525,6_a_10SM,adm,3,12010.75
2023,4,142525,6_a_10SM,deslig,5,10122.44
2023,4,142525,acima_10SM,adm,20,21931.35
2023,4,142525,acima_10SM,deslig,23,22487.06
2023,4,142530,3_a_6SM,adm,10,6298.93
2023,4,142530,3_a_6SM,deslig,8,5752.91
2023,4,142530,6_a_10SM,adm,14,9990.94
2023,4,142530,6_a_10SM,deslig,18,10756.27
2023,4,142530,acima_10SM,adm,20,18231.53
2023,4,142530,acima_10SM,deslig,18,19347.72
2023,4,142530,ate_3SM,adm,11,2511.79
2023,4,142530,ate_3SM,deslig,18,3175.13
2023,4,142535,3_a_6SM,adm,13,5880.96
2023,4,142535,3_a_6SM,deslig,19,5574.86
2023,4,142535,6_a_10SM,adm,13,10318.32
2023,4,142535,6_a_10SM,deslig,8,10056.8
2023,4,142535,acima_10SM,adm,4,16308.38
2023,4,142535,acima_10SM,deslig,12,16147.61
2023,4,142535,ate_3SM,adm,21,2472.92
2023,4,142535,ate_3SM,deslig,14,2319.16
2023,4,212305,3_a_6SM,adm,34,5927.35
2023,4,212305,3_a_6SM,deslig,28,5851.85
2023,4,212305,6_a_10SM,adm,29,10224.78
2023,4,212305,6_a_10SM,deslig,44,10420.05
2023,4,212305,acima_10SM,adm,23,16210.12
2023,4,212305,acima_10SM,deslig,17,16911.08
2023,4,212305,ate_3SM,adm,22,2595.39
2023,4,212305,ate_3SM,deslig,37,2611.29
2023,4,212310,3_a_6SM,adm,12,5642.56
2023,4,212310,3_a_6SM,deslig,19,5370.62
2023,4,212310,6_a_10SM,adm,9,11126.67
2023,4,212310,6_a_10SM,deslig,12,9841.21
2023,4,212310,acima_10SM,adm,13,19038.46
2023,4,212310,acima_10SM,deslig,8,20300.97
2023,4,212310,ate_3SM,adm,23,2659.05
2023,4,212310,ate_3SM,deslig,22,2588.34
2023,4,212315,3_a_6SM,adm,26,5386.3
2023,4,212315,3_a_6SM,deslig,51,5419.67
2023,4,212315,6_a_10SM,adm,24,11210.02
2023,4,212315,6_a_10SM,deslig,46,10619.49
2023,4,212315,acima_10SM,adm,23,16476.98
2023,4,212315,acima_10SM,deslig,58,34544.5
2023,4,212315,ate_3SM,adm,28,2473.41
2023,4,212315,ate_3SM,deslig,74,2739.76
2023,4,212320,3_a_6SM,adm,49,5602.16
2023,4,212320,3_a_6SM,deslig,50,5565.96
2023,4,212320,6_a_10SM,adm,42,10300.02
2023,4,212320,6_a_10SM,deslig,36,10223.73
2023,4,212320,acima_10SM,adm,29,18678.23
2023,4,212320,acima_10SM,deslig,29,15568.06
2023,4,212320,ate_3SM,adm,34,2972.97
2023,4,212320,ate_3SM,deslig,35,2920.13
2023,4,212405,3_a_6SM,adm,810,5675.25
2023,4,212405,3_a_6SM,deslig,896,5781.79
2023,4,212405,6_a_10SM,adm,899,10393.01
2023,4,212405,6_a_10SM,deslig,897,10341.24
2023,4,212405,acima_10SM,adm,417,16755.38
2023,4,212405,acima_10SM,deslig,431,17402.53
2023,4,212405,ate_3SM,adm,718,2726.41
2023,4,212405,ate_3SM,deslig,572,2798.91
2023,4,212405,sem_info,adm,2,
2023,4,212410,3_a_6SM,adm,170,5594.14
2023,4,212410,3_a_6SM,deslig,136,5539.48
2023,4,212410,6_a_10SM,adm,61,9621.12
2023,4,212410,6_a_10SM,deslig,77,10052.67
2023,4,212410,acima_10SM,adm,20,17328.61
2023,4,212410,acima_10SM,deslig,36,16250.55
2023,4,212410,ate_3SM,adm,218,2587.94
2023,4,212410,ate_3SM,deslig,212,2635.24
2023,4,212415,3_a_6SM,adm,43,5591.6
2023,4,212415,3_a_6SM,deslig,38,5129.53
2023,4,212415,6_a_10SM,adm,20,9136.57
2023,4,212415,6_a_10SM,deslig,8,11172.4
2023,4,212415,acima_10SM,adm,10,15996.06
2023,4,212415,acima_10SM,deslig,3,17639.67
2023,4,212415,ate_3SM,adm,32,2766.55
2023,4,212415,ate_3SM,deslig,34,2797.66
2023,4,212420,3_a_6SM,adm,301,5410.48
2023,4,212420,3_a_6SM,deslig,268,5302.16
2023,4,212420,6_a_10SM,adm,100,9843.08
2023,4,212420,6_a_10SM,deslig,81,9622.1
2023,4,212420,acima_10SM,adm,39,15282.33
2023,4,212420,acima_10SM,deslig,36,18094.38
2023,4,212420,ate_3SM,adm,925,2376.48
2023,4,212420,ate_3SM,deslig,799,2423.89
2023,4,212425,3_a_6SM,adm,5,6894.03
2023,4,212425,3_a_6SM,deslig,5,6196.05
2023,4,212425,6_a_10SM,adm,30,10417.87
2023,4,212425,6_a_10SM,deslig,19,10652.75
2023,4,212425,acima_10SM,adm,31,17986.52
2023,4,212425,acima_10SM,deslig,41,19481.89
2023,4,212425,ate_3SM,deslig,3,3014.23
2023,4,212430,3_a_6SM,adm,31,5828.12
2023,4,212430,3_a_6SM,deslig,54,5767.38
2023,4,212430,6_a_10SM,adm,25,9606.03
2023,4,212430,6_a_10SM,deslig,31,9794.82
2023,4,212430,acima_10SM,adm,2,15900.0
2023,4,212430,acima_10SM,deslig,6,16576.22
2023,4,212430,ate_3SM,adm,20,2737.36
2023,4,212430,ate_3SM,deslig,43,2752.08
2023,4,317105,3_a_6SM,adm,16,5591.44
2023,4,317105,3_a_6SM,deslig,13,5507.66
2023,4,317105,6_a_10SM,adm,11,11073.68
2023,4,317105,6_a_10SM,deslig,7,10154.98
2023,4,317105,acima_10SM,deslig,1,20000.0
2023,4,317105,ate_3SM,adm,40,2388.09
2023,4,317105,ate_3SM,deslig,44,2441.81
2023,4,317110,3_a_6SM,adm,238,5619.88
2023,4,317110,3_a_6SM,deslig,231,5660.87
2023,4,317110,6_a_10SM,adm,271,10006.73
2023,4,317110,6_a_10SM,deslig,184,10243.77
2023,4,317110,acima_10SM,adm,113,18181.16
2023,4,317110,acima_10SM,deslig,74,16093.1
2023,4,317110,ate_3SM,adm,370,2563.74
2023,4,317110,ate_3SM,deslig,253,2697.81
2023,4,317115,3_a_6SM,adm,27,5070.61
2023,4,317115,3_a_6SM,deslig,17,5462.02
2023,4,317115,ate_3SM,adm,23,2707.73
2023,4,317115,ate_3SM,deslig,26,2873.79
2023,4,317120,3_a_6SM,adm,3,6666.67
2023,4,317120,3_a_6SM,deslig,8,5681.01
2023,4,317120,6_a_10SM,deslig,7,10346.02
2023,4,317120,acima_10SM,adm,1,16100.0
2023,4,317120,acima_10SM,deslig,3,14062.27
2023,4,317120,ate_3SM,adm,27,2209.62
2023,4,317120,ate_3SM,deslig,12,2606.57
2023,4,317205,3_a_6SM,adm,7,4999.86
2023,4,317205,3_a_6SM,deslig,9,4860.83
2023,4,317205,6_a_10SM,adm,1,9911.0
2023,4,317205,6_a_10SM,deslig,4,9242.19
2023,4,317205,ate_3SM,adm,172,2008.34
2023,4,317205,ate_3SM,deslig,136,2054.83
2023,4,317210,3_a_6SM,adm,25,4888.24
2023,4,317210,3_a_6SM,deslig,22,5320.22
2023,4,317210,6_a_10SM,adm,12,10343.93
2023,4,317210,6_a_10SM,deslig,3,9510.04
2023,4,317210,acima_10SM,adm,3,16840.49
2023,4,317210,acima_10SM,deslig,1,27867.0
2023,4,317210,ate_3SM,adm,753,1998.45
2023,4,317210,ate_3SM,deslig,569,2119.84
2023,5,142505,3_a_6SM,adm,6,5673.0
2023,5,142505,3_a_6SM,deslig,11,5919.39
2023,5,142505,6_a_10SM,adm,8,10179.33
2023,5,142505,6_a_10SM,deslig,9,11177.52
2023,5,142505,acima_10SM,adm,19,21613.28
2023,5,142505,acima_10SM,deslig,31,21111.95
2023,5,142505,ate_3SM,adm,6,2357.52
2023,5,142505,ate_3SM,deslig,12,2352.64
2023,5,142505,sem_info,deslig,1,
2023,5,142510,3_a_6SM,adm,2,5000.0
2023,5,142510,3_a_6SM,deslig,10,5887.01
2023,5,142510,6_a_10SM,adm,15,11284.77
2023,5,142510,6_a_10SM,deslig,38,10896.48
2023,5,142510,acima_10SM,adm,86,23404.42
2023,5,142510,acima_10SM,deslig,168,20806.11
2023,5,142510,ate_3SM,adm,2,3047.0
2023,5,142510,ate_3SM,deslig,6,3435.03
2023,5,142510,sem_info,deslig,2,
2023,5,142515,3_a_6SM,adm,8,5400.0
2023,5,142515,3_a_6SM,deslig,11,5925.27
2023,5,142515,6_a_10SM,adm,1,13000.0
2023,5,142515,6_a_10SM,deslig,6,10878.06
2023,5,142515,acima_10SM,adm,17,22357.1
2023,5,142515,acima_10SM,deslig,34,25069.47
2023,5,142515,ate_3SM,adm,2,2510.0
2023,5,142515,ate_3SM,deslig,6,2831.76
2023,5,142520,3_a_6SM,adm,38,6053.92
2023,5,142520,3_a_6SM,deslig,61,6238.67
2023,5,142520,6_a_10SM,adm,115,10590.97
2023,5,142520,6_a_10SM,deslig,110,10650.45
2023,5,142520,acima_10SM,adm,130,20658.35
2023,5,142520,acima_10SM,deslig,174,20362.18
2023,5,142520,ate_3SM,adm,29,2729.69
2023,5,142520,ate_3SM,deslig,16,2997.55
2023,5,142520,sem_info,deslig,1,
2023,5,142525,3_a_6SM,adm,1,7000.0
2023,5,142525,3_a_6SM,deslig,2,5618.26
2023,5,142525,6_a_10SM,adm,4,11486.93
2023,5,142525,acima_10SM,adm,21,24270.33
2023,5,142525,acima_10SM,deslig,15,19773.61
2023,5,142525,ate_3SM,adm,3,3333.33
2023,5,142525,ate_3SM,deslig,1,1849.97
2023,5,142530,3_a_6SM,adm,14,5372.85
2023,5,142530,3_a_6SM,deslig,17,5740.07
2023,5,142530,6_a_10SM,adm,11,11069.94
2023,5,142530,6_a_10SM,deslig,11,10088.61
2023,5,142530,acima_10SM,adm,21,23493.98
2023,5,142530,acima_10SM,deslig,25,19961.58
2023,5,142530,ate_3SM,adm,13,2608.05
2023,5,142530,ate_3SM,deslig,13,2765.51
2023,5,142535,3_a_6SM,adm,14,4957.33
2023,5,142535,3_a_6SM,deslig,10,5677.79
2023,5,142535,6_a_10SM,adm,12,10415.77
2023,5,142535,6_a_10SM,deslig,16,10878.56
2023,5,142535,acima_10SM,adm,5,21531.6
2023,5,142535,acima_10SM,deslig,6,16860.23
2023,5,142535,ate_3SM,adm,18,2124.28
2023,5,142535,ate_3SM,deslig,18,2478.09
2023,5,212305,3_a_6SM,adm,30,5937.31
2023,5,212305,3_a_6SM,deslig,30,6080.59
2023,5,212305,6_a_10SM,adm,42,10447.01
2023,5,212305,6_a_10SM,deslig,28,10299.63
2023,5,212305,acima_10SM,adm,14,17053.6
2023,5,212305,acima_10SM,deslig,25,17262.38
2023,5,212305,ate_3SM,adm,19,2557.35
2023,5,212305,ate_3SM,deslig,23,2171.95
2023,5,212310,3_a_6SM,adm,17,5207.57
2023,5,212310,3_a_6SM,deslig,15,5653.89
2023,5,212310,6_a_10SM,adm,7,9877.14
2023,5,212310,6_a_10SM,deslig,14,10845.61
2023,5,212310,acima_10SM,adm,8,16750.0
2023,5,212310,acima_10SM,deslig,9,15991.76
2023,5,212310,ate_3SM,adm,18,2582.74
2023,5,212310,ate_3SM,deslig,9,2566.61
2023,5,212315,3_a_6SM,adm,12,6183.93
2023,5,212315,3_a_6SM,deslig,61,5661.7
2023,5,212315,6_a_10SM,adm,17,10983.45
2023,5,212315,6_a_10SM,deslig,88,10614.22
2023,5,212315,acima_10SM,adm,12,15210.0
2023,5,212315,acima_10SM,deslig,58,17418.0
2023,5,212315,ate_3SM,adm,23,2362.69
2023,5,212315,ate_3SM,deslig,44,2833.18
2023,5,212315,sem_info,deslig,1,
2023,5,212320,3_a_6SM,adm,50,5572.73
2023,5,212320,3_a_6SM,deslig,51,5841.14
2023,5,212320,6_a_10SM,adm,37,10125.28
2023,5,212320,6_a_10SM,deslig,46,10258.4
2023,5,212320,acima_10SM,adm,38,18122.98
2023,5,212320,acima_10SM,deslig,26,17550.7
2023,5,212320,ate_3SM,adm,45,2895.51
2023,5,212320,ate_3SM,deslig,35,2843.25
2023,5,212405,3_a_6SM,adm,808,5729.79
2023,5,212405,3_a_6SM,deslig,825,5775.48
2023,5,212405,6_a_10SM,adm,887,10355.98
2023,5,212405,6_a_10SM,deslig,796,10251.95
2023,5,212405,acima_10SM,adm,430,16645.09
2023,5,212405,acima_10SM,deslig,394,16874.16
2023,5,212405,ate_3SM,adm,729,2778.67
2023,5,212405,ate_3SM,deslig,630,2806.69
2023,5,212405,sem_info,deslig,2,
2023,5,212410,3_a_6SM,adm,167,5419.97
2023,5,212410,3_a_6SM,deslig,152,5529.63
2023,5,212410,6_a_10SM,adm,87,9858.79
2023,5,212410,6_a_10SM,deslig,75,9960.61
2023,5,212410,acima_10SM,adm,23,15550.75
2023,5,212410,acima_10SM,deslig,31,16583.94
2023,5,212410,ate_3SM,adm,254,2513.56
2023,5,212410,ate_3SM,deslig,223,2655.73
2023,5,212410,sem_info,deslig,1,
2023,5,212415,3_a_6SM,adm,40,5204.54
2023,5,212415,3_a_6SM,deslig,43,5619.86
2023,5,212415,6_a_10SM,adm,16,9939.53
2023,5,212415,6_a_10SM,deslig,20,10377.14
2023,5,212415,acima_10SM,adm,5,17060.0
2023,5,212415,acima_10SM,deslig,7,17002.17
2023,5,212415,ate_3SM,adm,38,2563.12
2023,5,212415,ate_3SM,deslig,37,2716.41
2023,5,212420,3_a_6SM,adm,273,5466.83
2023,5,212420,3_a_6SM,deslig,209,5319.7
2023,5,212420,6_a_10SM,adm,82,9991.44
2023,5,212420,6_a_10SM,deslig,74,9901.3
2023,5,212420,acima_10SM,adm,20,16613.82
2023,5,212420,acima_10SM,deslig,19,25353.87
2023,5,212420,ate_3SM,adm,1018,2354.18
2023,5,212420,ate_3SM,deslig,854,2447.99
2023,5,212420,sem_info,deslig,1,
2023,5,212425,3_a_6SM,adm,6,6489.23
2023,5,212425,3_a_6SM,deslig,7,5752.47
2023,5,212425,6_a_10SM,adm,20,10650.0
2023,5,212425,6_a_10SM,deslig,15,11152.53
2023,5,212425,acima_10SM,adm,41,18626.48
2023,5,212425,acima_10SM,deslig,39,18475.94
2023,5,212425,ate_3SM,adm,4,2731.65
2023,5,212425,ate_3SM,deslig,1,2200.0
2023,5,212430,3_a_6SM,adm,50,5676.59
2023,5,212430,3_a_6SM,deslig,52,5890.46
2023,5,212430,6_a_10SM,adm,19,10377.59
2023,5,212430,6_a_10SM,deslig,28,9373.38
2023,5,212430,acima_10SM,adm,2,16800.0
2023,5,212430,acima_10SM,deslig,2,14180.6
2023,5,212430,ate_3SM,adm,31,2757.37
2023,5,212430,ate_3SM,deslig,29,2977.07
2023,5,317105,3_a_6SM,adm,15,6006.49
2023,5,317105,3_a_6SM,deslig,17,5864.64
2023,5,317105,6_a_10SM,adm,8,10512.5
2023,5,317105,6_a_10SM,deslig,10,10226.64
2023,5,317105,acima_10SM,adm,1,35000.0
2023,5,317105,acima_10SM,deslig,4,15651.72
2023,5,317105,ate_3SM,adm,46,2179.27
2023,5,317105,ate_3SM,deslig,30,2418.44
2023,5,317110,3_a_6SM,adm,243,5668.35
2023,5,317110,3_a_6SM,deslig,230,5743.88
2023,5,317110,6_a_10SM,adm,174,10315.27
2023,5,317110,6_a_10SM,deslig,216,10047.39
2023,5,317110,acima_10SM,adm,70,18674.3
2023,5,317110,acima_10SM,deslig,64,17936.79
2023,5,317110,ate_3SM,adm,355,2485.93
2023,5,317110,ate_3SM,deslig,283,2642.57
2023,5,317110,sem_info,deslig,1,
2023,5,317115,3_a_6SM,adm,20,4832.48
2023,5,317115,3_a_6SM,deslig,19,5060.96
2023,5,317115,6_a_10SM,deslig,2,9098.1
2023,5,317115,ate_3SM,adm,23,3014.81
2023,5,317115,ate_3SM,deslig,25,3088.59
2023,5,317120,3_a_6SM,adm,3,5533.33
2023,5,317120,3_a_6SM,deslig,9,5459.48
2023,5,317120,6_a_10SM,adm,4,8725.0
2023,5,317120,6_a_10SM,deslig,2,12803.22
2023,5,317120,acima_10SM,adm,4,17375.0
2023,5,317120,acima_10SM,deslig,2,14289.08
2023,5,317120,ate_3SM,adm,29,2143.77
2023,5,317120,ate_3SM,deslig,13,2346.56
2023,5,317205,3_a_6SM,adm,9,5891.89
2023,5,317205,3_a_6SM,deslig,15,5314.75
2023,5,317205,6_a_10SM,adm,3,8817.89
2023,5,317205,6_a_10SM,deslig,4,10050.6
2023,5,317205,acima_10SM,deslig,2,15310.0
2023,5,317205,ate_3SM,adm,176,1884.47
2023,5,317205,ate_3SM,deslig,169,2056.71
2023,5,317205,sem_info,deslig,1,
2023,5,317210,3_a_6SM,adm,24,4807.89
2023,5,317210,3_a_6SM,deslig,34,4767.19
2023,5,317210,6_a_10SM,adm,11,11204.78
2023,5,317210,6_a_10SM,deslig,4,12216.42
2023,5,317210,acima_10SM,deslig,2,15517.42
2023,5,317210,ate_3SM,adm,748,2037.75
2023,5,317210,ate_3SM,deslig,598,2127.48
2023,5,317210,sem_info,deslig,1,
2023,6,142505,3_a_6SM,adm,5,5500.0
2023,6,142505,3_a_6SM,deslig,10,5759.88
2023,6,142505,6_a_10SM,adm,10,10150.6
2023,6,142505,6_a_10SM,deslig,10,10167.2
2023,6,142505,acima_10SM,adm,28,21875.54
2023,6,142505,acima_10SM,deslig,20,21150.4
2023,6,142505,ate_3SM,adm,10,2541.86
2023,6,142505,ate_3SM,deslig,5,2984.71
2023,6,142510,3_a_6SM,adm,14,6004.07
2023,6,142510,3_a_6SM,deslig,7,5663.19
2023,6,142510,6_a_10SM,adm,19,11014.8
2023,6,142510,6_a_10SM,deslig,30,10595.05
2023,6,142510,acima_10SM,adm,104,22694.7
2023,6,142510,acima_10SM,deslig,135,20995.64
2023,6,142510,ate_3SM,adm,5,2544.43
2023,6,142510,ate_3SM,deslig,4,2781.57
2023,6,142515,3_a_6SM,adm,5,5700.0
2023,6,142515,3_a_6SM,deslig,5,5433.01
2023,6,142515,6_a_10SM,adm,7,9984.29
2023,6,142515,6_a_10SM,deslig,10,9895.87
2023,6,142515,acima_10SM,adm,33,21476.5
2023,6,142515,acima_10SM,deslig,33,19876.79
2023,6,142515,ate_3SM,deslig,6,2322.23
2023,6,142520,3_a_6SM,adm,46,5925.51
2023,6,142520,3_a_6SM,deslig,36,6073.53
2023,6,142520,6_a_10SM,adm,96,10428.8
2023,6,142520,6_a_10SM,deslig,120,10639.24
2023,6,142520,acima_10SM,adm,106,20728.07
2023,6,142520,acima_10SM,deslig,191,19902.38
2023,6,142520,ate_3SM,adm,14,2737.9
2023,6,142520,ate_3SM,deslig,24,2675.72
2023,6,142525,3_a_6SM,adm,1,5000.0
2023,6,142525,3_a_6SM,deslig,1,7737.83
2023,6,142525,6_a_10SM,adm,1,11000.0
2023,6,142525,6_a_10SM,deslig,4,10603.01
2023,6,142525,acima_10SM,adm,10,19604.65
2023,6,142525,acima_10SM,deslig,25,20330.49
2023,6,142525,ate_3SM,adm,1,3000.0
2023,6,142525,ate_3SM,deslig,3,2812.97
2023,6,142530,3_a_6SM,adm,12,5660.9
2023,6,142530,3_a_6SM,deslig,23,5771.27
2023,6,142530,6_a_10SM,adm,13,10905.85
2023,6,142530,6_a_10SM,deslig,10,10518.74
2023,6,142530,acima_10SM,adm,21,19411.1
2023,6,142530,acima_10SM,deslig,29,20745.28
2023,6,142530,ate_3SM,adm,10,2617.51
2023,6,142530,ate_3SM,deslig,32,2586.27
2023,6,142535,3_a_6SM,adm,9,5729.91
2023,6,142535,3_a_6SM,deslig,38,6045.08
2023,6,142535,6_a_10SM,adm,5,9800.0
2023,6,142535,6_a_10SM,deslig,45,10037.81
2023,6,142535,acima_10SM,adm,5,15582.74
2023,6,142535,acima_10SM,deslig,16,15416.62
2023,6,142535,ate_3SM,adm,20,2331.31
2023,6,142535,ate_3SM,deslig,29,2649.79
2023,6,212305,3_a_6SM,adm,28,6279.7
2023,6,212305,3_a_6SM,deslig,20,6165.02
2023,6,212305,6_a_10SM,adm,38,10537.16
2023,6,212305,6_a_10SM,deslig,33,10238.05
2023,6,212305,acima_10SM,adm,28,16888.38
2023,6,212305,acima_10SM,deslig,21,17142.34
2023,6,212305,ate_3SM,adm,39,2292.95
2023,6,212305,ate_3SM,deslig,30,2607.98
2023,6,212310,3_a_6SM,adm,12,5766.12
2023,6,212310,3_a_6SM,deslig,23,5764.27
2023,6,212310,6_a_10SM,adm,11,10644.16
2023,6,212310,6_a_10SM,deslig,9,10035.44
2023,6,212310,acima_10SM,adm,3,14600.0
2023,6,212310,acima_10SM,deslig,6,17123.19
2023,6,212310,ate_3SM,adm,26,2533.0
2023,6,212310,ate_3SM,deslig,21,2710.18
2023,6,212315,3_a_6SM,adm,14,5773.42
2023,6,212315,3_a_6SM,deslig,26,5502.3
2023,6,212315,6_a_10SM,adm,13,10405.81
2023,6,212315,6_a_10SM,deslig,25,10345.37
2023,6,212315,acima_10SM,adm,14,18827.15
2023,6,212315,acima_10SM,deslig,21,18200.53
2023,6,212315,ate_3SM,adm,40,2517.14
2023,6,212315,ate_3SM,deslig,18,2467.72
2023,6,212320,3_a_6SM,adm,62,5596.62
2023,6,212320,3_a_6SM,deslig,58,5666.41
2023,6,212320,6_a_10SM,adm,41,10164.27
2023,6,212320,6_a_10SM,deslig,42,10352.55
2023,6,212320,acima_10SM,adm,37,17890.75
2023,6,212320,acima_10SM,deslig,35,16437.15
2023,6,212320,ate_3SM,adm,36,2881.31
2023,6,212320,ate_3SM,deslig,28,2814.25
2023,6,212405,3_a_6SM,adm,814,5691.05
2023,6,212405,3_a_6SM,deslig,880,5814.37
2023,6,212405,6_a_10SM,adm,881,10400.36
2023,6,212405,6_a_10SM,deslig,857,10234.9
2023,6,212405,acima_10SM,adm,386,16786.57
2023,6,212405,acima_10SM,deslig,383,16682.08
2023,6,212405,ate_3SM,adm,672,2736.98
2023,6,212405,ate_3SM,deslig,722,2801.24
2023,6,212405,sem_info,adm,2,
2023,6,212410,3_a_6SM,adm,157,5453.69
2023,6,212410,3_a_6SM,deslig,175,5488.15
2023,6,212410,6_a_10SM,adm,89,9874.69
2023,6,212410,6_a_10SM,deslig,79,10031.55
2023,6,212410,acima_10SM,adm,27,16681.97
2023,6,212410,acima_10SM,deslig,23,18120.25
2023,6,212410,ate_3SM,adm,239,2574.03
2023,6,212410,ate_3SM,deslig,210,2627.09
2023,6,212410,sem_info,adm,1,
2023,6,212415,3_a_6SM,adm,37,5520.52
2023,6,212415,3_a_6SM,deslig,42,5404.71
2023,6,212415,6_a_10SM,adm,14,10108.72
2023,6,212415,6_a_10SM,deslig,11,9321.76
2023,6,212415,acima_10SM,adm,5,16260.0
2023,6,212415,acima_10SM,deslig,5,25697.29
2023,6,212415,ate_3SM,adm,34,2915.11
2023,6,212415,ate_3SM,deslig,29,2560.79
2023,6,212420,3_a_6SM,adm,280,5337.73
2023,6,212420,3_a_6SM,deslig,222,5372.11
2023,6,212420,6_a_10SM,adm,70,9985.95
2023,6,212420,6_a_10SM,deslig,98,10149.56
2023,6,212420,acima_10SM,adm,31,17807.54
2023,6,212420,acima_10SM,deslig,28,16187.59
2023,6,212420,ate_3SM,adm,1174,2341.29
2023,6,212420,ate_3SM,deslig,851,2466.3
2023,6,212420,sem_info,adm,1,
2023,6,212425,3_a_6SM,adm,5,6504.27
2023,6,212425,3_a_6SM,deslig,1,5581.54
2023,6,212425,6_a_10SM,adm,17,11107.93
2023,6,212425,6_a_10SM,deslig,7,9501.89
2023,6,212425,acima_10SM,adm,37,19396.89
2023,6,212425,acima_10SM,deslig,27,17117.51
2023,6,212425,ate_3SM,adm,4,3078.28
2023,6,212425,ate_3SM,deslig,2,3123.68
2023,6,212430,3_a_6SM,adm,39,5769.54
2023,6,212430,3_a_6SM,deslig,46,5911.7
2023,6,212430,6_a_10SM,adm,23,10190.81
2023,6,212430,6_a_10SM,deslig,30,9778.79
2023,6,212430,acima_10SM,adm,3,14526.0
2023,6,212430,acima_10SM,deslig,2,13412.94
2023,6,212430,ate_3SM,adm,30,2813.47
2023,6,212430,ate_3SM,deslig,40,2906.84
2023,6,317105,3_a_6SM,adm,13,5834.27
2023,6,317105,3_a_6SM,deslig,29,5592.49
2023,6,317105,6_a_10SM,adm,5,11117.56
2023,6,317105,6_a_10SM,deslig,10,9963.71
2023,6,317105,acima_10SM,adm,4,15437.5
2023,6,317105,acima_10SM,deslig,2,14126.82
2023,6,317105,ate_3SM,adm,43,2388.89
2023,6,317105,ate_3SM,deslig,28,2506.75
2023,6,317110,3_a_6SM,adm,236,5647.06
2023,6,317110,3_a_6SM,deslig,263,5691.74
2023,6,317110,6_a_10SM,adm,211,10052.74
2023,6,317110,6_a_10SM,deslig,220,10236.59
2023,6,317110,acima_10SM,adm,82,17562.09
2023,6,317110,acima_10SM,deslig,98,16748.22
2023,6,317110,ate_3SM,adm,334,2422.69
2023,6,317110,ate_3SM,deslig,277,2678.96
2023,6,317115,3_a_6SM,adm,16,5318.95
2023,6,317115,3_a_6SM,deslig,27,5130.08
2023,6,317115,6_a_10SM,deslig,4,10548.89
2023,6,317115,ate_3SM,adm,31,2717.71
2023,6,317115,ate_3SM,deslig,25,3080.92
2023,6,317120,3_a_6SM,adm,5,5093.4
2023,6,317120,3_a_6SM,deslig,3,5065.2
2023,6,317120,6_a_10SM,adm,6,9854.5
2023,6,317120,6_a_10SM,deslig,6,10111.74
2023,6,317120,acima_10SM,adm,2,23100.0
2023,6,317120,acima_10SM,deslig,2,19542.08
2023,6,317120,ate_3SM,adm,21,2524.36
2023,6,317120,ate_3SM,deslig,14,2402.55
2023,6,317205,3_a_6SM,adm,7,5538.17
2023,6,317205,3_a_6SM,deslig,8,5429.38
2023,6,317205,6_a_10SM,adm,4,10175.01
2023,6,317205,6_a_10SM,deslig,3,8962.78
2023,6,317205,ate_3SM,adm,207,1843.52
2023,6,317205,ate_3SM,deslig,168,2030.47
2023,6,317210,3_a_6SM,adm,29,5126.28
2023,6,317210,3_a_6SM,deslig,48,5390.45
2023,6,317210,6_a_10SM,adm,5,10200.0
2023,6,317210,6_a_10SM,deslig,3,9632.35
2023,6,317210,acima_10SM,adm,2,21625.0
2023,6,317210,acima_10SM,deslig,4,25479.51
2023,6,317210,ate_3SM,adm,675,2040.45
2023,6,317210,ate_3SM,deslig,708,2083.95
2023,6,317210,sem_info,adm,5,
2023,7,142505,3_a_6SM,adm,4,5817.0
2023,7,142505,3_a_6SM,deslig,12,5633.3
2023,7,142505,6_a_10SM,adm,8,11303.27
2023,7,142505,6_a_10SM,deslig,16,9901.09
2023,7,142505,acima_10SM,adm,24,22867.89
2023,7,142505,acima_10SM,deslig,27,23228.36
2023,7,142505,ate_3SM,adm,6,3042.94
2023,7,142505,ate_3SM,deslig,12,2828.49
2023,7,142510,3_a_6SM,adm,2,6000.0
2023,7,142510,3_a_6SM,deslig,10,5879.64
2023,7,142510,6_a_10SM,adm,11,10253.24
2023,7,142510,6_a_10SM,deslig,32,10871.04
2023,7,142510,acima_10SM,adm,72,24056.16
2023,7,142510,acima_10SM,deslig,139,21646.99
2023,7,142510,ate_3SM,adm,5,3150.8
2023,7,142510,ate_3SM,deslig,3,3813.33
2023,7,142515,3_a_6SM,adm,4,5819.67
2023,7,142515,3_a_6SM,deslig,9,6759.55
2023,7,142515,6_a_10SM,adm,8,10248.27
2023,7,142515,6_a_10SM,deslig,9,10859.64
2023,7,142515,acima_10SM,adm,26,20845.56
2023,7,142515,acima_10SM,deslig,35,21071.82
2023,7,142515,ate_3SM,adm,2,2100.0
2023,7,142515,ate_3SM,deslig,5,2837.11
2023,7,142520,3_a_6SM,adm,38,5798.68
2023,7,142520,3_a_6SM,deslig,58,5903.94
2023,7,142520,6_a_10SM,adm,92,10768.43
2023,7,142520,6_a_10SM,deslig,125,10758.62
2023,7,142520,acima_10SM,adm,106,20464.23
2023,7,142520,acima_10SM,deslig,161,19821.19
2023,7,142520,ate_3SM,adm,9,2935.27
2023,7,142520,ate_3SM,deslig,29,2745.98
2023,7,142520,sem_info,deslig,2,
2023,7,142525,3_a_6SM,adm,2,7618.91
2023,7,142525,3_a_6SM,deslig,1,7000.0
2023,7,142525,6_a_10SM,adm,4,10674.5
2023,7,142525,6_a_10SM,deslig,2,11597.18
2023,7,142525,acima_10SM,adm,12,22916.67
2023,7,142525,acima_10SM,deslig,24,22956.61
2023,7,142530,3_a_6SM,adm,9,5408.53
2023,7,142530,3_a_6SM,deslig,14,5277.54
2023,7,142530,6_a_10SM,adm,11,10864.32
2023,7,142530,6_a_10SM,deslig,14,11069.76
2023,7,142530,acima_10SM,adm,13,20352.59
2023,7,142530,acima_10SM,deslig,25,19998.73
2023,7,142530,ate_3SM,adm,5,2249.39
2023,7,142530,ate_3SM,deslig,9,2361.01
2023,7,142535,3_a_6SM,adm,16,5616.83
2023,7,142535,3_a_6SM,deslig,22,5618.43
2023,7,142535,6_a_10SM,adm,10,9958.44
2023,7,142535,6_a_10SM,deslig,21,10257.27
2023,7,142535,acima_10SM,adm,6,20575.17
2023,7,142535,acima_10SM,deslig,11,15566.28
2023,7,142535,ate_3SM,adm,30,2678.83
2023,7,142535,ate_3SM,deslig,17,2601.99
2023,7,212305,3_a_6SM,adm,34,5856.02
2023,7,212305,3_a_6SM,deslig,42,6206.26
2023,7,212305,6_a_10SM,adm,42,10240.07
2023,7,212305,6_a_10SM,deslig,43,10619.94
2023,7,212305,acima_10SM,adm,24,16515.95
2023,7,212305,acima_10SM,deslig,19,16517.72
2023,7,212305,ate_3SM,adm,35,2331.09
2023,7,212305,ate_3SM,deslig,20,1873.63
2023,7,212310,3_a_6SM,adm,15,5911.32
2023,7,212310,3_a_6SM,deslig,15,5793.74
2023,7,212310,6_a_10SM,adm,12,11382.87
2023,7,212310,6_a_10SM,deslig,6,10234.47
2023,7,212310,acima_10SM,adm,7,15942.86
2023,7,212310,acima_10SM,deslig,8,15814.78
2023,7,212310,ate_3SM,adm,28,2519.54
2023,7,212310,ate_3SM,deslig,23,2867.82
2023,7,212315,3_a_6SM,adm,21,5398.46
2023,7,212315,3_a_6SM,deslig,23,5752.58
2023,7,212315,6_a_10SM,adm,22,10164.89
2023,7,212315,6_a_10SM,deslig,21,9723.43
2023,7,212315,acima_10SM,adm,20,16576.25
2023,7,212315,acima_10SM,deslig,32,18248.17
2023,7,212315,ate_3SM,adm,40,2690.94
2023,7,212315,ate_3SM,deslig,37,2680.9
2023,7,212320,3_a_6SM,adm,47,5478.15
2023,7,212320,3_a_6SM,deslig,49,5686.4
2023,7,212320,6_a_10SM,adm,49,9953.51
2023,7,212320,6_a_10SM,deslig,49,10312.66
2023,7,212320,acima_10SM,adm,30,17670.18
2023,7,212320,acima_10SM,deslig,29,17703.76
2023,7,212320,ate_3SM,adm,36,2617.06
2023,7,212320,ate_3SM,deslig,38,2824.6
2023,7,212405,3_a_6SM,adm,847,5716.74
2023,7,212405,3_a_6SM,deslig,825,5850.12
2023,7,212405,6_a_10SM,adm,812,10241.4
2023,7,212405,6_a_10SM,deslig,768,10294.17
2023,7,212405,acima_10SM,adm,354,16509.11
2023,7,212405,acima_10SM,deslig,371,16502.19
2023,7,212405,ate_3SM,adm,683,2754.06
2023,7,212405,ate_3SM,deslig,635,2788.44
2023,7,212405,sem_info,deslig,1,
2023,7,212410,3_a_6SM,adm,176,5341.75
2023,7,212410,3_a_6SM,deslig,156,5620.54
2023,7,212410,6_a_10SM,adm,91,9650.48
2023,7,212410,6_a_10SM,deslig,74,9810.99
2023,7,212410,acima_10SM,adm,16,21015.39
2023,7,212410,acima_10SM,deslig,20,16282.75
2023,7,212410,ate_3SM,adm,202,2549.92
2023,7,212410,ate_3SM,deslig,202,2560.07
2023,7,212410,sem_info,adm,1,
2023,7,212410,sem_info,deslig,1,
2023,7,212415,3_a_6SM,adm,29,5035.67
2023,7,212415,3_a_6SM,deslig,31,5701.42
2023,7,212415,6_a_10SM,adm,13,9987.59
2023,7,212415,6_a_10SM,deslig,12,9443.16
2023,7,212415,acima_10SM,adm,4,14462.3
2023,7,212415,acima_10SM,deslig,1,13687.79
2023,7,212415,ate_3SM,adm,59,2874.02
2023,7,212415,ate_3SM,deslig,37,2774.72
2023,7,212420,3_a_6SM,adm,242,5384.97
2023,7,212420,3_a_6SM,deslig,264,5293.18
2023,7,212420,6_a_10SM,adm,90,9857.96
2023,7,212420,6_a_10SM,deslig,80,9805.66
2023,7,212420,acima_10SM,adm,28,17731.51
2023,7,212420,acima_10SM,deslig,31,16574.67
2023,7,212420,ate_3SM,adm,891,2410.93
2023,7,212420,ate_3SM,deslig,894,2401.33
2023,7,212425,3_a_6SM,adm,6,6119.72
2023,7,212425,3_a_6SM,deslig,2,6718.66
2023,7,212425,6_a_10SM,adm,15,10120.16
2023,7,212425,6_a_10SM,deslig,12,10759.2
2023,7,212425,acima_10SM,adm,25,16945.79
2023,7,212425,acima_10SM,deslig,29,19067.76
2023,7,212425,ate_3SM,adm,3,2733.33
2023,7,212425,ate_3SM,deslig,2,3506.62
2023,7,212430,3_a_6SM,adm,51,5743.36
2023,7,212430,3_a_6SM,deslig,39,5882.24
2023,7,212430,6_a_10SM,adm,25,9903.48
2023,7,212430,6_a_10SM,deslig,21,10166.48
2023,7,212430,acima_10SM,adm,7,15768.29
2023,7,212430,acima_10SM,deslig,2,16673.59
2023,7,212430,ate_3SM,adm,25,3180.05
2023,7,212430,ate_3SM,deslig,23,2800.76
2023,7,317105,3_a_6SM,adm,11,5320.08
2023,7,317105,3_a_6SM,deslig,15,5753.56
2023,7,317105,6_a_10SM,adm,1,12969.41
2023,7,317105,6_a_10SM,deslig,6,10665.15
2023,7,317105,acima_10SM,adm,3,15166.67
2023,7,317105,acima_10SM,deslig,6,16678.3
2023,7,317105,ate_3SM,adm,24,2177.81
2023,7,317105,ate_3SM,deslig,29,2425.37
2023,7,317110,3_a_6SM,adm,248,5440.61
2023,7,317110,3_a_6SM,deslig,269,5745.68
2023,7,317110,6_a_10SM,adm,198,10179.15
2023,7,317110,6_a_10SM,deslig,223,10112.5
2023,7,317110,acima_10SM,adm,94,19264.32
2023,7,317110,acima_10SM,deslig,74,16966.78
2023,7,317110,ate_3SM,adm,362,2518.85
2023,7,317110,ate_3SM,deslig,257,2623.16
2023,7,317110,sem_info,deslig,1,
2023,7,317115,3_a_6SM,adm,18,4871.29
2023,7,317115,3_a_6SM,deslig,16,5036.44
2023,7,317115,6_a_10SM,deslig,2,11597.35
2023,7,317115,acima_10SM,adm,1,476520.0
2023,7,317115,ate_3SM,adm,26,2787.11
2023,7,317115,ate_3SM,deslig,24,2912.23
2023,7,317120,3_a_6SM,adm,5,6029.12
2023,7,317120,3_a_6SM,deslig,7,5698.2
2023,7,317120,6_a_10SM,adm,5,10177.2
2023,7,317120,6_a_10SM,deslig,4,10550.35
2023,7,317120,acima_10SM,adm,5,17160.0
2023,7,317120,acima_10SM,deslig,1,14234.0
2023,7,317120,ate_3SM,adm,14,2018.36
2023,7,317120,ate_3SM,deslig,13,2262.56
2023,7,317205,3_a_6SM,adm,6,5003.83
2023,7,317205,3_a_6SM,deslig,15,5051.1
2023,7,317205,6_a_10SM,adm,1,12388.2
2023,7,317205,6_a_10SM,deslig,2,11967.19
2023,7,317205,acima_10SM,deslig,1,13947.51
2023,7,317205,ate_3SM,adm,191,1912.73
2023,7,317205,ate_3SM,deslig,187,2023.59
2023,7,317210,3_a_6SM,adm,38,5212.67
2023,7,317210,3_a_6SM,deslig,38,4929.0
2023,7,317210,6_a_10SM,adm,7,10425.8
2023,7,317210,6_a_10SM,deslig,3,10484.21
2023,7,317210,acima_10SM,adm,3,16000.0
2023,7,317210,acima_10SM,deslig,3,47586.13
2023,7,317210,ate_3SM,adm,704,2028.8
2023,7,317210,ate_3SM,deslig,567,2194.04
2023,8,142505,3_a_6SM,adm,6,5462.68
2023,8,142505,3_a_6SM,deslig,14,5654.58
2023,8,142505,6_a_10SM,adm,9,10814.74
2023,8,142505,6_a_10SM,deslig,11,11031.35
2023,8,142505,acima_10SM,adm,24,22349.83
2023,8,142505,acima_10SM,deslig,31,20556.44
2023,8,142505,ate_3SM,adm,2,1900.0
2023,8,142505,ate_3SM,deslig,10,2545.6
2023,8,142510,3_a_6SM,adm,4,4864.5
2023,8,142510,3_a_6SM,deslig,12,5722.71
2023,8,142510,6_a_10SM,adm,15,10951.94
2023,8,142510,6_a_10SM,deslig,29,10919.92
2023,8,142510,acima_10SM,adm,96,22509.38
2023,8,142510,acima_10SM,deslig,124,22680.07
2023,8,142510,ate_3SM,adm,5,2327.27
2023,8,142510,ate_3SM,deslig,4,2907.31
2023,8,142515,3_a_6SM,adm,10,6237.51
2023,8,142515,3_a_6SM,deslig,5,6392.24
2023,8,142515,6_a_10SM,adm,9,11794.89
2023,8,142515,6_a_10SM,deslig,10,10897.19
2023,8,142515,acima_10SM,adm,31,22366.57
2023,8,142515,acima_10SM,deslig,37,19696.59
2023,8,142515,ate_3SM,adm,1,3813.0
2023,8,142515,ate_3SM,deslig,5,3428.08
2023,8,142520,3_a_6SM,adm,47,5782.46
2023,8,142520,3_a_6SM,deslig,44,6052.89
2023,8,142520,6_a_10SM,adm,103,10692.55
2023,8,142520,6_a_10SM,deslig,114,10764.5
2023,8,142520,acima_10SM,adm,116,20431.22
2023,8,142520,acima_10SM,deslig,162,19587.42
2023,8,142520,ate_3SM,adm,16,2531.43
2023,8,142520,ate_3SM,deslig,28,2872.46
2023,8,142525,3_a_6SM,deslig,2,4676.24
2023,8,142525,6_a_10SM,adm,2,11619.85
2023,8,142525,6_a_10SM,deslig,2,9271.84
2023,8,142525,acima_10SM,adm,15,21826.71
2023,8,142525,acima_10SM,deslig,21,25648.54
2023,8,142525,ate_3SM,deslig,1,2921.64
2023,8,142530,3_a_6SM,adm,14,5654.72
2023,8,142530,3_a_6SM,deslig,22,5391.74
2023,8,142530,6_a_10SM,adm,8,10123.75
2023,8,142530,6_a_10SM,deslig,13,11220.14
2023,8,142530,acima_10SM,adm,14,21933.47
2023,8,142530,acima_10SM,deslig,17,19372.97
2023,8,142530,ate_3SM,adm,12,2423.76
2023,8,142530,ate_3SM,deslig,13,2416.48
2023,8,142535,3_a_6SM,adm,18,5303.75
2023,8,142535,3_a_6SM,deslig,22,5330.0
2023,8,142535,6_a_10SM,adm,4,10625.0
2023,8,142535,6_a_10SM,deslig,15,9888.27
2023,8,142535,acima_10SM,adm,5,16855.74
2023,8,142535,acima_10SM,deslig,12,15549.63
2023,8,142535,ate_3SM,adm,17,2471.66
2023,8,142535,ate_3SM,deslig,17,2689.84
2023,8,212305,3_a_6SM,adm,31,5395.35
2023,8,212305,3_a_6SM,deslig,30,6002.35
2023,8,212305,6_a_10SM,adm,42,9997.68
2023,8,212305,6_a_10SM,deslig,28,10274.26
2023,8,212305,acima_10SM,adm,19,16076.07
2023,8,212305,acima_10SM,deslig,26,16381.93
2023,8,212305,ate_3SM,adm,22,2869.23
2023,8,212305,ate_3SM,deslig,7,2739.55
2023,8,212310,3_a_6SM,adm,11,5201.34
2023,8,212310,3_a_6SM,deslig,19,5928.72
2023,8,212310,6_a_10SM,adm,11,10257.02
2023,8,212310,6_a_10SM,deslig,10,10375.23
2023,8,212310,acima_10SM,adm,9,20411.11
2023,8,212310,acima_10SM,deslig,1,18735.31
2023,8,212310,ate_3SM,adm,22,2458.54
2023,8,212310,ate_3SM,deslig,32,2576.96
2023,8,212315,3_a_6SM,adm,10,5933.6
2023,8,212315,3_a_6SM,deslig,16,5909.28
2023,8,212315,6_a_10SM,adm,29,10033.43
2023,8,212315,6_a_10SM,deslig,19,10443.94
2023,8,212315,acima_10SM,adm,18,17272.83
2023,8,212315,acima_10SM,deslig,17,19495.21
2023,8,212315,ate_3SM,adm,43,2580.81
2023,8,212315,ate_3SM,deslig,36,2668.23
2023,8,212320,3_a_6SM,adm,58,5665.74
2023,8,212320,3_a_6SM,deslig,65,5806.99
2023,8,212320,6_a_10SM,adm,58,10454.25
2023,8,212320,6_a_10SM,deslig,50,10342.39
2023,8,212320,acima_10SM,adm,39,20070.41
2023,8,212320,acima_10SM,deslig,42,16875.79
2023,8,212320,ate_3SM,adm,42,2710.39
2023,8,212320,ate_3SM,deslig,23,2939.14
2023,8,212405,3_a_6SM,adm,965,5708.41
2023,8,212405,3_a_6SM,deslig,910,5727.86
2023,8,212405,6_a_10SM,adm,976,10269.87
2023,8,212405,6_a_10SM,deslig,786,10328.37
2023,8,212405,acima_10SM,adm,373,16814.54
2023,8,212405,acima_10SM,deslig,403,16706.14
2023,8,212405,ate_3SM,adm,777,2788.25
2023,8,212405,ate_3SM,deslig,674,2783.11
2023,8,212410,3_a_6SM,adm,189,5408.84
2023,8,212410,3_a_6SM,deslig,165,5536.83
2023,8,212410,6_a_10SM,adm,97,10149.91
2023,8,212410,6_a_10SM,deslig,86,9877.78
2023,8,212410,acima_10SM,adm,14,16253.04
2023,8,212410,acima_10SM,deslig,26,17791.28
2023,8,212410,ate_3SM,adm,238,2488.33
2023,8,212410,ate_3SM,deslig,248,2636.79
2023,8,212415,3_a_6SM,adm,38,5409.51
2023,8,212415,3_a_6SM,deslig,44,5557.28
2023,8,212415,6_a_10SM,adm,18,9880.83
2023,8,212415,6_a_10SM,deslig,13,10363.95
2023,8,212415,acima_10SM,adm,2,19000.0
2023,8,212415,acima_10SM,deslig,5,17194.55
2023,8,212415,ate_3SM,adm,31,2594.81
2023,8,212415,ate_3SM,deslig,29,2862.73
2023,8,212420,3_a_6SM,adm,288,5338.45
2023,8,212420,3_a_6SM,deslig,214,5282.67
2023,8,212420,6_a_10SM,adm,84,10082.55
2023,8,212420,6_a_10SM,deslig,68,10109.19
2023,8,212420,acima_10SM,adm,30,15970.86
2023,8,212420,acima_10SM,deslig,22,18678.32
2023,8,212420,ate_3SM,adm,1025,2447.13
2023,8,212420,ate_3SM,deslig,866,2423.84
2023,8,212425,3_a_6SM,adm,2,5236.77
2023,8,212425,3_a_6SM,deslig,5,6534.82
2023,8,212425,6_a_10SM,adm,22,11144.61
2023,8,212425,6_a_10SM,deslig,23,11094.78
2023,8,212425,acima_10SM,adm,38,18731.84
2023,8,212425,acima_10SM,deslig,31,17591.7
2023,8,212425,ate_3SM,adm,4,2387.31
2023,8,212425,ate_3SM,deslig,1,1955.51
2023,8,212430,3_a_6SM,adm,70,5807.78
2023,8,212430,3_a_6SM,deslig,56,6154.86
2023,8,212430,6_a_10SM,adm,23,9320.53
2023,8,212430,6_a_10SM,deslig,34,8986.38
2023,8,212430,acima_10SM,adm,1,14200.0
2023,8,212430,acima_10SM,deslig,2,15745.37
2023,8,212430,ate_3SM,adm,33,2872.5
2023,8,212430,ate_3SM,deslig,44,3060.9
2023,8,317105,3_a_6SM,adm,12,5549.46
2023,8,317105,3_a_6SM,deslig,15,5681.08
2023,8,317105,6_a_10SM,adm,5,9846.81
2023,8,317105,6_a_10SM,deslig,10,10131.67
2023,8,317105,acima_10SM,adm,4,16650.0
2023,8,317105,acima_10SM,deslig,4,14837.84
2023,8,317105,ate_3SM,adm,30,2133.42
2023,8,317105,ate_3SM,deslig,35,2396.26
2023,8,317110,3_a_6SM,adm,266,5242.15
2023,8,317110,3_a_6SM,deslig,281,5683.93
2023,8,317110,6_a_10SM,adm,169,10062.53
2023,8,317110,6_a_10SM,deslig,206,10186.41
2023,8,317110,acima_10SM,adm,87,17520.12
2023,8,317110,acima_10SM,deslig,81,16764.03
2023,8,317110,ate_3SM,adm,325,2555.42
2023,8,317110,ate_3SM,deslig,283,2646.64
2023,8,317115,3_a_6SM,adm,28,5022.96
2023,8,317115,3_a_6SM,deslig,20,4927.91
2023,8,317115,6_a_10SM,deslig,5,9792.88
2023,8,317115,acima_10SM,deslig,1,15315.5
2023,8,317115,ate_3SM,adm,31,2833.35
2023,8,317115,ate_3SM,deslig,31,2882.22
2023,8,317120,3_a_6SM,adm,11,5935.56
2023,8,317120,3_a_6SM,deslig,10,5453.74
2023,8,317120,6_a_10SM,adm,6,9594.67
2023,8,317120,6_a_10SM,deslig,4,10789.46
2023,8,317120,acima_10SM,adm,3,29969.67
2023,8,317120,acima_10SM,deslig,3,13621.08
2023,8,317120,ate_3SM,adm,12,2661.29
2023,8,317120,ate_3SM,deslig,11,2730.74
2023,8,317205,3_a_6SM,adm,7,4667.93
2023,8,317205,3_a_6SM,deslig,26,5234.75
2023,8,317205,acima_10SM,adm,1,14000.0
2023,8,317205,acima_10SM,deslig,1,15463.83
2023,8,317205,ate_3SM,adm,222,1981.56
2023,8,317205,ate_3SM,deslig,208,2075.72
2023,8,317210,3_a_6SM,adm,36,5077.55
2023,8,317210,3_a_6SM,deslig,39,5391.14
2023,8,317210,6_a_10SM,adm,4,12270.83
2023,8,317210,6_a_10SM,deslig,13,10001.06
2023,8,317210,ate_3SM,adm,813,2133.74
2023,8,317210,ate_3SM,deslig,586,2122.08
2023,9,142505,3_a_6SM,adm,7,6718.68
2023,9,142505,3_a_6SM,deslig,8,5638.95
2023,9,142505,6_a_10SM,adm,13,11849.37
2023,9,142505,6_a_10SM,deslig,9,10708.55
2023,9,142505,acima_10SM,adm,30,22283.51
2023,9,142505,acima_10SM,deslig,34,21389.04
2023,9,142505,ate_3SM,adm,4,2770.29
2023,9,142505,ate_3SM,deslig,4,2967.26
2023,9,142510,3_a_6SM,adm,8,6725.43
2023,9,142510,3_a_6SM,deslig,11,5932.26
2023,9,142510,6_a_10SM,adm,15,10744.32
2023,9,142510,6_a_10SM,deslig,25,11115.32
2023,9,142510,acima_10SM,adm,74,23018.47
2023,9,142510,acima_10SM,deslig,103,21185.81
2023,9,142510,ate_3SM,adm,3,1989.33
2023,9,142510,ate_3SM,deslig,6,2242.41
2023,9,142515,3_a_6SM,adm,5,6420.0
2023,9,142515,3_a_6SM,deslig,9,5575.49
2023,9,142515,6_a_10SM,adm,10,11240.81
2023,9,142515,6_a_10SM,deslig,9,10694.87
2023,9,142515,acima_10SM,adm,29,23250.37
2023,9,142515,acima_10SM,deslig,35,23092.57
2023,9,142515,ate_3SM,adm,1,3250.0
2023,9,142515,ate_3SM,deslig,7,2452.96
2023,9,142520,3_a_6SM,adm,28,5950.49
2023,9,142520,3_a_6SM,deslig,46,6184.13
2023,9,142520,6_a_10SM,adm,78,10526.53
2023,9,142520,6_a_10SM,deslig,117,10801.38
2023,9,142520,acima_10SM,adm,106,21167.94
2023,9,142520,acima_10SM,deslig,178,19738.14
2023,9,142520,ate_3SM,adm,21,2672.64
2023,9,142520,ate_3SM,deslig,13,2990.6
2023,9,142525,3_a_6SM,adm,2,5000.0
2023,9,142525,3_a_6SM,deslig,1,4800.0
2023,9,142525,6_a_10SM,adm,4,11003.7
2023,9,142525,6_a_10SM,deslig,3,10390.63
2023,9,142525,acima_10SM,adm,20,22365.0
2023,9,142525,acima_10SM,deslig,21,21507.73
2023,9,142525,ate_3SM,adm,2,2400.0
2023,9,142525,ate_3SM,deslig,1,0.0
2023,9,142530,3_a_6SM,adm,15,5594.02
2023,9,142530,3_a_6SM,deslig,23,5906.87
2023,9,142530,6_a_10SM,adm,9,10722.88
2023,9,142530,6_a_10SM,deslig,15,10730.9
2023,9,142530,acima_10SM,adm,13,20717.72
2023,9,142530,acima_10SM,deslig,17,20825.13
2023,9,142530,ate_3SM,adm,6,2099.74
2023,9,142530,ate_3SM,deslig,15,2918.89
2023,9,142535,3_a_6SM,adm,11,5637.09
2023,9,142535,3_a_6SM,deslig,21,5573.09
2023,9,142535,6_a_10SM,adm,7,10178.49
2023,9,142535,6_a_10SM,deslig,20,10261.03
2023,9,142535,acima_10SM,adm,9,14444.44
2023,9,142535,acima_10SM,deslig,18,15224.52
2023,9,142535,ate_3SM,adm,24,2350.1
2023,9,142535,ate_3SM,deslig,22,2822.73
2023,9,212305,3_a_6SM,adm,25,5730.5
2023,9,212305,3_a_6SM,deslig,32,6327.68
2023,9,212305,6_a_10SM,adm,45,10434.01
2023,9,212305,6_a_10SM,deslig,26,10600.84
2023,9,212305,acima_10SM,adm,18,16875.57
2023,9,212305,acima_10SM,deslig,38,17168.92
2023,9,212305,ate_3SM,adm,14,2887.33
2023,9,212305,ate_3SM,deslig,18,2628.36
2023,9,212310,3_a_6SM,adm,14,5541.09
2023,9,212310,3_a_6SM,deslig,7,5497.3
2023,9,212310,6_a_10SM,adm,6,10450.0
2023,9,212310,6_a_10SM,deslig,13,10679.06
2023,9,212310,acima_10SM,adm,6,16048.58
2023,9,212310,acima_10SM,deslig,9,18357.96
2023,9,212310,ate_3SM,adm,27,2414.35
2023,9,212310,ate_3SM,deslig,16,2854.16
2023,9,212315,3_a_6SM,adm,22,5761.18
2023,9,212315,3_a_6SM,deslig,19,5662.78
2023,9,212315,6_a_10SM,adm,16,10973.56
2023,9,212315,6_a_10SM,deslig,22,10788.33
2023,9,212315,acima_10SM,adm,25,17008.62
2023,9,212315,acima_10SM,deslig,22,16610.96
2023,9,212315,ate_3SM,adm,27,2294.83
2023,9,212315,ate_3SM,deslig,23,2416.54
2023,9,212320,3_a_6SM,adm,55,6007.02
2023,9,212320,3_a_6SM,deslig,56,5804.63
2023,9,212320,6_a_10SM,adm,56,10295.04
2023,9,212320,6_a_10SM,deslig,49,10211.33
2023,9,212320,acima_10SM,adm,38,19407.46
2023,9,212320,acima_10SM,deslig,33,18317.94
2023,9,212320,ate_3SM,adm,36,2933.75
2023,9,212320,ate_3SM,deslig,35,2864.34
2023,9,212405,3_a_6SM,adm,799,5863.78
2023,9,212405,3_a_6SM,deslig,833,5907.12
2023,9,212405,6_a_10SM,adm,915,10285.07
2023,9,212405,6_a_10SM,deslig,835,10277.44
2023,9,212405,acima_10SM,adm,391,19894.79
2023,9,212405,acima_10SM,deslig,369,16317.69
2023,9,212405,ate_3SM,adm,642,2672.44
2023,9,212405,ate_3SM,deslig,581,2785.74
2023,9,212410,3_a_6SM,adm,161,5369.55
2023,9,212410,3_a_6SM,deslig,144,5391.43
2023,9,212410,6_a_10SM,adm,64,9703.53
2023,9,212410,6_a_10SM,deslig,66,10074.81
2023,9,212410,acima_10SM,adm,22,17956.56
2023,9,212410,acima_10SM,deslig,17,21742.58
2023,9,212410,ate_3SM,adm,217,2619.66
2023,9,212410,ate_3SM,deslig,171,2629.75
2023,9,212415,3_a_6SM,adm,33,5321.35
2023,9,212415,3_a_6SM,deslig,41,5727.0
2023,9,212415,6_a_10SM,adm,7,9153.37
2023,9,212415,6_a_10SM,deslig,17,9736.28
2023,9,212415,acima_10SM,adm,4,15875.0
2023,9,212415,acima_10SM,deslig,6,18067.31
2023,9,212415,ate_3SM,adm,36,2935.73
2023,9,212415,ate_3SM,deslig,37,2731.62
2023,9,212420,3_a_6SM,adm,236,5287.13
2023,9,212420,3_a_6SM,deslig,213,5311.86
2023,9,212420,6_a_10SM,adm,67,10405.88
2023,9,212420,6_a_10SM,deslig,78,10059.39
2023,9,212420,acima_10SM,adm,33,16970.81
2023,9,212420,acima_10SM,deslig,29,18217.57
2023,9,212420,ate_3SM,adm,809,2370.76
2023,9,212420,ate_3SM,deslig,778,2417.79
2023,9,212425,3_a_6SM,adm,8,5729.83
2023,9,212425,3_a_6SM,deslig,1,7828.1
2023,9,212425,6_a_10SM,adm,20,10786.93
2023,9,212425,6_a_10SM,deslig,16,10921.63
2023,9,212425,acima_10SM,adm,27,16663.58
2023,9,212425,acima_10SM,deslig,24,18397.25
2023,9,212425,ate_3SM,adm,1,3000.0
2023,9,212425,ate_3SM,deslig,2,2662.94
2023,9,212430,3_a_6SM,adm,92,5306.65
2023,9,212430,3_a_6SM,deslig,77,5662.57
2023,9,212430,6_a_10SM,adm,21,9417.45
2023,9,212430,6_a_10SM,deslig,36,9792.13
2023,9,212430,acima_10SM,adm,2,13800.0
2023,9,212430,acima_10SM,deslig,2,28107.0
2023,9,212430,ate_3SM,adm,37,3105.53
2023,9,212430,ate_3SM,deslig,42,3036.86
2023,9,317105,3_a_6SM,adm,12,5910.18
2023,9,317105,3_a_6SM,deslig,18,5873.4
2023,9,317105,6_a_10SM,adm,9,10178.1
2023,9,317105,6_a_10SM,deslig,7,9783.13
2023,9,317105,acima_10SM,adm,5,17000.0
2023,9,317105,acima_10SM,deslig,3,15351.38
2023,9,317105,ate_3SM,adm,32,2359.37
2023,9,317105,ate_3SM,deslig,29,2528.04
2023,9,317110,3_a_6SM,adm,230,5561.3
2023,9,317110,3_a_6SM,deslig,225,5719.31
2023,9,317110,6_a_10SM,adm,194,10147.28
2023,9,317110,6_a_10SM,deslig,197,10175.5
2023,9,317110,acima_10SM,adm,76,17321.97
2023,9,317110,acima_10SM,deslig,80,17535.22
2023,9,317110,ate_3SM,adm,287,2454.45
2023,9,317110,ate_3SM,deslig,264,2590.56
2023,9,317115,3_a_6SM,adm,15,5260.53
2023,9,317115,3_a_6SM,deslig,20,5215.46
2023,9,317115,6_a_10SM,deslig,5,9316.58
2023,9,317115,ate_3SM,adm,37,2731.95
2023,9,317115,ate_3SM,deslig,32,3063.16
2023,9,317120,3_a_6SM,deslig,4,5824.17
2023,9,317120,6_a_10SM,adm,8,10515.0
2023,9,317120,6_a_10SM,deslig,3,10520.69
2023,9,317120,acima_10SM,adm,3,20333.33
2023,9,317120,acima_10SM,deslig,5,18007.45
2023,9,317120,ate_3SM,adm,11,2506.05
2023,9,317120,ate_3SM,deslig,10,2361.76
2023,9,317205,3_a_6SM,adm,4,4825.0
2023,9,317205,3_a_6SM,deslig,9,5028.53
2023,9,317205,6_a_10SM,adm,1,9200.0
2023,9,317205,6_a_10SM,deslig,1,10000.0
2023,9,317205,ate_3SM,adm,195,1960.6
2023,9,317205,ate_3SM,deslig,161,2066.43
2023,9,317210,3_a_6SM,adm,21,4767.94
2023,9,317210,3_a_6SM,deslig,48,5015.26
2023,9,317210,6_a_10SM,adm,4,11284.67
2023,9,317210,6_a_10SM,deslig,8,10241.62
2023,9,317210,acima_10SM,adm,2,18312.96
2023,9,317210,acima_10SM,deslig,2,14574.73
2023,9,317210,ate_3SM,adm,580,2128.83
2023,9,317210,ate_3SM,deslig,640,2152.35
2023,10,142505,3_a_6SM,adm,6,5250.53
2023,10,142505,3_a_6SM,deslig,9,5330.08
2023,10,142505,6_a_10SM,adm,12,11587.57
2023,10,142505,6_a_10SM,deslig,13,11826.92
2023,10,142505,acima_10SM,adm,34,20315.74
2023,10,142505,acima_10SM,deslig,28,20178.82
2023,10,142505,ate_3SM,adm,4,2850.0
2023,10,142505,ate_3SM,deslig,7,3061.41
2023,10,142510,3_a_6SM,adm,8,5622.25
2023,10,142510,3_a_6SM,deslig,10,6448.55
2023,10,142510,6_a_10SM,adm,9,11883.33
2023,10,142510,6_a_10SM,deslig,14,10746.55
2023,10,142510,acima_10SM,adm,77,23039.1
2023,10,142510,acima_10SM,deslig,140,21768.58
2023,10,142510,ate_3SM,adm,3,3462.0
2023,10,142510,ate_3SM,deslig,3,3195.68
2023,10,142515,3_a_6SM,adm,4,5544.91
2023,10,142515,3_a_6SM,deslig,12,5439.06
2023,10,142515,6_a_10SM,adm,4,11161.5
2023,10,142515,6_a_10SM,deslig,15,10750.76
2023,10,142515,acima_10SM,adm,27,21364.35
2023,10,142515,acima_10SM,deslig,32,23331.37
2023,10,142515,ate_3SM,adm,1,2500.0
2023,10,142515,ate_3SM,deslig,1,3831.66
2023,10,142520,3_a_6SM,adm,45,6132.34
2023,10,142520,3_a_6SM,deslig,89,5941.55
2023,10,142520,6_a_10SM,adm,65,10850.85
2023,10,142520,6_a_10SM,deslig,91,10801.14
2023,10,142520,acima_10SM,adm,130,19655.25
2023,10,142520,acima_10SM,deslig,145,19760.66
2023,10,142520,ate_3SM,adm,13,2863.17
2023,10,142520,ate_3SM,deslig,74,2839.09
2023,10,142525,3_a_6SM,adm,1,6000.0
2023,10,142525,3_a_6SM,deslig,1,6423.2
2023,10,142525,6_a_10SM,adm,1,8000.0
2023,10,142525,6_a_10SM,deslig,3,11850.13
2023,10,142525,acima_10SM,adm,13,19578.92
2023,10,142525,acima_10SM,deslig,16,18999.14
2023,10,142525,ate_3SM,adm,1,2538.91
2023,10,142525,ate_3SM,deslig,4,2652.05
2023,10,142530,3_a_6SM,adm,12,5066.35
2023,10,142530,3_a_6SM,deslig,17,5693.97
2023,10,142530,6_a_10SM,adm,6,11125.12
2023,10,142530,6_a_10SM,deslig,17,10785.5
2023,10,142530,acima_10SM,adm,19,23012.6
2023,10,142530,acima_10SM,deslig,20,20899.8
2023,10,142530,ate_3SM,adm,9,2832.03
2023,10,142530,ate_3SM,deslig,13,2530.18
2023,10,142535,3_a_6SM,adm,9,5499.1
2023,10,142535,3_a_6SM,deslig,9,5484.8
2023,10,142535,6_a_10SM,adm,6,9883.17
2023,10,142535,6_a_10SM,deslig,6,9465.59
2023,10,142535,acima_10SM,adm,6,15966.58
2023,10,142535,acima_10SM,deslig,8,18207.35
2023,10,142535,ate_3SM,adm,17,2345.82
2023,10,142535,ate_3SM,deslig,16,2254.23
2023,10,212305,3_a_6SM,adm,29,5341.75
2023,10,212305,3_a_6SM,deslig,38,5956.97
2023,10,212305,6_a_10SM,adm,40,10402.74
2023,10,212305,6_a_10SM,deslig,31,10162.01
2023,10,212305,acima_10SM,adm,20,17710.16
2023,10,212305,acima_10SM,deslig,19,17109.17
2023,10,212305,ate_3SM,adm,23,2674.68
2023,10,212305,ate_3SM,deslig,13,2995.05
2023,10,212310,3_a_6SM,adm,29,5980.72
2023,10,212310,3_a_6SM,deslig,28,5797.03
2023,10,212310,6_a_10SM,adm,9,10692.89
2023,10,212310,6_a_10SM,deslig,17,10601.54
2023,10,212310,acima_10SM,adm,1,15925.67
2023,10,212310,acima_10SM,deslig,7,18343.68
2023,10,212310,ate_3SM,adm,27,2859.17
2023,10,212310,ate_3SM,deslig,19,2608.46
2023,10,212315,3_a_6SM,adm,17,5820.78
2023,10,212315,3_a_6SM,deslig,16,5637.72
2023,10,212315,6_a_10SM,adm,8,11879.6
2023,10,212315,6_a_10SM,deslig,22,10857.15
2023,10,212315,acima_10SM,adm,14,17572.43
2023,10,212315,acima_10SM,deslig,21,16460.99
2023,10,212315,ate_3SM,adm,30,2512.54
2023,10,212315,ate_3SM,deslig,22,2469.55
2023,10,212320,3_a_6SM,adm,59,5913.29
2023,10,212320,3_a_6SM,deslig,52,5940.32
2023,10,212320,6_a_10SM,adm,55,10116.42
2023,10,212320,6_a_10SM,deslig,49,10374.33
2023,10,212320,acima_10SM,adm,34,16724.33
2023,10,212320,acima_10SM,deslig,26,18534.63
2023,10,212320,ate_3SM,adm,42,2733.98
2023,10,212320,ate_3SM,deslig,16,2976.38
2023,10,212405,3_a_6SM,adm,872,5876.86
2023,10,212405,3_a_6SM,deslig,797,5836.41
2023,10,212405,6_a_10SM,adm,911,10217.27
2023,10,212405,6_a_10SM,deslig,801,10356.83
2023,10,212405,acima_10SM,adm,355,16685.08
2023,10,212405,acima_10SM,deslig,372,16846.06
2023,10,212405,ate_3SM,adm,702,2785.73
2023,10,212405,ate_3SM,deslig,554,2778.73
2023,10,212410,3_a_6SM,adm,164,5504.29
2023,10,212410,3_a_6SM,deslig,144,5590.9
2023,10,212410,6_a_10SM,adm,91,9510.77
2023,10,212410,6_a_10SM,deslig,80,10142.63
2023,10,212410,acima_10SM,adm,14,19713.46
2023,10,212410,acima_10SM,deslig,25,20118.09
2023,10,212410,ate_3SM,adm,209,2460.52
2023,10,212410,ate_3SM,deslig,247,2609.23
2023,10,212415,3_a_6SM,adm,20,5352.93
2023,10,212415,3_a_6SM,deslig,39,5355.55
2023,10,212415,6_a_10SM,adm,8,9432.56
2023,10,212415,6_a_10SM,deslig,14,9876.5
2023,10,212415,acima_10SM,adm,6,17016.5
2023,10,212415,acima_10SM,deslig,5,14917.24
2023,10,212415,ate_3SM,adm,28,2578.14
2023,10,212415,ate_3SM,deslig,23,2995.42
2023,10,212420,3_a_6SM,adm,220,5252.54
2023,10,212420,3_a_6SM,deslig,237,5434.01
2023,10,212420,6_a_10SM,adm,79,9980.47
2023,10,212420,6_a_10SM,deslig,60,10242.99
2023,10,212420,acima_10SM,adm,14,16222.86
2023,10,212420,acima_10SM,deslig,34,18631.49
2023,10,212420,ate_3SM,adm,1265,2371.13
2023,10,212420,ate_3SM,deslig,1050,2409.06
2023,10,212425,3_a_6SM,adm,5,6962.47
2023,10,212425,3_a_6SM,deslig,3,4986.61
2023,10,212425,6_a_10SM,adm,17,11426.53
2023,10,212425,6_a_10SM,deslig,13,11097.25
2023,10,212425,acima_10SM,adm,39,18196.88
2023,10,212425,acima_10SM,deslig,38,19004.4
2023,10,212425,ate_3SM,adm,3,3298.44
2023,10,212425,ate_3SM,deslig,3,2816.21
2023,10,212430,3_a_6SM,adm,73,5656.21
2023,10,212430,3_a_6SM,deslig,65,5832.28
2023,10,212430,6_a_10SM,adm,23,9424.52
2023,10,212430,6_a_10SM,deslig,31,9567.72
2023,10,212430,acima_10SM,adm,8,17573.25
2023,10,212430,acima_10SM,deslig,3,15932.67
2023,10,212430,ate_3SM,adm,24,2958.56
2023,10,212430,ate_3SM,deslig,26,3009.44
2023,10,317105,3_a_6SM,adm,5,6730.9
2023,10,317105,3_a_6SM,deslig,11,6462.53
2023,10,317105,6_a_10SM,adm,6,10559.47
2023,10,317105,6_a_10SM,deslig,6,11505.59
2023,10,317105,acima_10SM,adm,2,16000.0
2023,10,317105,acima_10SM,deslig,1,15000.0
2023,10,317105,ate_3SM,adm,31,2300.57
2023,10,317105,ate_3SM,deslig,33,2516.23
2023,10,317110,3_a_6SM,adm,228,5616.05
2023,10,317110,3_a_6SM,deslig,294,5590.56
2023,10,317110,6_a_10SM,adm,171,10280.67
2023,10,317110,6_a_10SM,deslig,181,10036.86
2023,10,317110,acima_10SM,adm,88,17105.71
2023,10,317110,acima_10SM,deslig,74,16797.67
2023,10,317110,ate_3SM,adm,304,2526.3
2023,10,317110,ate_3SM,deslig,226,2722.92
2023,10,317115,3_a_6SM,adm,23,5108.92
2023,10,317115,3_a_6SM,deslig,31,4981.91
2023,10,317115,6_a_10SM,deslig,4,9296.94
2023,10,317115,ate_3SM,adm,35,2703.42
2023,10,317115,ate_3SM,deslig,36,2908.23
2023,10,317120,3_a_6SM,adm,8,5835.0
2023,10,317120,3_a_6SM,deslig,9,6344.43
2023,10,317120,6_a_10SM,adm,5,11624.76
2023,10,317120,6_a_10SM,deslig,5,10435.52
2023,10,317120,acima_10SM,adm,2,14200.0
2023,10,317120,ate_3SM,adm,25,2433.65
2023,10,317120,ate_3SM,deslig,18,2313.89
2023,10,317205,3_a_6SM,adm,8,5448.28
2023,10,317205,3_a_6SM,deslig,11,5399.59
2023,10,317205,6_a_10SM,adm,4,9673.61
2023,10,317205,6_a_10SM,deslig,4,8958.93
2023,10,317205,ate_3SM,adm,270,2043.43
2023,10,317205,ate_3SM,deslig,272,1869.29
2023,10,317210,3_a_6SM,adm,40,5456.14
2023,10,317210,3_a_6SM,deslig,49,5224.03
2023,10,317210,6_a_10SM,adm,7,9774.29
2023,10,317210,6_a_10SM,deslig,4,11416.57
2023,10,317210,acima_10SM,adm,1,16000.0
2023,10,317210,acima_10SM,deslig,1,17692.4
2023,10,317210,ate_3SM,adm,678,2097.12
2023,10,317210,ate_3SM,deslig,560,2138.61
2023,11,142505,3_a_6SM,adm,7,5157.59
2023,11,142505,3_a_6SM,deslig,13,6373.38
2023,11,142505,6_a_10SM,adm,8,10735.97
2023,11,142505,6_a_10SM,deslig,13,10417.13
2023,11,142505,acima_10SM,adm,30,22578.63
2023,11,142505,acima_10SM,deslig,26,23530.1
2023,11,142505,ate_3SM,adm,5,2520.0
2023,11,142505,ate_3SM,deslig,8,3331.5
2023,11,142510,3_a_6SM,adm,6,5922.02
2023,11,142510,3_a_6SM,deslig,9,5867.22
2023,11,142510,6_a_10SM,adm,11,10319.91
2023,11,142510,6_a_10SM,deslig,19,10954.39
2023,11,142510,acima_10SM,adm,64,23821.86
2023,11,142510,acima_10SM,deslig,87,22396.46
2023,11,142510,ate_3SM,adm,3,3034.67
2023,11,142510,ate_3SM,deslig,6,2764.35
2023,11,142515,3_a_6SM,adm,6,6211.0
2023,11,142515,3_a_6SM,deslig,5,5349.88
2023,11,142515,6_a_10SM,adm,12,11413.92
2023,11,142515,6_a_10SM,deslig,10,10974.0
2023,11,142515,acima_10SM,adm,26,21050.07
2023,11,142515,acima_10SM,deslig,28,21631.48
2023,11,142515,ate_3SM,adm,6,2615.33
2023,11,142515,ate_3SM,deslig,1,3487.05
2023,11,142520,3_a_6SM,adm,24,5698.37
2023,11,142520,3_a_6SM,deslig,35,6451.67
2023,11,142520,6_a_10SM,adm,101,10624.77
2023,11,142520,6_a_10SM,deslig,93,10603.46
2023,11,142520,acima_10SM,adm,112,20303.45
2023,11,142520,acima_10SM,deslig,130,21124.78
2023,11,142520,ate_3SM,adm,5,2540.0
2023,11,142520,ate_3SM,deslig,14,2743.48
2023,11,142525,3_a_6SM,adm,4,4575.0
2023,11,142525,3_a_6SM,deslig,2,6868.91
2023,11,142525,6_a_10SM,adm,4,12627.89
2023,11,142525,6_a_10SM,deslig,3,11344.83
2023,11,142525,acima_10SM,adm,11,24486.24
2023,11,142525,acima_10SM,deslig,22,20084.52
2023,11,142525,ate_3SM,deslig,1,2611.1
2023,11,142530,3_a_6SM,adm,12,5765.83
2023,11,142530,3_a_6SM,deslig,16,5870.82
2023,11,142530,6_a_10SM,adm,9,10747.09
2023,11,142530,6_a_10SM,deslig,11,11159.87
2023,11,142530,acima_10SM,adm,15,22177.74
2023,11,142530,acima_10SM,deslig,16,22613.83
2023,11,142530,ate_3SM,adm,7,2690.84
2023,11,142530,ate_3SM,deslig,12,2586.25
2023,11,142535,3_a_6SM,adm,3,5000.0
2023,11,142535,3_a_6SM,deslig,9,6154.21
2023,11,142535,6_a_10SM,adm,7,10385.65
2023,11,142535,6_a_10SM,deslig,7,10492.76
2023,11,142535,acima_10SM,adm,8,16852.88
2023,11,142535,acima_10SM,deslig,7,18349.36
2023,11,142535,ate_3SM,adm,15,2580.68
2023,11,142535,ate_3SM,deslig,19,2262.13
2023,11,212305,3_a_6SM,adm,34,5696.93
2023,11,212305,3_a_6SM,deslig,44,5929.27
2023,11,212305,6_a_10SM,adm,37,11006.11
2023,11,212305,6_a_10SM,deslig,41,10060.89
2023,11,212305,acima_10SM,adm,14,16430.94
2023,11,212305,acima_10SM,deslig,16,15945.06
2023,11,212305,ate_3SM,adm,17,2388.85
2023,11,212305,ate_3SM,deslig,16,2606.72
2023,11,212310,3_a_6SM,adm,11,5407.77
2023,11,212310,3_a_6SM,deslig,12,5813.92
2023,11,212310,6_a_10SM,adm,7,10207.74
2023,11,212310,6_a_10SM,deslig,12,11800.22
2023,11,212310,acima_10SM,adm,6,17381.76
2023,11,212310,acima_10SM,deslig,11,16913.47
2023,11,212310,ate_3SM,adm,24,2703.0
2023,11,212310,ate_3SM,deslig,17,2646.59
2023,11,212315,3_a_6SM,adm,21,5175.68
2023,11,212315,3_a_6SM,deslig,31,5764.06
2023,11,212315,6_a_10SM,adm,11,10461.45
2023,11,212315,6_a_10SM,deslig,25,10571.21
2023,11,212315,acima_10SM,adm,11,17063.64
2023,11,212315,acima_10SM,deslig,9,15348.91
2023,11,212315,ate_3SM,adm,27,2606.89
2023,11,212315,ate_3SM,deslig,26,2436.85
2023,11,212320,3_a_6SM,adm,47,6041.97
2023,11,212320,3_a_6SM,deslig,44,5798.37
2023,11,212320,6_a_10SM,adm,55,9978.45
2023,11,212320,6_a_10SM,deslig,42,10502.39
2023,11,212320,acima_10SM,adm,29,17751.39
2023,11,212320,acima_10SM,deslig,29,17248.03
2023,11,212320,ate_3SM,adm,33,2862.47
2023,11,212320,ate_3SM,deslig,17,3163.75
2023,11,212405,3_a_6SM,adm,742,5846.42
2023,11,212405,3_a_6SM,deslig,629,5807.76
2023,11,212405,6_a_10SM,adm,852,10192.05
2023,11,212405,6_a_10SM,deslig,678,10301.78
2023,11,212405,acima_10SM,adm,336,16322.12
2023,11,212405,acima_10SM,deslig,323,16789.26
2023,11,212405,ate_3SM,adm,612,2790.24
2023,11,212405,ate_3SM,deslig,427,2798.21
2023,11,212410,3_a_6SM,adm,149,5594.04
2023,11,212410,3_a_6SM,deslig,130,5501.88
2023,11,212410,6_a_10SM,adm,88,9774.17
2023,11,212410,6_a_10SM,deslig,71,9936.47
2023,11,212410,acima_10SM,adm,16,16975.0
2023,11,212410,acima_10SM,deslig,12,16248.02
2023,11,212410,ate_3SM,adm,191,2392.61
2023,11,212410,ate_3SM,deslig,171,2460.76
2023,11,212415,3_a_6SM,adm,29,5733.29
2023,11,212415,3_a_6SM,deslig,35,5398.14
2023,11,212415,6_a_10SM,adm,12,9672.58
2023,11,212415,6_a_10SM,deslig,11,9116.11
2023,11,212415,acima_10SM,adm,2,17000.0
2023,11,212415,acima_10SM,deslig,3,15163.31
2023,11,212415,ate_3SM,adm,32,2737.7
2023,11,212415,ate_3SM,deslig,21,2798.69
2023,11,212420,3_a_6SM,adm,232,5302.62
2023,11,212420,3_a_6SM,deslig,240,5587.48
2023,11,212420,6_a_10SM,adm,79,9910.77
2023,11,212420,6_a_10SM,deslig,56,9898.37
2023,11,212420,acima_10SM,adm,36,35491.78
2023,11,212420,acima_10SM,deslig,25,19813.7
2023,11,212420,ate_3SM,adm,749,2402.2
2023,11,212420,ate_3SM,deslig,674,2390.09
2023,11,212425,3_a_6SM,adm,2,5000.0
2023,11,212425,3_a_6SM,deslig,7,6099.14
2023,11,212425,6_a_10SM,adm,15,10523.19
2023,11,212425,6_a_10SM,deslig,18,11033.09
2023,11,212425,acima_10SM,adm,30,16783.64
2023,11,212425,acima_10SM,deslig,21,17210.93
2023,11,212425,ate_3SM,adm,2,2518.4
2023,11,212430,3_a_6SM,adm,57,5734.73
2023,11,212430,3_a_6SM,deslig,36,5761.38
2023,11,212430,6_a_10SM,adm,22,9869.06
2023,11,212430,6_a_10SM,deslig,14,9952.7
2023,11,212430,acima_10SM,adm,2,18688.5
2023,11,212430,acima_10SM,deslig,2,15441.7
2023,11,212430,ate_3SM,adm,23,3144.41
2023,11,212430,ate_3SM,deslig,25,3111.45
2023,11,317105,3_a_6SM,adm,9,5524.49
2023,11,317105,3_a_6SM,deslig,6,5197.65
2023,11,317105,6_a_10SM,adm,4,10186.0
2023,11,317105,6_a_10SM,deslig,5,10145.38
2023,11,317105,acima_10SM,adm,1,21850.0
2023,11,317105,acima_10SM,deslig,5,19905.8
2023,11,317105,ate_3SM,adm,30,2332.76
2023,11,317105,ate_3SM,deslig,30,2283.86
2023,11,317110,3_a_6SM,adm,181,5581.41
2023,11,317110,3_a_6SM,deslig,220,5719.87
2023,11,317110,6_a_10SM,adm,146,10145.0
2023,11,317110,6_a_10SM,deslig,180,10134.29
2023,11,317110,acima_10SM,adm,62,17807.72
2023,11,317110,acima_10SM,deslig,76,17204.08
2023,11,317110,ate_3SM,adm,313,2520.56
2023,11,317110,ate_3SM,deslig,206,2668.93
2023,11,317115,3_a_6SM,adm,13,5218.32
2023,11,317115,3_a_6SM,deslig,23,5135.86
2023,11,317115,6_a_10SM,deslig,2,8286.5
2023,11,317115,ate_3SM,adm,26,2483.67
2023,11,317115,ate_3SM,deslig,27,2683.5
2023,11,317120,3_a_6SM,adm,5,5446.0
2023,11,317120,3_a_6SM,deslig,3,5563.62
2023,11,317120,6_a_10SM,adm,7,10137.14
2023,11,317120,6_a_10SM,deslig,3,11378.03
2023,11,317120,acima_10SM,adm,4,22239.99
2023,11,317120,acima_10SM,deslig,2,19032.0
2023,11,317120,ate_3SM,adm,12,2356.84
2023,11,317120,ate_3SM,deslig,9,2301.18
2023,11,317205,3_a_6SM,adm,6,5934.87
2023,11,317205,3_a_6SM,deslig,10,5302.35
2023,11,317205,6_a_10SM,adm,2,9229.0
2023,11,317205,6_a_10SM,deslig,4,9154.71
2023,11,317205,acima_10SM,deslig,2,19004.6
2023,11,317205,ate_3SM,adm,236,2110.42
2023,11,317205,ate_3SM,deslig,150,2086.02
2023,11,317210,3_a_6SM,adm,19,5316.95
2023,11,317210,3_a_6SM,deslig,34,4905.99
2023,11,317210,6_a_10SM,adm,4,10300.0
2023,11,317210,6_a_10SM,deslig,4,10216.42
2023,11,317210,acima_10SM,adm,3,16805.56
2023,11,317210,acima_10SM,deslig,1,15528.02
2023,11,317210,ate_3SM,adm,569,2153.43
2023,11,317210,ate_3SM,deslig,473,2190.48
2023,12,142505,3_a_6SM,adm,4,5535.79
2023,12,142505,3_a_6SM,deslig,4,5261.92
2023,12,142505,6_a_10SM,adm,12,10225.24
2023,12,142505,6_a_10SM,deslig,9,11860.95
2023,12,142505,acima_10SM,adm,15,20293.05
2023,12,142505,acima_10SM,deslig,24,23828.73
2023,12,142505,ate_3SM,adm,5,2577.9
2023,12,142505,ate_3SM,deslig,3,2784.15
2023,12,142510,3_a_6SM,adm,8,6218.03
2023,12,142510,3_a_6SM,deslig,10,6470.73
2023,12,142510,6_a_10SM,adm,12,10750.59
2023,12,142510,6_a_10SM,deslig,23,10768.67
2023,12,142510,acima_10SM,adm,68,21811.82
2023,12,142510,acima_10SM,deslig,119,22020.32
2023,12,142510,ate_3SM,adm,3,2821.02
2023,12,142510,ate_3SM,deslig,3,2515.17
2023,12,142515,3_a_6SM,adm,2,5250.0
2023,12,142515,3_a_6SM,deslig,8,5374.77
2023,12,142515,6_a_10SM,adm,4,12522.14
2023,12,142515,6_a_10SM,deslig,10,11103.33
2023,12,142515,acima_10SM,adm,20,26151.74
2023,12,142515,acima_10SM,deslig,30,23844.86
2023,12,142515,ate_3SM,adm,5,2716.03
2023,12,142515,ate_3SM,deslig,3,2000.0
2023,12,142520,3_a_6SM,adm,32,5570.17
2023,12,142520,3_a_6SM,deslig,39,6118.01
2023,12,142520,6_a_10SM,adm,54,10513.84
2023,12,142520,6_a_10SM,deslig,89,10347.14
2023,12,142520,acima_10SM,adm,81,19940.93
2023,12,142520,acima_10SM,deslig,125,19478.23
2023,12,142520,ate_3SM,adm,7,2859.43
2023,12,142520,ate_3SM,deslig,10,2769.33
2023,12,142525,3_a_6SM,adm,2,6369.41
2023,12,142525,3_a_6SM,deslig,3,6281.63
2023,12,142525,6_a_10SM,deslig,5,10043.63
2023,12,142525,acima_10SM,adm,14,21450.64
2023,12,142525,acima_10SM,deslig,14,19837.06
2023,12,142530,3_a_6SM,adm,3,4700.0
2023,12,142530,3_a_6SM,deslig,13,5515.64
2023,12,142530,6_a_10SM,adm,8,10512.21
2023,12,142530,6_a_10SM,deslig,14,10415.18
2023,12,142530,acima_10SM,adm,11,21700.18
2023,12,142530,acima_10SM,deslig,27,20456.15
2023,12,142530,ate_3SM,adm,4,3082.43
2023,12,142530,ate_3SM,deslig,16,3058.16
2023,12,142535,3_a_6SM,adm,13,5361.92
2023,12,142535,3_a_6SM,deslig,19,6031.29
2023,12,142535,6_a_10SM,adm,6,9638.67
2023,12,142535,6_a_10SM,deslig,18,9831.73
2023,12,142535,acima_10SM,adm,6,17416.67
2023,12,142535,acima_10SM,deslig,13,16384.49
2023,12,142535,ate_3SM,adm,14,2389.85
2023,12,142535,ate_3SM,deslig,8,2312.67
2023,12,212305,3_a_6SM,adm,34,5827.42
2023,12,212305,3_a_6SM,deslig,30,5693.43
2023,12,212305,6_a_10SM,adm,37,10110.26
2023,12,212305,6_a_10SM,deslig,39,10491.7
2023,12,212305,acima_10SM,adm,12,16026.71
2023,12,212305,acima_10SM,deslig,32,16567.47
2023,12,212305,ate_3SM,adm,11,2868.76
2023,12,212305,ate_3SM,deslig,20,2491.46
2023,12,212310,3_a_6SM,adm,8,5422.12
2023,12,212310,3_a_6SM,deslig,11,6071.58
2023,12,212310,6_a_10SM,adm,7,11239.77
2023,12,212310,6_a_10SM,deslig,7,9760.5
2023,12,212310,acima_10SM,adm,5,16225.8
2023,12,212310,acima_10SM,deslig,8,15167.67
2023,12,212310,ate_3SM,adm,18,2516.63
2023,12,212310,ate_3SM,deslig,18,2946.66
2023,12,212315,3_a_6SM,adm,10,5727.99
2023,12,212315,3_a_6SM,deslig,16,5774.66
2023,12,212315,6_a_10SM,adm,13,10497.5
2023,12,212315,6_a_10SM,deslig,18,11053.83
2023,12,212315,acima_10SM,adm,8,15436.93
2023,12,212315,acima_10SM,deslig,20,19412.27
2023,12,212315,ate_3SM,adm,20,2545.89
2023,12,212315,ate_3SM,deslig,23,2450.02
2023,12,212320,3_a_6SM,adm,52,5371.34
2023,12,212320,3_a_6SM,deslig,49,5786.57
2023,12,212320,6_a_10SM,adm,52,10238.91
2023,12,212320,6_a_10SM,deslig,38,9973.82
2023,12,212320,acima_10SM,adm,26,18207.73
2023,12,212320,acima_10SM,deslig,21,17277.49
2023,12,212320,ate_3SM,adm,40,2722.67
2023,12,212320,ate_3SM,deslig,44,2883.22
2023,12,212405,3_a_6SM,adm,691,5824.55
2023,12,212405,3_a_6SM,deslig,748,5924.17
2023,12,212405,6_a_10SM,adm,671,10225.16
2023,12,212405,6_a_10SM,deslig,723,10276.47
2023,12,212405,acima_10SM,adm,304,21009.84
2023,12,212405,acima_10SM,deslig,357,16297.2
2023,12,212405,ate_3SM,adm,573,2775.21
2023,12,212405,ate_3SM,deslig,491,2786.18
2023,12,212410,3_a_6SM,adm,105,5556.23
2023,12,212410,3_a_6SM,deslig,107,5665.0
2023,12,212410,6_a_10SM,adm,67,10157.35
2023,12,212410,6_a_10SM,deslig,64,9971.75
2023,12,212410,acima_10SM,adm,20,16562.46
2023,12,212410,acima_10SM,deslig,24,16837.46
2023,12,212410,ate_3SM,adm,182,2556.14
2023,12,212410,ate_3SM,deslig,190,2592.22
2023,12,212415,3_a_6SM,adm,24,5384.74
2023,12,212415,3_a_6SM,deslig,33,4839.87
2023,12,212415,6_a_10SM,adm,5,10042.63
2023,12,212415,6_a_10SM,deslig,8,9887.42
2023,12,212415,acima_10SM,adm,5,15260.0
2023,12,212415,acima_10SM,deslig,5,17302.22
2023,12,212415,ate_3SM,adm,16,2749.25
2023,12,212415,ate_3SM,deslig,36,3141.54
2023,12,212420,3_a_6SM,adm,181,5412.39
2023,12,212420,3_a_6SM,deslig,197,5417.63
2023,12,212420,6_a_10SM,adm,58,10007.83
2023,12,212420,6_a_10SM,deslig,59,10167.18
2023,12,212420,acima_10SM,adm,34,17078.51
2023,12,212420,acima_10SM,deslig,25,15396.3
2023,12,212420,ate_3SM,adm,724,2306.42
2023,12,212420,ate_3SM,deslig,738,2443.67
2023,12,212425,3_a_6SM,adm,2,6813.0
2023,12,212425,3_a_6SM,deslig,1,6933.0
2023,12,212425,6_a_10SM,adm,12,11284.65
2023,12,212425,6_a_10SM,deslig,11,11118.46
2023,12,212425,acima_10SM,adm,22,17461.46
2023,12,212425,acima_10SM,deslig,31,17223.34
2023,12,212425,ate_3SM,adm,1,2000.0
2023,12,212425,ate_3SM,deslig,3,3236.25
2023,12,212430,3_a_6SM,adm,30,5908.96
2023,12,212430,3_a_6SM,deslig,64,5862.32
2023,12,212430,6_a_10SM,adm,17,10610.87
2023,12,212430,6_a_10SM,deslig,29,9802.49
2023,12,212430,acima_10SM,adm,1,23000.0
2023,12,212430,acima_10SM,deslig,1,17236.8
2023,12,212430,ate_3SM,adm,26,2776.52
2023,12,212430,ate_3SM,deslig,28,3223.27
2023,12,317105,3_a_6SM,adm,9,5380.44
2023,12,317105,3_a_6SM,deslig,14,5018.64
2023,12,317105,6_a_10SM,adm,6,10092.24
2023,12,317105,6_a_10SM,deslig,6,10048.84
2023,12,317105,acima_10SM,adm,4,20419.23
2023,12,317105,acima_10SM,deslig,7,18876.59
2023,12,317105,ate_3SM,adm,26,2657.41
2023,12,317105,ate_3SM,deslig,31,2344.24
2023,12,317110,3_a_6SM,adm,170,5799.54
2023,12,317110,3_a_6SM,deslig,237,5483.44
2023,12,317110,6_a_10SM,adm,146,9963.46
2023,12,317110,6_a_10SM,deslig,142,10164.55
2023,12,317110,acima_10SM,adm,66,17928.26
2023,12,317110,acima_10SM,deslig,61,16747.62
2023,12,317110,ate_3SM,adm,235,2604.86
2023,12,317110,ate_3SM,deslig,239,2630.44
2023,12,317115,3_a_6SM,adm,14,5009.24
2023,12,317115,3_a_6SM,deslig,20,5201.0
2023,12,317115,6_a_10SM,deslig,6,9395.15
2023,12,317115,ate_3SM,adm,24,2479.42
2023,12,317115,ate_3SM,deslig,22,2797.95
2023,12,317120,3_a_6SM,adm,7,4968.12
2023,12,317120,3_a_6SM,deslig,2,6443.78
2023,12,317120,6_a_10SM,adm,9,8873.21
2023,12,317120,acima_10SM,deslig,5,16904.57
2023,12,317120,ate_3SM,adm,14,2101.19
2023,12,317120,ate_3SM,deslig,9,2495.68
2023,12,317205,3_a_6SM,adm,3,5068.22
2023,12,317205,3_a_6SM,deslig,7,4611.73
2023,12,317205,6_a_10SM,deslig,3,9846.37
2023,12,317205,ate_3SM,adm,150,2091.55
2023,12,317205,ate_3SM,deslig,169,2058.98
2023,12,317210,3_a_6SM,adm,12,5008.71
2023,12,317210,3_a_6SM,deslig,52,5054.47
2023,12,317210,6_a_10SM,adm,1,8000.0
2023,12,317210,6_a_10SM,deslig,8,9971.52
2023,12,317210,acima_10SM,deslig,2,41687.85
2023,12,317210,ate_3SM,adm,542,2120.08
2023,12,317210,ate_3SM,deslig,491,2158.21
2024,1,142505,3_a_6SM,adm,4,7051.0
2024,1,142505,3_a_6SM,deslig,7,6123.06
2024,1,142505,6_a_10SM,adm,10,11986.77
2024,1,142505,6_a_10SM,deslig,7,11413.91
2024,1,142505,acima_10SM,adm,32,20969.93
2024,1,142505,acima_10SM,deslig,27,21121.76
2024,1,142505,ate_3SM,adm,2,3207.5
2024,1,142505,ate_3SM,deslig,6,2994.38
2024,1,142510,3_a_6SM,adm,4,6140.5
2024,1,142510,3_a_6SM,deslig,6,5671.03
2024,1,142510,6_a_10SM,adm,21,12310.86
2024,1,142510,6_a_10SM,deslig,34,11745.71
2024,1,142510,acima_10SM,adm,90,23015.61
2024,1,142510,acima_10SM,deslig,137,23370.77
2024,1,142510,ate_3SM,adm,4,3126.0
2024,1,142510,ate_3SM,deslig,4,3583.76
2024,1,142515,3_a_6SM,adm,6,6233.58
2024,1,142515,3_a_6SM,deslig,10,5884.42
2024,1,142515,6_a_10SM,adm,16,11486.0
2024,1,142515,6_a_10SM,deslig,10,10827.26
2024,1,142515,acima_10SM,adm,25,25557.67
2024,1,142515,acima_10SM,deslig,37,23424.79
2024,1,142515,ate_3SM,adm,6,3281.74
2024,1,142515,ate_3SM,deslig,3,2799.23
2024,1,142520,3_a_6SM,adm,42,6288.87
2024,1,142520,3_a_6SM,deslig,47,6386.58
2024,1,142520,6_a_10SM,adm,81,11402.03
2024,1,142520,6_a_10SM,deslig,102,11119.28
2024,1,142520,acima_10SM,adm,116,21465.73
2024,1,142520,acima_10SM,deslig,175,21483.35
2024,1,142520,ate_3SM,adm,22,2895.35
2024,1,142520,ate_3SM,deslig,10,3135.31
2024,1,142525,3_a_6SM,adm,1,4800.0
2024,1,142525,3_a_6SM,deslig,1,8427.04
2024,1,142525,6_a_10SM,adm,2,13502.0
2024,1,142525,6_a_10SM,deslig,5,12930.78
2024,1,142525,acima_10SM,adm,14,25212.86
2024,1,142525,acima_10SM,deslig,12,20501.8
2024,1,142525,ate_3SM,deslig,1,2400.0
2024,1,142530,3_a_6SM,adm,12,6054.2
2024,1,142530,3_a_6SM,deslig,18,5715.92
2024,1,142530,6_a_10SM,adm,13,11258.58
2024,1,142530,6_a_10SM,deslig,18,10679.01
2024,1,142530,acima_10SM,adm,10,22950.58
2024,1,142530,acima_10SM,deslig,24,20673.26
2024,1,142530,ate_3SM,adm,12,2851.28
2024,1,142530,ate_3SM,deslig,20,3000.6
2024,1,142535,3_a_6SM,adm,11,5993.95
2024,1,142535,3_a_6SM,deslig,21,5954.86
2024,1,142535,6_a_10SM,adm,11,11859.28
2024,1,142535,6_a_10SM,deslig,22,10782.1
2024,1,142535,acima_10SM,adm,6,16860.47
2024,1,142535,acima_10SM,deslig,8,17008.16
2024,1,142535,ate_3SM,adm,23,2334.93
2024,1,142535,ate_3SM,deslig,19,2711.74
2024,1,212305,3_a_6SM,adm,27,6587.25
2024,1,212305,3_a_6SM,deslig,26,6669.2
2024,1,212305,6_a_10SM,adm,29,11023.2
2024,1,212305,6_a_10SM,deslig,28,10862.41
2024,1,212305,acima_10SM,adm,18,16884.75
2024,1,212305,acima_10SM,deslig,16,16834.61
2024,1,212305,ate_3SM,adm,21,2685.22
2024,1,212305,ate_3SM,deslig,20,2938.79
2024,1,212310,3_a_6SM,adm,23,5550.48
2024,1,212310,3_a_6SM,deslig,11,6436.31
2024,1,212310,6_a_10SM,adm,10,11347.01
2024,1,212310,6_a_10SM,deslig,26,10343.12
2024,1,212310,acima_10SM,adm,2,24093.0
2024,1,212310,acima_10SM,deslig,3,22679.39
2024,1,212310,ate_3SM,adm,32,3569.66
2024,1,212310,ate_3SM,deslig,57,2967.55
2024,1,212315,3_a_6SM,adm,28,6817.65
2024,1,212315,3_a_6SM,deslig,19,6251.96
2024,1,212315,6_a_10SM,adm,6,12708.9
2024,1,212315,6_a_10SM,deslig,26,10765.71
2024,1,212315,acima_10SM,adm,10,17650.56
2024,1,212315,acima_10SM,deslig,37,18895.85
2024,1,212315,ate_3SM,adm,39,2789.89
2024,1,212315,ate_3SM,deslig,32,2719.41
2024,1,212320,3_a_6SM,adm,75,6081.16
2024,1,212320,3_a_6SM,deslig,71,6192.23
2024,1,212320,6_a_10SM,adm,32,11064.01
2024,1,212320,6_a_10SM,deslig,40,10972.45
2024,1,212320,acima_10SM,adm,23,33591.85
2024,1,212320,acima_10SM,deslig,27,19211.42
2024,1,212320,ate_3SM,adm,52,2961.82
2024,1,212320,ate_3SM,deslig,33,3425.46
2024,1,212405,3_a_6SM,adm,959,6202.41
2024,1,212405,3_a_6SM,deslig,959,6267.91
2024,1,212405,6_a_10SM,adm,747,11026.65
2024,1,212405,6_a_10SM,deslig,796,10911.51
2024,1,212405,acima_10SM,adm,300,17785.45
2024,1,212405,acima_10SM,deslig,300,17899.57
2024,1,212405,ate_3SM,adm,817,2995.74
2024,1,212405,ate_3SM,deslig,602,2941.5
2024,1,212410,3_a_6SM,adm,157,5970.91
2024,1,212410,3_a_6SM,deslig,149,6213.32
2024,1,212410,6_a_10SM,adm,65,10816.27
2024,1,212410,6_a_10SM,deslig,54,10517.35
2024,1,212410,acima_10SM,adm,24,17078.36
2024,1,212410,acima_10SM,deslig,24,16330.59
2024,1,212410,ate_3SM,adm,283,2680.36
2024,1,212410,ate_3SM,deslig,210,2804.89
2024,1,212415,3_a_6SM,adm,27,6067.21
2024,1,212415,3_a_6SM,deslig,46,6006.7
2024,1,212415,6_a_10SM,adm,9,9979.47
2024,1,212415,6_a_10SM,deslig,9,11060.81
2024,1,212415,acima_10SM,adm,3,16666.67
2024,1,212415,acima_10SM,deslig,6,17332.89
2024,1,212415,ate_3SM,adm,43,2806.32
2024,1,212415,ate_3SM,deslig,25,2939.47
2024,1,212420,3_a_6SM,adm,229,5846.9
2024,1,212420,3_a_6SM,deslig,198,5777.55
2024,1,212420,6_a_10SM,adm,69,10568.59
2024,1,212420,6_a_10SM,deslig,75,10694.21
2024,1,212420,acima_10SM,adm,19,18547.13
2024,1,212420,acima_10SM,deslig,21,17618.91
2024,1,212420,ate_3SM,adm,1065,2345.64
2024,1,212420,ate_3SM,deslig,848,2512.58
2024,1,212425,3_a_6SM,adm,2,6000.0
2024,1,212425,3_a_6SM,deslig,6,7134.34
2024,1,212425,6_a_10SM,adm,20,12016.65
2024,1,212425,6_a_10SM,deslig,14,11591.76
2024,1,212425,acima_10SM,adm,42,21561.49
2024,1,212425,acima_10SM,deslig,35,23512.8
2024,1,212425,ate_3SM,adm,8,3006.08
2024,1,212425,ate_3SM,deslig,7,3218.89
2024,1,212430,3_a_6SM,adm,45,6218.61
2024,1,212430,3_a_6SM,deslig,66,6181.33
2024,1,212430,6_a_10SM,adm,15,10137.46
2024,1,212430,6_a_10SM,deslig,22,10652.46
2024,1,212430,acima_10SM,adm,4,15701.71
2024,1,212430,acima_10SM,deslig,1,14332.0
2024,1,212430,ate_3SM,adm,40,2961.49
2024,1,212430,ate_3SM,deslig,42,3158.06
2024,1,317105,3_a_6SM,adm,8,5906.79
2024,1,317105,3_a_6SM,deslig,17,5863.59
2024,1,317105,6_a_10SM,adm,3,10114.66
2024,1,317105,6_a_10SM,deslig,13,10374.72
2024,1,317105,acima_10SM,adm,4,15880.0
2024,1,317105,acima_10SM,deslig,5,17106.56
2024,1,317105,ate_3SM,adm,54,2458.32
2024,1,317105,ate_3SM,deslig,34,2429.64
2024,1,317110,3_a_6SM,adm,230,6214.06
2024,1,317110,3_a_6SM,deslig,256,6098.27
2024,1,317110,6_a_10SM,adm,170,10753.64
2024,1,317110,6_a_10SM,deslig,180,10980.21
2024,1,317110,acima_10SM,adm,44,17898.44
2024,1,317110,acima_10SM,deslig,71,19185.57
2024,1,317110,ate_3SM,adm,521,2589.49
2024,1,317110,ate_3SM,deslig,284,2871.49
2024,1,317115,3_a_6SM,adm,22,5137.31
2024,1,317115,3_a_6SM,deslig,14,5133.32
2024,1,317115,6_a_10SM,deslig,1,9869.2
2024,1,317115,acima_10SM,deslig,1,939540.81
2024,1,317115,ate_3SM,adm,32,3069.66
2024,1,317115,ate_3SM,deslig,29,2844.92
2024,1,317120,3_a_6SM,adm,2,6750.0
2024,1,317120,3_a_6SM,deslig,4,5889.78
2024,1,317120,6_a_10SM,adm,4,10950.0
2024,1,317120,6_a_10SM,deslig,3,10885.52
2024,1,317120,acima_10SM,adm,2,21247.79
2024,1,317120,acima_10SM,deslig,1,14930.89
2024,1,317120,ate_3SM,adm,22,2545.01
2024,1,317120,ate_3SM,deslig,16,2536.32
2024,1,317205,3_a_6SM,adm,7,5799.68
2024,1,317205,3_a_6SM,deslig,10,5777.58
2024,1,317205,6_a_10SM,adm,3,9625.77
2024,1,317205,6_a_10SM,deslig,2,12267.1
2024,1,317205,ate_3SM,adm,249,2099.01
2024,1,317205,ate_3SM,deslig,186,2218.25
2024,1,317210,3_a_6SM,adm,10,5847.87
2024,1,317210,3_a_6SM,deslig,35,5547.69
2024,1,317210,6_a_10SM,adm,3,10000.0
2024,1,317210,6_a_10SM,deslig,7,10944.23
2024,1,317210,acima_10SM,adm,3,51870.1
2024,1,317210,ate_3SM,adm,751,2068.03
2024,1,317210,ate_3SM,deslig,587,2241.62
2024,2,142505,3_a_6SM,adm,3,5916.67
2024,2,142505,3_a_6SM,deslig,15,5972.07
2024,2,142505,6_a_10SM,adm,11,12900.32
2024,2,142505,6_a_10SM,deslig,8,11297.56
2024,2,142505,acima_10SM,adm,25,21025.63
2024,2,142505,acima_10SM,deslig,36,20946.82
2024,2,142505,ate_3SM,adm,3,2940.37
2024,2,142505,ate_3SM,deslig,13,3264.51
2024,2,142510,3_a_6SM,adm,9,6235.8
2024,2,142510,3_a_6SM,deslig,16,6567.49
2024,2,142510,6_a_10SM,adm,25,11179.28
2024,2,142510,6_a_10SM,deslig,41,11639.63
2024,2,142510,acima_10SM,adm,76,25328.26
2024,2,142510,acima_10SM,deslig,134,22255.01
2024,2,142510,ate_3SM,adm,4,3050.0
2024,2,142510,ate_3SM,deslig,5,3403.82
2024,2,142515,3_a_6SM,adm,7,6251.31
2024,2,142515,3_a_6SM,deslig,8,6246.01
2024,2,142515,6_a_10SM,adm,12,10407.37
2024,2,142515,6_a_10SM,deslig,11,11518.57
2024,2,142515,acima_10SM,adm,22,24442.43
2024,2,142515,acima_10SM,deslig,38,24780.03
2024,2,142515,ate_3SM,adm,4,2110.48
2024,2,142515,ate_3SM,deslig,3,2748.5
2024,2,142520,3_a_6SM,adm,53,6337.82
2024,2,142520,3_a_6SM,deslig,47,6739.31
2024,2,142520,6_a_10SM,adm,79,11000.55
2024,2,142520,6_a_10SM,deslig,108,11429.45
2024,2,142520,acima_10SM,adm,95,20403.41
2024,2,142520,acima_10SM,deslig,123,20827.29
2024,2,142520,ate_3SM,adm,19,3270.91
2024,2,142520,ate_3SM,deslig,16,3146.17
2024,2,142525,3_a_6SM,adm,2,6500.0
2024,2,142525,3_a_6SM,deslig,1,8320.0
2024,2,142525,6_a_10SM,adm,3,10750.0
2024,2,142525,6_a_10SM,deslig,2,11432.32
2024,2,142525,acima_10SM,adm,10,29615.38
2024,2,142525,acima_10SM,deslig,5,23308.8
2024,2,142525,ate_3SM,adm,3,2389.85
2024,2,142525,ate_3SM,deslig,2,2971.69
2024,2,142530,3_a_6SM,adm,13,5756.19
2024,2,142530,3_a_6SM,deslig,12,5577.95
2024,2,142530,6_a_10SM,adm,8,10531.56
2024,2,142530,6_a_10SM,deslig,12,11303.98
2024,2,142530,acima_10SM,adm,11,20234.83
2024,2,142530,acima_10SM,deslig,31,20796.94
2024,2,142530,ate_3SM,adm,5,2851.32
2024,2,142530,ate_3SM,deslig,19,2851.96
2024,2,142535,3_a_6SM,adm,8,6287.55
2024,2,142535,3_a_6SM,deslig,32,6347.93
2024,2,142535,6_a_10SM,adm,5,10799.92
2024,2,142535,6_a_10SM,deslig,16,11549.25
2024,2,142535,acima_10SM,adm,6,16314.38
2024,2,142535,acima_10SM,deslig,10,20853.8
2024,2,142535,ate_3SM,adm,15,2168.61
2024,2,142535,ate_3SM,deslig,23,2661.76
2024,2,212305,3_a_6SM,adm,32,6465.6
2024,2,212305,3_a_6SM,deslig,29,6318.64
2024,2,212305,6_a_10SM,adm,45,11079.45
2024,2,212305,6_a_10SM,deslig,53,11365.54
2024,2,212305,acima_10SM,adm,15,22178.05
2024,2,212305,acima_10SM,deslig,18,17500.46
2024,2,212305,ate_3SM,adm,12,3113.25
2024,2,212305,ate_3SM,deslig,30,2655.13
2024,2,212310,3_a_6SM,adm,7,6266.26
2024,2,212310,3_a_6SM,deslig,15,5960.29
2024,2,212310,6_a_10SM,adm,4,11313.25
2024,2,212310,6_a_10SM,deslig,9,10311.59
2024,2,212310,acima_10SM,adm,3,15084.33
2024,2,212310,acima_10SM,deslig,1,20560.22
2024,2,212310,ate_3SM,adm,17,2654.84
2024,2,212310,ate_3SM,deslig,19,2742.72
2024,2,212315,3_a_6SM,adm,20,6189.08
2024,2,212315,3_a_6SM,deslig,11,5713.92
2024,2,212315,6_a_10SM,adm,11,12119.12
2024,2,212315,6_a_10SM,deslig,13,11274.43
2024,2,212315,acima_10SM,adm,8,19635.88
2024,2,212315,acima_10SM,deslig,15,24968.63
2024,2,212315,ate_3SM,adm,30,2690.81
2024,2,212315,ate_3SM,deslig,23,2668.78
2024,2,212320,3_a_6SM,adm,71,5767.79
2024,2,212320,3_a_6SM,deslig,56,6076.83
2024,2,212320,6_a_10SM,adm,61,11147.11
2024,2,212320,6_a_10SM,deslig,35,10536.83
2024,2,212320,acima_10SM,adm,18,19408.61
2024,2,212320,acima_10SM,deslig,11,18630.67
2024,2,212320,ate_3SM,adm,46,2912.02
2024,2,212320,ate_3SM,deslig,40,3155.96
2024,2,212405,3_a_6SM,adm,799,6347.06
2024,2,212405,3_a_6SM,deslig,934,6312.12
2024,2,212405,6_a_10SM,adm,706,10855.49
2024,2,212405,6_a_10SM,deslig,791,10991.05
2024,2,212405,acima_10SM,adm,259,18017.86
2024,2,212405,acima_10SM,deslig,318,17432.84
2024,2,212405,ate_3SM,adm,608,2897.79
2024,2,212405,ate_3SM,deslig,698,2935.85
2024,2,212410,3_a_6SM,adm,140,5927.41
2024,2,212410,3_a_6SM,deslig,149,6031.61
2024,2,212410,6_a_10SM,adm,71,10785.2
2024,2,212410,6_a_10SM,deslig,70,10597.65
2024,2,212410,acima_10SM,adm,16,18418.07
2024,2,212410,acima_10SM,deslig,14,22604.6
2024,2,212410,ate_3SM,adm,188,2760.95
2024,2,212410,ate_3SM,deslig,248,2807.99
2024,2,212415,3_a_6SM,adm,22,6253.44
2024,2,212415,3_a_6SM,deslig,29,6079.96
2024,2,212415,6_a_10SM,adm,12,9715.06
2024,2,212415,6_a_10SM,deslig,5,11233.14
2024,2,212415,acima_10SM,adm,7,17028.57
2024,2,212415,acima_10SM,deslig,3,16815.01
2024,2,212415,ate_3SM,adm,38,2809.66
2024,2,212415,ate_3SM,deslig,38,3097.02
2024,2,212420,3_a_6SM,adm,182,5905.69
2024,2,212420,3_a_6SM,deslig,202,5785.52
2024,2,212420,6_a_10SM,adm,60,10427.89
2024,2,212420,6_a_10SM,deslig,57,10785.37
2024,2,212420,acima_10SM,adm,28,18773.65
2024,2,212420,acima_10SM,deslig,28,19032.59
2024,2,212420,ate_3SM,adm,898,2531.62
2024,2,212420,ate_3SM,deslig,838,2542.35
2024,2,212425,3_a_6SM,adm,3,6864.88
2024,2,212425,3_a_6SM,deslig,2,7042.05
2024,2,212425,6_a_10SM,adm,14,11739.33
2024,2,212425,6_a_10SM,deslig,16,11983.4
2024,2,212425,acima_10SM,adm,64,28519.87
2024,2,212425,acima_10SM,deslig,25,17979.52
2024,2,212425,ate_3SM,adm,2,3800.0
2024,2,212425,ate_3SM,deslig,1,2200.0
2024,2,212430,3_a_6SM,adm,46,6515.1
2024,2,212430,3_a_6SM,deslig,66,6418.06
2024,2,212430,6_a_10SM,adm,17,10054.73
2024,2,212430,6_a_10SM,deslig,23,10524.9
2024,2,212430,acima_10SM,adm,5,17800.0
2024,2,212430,acima_10SM,deslig,1,17680.0
2024,2,212430,ate_3SM,adm,33,3074.56
2024,2,212430,ate_3SM,deslig,34,3143.24
2024,2,317105,3_a_6SM,adm,7,5507.53
2024,2,317105,3_a_6SM,deslig,18,6004.71
2024,2,317105,6_a_10SM,adm,6,9740.57
2024,2,317105,6_a_10SM,deslig,4,11226.55
2024,2,317105,acima_10SM,adm,5,102917.68
2024,2,317105,acima_10SM,deslig,2,24826.06
2024,2,317105,ate_3SM,adm,41,2418.26
2024,2,317105,ate_3SM,deslig,32,2482.52
2024,2,317110,3_a_6SM,adm,187,6192.74
2024,2,317110,3_a_6SM,deslig,229,6189.92
2024,2,317110,6_a_10SM,adm,140,10721.2
2024,2,317110,6_a_10SM,deslig,147,10802.26
2024,2,317110,acima_10SM,adm,49,17751.76
2024,2,317110,acima_10SM,deslig,64,18084.45
2024,2,317110,ate_3SM,adm,365,2613.39
2024,2,317110,ate_3SM,deslig,306,2688.17
2024,2,317115,3_a_6SM,adm,35,5250.25
2024,2,317115,3_a_6SM,deslig,38,5426.78
2024,2,317115,6_a_10SM,deslig,2,9880.77
2024,2,317115,ate_3SM,adm,38,2892.5
2024,2,317115,ate_3SM,deslig,39,3202.95
2024,2,317120,3_a_6SM,adm,1,8184.0
2024,2,317120,3_a_6SM,deslig,6,5895.44
2024,2,317120,6_a_10SM,adm,4,11650.0
2024,2,317120,6_a_10SM,deslig,2,10890.46
2024,2,317120,acima_10SM,adm,1,14792.31
2024,2,317120,acima_10SM,deslig,4,20694.52
2024,2,317120,ate_3SM,adm,26,2252.24
2024,2,317120,ate_3SM,deslig,11,2747.57
2024,2,317205,3_a_6SM,adm,5,4720.4
2024,2,317205,3_a_6SM,deslig,10,5246.65
2024,2,317205,6_a_10SM,adm,1,13500.0
2024,2,317205,6_a_10SM,deslig,6,11301.69
2024,2,317205,acima_10SM,deslig,3,298167.7
2024,2,317205,ate_3SM,adm,234,2146.51
2024,2,317205,ate_3SM,deslig,208,2104.68
2024,2,317210,3_a_6SM,adm,18,5939.38
2024,2,317210,3_a_6SM,deslig,24,5486.96
2024,2,317210,6_a_10SM,adm,6,10786.39
2024,2,317210,6_a_10SM,deslig,5,10018.81
2024,2,317210,acima_10SM,adm,1,15583.33
2024,2,317210,acima_10SM,deslig,1,14502.0
2024,2,317210,ate_3SM,adm,706,2121.84
2024,2,317210,ate_3SM,deslig,645,2228.91
2024,3,142505,3_a_6SM,adm,3,6050.51
2024,3,142505,3_a_6SM,deslig,8,5610.04
2024,3,142505,6_a_10SM,adm,17,11685.09
2024,3,142505,6_a_10SM,deslig,16,10874.09
2024,3,142505,acima_10SM,adm,25,19425.15
2024,3,142505,acima_10SM,deslig,38,23570.87
2024,3,142505,ate_3SM,adm,11,2634.6
2024,3,142505,ate_3SM,deslig,7,3445.15
2024,3,142510,3_a_6SM,adm,8,6562.52
2024,3,142510,3_a_6SM,deslig,19,6520.75
2024,3,142510,6_a_10SM,adm,19,11497.54
2024,3,142510,6_a_10SM,deslig,33,11628.18
2024,3,142510,acima_10SM,adm,82,23053.19
2024,3,142510,acima_10SM,deslig,130,21722.07
2024,3,142510,ate_3SM,adm,5,3680.0
2024,3,142510,ate_3SM,deslig,1,3823.21
2024,3,142515,3_a_6SM,adm,5,5615.08
2024,3,142515,3_a_6SM,deslig,10,6457.42
2024,3,142515,6_a_10SM,adm,9,12200.0
2024,3,142515,6_a_10SM,deslig,13,11542.85
2024,3,142515,acima_10SM,adm,33,22319.74
2024,3,142515,acima_10SM,deslig,39,22954.45
2024,3,142515,ate_3SM,adm,2,3500.0
2024,3,142515,ate_3SM,deslig,4,2182.01
2024,3,142520,3_a_6SM,adm,39,6469.89
2024,3,142520,3_a_6SM,deslig,58,6459.64
2024,3,142520,6_a_10SM,adm,91,11309.74
2024,3,142520,6_a_10SM,deslig,147,11497.74
2024,3,142520,acima_10SM,adm,94,20525.37
2024,3,142520,acima_10SM,deslig,172,21048.18
2024,3,142520,ate_3SM,adm,18,2979.25
2024,3,142520,ate_3SM,deslig,20,2902.0
2024,3,142525,3_a_6SM,adm,1,5000.0
2024,3,142525,3_a_6SM,deslig,2,6819.28
2024,3,142525,6_a_10SM,adm,3,12259.17
2024,3,142525,6_a_10SM,deslig,5,10919.95
2024,3,142525,acima_10SM,adm,9,21540.52
2024,3,142525,acima_10SM,deslig,13,21409.61
2024,3,142525,ate_3SM,adm,1,1412.0
2024,3,142525,ate_3SM,deslig,2,2969.61
2024,3,142530,3_a_6SM,adm,9,5821.91
2024,3,142530,3_a_6SM,deslig,20,6088.56
2024,3,142530,6_a_10SM,adm,17,11301.27
2024,3,142530,6_a_10SM,deslig,16,11498.34
2024,3,142530,acima_10SM,adm,15,23949.22
2024,3,142530,acima_10SM,deslig,23,20340.23
2024,3,142530,ate_3SM,adm,9,3099.04
2024,3,142530,ate_3SM,deslig,15,2750.72
2024,3,142535,3_a_6SM,adm,12,6256.19
2024,3,142535,3_a_6SM,deslig,13,5745.03
2024,3,142535,6_a_10SM,adm,12,10936.61
2024,3,142535,6_a_10SM,deslig,18,11060.32
2024,3,142535,acima_10SM,adm,3,16358.07
2024,3,142535,acima_10SM,deslig,13,16958.48
2024,3,142535,ate_3SM,adm,29,2739.65
2024,3,142535,ate_3SM,deslig,20,2752.81
2024,3,212305,3_a_6SM,adm,33,6353.78
2024,3,212305,3_a_6SM,deslig,34,6198.44
2024,3,212305,6_a_10SM,adm,42,11137.63
2024,3,212305,6_a_10SM,deslig,43,10865.55
2024,3,212305,acima_10SM,adm,17,20108.33
2024,3,212305,acima_10SM,deslig,20,16985.4
2024,3,212305,ate_3SM,adm,25,3149.0
2024,3,212305,ate_3SM,deslig,20,2386.73
2024,3,212310,3_a_6SM,adm,12,5918.15
2024,3,212310,3_a_6SM,deslig,14,6151.13
2024,3,212310,6_a_10SM,adm,12,10873.0
2024,3,212310,6_a_10SM,deslig,9,11137.16
2024,3,212310,acima_10SM,adm,4,20897.2
2024,3,212310,acima_10SM,deslig,11,19400.34
2024,3,212310,ate_3SM,adm,18,2984.3
2024,3,212310,ate_3SM,deslig,32,2814.96
2024,3,212315,3_a_6SM,adm,19,6487.56
2024,3,212315,3_a_6SM,deslig,10,6239.6
2024,3,212315,6_a_10SM,adm,21,10839.07
2024,3,212315,6_a_10SM,deslig,14,11682.38
2024,3,212315,acima_10SM,adm,9,18300.0
2024,3,212315,acima_10SM,deslig,14,21924.13
2024,3,212315,ate_3SM,adm,27,2867.09
2024,3,212315,ate_3SM,deslig,35,2843.77
2024,3,212320,3_a_6SM,adm,55,6125.22
2024,3,212320,3_a_6SM,deslig,64,6369.6
2024,3,212320,6_a_10SM,adm,48,11115.43
2024,3,212320,6_a_10SM,deslig,47,11319.35
2024,3,212320,acima_10SM,adm,26,18627.43
2024,3,212320,acima_10SM,deslig,31,18241.81
2024,3,212320,ate_3SM,adm,49,3270.66
2024,3,212320,ate_3SM,deslig,40,3169.99
2024,3,212405,3_a_6SM,adm,895,6358.05
2024,3,212405,3_a_6SM,deslig,936,6297.45
2024,3,212405,6_a_10SM,adm,857,10904.62
2024,3,212405,6_a_10SM,deslig,828,10877.73
2024,3,212405,acima_10SM,adm,296,17921.57
2024,3,212405,acima_10SM,deslig,346,17535.98
2024,3,212405,ate_3SM,adm,765,2796.63
2024,3,212405,ate_3SM,deslig,698,2917.38
2024,3,212410,3_a_6SM,adm,148,5980.05
2024,3,212410,3_a_6SM,deslig,182,6049.67
2024,3,212410,6_a_10SM,adm,72,10815.07
2024,3,212410,6_a_10SM,deslig,90,10733.91
2024,3,212410,acima_10SM,adm,18,18020.21
2024,3,212410,acima_10SM,deslig,28,18952.12
2024,3,212410,ate_3SM,adm,268,2817.73
2024,3,212410,ate_3SM,deslig,237,2826.34
2024,3,212415,3_a_6SM,adm,31,5943.38
2024,3,212415,3_a_6SM,deslig,40,5948.55
2024,3,212415,6_a_10SM,adm,5,12700.0
2024,3,212415,6_a_10SM,deslig,9,11229.22
2024,3,212415,acima_10SM,adm,2,18500.0
2024,3,212415,acima_10SM,deslig,5,16805.24
2024,3,212415,ate_3SM,adm,38,3059.6
2024,3,212415,ate_3SM,deslig,31,2817.99
2024,3,212420,3_a_6SM,adm,186,5824.68
2024,3,212420,3_a_6SM,deslig,213,5805.78
2024,3,212420,6_a_10SM,adm,63,10719.45
2024,3,212420,6_a_10SM,deslig,63,10384.38
2024,3,212420,acima_10SM,adm,22,18777.01
2024,3,212420,acima_10SM,deslig,18,19539.08
2024,3,212420,ate_3SM,adm,926,2580.09
2024,3,212420,ate_3SM,deslig,857,2630.76
2024,3,212425,3_a_6SM,adm,11,6046.92
2024,3,212425,3_a_6SM,deslig,7,6402.25
2024,3,212425,6_a_10SM,adm,18,12299.88
2024,3,212425,6_a_10SM,deslig,20,12044.4
2024,3,212425,acima_10SM,adm,25,18960.8
2024,3,212425,acima_10SM,deslig,40,17680.95
2024,3,212425,ate_3SM,adm,4,2612.34
2024,3,212425,ate_3SM,deslig,2,3080.72
2024,3,212430,3_a_6SM,adm,49,6504.83
2024,3,212430,3_a_6SM,deslig,51,6018.9
2024,3,212430,6_a_10SM,adm,20,9790.78
2024,3,212430,6_a_10SM,deslig,17,9809.09
2024,3,212430,acima_10SM,adm,1,15500.0
2024,3,212430,acima_10SM,deslig,2,17660.97
2024,3,212430,ate_3SM,adm,30,3235.42
2024,3,212430,ate_3SM,deslig,31,2705.46
2024,3,317105,3_a_6SM,adm,12,5598.0
2024,3,317105,3_a_6SM,deslig,12,6376.12
2024,3,317105,6_a_10SM,adm,5,11633.02
2024,3,317105,6_a_10SM,deslig,7,11154.58
2024,3,317105,acima_10SM,adm,2,17500.0
2024,3,317105,acima_10SM,deslig,3,15151.86
2024,3,317105,ate_3SM,adm,33,2384.77
2024,3,317105,ate_3SM,deslig,34,2854.72
2024,3,317110,3_a_6SM,adm,224,6169.1
2024,3,317110,3_a_6SM,deslig,224,6178.89
2024,3,317110,6_a_10SM,adm,205,10864.21
2024,3,317110,6_a_10SM,deslig,207,10769.4
2024,3,317110,acima_10SM,adm,74,19268.97
2024,3,317110,acima_10SM,deslig,68,19871.72
2024,3,317110,ate_3SM,adm,372,2593.43
2024,3,317110,ate_3SM,deslig,333,2708.06
2024,3,317115,3_a_6SM,adm,24,5111.5
2024,3,317115,3_a_6SM,deslig,45,5153.61
2024,3,317115,6_a_10SM,adm,2,8800.0
2024,3,317115,6_a_10SM,deslig,3,9794.72
2024,3,317115,ate_3SM,adm,32,2936.43
2024,3,317115,ate_3SM,deslig,33,2973.69
2024,3,317120,3_a_6SM,adm,5,5386.74
2024,3,317120,3_a_6SM,deslig,4,6917.35
2024,3,317120,6_a_10SM,adm,9,10623.33
2024,3,317120,6_a_10SM,deslig,3,10793.48
2024,3,317120,acima_10SM,adm,2,23054.67
2024,3,317120,acima_10SM,deslig,4,15937.28
2024,3,317120,ate_3SM,adm,8,2693.75
2024,3,317120,ate_3SM,deslig,10,2808.04
2024,3,317205,3_a_6SM,adm,7,5812.86
2024,3,317205,3_a_6SM,deslig,9,5492.8
2024,3,317205,6_a_10SM,adm,3,10649.15
2024,3,317205,6_a_10SM,deslig,1,9216.13
2024,3,317205,ate_3SM,adm,213,2094.45
2024,3,317205,ate_3SM,deslig,182,2137.74
2024,3,317210,3_a_6SM,adm,38,5513.66
2024,3,317210,3_a_6SM,deslig,41,5296.22
2024,3,317210,6_a_10SM,adm,3,9602.03
2024,3,317210,6_a_10SM,deslig,2,10170.65
2024,3,317210,acima_10SM,adm,1,16000.0
2024,3,317210,acima_10SM,deslig,3,275925.67
2024,3,317210,ate_3SM,adm,840,2182.96
2024,3,317210,ate_3SM,deslig,590,2244.88
2024,4,142505,3_a_6SM,adm,5,6532.26
2024,4,142505,3_a_6SM,deslig,9,6616.75
2024,4,142505,6_a_10SM,adm,16,11666.97
2024,4,142505,6_a_10SM,deslig,13,11462.09
2024,4,142505,acima_10SM,adm,26,21356.08
2024,4,142505,acima_10SM,deslig,37,24376.81
2024,4,142505,ate_3SM,adm,17,2898.9
2024,4,142505,ate_3SM,deslig,12,2775.31
2024,4,142510,3_a_6SM,adm,15,7032.82
2024,4,142510,3_a_6SM,deslig,11,7232.83
2024,4,142510,6_a_10SM,adm,18,11863.5
2024,4,142510,6_a_10SM,deslig,36,11416.22
2024,4,142510,acima_10SM,adm,112,23101.42
2024,4,142510,acima_10SM,deslig,170,21796.37
2024,4,142510,ate_3SM,adm,3,2366.67
2024,4,142510,ate_3SM,deslig,4,3061.09
2024,4,142515,3_a_6SM,adm,7,6693.49
2024,4,142515,3_a_6SM,deslig,10,5883.27
2024,4,142515,6_a_10SM,adm,8,11596.07
2024,4,142515,6_a_10SM,deslig,16,11489.51
2024,4,142515,acima_10SM,adm,33,24157.36
2024,4,142515,acima_10SM,deslig,45,23993.15
2024,4,142515,ate_3SM,adm,4,3363.76
2024,4,142515,ate_3SM,deslig,3,3307.59
2024,4,142520,3_a_6SM,adm,54,6260.59
2024,4,142520,3_a_6SM,deslig,62,6459.69
2024,4,142520,6_a_10SM,adm,94,11439.45
2024,4,142520,6_a_10SM,deslig,135,11420.03
2024,4,142520,acima_10SM,adm,149,22408.16
2024,4,142520,acima_10SM,deslig,171,20316.89
2024,4,142520,ate_3SM,adm,24,2769.89
2024,4,142520,ate_3SM,deslig,13,3222.56
2024,4,142525,3_a_6SM,adm,2,8000.0
2024,4,142525,3_a_6SM,deslig,1,6591.6
2024,4,142525,6_a_10SM,adm,2,13250.0
2024,4,142525,6_a_10SM,deslig,5,13043.75
2024,4,142525,acima_10SM,adm,14,22507.56
2024,4,142525,acima_10SM,deslig,19,20912.77
2024,4,142525,ate_3SM,adm,1,2400.0
2024,4,142525,ate_3SM,deslig,2,2279.28
2024,4,142530,3_a_6SM,adm,14,6016.36
2024,4,142530,3_a_6SM,deslig,14,5923.22
2024,4,142530,6_a_10SM,adm,11,10921.73
2024,4,142530,6_a_10SM,deslig,17,11253.62
2024,4,142530,acima_10SM,adm,25,22032.83
2024,4,142530,acima_10SM,deslig,28,22468.59
2024,4,142530,ate_3SM,adm,7,2877.4
2024,4,142530,ate_3SM,deslig,21,3310.52
2024,4,142535,3_a_6SM,adm,11,6414.46
2024,4,142535,3_a_6SM,deslig,12,6393.19
2024,4,142535,6_a_10SM,adm,6,9612.9
2024,4,142535,6_a_10SM,deslig,17,10832.52
2024,4,142535,acima_10SM,adm,9,16385.56
2024,4,142535,acima_10SM,deslig,16,18503.13
2024,4,142535,ate_3SM,adm,20,2572.95
2024,4,142535,ate_3SM,deslig,23,2662.99
2024,4,212305,3_a_6SM,adm,31,6345.3
2024,4,212305,3_a_6SM,deslig,37,6589.21
2024,4,212305,6_a_10SM,adm,45,11155.08
2024,4,212305,6_a_10SM,deslig,33,11323.78
2024,4,212305,acima_10SM,adm,17,18517.61
2024,4,212305,acima_10SM,deslig,15,17351.33
2024,4,212305,ate_3SM,adm,24,2952.63
2024,4,212305,ate_3SM,deslig,21,2780.55
2024,4,212310,3_a_6SM,adm,12,6188.76
2024,4,212310,3_a_6SM,deslig,26,5917.63
2024,4,212310,6_a_10SM,adm,17,11861.25
2024,4,212310,6_a_10SM,deslig,14,10751.73
2024,4,212310,acima_10SM,adm,6,19000.0
2024,4,212310,acima_10SM,deslig,9,20396.03
2024,4,212310,ate_3SM,adm,28,2593.81
2024,4,212310,ate_3SM,deslig,16,3045.72
2024,4,212315,3_a_6SM,adm,18,6736.84
2024,4,212315,3_a_6SM,deslig,24,5455.67
2024,4,212315,6_a_10SM,adm,24,10638.93
2024,4,212315,6_a_10SM,deslig,29,11701.12
2024,4,212315,acima_10SM,adm,11,17431.76
2024,4,212315,acima_10SM,deslig,29,19040.55
2024,4,212315,ate_3SM,adm,36,2627.44
2024,4,212315,ate_3SM,deslig,42,2875.55
2024,4,212320,3_a_6SM,adm,70,6154.69
2024,4,212320,3_a_6SM,deslig,60,6541.84
2024,4,212320,6_a_10SM,adm,72,11318.84
2024,4,212320,6_a_10SM,deslig,45,11054.21
2024,4,212320,acima_10SM,adm,35,24173.33
2024,4,212320,acima_10SM,deslig,28,17325.78
2024,4,212320,ate_3SM,adm,63,2922.94
2024,4,212320,ate_3SM,deslig,40,3044.72
2024,4,212405,3_a_6SM,adm,1018,6351.81
2024,4,212405,3_a_6SM,deslig,1018,6222.74
2024,4,212405,6_a_10SM,adm,978,10967.23
2024,4,212405,6_a_10SM,deslig,839,10950.42
2024,4,212405,acima_10SM,adm,374,17561.5
2024,4,212405,acima_10SM,deslig,349,17754.93
2024,4,212405,ate_3SM,adm,793,2800.8
2024,4,212405,ate_3SM,deslig,741,2933.25
2024,4,212410,3_a_6SM,adm,148,5961.93
2024,4,212410,3_a_6SM,deslig,176,5994.14
2024,4,212410,6_a_10SM,adm,92,10629.68
2024,4,212410,6_a_10SM,deslig,79,10619.88
2024,4,212410,acima_10SM,adm,33,18176.26
2024,4,212410,acima_10SM,deslig,31,20267.04
2024,4,212410,ate_3SM,adm,265,2858.77
2024,4,212410,ate_3SM,deslig,219,2899.2
2024,4,212415,3_a_6SM,adm,39,6193.65
2024,4,212415,3_a_6SM,deslig,47,5870.13
2024,4,212415,6_a_10SM,adm,8,10893.04
2024,4,212415,6_a_10SM,deslig,11,10237.15
2024,4,212415,acima_10SM,adm,4,21925.0
2024,4,212415,acima_10SM,deslig,2,16093.94
2024,4,212415,ate_3SM,adm,35,3126.36
2024,4,212415,ate_3SM,deslig,31,2925.03
2024,4,212420,3_a_6SM,adm,234,6061.51
2024,4,212420,3_a_6SM,deslig,241,5788.78
2024,4,212420,6_a_10SM,adm,65,10539.95
2024,4,212420,6_a_10SM,deslig,66,11176.2
2024,4,212420,acima_10SM,adm,30,29848.31
2024,4,212420,acima_10SM,deslig,20,19852.63
2024,4,212420,ate_3SM,adm,999,2678.36
2024,4,212420,ate_3SM,deslig,831,2634.56
2024,4,212425,3_a_6SM,adm,2,4699.5
2024,4,212425,3_a_6SM,deslig,9,6521.35
2024,4,212425,6_a_10SM,adm,13,11860.99
2024,4,212425,6_a_10SM,deslig,13,11403.64
2024,4,212425,acima_10SM,adm,42,19547.35
2024,4,212425,acima_10SM,deslig,23,17747.85
2024,4,212425,ate_3SM,adm,3,3577.58
2024,4,212425,ate_3SM,deslig,1,3166.94
2024,4,212430,3_a_6SM,adm,95,6294.25
2024,4,212430,3_a_6SM,deslig,62,6055.74
2024,4,212430,6_a_10SM,adm,35,10056.15
2024,4,212430,6_a_10SM,deslig,22,11226.11
2024,4,212430,acima_10SM,adm,1,17759.0
2024,4,212430,acima_10SM,deslig,3,16984.31
2024,4,212430,ate_3SM,adm,33,3013.69
2024,4,212430,ate_3SM,deslig,43,3222.07
2024,4,317105,3_a_6SM,adm,13,5860.56
2024,4,317105,3_a_6SM,deslig,19,6761.62
2024,4,317105,6_a_10SM,adm,8,11862.5
2024,4,317105,6_a_10SM,deslig,7,10685.99
2024,4,317105,acima_10SM,adm,5,17667.75
2024,4,317105,acima_10SM,deslig,3,17421.68
2024,4,317105,ate_3SM,adm,27,2509.96
2024,4,317105,ate_3SM,deslig,15,2617.15
2024,4,317110,3_a_6SM,adm,239,6252.89
2024,4,317110,3_a_6SM,deslig,242,6288.39
2024,4,317110,6_a_10SM,adm,222,10932.36
2024,4,317110,6_a_10SM,deslig,214,10791.38
2024,4,317110,acima_10SM,adm,63,17637.21
2024,4,317110,acima_10SM,deslig,85,26704.84
2024,4,317110,ate_3SM,adm,345,2631.04
2024,4,317110,ate_3SM,deslig,313,2837.44
2024,4,317115,3_a_6SM,adm,24,5509.96
2024,4,317115,3_a_6SM,deslig,28,5350.27
2024,4,317115,6_a_10SM,deslig,1,8559.79
2024,4,317115,ate_3SM,adm,39,3156.6
2024,4,317115,ate_3SM,deslig,41,3233.17
2024,4,317120,3_a_6SM,adm,4,5264.52
2024,4,317120,3_a_6SM,deslig,13,6524.05
2024,4,317120,6_a_10SM,adm,3,10500.0
2024,4,317120,6_a_10SM,deslig,5,10527.6
2024,4,317120,acima_10SM,adm,2,15000.0
2024,4,317120,ate_3SM,adm,6,2573.38
2024,4,317120,ate_3SM,deslig,12,2681.5
2024,4,317205,3_a_6SM,adm,4,5580.25
2024,4,317205,3_a_6SM,deslig,9,5781.07
2024,4,317205,6_a_10SM,adm,3,10000.0
2024,4,317205,6_a_10SM,deslig,1,13471.08
2024,4,317205,acima_10SM,adm,1,25000.0
2024,4,317205,acima_10SM,deslig,1,25094.95
2024,4,317205,ate_3SM,adm,213,2094.83
2024,4,317205,ate_3SM,deslig,176,2142.46
2024,4,317210,3_a_6SM,adm,27,5360.77
2024,4,317210,3_a_6SM,deslig,29,5365.84
2024,4,317210,6_a_10SM,adm,2,11250.0
2024,4,317210,6_a_10SM,deslig,3,11547.74
2024,4,317210,acima_10SM,deslig,2,18827.5
2024,4,317210,ate_3SM,adm,898,2210.89
2024,4,317210,ate_3SM,deslig,617,2270.14
2024,5,142505,3_a_6SM,adm,6,6131.49
2024,5,142505,3_a_6SM,deslig,11,6607.57
2024,5,142505,6_a_10SM,adm,14,12280.47
2024,5,142505,6_a_10SM,deslig,15,10934.63
2024,5,142505,acima_10SM,adm,25,24535.11
2024,5,142505,acima_10SM,deslig,28,23355.33
2024,5,142505,ate_3SM,adm,8,2521.07
2024,5,142505,ate_3SM,deslig,12,2773.95
2024,5,142510,3_a_6SM,adm,10,6001.46
2024,5,142510,3_a_6SM,deslig,19,6544.46
2024,5,142510,6_a_10SM,adm,29,11891.04
2024,5,142510,6_a_10SM,deslig,29,11504.22
2024,5,142510,acima_10SM,adm,106,23779.28
2024,5,142510,acima_10SM,deslig,148,22829.58
2024,5,142510,ate_3SM,adm,5,2434.96
2024,5,142510,ate_3SM,deslig,9,2662.46
2024,5,142515,3_a_6SM,adm,2,7057.58
2024,5,142515,3_a_6SM,deslig,11,5663.37
2024,5,142515,6_a_10SM,adm,10,12041.73
2024,5,142515,6_a_10SM,deslig,17,11757.45
2024,5,142515,acima_10SM,adm,35,24201.78
2024,5,142515,acima_10SM,deslig,33,20990.54
2024,5,142515,ate_3SM,adm,5,3433.74
2024,5,142515,ate_3SM,deslig,7,2855.59
2024,5,142520,3_a_6SM,adm,58,6508.62
2024,5,142520,3_a_6SM,deslig,66,6301.15
2024,5,142520,6_a_10SM,adm,96,11010.15
2024,5,142520,6_a_10SM,deslig,150,11413.83
2024,5,142520,acima_10SM,adm,104,20751.23
2024,5,142520,acima_10SM,deslig,133,20736.93
2024,5,142520,ate_3SM,adm,26,2503.97
2024,5,142520,ate_3SM,deslig,23,3026.6
2024,5,142525,3_a_6SM,deslig,5,5895.68
2024,5,142525,6_a_10SM,adm,1,12100.0
2024,5,142525,6_a_10SM,deslig,1,10381.14
2024,5,142525,acima_10SM,adm,17,21162.96
2024,5,142525,acima_10SM,deslig,17,21406.05
2024,5,142525,ate_3SM,adm,1,3000.0
2024,5,142525,ate_3SM,deslig,3,2437.33
2024,5,142530,3_a_6SM,adm,12,6222.37
2024,5,142530,3_a_6SM,deslig,20,6210.13
2024,5,142530,6_a_10SM,adm,14,10778.37
2024,5,142530,6_a_10SM,deslig,15,10818.85
2024,5,142530,acima_10SM,adm,10,23466.48
2024,5,142530,acima_10SM,deslig,15,19063.57
2024,5,142530,ate_3SM,adm,8,2761.81
2024,5,142530,ate_3SM,deslig,20,2569.66
2024,5,142535,3_a_6SM,adm,11,6175.67
2024,5,142535,3_a_6SM,deslig,32,5600.6
2024,5,142535,6_a_10SM,adm,11,11370.39
2024,5,142535,6_a_10SM,deslig,15,11147.05
2024,5,142535,acima_10SM,adm,7,17342.84
2024,5,142535,acima_10SM,deslig,14,17630.04
2024,5,142535,ate_3SM,adm,16,2295.91
2024,5,142535,ate_3SM,deslig,19,2511.34
2024,5,212305,3_a_6SM,adm,35,6577.36
2024,5,212305,3_a_6SM,deslig,42,6104.34
2024,5,212305,6_a_10SM,adm,53,11491.33
2024,5,212305,6_a_10SM,deslig,37,11164.01
2024,5,212305,acima_10SM,adm,13,21351.38
2024,5,212305,acima_10SM,deslig,21,16985.86
2024,5,212305,ate_3SM,adm,29,3351.05
2024,5,212305,ate_3SM,deslig,19,3109.71
2024,5,212310,3_a_6SM,adm,13,6031.22
2024,5,212310,3_a_6SM,deslig,10,5966.66
2024,5,212310,6_a_10SM,adm,7,10984.57
2024,5,212310,6_a_10SM,deslig,15,10976.82
2024,5,212310,acima_10SM,adm,6,19618.94
2024,5,212310,acima_10SM,deslig,5,19788.17
2024,5,212310,ate_3SM,adm,15,2554.57
2024,5,212310,ate_3SM,deslig,21,3084.65
2024,5,212315,3_a_6SM,adm,16,6307.7
2024,5,212315,3_a_6SM,deslig,16,6435.13
2024,5,212315,6_a_10SM,adm,15,11781.02
2024,5,212315,6_a_10SM,deslig,22,11104.46
2024,5,212315,acima_10SM,adm,19,16935.37
2024,5,212315,acima_10SM,deslig,19,20256.72
2024,5,212315,ate_3SM,adm,34,2795.72
2024,5,212315,ate_3SM,deslig,25,2689.14
2024,5,212320,3_a_6SM,adm,76,6205.46
2024,5,212320,3_a_6SM,deslig,65,6200.93
2024,5,212320,6_a_10SM,adm,65,10904.49
2024,5,212320,6_a_10SM,deslig,57,10888.48
2024,5,212320,acima_10SM,adm,26,17406.7
2024,5,212320,acima_10SM,deslig,22,18407.81
2024,5,212320,ate_3SM,adm,51,3025.28
2024,5,212320,ate_3SM,deslig,34,3023.31
2024,5,212405,3_a_6SM,adm,1015,6352.63
2024,5,212405,3_a_6SM,deslig,1091,6282.96
2024,5,212405,6_a_10SM,adm,993,10871.22
2024,5,212405,6_a_10SM,deslig,947,10896.89
2024,5,212405,acima_10SM,adm,428,17803.45
2024,5,212405,acima_10SM,deslig,346,17532.87
2024,5,212405,ate_3SM,adm,763,2970.07
2024,5,212405,ate_3SM,deslig,683,2867.18
2024,5,212410,3_a_6SM,adm,163,6122.22
2024,5,212410,3_a_6SM,deslig,184,5983.02
2024,5,212410,6_a_10SM,adm,75,10535.5
2024,5,212410,6_a_10SM,deslig,74,10653.68
2024,5,212410,acima_10SM,adm,37,28564.21
2024,5,212410,acima_10SM,deslig,22,18716.71
2024,5,212410,ate_3SM,adm,245,2862.26
2024,5,212410,ate_3SM,deslig,250,2889.07
2024,5,212415,3_a_6SM,adm,39,6369.77
2024,5,212415,3_a_6SM,deslig,35,5928.11
2024,5,212415,6_a_10SM,adm,11,10421.68
2024,5,212415,6_a_10SM,deslig,11,10577.84
2024,5,212415,acima_10SM,adm,2,16055.0
2024,5,212415,acima_10SM,deslig,2,16471.76
2024,5,212415,ate_3SM,adm,42,3068.73
2024,5,212415,ate_3SM,deslig,27,3195.79
2024,5,212420,3_a_6SM,adm,183,5827.67
2024,5,212420,3_a_6SM,deslig,246,5599.19
2024,5,212420,6_a_10SM,adm,73,10640.81
2024,5,212420,6_a_10SM,deslig,65,10456.58
2024,5,212420,acima_10SM,adm,40,19008.07
2024,5,212420,acima_10SM,deslig,28,18372.74
2024,5,212420,ate_3SM,adm,915,2585.75
2024,5,212420,ate_3SM,deslig,804,2646.11
2024,5,212425,3_a_6SM,adm,8,6620.97
2024,5,212425,3_a_6SM,deslig,16,6947.23
2024,5,212425,6_a_10SM,adm,14,12164.89
2024,5,212425,6_a_10SM,deslig,23,11024.85
2024,5,212425,acima_10SM,adm,51,19069.65
2024,5,212425,acima_10SM,deslig,30,16444.44
2024,5,212425,ate_3SM,adm,2,2772.5
2024,5,212425,ate_3SM,deslig,8,2481.01
2024,5,212430,3_a_6SM,adm,89,6234.82
2024,5,212430,3_a_6SM,deslig,56,6193.44
2024,5,212430,6_a_10SM,adm,12,10511.76
2024,5,212430,6_a_10SM,deslig,24,10256.52
2024,5,212430,acima_10SM,adm,3,16666.67
2024,5,212430,acima_10SM,deslig,2,15904.79
2024,5,212430,ate_3SM,adm,48,3201.76
2024,5,212430,ate_3SM,deslig,37,3182.88
2024,5,317105,3_a_6SM,adm,25,6179.09
2024,5,317105,3_a_6SM,deslig,22,6172.3
2024,5,317105,6_a_10SM,adm,8,10725.0
2024,5,317105,6_a_10SM,deslig,8,11454.08
2024,5,317105,acima_10SM,adm,9,20417.26
2024,5,317105,acima_10SM,deslig,5,16948.3
2024,5,317105,ate_3SM,adm,28,2539.32
2024,5,317105,ate_3SM,deslig,15,2659.19
2024,5,317110,3_a_6SM,adm,221,6418.72
2024,5,317110,3_a_6SM,deslig,232,6315.37
2024,5,317110,6_a_10SM,adm,202,10821.0
2024,5,317110,6_a_10SM,deslig,210,10971.2
2024,5,317110,acima_10SM,adm,60,31188.55
2024,5,317110,acima_10SM,deslig,82,18918.14
2024,5,317110,ate_3SM,adm,327,2598.01
2024,5,317110,ate_3SM,deslig,307,2747.24
2024,5,317115,3_a_6SM,adm,25,5652.27
2024,5,317115,3_a_6SM,deslig,17,5513.81
2024,5,317115,ate_3SM,adm,30,3304.71
2024,5,317115,ate_3SM,deslig,36,2974.0
2024,5,317120,3_a_6SM,adm,2,6500.0
2024,5,317120,3_a_6SM,deslig,7,6340.26
2024,5,317120,6_a_10SM,adm,5,10140.0
2024,5,317120,6_a_10SM,deslig,1,12480.0
2024,5,317120,acima_10SM,adm,1,25459.03
2024,5,317120,acima_10SM,deslig,3,21238.86
2024,5,317120,ate_3SM,adm,44,2218.06
2024,5,317120,ate_3SM,deslig,7,2477.07
2024,5,317205,3_a_6SM,adm,6,6083.33
2024,5,317205,3_a_6SM,deslig,10,5493.86
2024,5,317205,6_a_10SM,adm,1,13000.0
2024,5,317205,6_a_10SM,deslig,2,11364.1
2024,5,317205,acima_10SM,adm,1,452551.0
2024,5,317205,acima_10SM,deslig,2,15173.4
2024,5,317205,ate_3SM,adm,278,1938.32
2024,5,317205,ate_3SM,deslig,184,2070.8
2024,5,317210,3_a_6SM,adm,21,5580.33
2024,5,317210,3_a_6SM,deslig,29,5470.78
2024,5,317210,6_a_10SM,adm,2,9960.0
2024,5,317210,6_a_10SM,deslig,1,10444.57
2024,5,317210,acima_10SM,deslig,3,21535.33
2024,5,317210,ate_3SM,adm,735,2193.27
2024,5,317210,ate_3SM,deslig,619,2257.87
2024,6,142505,3_a_6SM,adm,7,5819.35
2024,6,142505,3_a_6SM,deslig,8,5655.55
2024,6,142505,6_a_10SM,adm,15,12167.77
2024,6,142505,6_a_10SM,deslig,8,11293.05
2024,6,142505,acima_10SM,adm,28,22926.26
2024,6,142505,acima_10SM,deslig,30,22333.33
2024,6,142505,ate_3SM,adm,15,2735.44
2024,6,142505,ate_3SM,deslig,6,3117.58
2024,6,142510,3_a_6SM,adm,21,5720.53
2024,6,142510,3_a_6SM,deslig,6,7196.16
2024,6,142510,6_a_10SM,adm,20,12086.82
2024,6,142510,6_a_10SM,deslig,23,11793.04
2024,6,142510,acima_10SM,adm,113,22601.33
2024,6,142510,acima_10SM,deslig,128,23719.93
2024,6,142510,ate_3SM,adm,2,3050.0
2024,6,142510,ate_3SM,deslig,2,3466.0
2024,6,142515,3_a_6SM,adm,6,6203.99
2024,6,142515,3_a_6SM,deslig,9,6945.24
2024,6,142515,6_a_10SM,adm,10,11016.6
2024,6,142515,6_a_10SM,deslig,15,11151.62
2024,6,142515,acima_10SM,adm,27,23118.99
2024,6,142515,acima_10SM,deslig,32,22779.4
2024,6,142515,ate_3SM,adm,2,3077.7
2024,6,142515,ate_3SM,deslig,4,2565.81
2024,6,142520,3_a_6SM,adm,43,6589.2
2024,6,142520,3_a_6SM,deslig,67,6516.76
2024,6,142520,6_a_10SM,adm,98,11497.63
2024,6,142520,6_a_10SM,deslig,125,11277.1
2024,6,142520,acima_10SM,adm,102,21555.94
2024,6,142520,acima_10SM,deslig,146,20999.43
2024,6,142520,ate_3SM,adm,18,3261.01
2024,6,142520,ate_3SM,deslig,20,3509.86
2024,6,142525,3_a_6SM,adm,1,6000.0
2024,6,142525,3_a_6SM,deslig,4,5709.48
2024,6,142525,6_a_10SM,adm,2,11545.22
2024,6,142525,6_a_10SM,deslig,3,13535.74
2024,6,142525,acima_10SM,adm,14,21667.23
2024,6,142525,acima_10SM,deslig,15,21136.85
2024,6,142525,ate_3SM,adm,1,3200.0
2024,6,142525,ate_3SM,deslig,1,4000.0
2024,6,142530,3_a_6SM,adm,21,6694.45
2024,6,142530,3_a_6SM,deslig,21,6386.82
2024,6,142530,6_a_10SM,adm,10,11062.91
2024,6,142530,6_a_10SM,deslig,17,10637.66
2024,6,142530,acima_10SM,adm,16,20208.67
2024,6,142530,acima_10SM,deslig,13,19035.97
2024,6,142530,ate_3SM,adm,15,2854.07
2024,6,142530,ate_3SM,deslig,10,2442.81
2024,6,142535,3_a_6SM,adm,12,6556.83
2024,6,142535,3_a_6SM,deslig,10,6214.12
2024,6,142535,6_a_10SM,adm,10,11520.0
2024,6,142535,6_a_10SM,deslig,14,11109.05
2024,6,142535,acima_10SM,adm,5,18804.85
2024,6,142535,acima_10SM,deslig,20,18479.62
2024,6,142535,ate_3SM,adm,19,2267.25
2024,6,142535,ate_3SM,deslig,26,2924.05
2024,6,212305,3_a_6SM,adm,34,6701.83
2024,6,212305,3_a_6SM,deslig,38,6452.69
2024,6,212305,6_a_10SM,adm,55,10618.32
2024,6,212305,6_a_10SM,deslig,46,11136.43
2024,6,212305,acima_10SM,adm,16,17091.17
2024,6,212305,acima_10SM,deslig,19,19024.47
2024,6,212305,ate_3SM,adm,22,3197.1
2024,6,212305,ate_3SM,deslig,15,3328.02
2024,6,212310,3_a_6SM,adm,14,6692.85
2024,6,212310,3_a_6SM,deslig,9,5679.45
2024,6,212310,6_a_10SM,adm,9,10706.7
2024,6,212310,6_a_10SM,deslig,9,11824.09
2024,6,212310,acima_10SM,adm,5,19624.4
2024,6,212310,acima_10SM,deslig,4,18481.07
2024,6,212310,ate_3SM,adm,21,2920.18
2024,6,212310,ate_3SM,deslig,23,3019.76
2024,6,212315,3_a_6SM,adm,13,5885.55
2024,6,212315,3_a_6SM,deslig,21,6019.66
2024,6,212315,6_a_10SM,adm,19,11756.83
2024,6,212315,6_a_10SM,deslig,14,10656.1
2024,6,212315,acima_10SM,adm,10,16988.7
2024,6,212315,acima_10SM,deslig,16,16854.58
2024,6,212315,ate_3SM,adm,28,2830.83
2024,6,212315,ate_3SM,deslig,27,2763.08
2024,6,212320,3_a_6SM,adm,45,6361.83
2024,6,212320,3_a_6SM,deslig,42,6515.17
2024,6,212320,6_a_10SM,adm,62,11089.14
2024,6,212320,6_a_10SM,deslig,52,10761.42
2024,6,212320,acima_10SM,adm,18,16791.98
2024,6,212320,acima_10SM,deslig,28,23468.22
2024,6,212320,ate_3SM,adm,44,3116.54
2024,6,212320,ate_3SM,deslig,38,3158.73
2024,6,212405,3_a_6SM,adm,1007,6370.75
2024,6,212405,3_a_6SM,deslig,1019,6311.25
2024,6,212405,6_a_10SM,adm,995,11015.93
2024,6,212405,6_a_10SM,deslig,830,10840.19
2024,6,212405,acima_10SM,adm,408,17208.11
2024,6,212405,acima_10SM,deslig,324,17180.75
2024,6,212405,ate_3SM,adm,679,2973.49
2024,6,212405,ate_3SM,deslig,666,2937.78
2024,6,212410,3_a_6SM,adm,161,5761.65
2024,6,212410,3_a_6SM,deslig,172,5827.51
2024,6,212410,6_a_10SM,adm,76,10820.84
2024,6,212410,6_a_10SM,deslig,74,10573.35
2024,6,212410,acima_10SM,adm,30,17389.83
2024,6,212410,acima_10SM,deslig,29,18893.18
2024,6,212410,ate_3SM,adm,237,2929.98
2024,6,212410,ate_3SM,deslig,204,2956.76
2024,6,212415,3_a_6SM,adm,40,6348.33
2024,6,212415,3_a_6SM,deslig,36,5571.81
2024,6,212415,6_a_10SM,adm,18,11028.81
2024,6,212415,6_a_10SM,deslig,15,10587.77
2024,6,212415,acima_10SM,adm,1,21042.0
2024,6,212415,acima_10SM,deslig,3,16910.79
2024,6,212415,ate_3SM,adm,47,2877.16
2024,6,212415,ate_3SM,deslig,26,3103.59
2024,6,212420,3_a_6SM,adm,186,5935.85
2024,6,212420,3_a_6SM,deslig,194,5862.36
2024,6,212420,6_a_10SM,adm,90,10776.48
2024,6,212420,6_a_10SM,deslig,66,10471.54
2024,6,212420,acima_10SM,adm,28,17675.88
2024,6,212420,acima_10SM,deslig,22,21820.47
2024,6,212420,ate_3SM,adm,1022,2545.38
2024,6,212420,ate_3SM,deslig,842,2684.61
2024,6,212425,3_a_6SM,adm,10,6389.23
2024,6,212425,3_a_6SM,deslig,8,6996.65
2024,6,212425,6_a_10SM,adm,28,11645.37
2024,6,212425,6_a_10SM,deslig,31,11805.53
2024,6,212425,acima_10SM,adm,42,21069.78
2024,6,212425,acima_10SM,deslig,42,17958.4
2024,6,212425,ate_3SM,adm,1,2245.0
2024,6,212425,ate_3SM,deslig,3,3321.93
2024,6,212430,3_a_6SM,adm,72,6295.14
2024,6,212430,3_a_6SM,deslig,52,6218.6
2024,6,212430,6_a_10SM,adm,25,10900.46
2024,6,212430,6_a_10SM,deslig,21,10409.41
2024,6,212430,acima_10SM,adm,2,15900.0
2024,6,212430,ate_3SM,adm,38,2726.08
2024,6,212430,ate_3SM,deslig,36,3111.92
2024,6,317105,3_a_6SM,adm,15,6378.99
2024,6,317105,3_a_6SM,deslig,20,6230.49
2024,6,317105,6_a_10SM,adm,12,11160.39
2024,6,317105,6_a_10SM,deslig,6,11238.83
2024,6,317105,acima_10SM,adm,7,60520.0
2024,6,317105,acima_10SM,deslig,4,15254.25
2024,6,317105,ate_3SM,adm,26,2448.07
2024,6,317105,ate_3SM,deslig,26,2687.61
2024,6,317110,3_a_6SM,adm,231,6390.11
2024,6,317110,3_a_6SM,deslig,223,6235.0
2024,6,317110,6_a_10SM,adm,221,10771.2
2024,6,317110,6_a_10SM,deslig,176,10932.63
2024,6,317110,acima_10SM,adm,53,37447.07
2024,6,317110,acima_10SM,deslig,72,18886.35
2024,6,317110,ate_3SM,adm,311,2775.13
2024,6,317110,ate_3SM,deslig,291,2809.72
2024,6,317115,3_a_6SM,adm,21,5233.55
2024,6,317115,3_a_6SM,deslig,21,5309.99
2024,6,317115,6_a_10SM,deslig,1,8800.0
2024,6,317115,ate_3SM,adm,35,2996.5
2024,6,317115,ate_3SM,deslig,41,2998.45
2024,6,317120,3_a_6SM,adm,4,5740.18
2024,6,317120,3_a_6SM,deslig,3,6260.09
2024,6,317120,6_a_10SM,adm,6,11222.48
2024,6,317120,6_a_10SM,deslig,3,9956.72
2024,6,317120,acima_10SM,deslig,2,29864.38
2024,6,317120,ate_3SM,adm,11,2404.82
2024,6,317120,ate_3SM,deslig,14,2542.08
2024,6,317205,3_a_6SM,adm,6,5450.0
2024,6,317205,3_a_6SM,deslig,5,6814.32
2024,6,317205,6_a_10SM,adm,3,9802.69
2024,6,317205,6_a_10SM,deslig,2,10402.8
2024,6,317205,ate_3SM,adm,244,2121.96
2024,6,317205,ate_3SM,deslig,179,2161.22
2024,6,317210,3_a_6SM,adm,34,5182.95
2024,6,317210,3_a_6SM,deslig,34,5199.88
2024,6,317210,6_a_10SM,adm,3,10527.78
2024,6,317210,6_a_10SM,deslig,5,10313.19
2024,6,317210,acima_10SM,adm,1,17000.0
2024,6,317210,ate_3SM,adm,715,2214.21
2024,6,317210,ate_3SM,deslig,589,2327.8
2024,7,142505,3_a_6SM,adm,7,6161.46
2024,7,142505,3_a_6SM,deslig,7,6124.63
2024,7,142505,6_a_10SM,adm,16,11393.81
2024,7,142505,6_a_10SM,deslig,11,11802.18
2024,7,142505,acima_10SM,adm,32,21896.47
2024,7,142505,acima_10SM,deslig,27,23770.89
2024,7,142505,ate_3SM,adm,12,3094.17
2024,7,142505,ate_3SM,deslig,7,2994.28
2024,7,142510,3_a_6SM,adm,9,6234.89
2024,7,142510,3_a_6SM,deslig,11,6927.6
2024,7,142510,6_a_10SM,adm,21,11453.34
2024,7,142510,6_a_10SM,deslig,25,12275.35
2024,7,142510,acima_10SM,adm,91,25399.6
2024,7,142510,acima_10SM,deslig,124,22839.34
2024,7,142510,ate_3SM,adm,6,2490.0
2024,7,142510,ate_3SM,deslig,3,3356.66
2024,7,142515,3_a_6SM,adm,6,6677.9
2024,7,142515,3_a_6SM,deslig,7,5785.66
2024,7,142515,6_a_10SM,adm,15,10990.77
2024,7,142515,6_a_10SM,deslig,13,11245.46
2024,7,142515,acima_10SM,adm,26,22491.13
2024,7,142515,acima_10SM,deslig,36,22665.12
2024,7,142515,ate_3SM,adm,6,2985.58
2024,7,142515,ate_3SM,deslig,5,3430.11
2024,7,142520,3_a_6SM,adm,45,6458.47
2024,7,142520,3_a_6SM,deslig,53,6408.58
2024,7,142520,6_a_10SM,adm,100,11337.45
2024,7,142520,6_a_10SM,deslig,123,11318.04
2024,7,142520,acima_10SM,adm,108,21606.84
2024,7,142520,acima_10SM,deslig,175,21465.04
2024,7,142520,ate_3SM,adm,21,3234.37
2024,7,142520,ate_3SM,deslig,27,3109.73
2024,7,142525,3_a_6SM,adm,1,8333.33
2024,7,142525,3_a_6SM,deslig,3,6587.41
2024,7,142525,6_a_10SM,deslig,4,13490.17
2024,7,142525,acima_10SM,adm,18,22808.4
2024,7,142525,acima_10SM,deslig,20,21653.72
2024,7,142525,ate_3SM,deslig,1,2660.0
2024,7,142530,3_a_6SM,adm,17,6703.19
2024,7,142530,3_a_6SM,deslig,20,6218.26
2024,7,142530,6_a_10SM,adm,14,11469.49
2024,7,142530,6_a_10SM,deslig,14,11614.99
2024,7,142530,acima_10SM,adm,20,21215.05
2024,7,142530,acima_10SM,deslig,20,22718.72
2024,7,142530,ate_3SM,adm,10,3282.95
2024,7,142530,ate_3SM,deslig,21,3230.44
2024,7,142535,3_a_6SM,adm,6,6764.8
2024,7,142535,3_a_6SM,deslig,21,5927.1
2024,7,142535,6_a_10SM,adm,9,12037.63
2024,7,142535,6_a_10SM,deslig,19,11523.64
2024,7,142535,acima_10SM,adm,6,18665.0
2024,7,142535,acima_10SM,deslig,14,16298.0
2024,7,142535,ate_3SM,adm,18,2532.84
2024,7,142535,ate_3SM,deslig,23,2661.76
2024,7,212305,3_a_6SM,adm,59,6254.29
2024,7,212305,3_a_6SM,deslig,45,5822.13
2024,7,212305,6_a_10SM,adm,43,10555.93
2024,7,212305,6_a_10SM,deslig,39,10785.5
2024,7,212305,acima_10SM,adm,17,17760.18
2024,7,212305,acima_10SM,deslig,22,18429.88
2024,7,212305,ate_3SM,adm,33,3209.46
2024,7,212305,ate_3SM,deslig,23,3002.02
2024,7,212310,3_a_6SM,adm,14,6486.09
2024,7,212310,3_a_6SM,deslig,14,5818.03
2024,7,212310,6_a_10SM,adm,12,10658.67
2024,7,212310,6_a_10SM,deslig,8,11647.9
2024,7,212310,acima_10SM,adm,3,18000.0
2024,7,212310,acima_10SM,deslig,6,18789.77
2024,7,212310,ate_3SM,adm,22,2882.56
2024,7,212310,ate_3SM,deslig,15,2514.11
2024,7,212315,3_a_6SM,adm,8,5600.89
2024,7,212315,3_a_6SM,deslig,20,6098.83
2024,7,212315,6_a_10SM,adm,11,11187.66
2024,7,212315,6_a_10SM,deslig,22,10877.94
2024,7,212315,acima_10SM,adm,10,18427.9
2024,7,212315,acima_10SM,deslig,18,17489.21
2024,7,212315,ate_3SM,adm,21,2743.61
2024,7,212315,ate_3SM,deslig,28,2696.09
2024,7,212320,3_a_6SM,adm,64,6065.44
2024,7,212320,3_a_6SM,deslig,60,6395.38
2024,7,212320,6_a_10SM,adm,70,11156.81
2024,7,212320,6_a_10SM,deslig,48,11036.59
2024,7,212320,acima_10SM,adm,29,17199.86
2024,7,212320,acima_10SM,deslig,19,16687.93
2024,7,212320,ate_3SM,adm,47,3160.12
2024,7,212320,ate_3SM,deslig,32,3257.86
2024,7,212405,3_a_6SM,adm,1215,6344.5
2024,7,212405,3_a_6SM,deslig,942,6333.01
2024,7,212405,6_a_10SM,adm,1045,10861.52
2024,7,212405,6_a_10SM,deslig,868,10924.76
2024,7,212405,acima_10SM,adm,477,17372.36
2024,7,212405,acima_10SM,deslig,307,17904.12
2024,7,212405,ate_3SM,adm,761,2939.1
2024,7,212405,ate_3SM,deslig,615,2952.77
2024,7,212410,3_a_6SM,adm,183,6102.8
2024,7,212410,3_a_6SM,deslig,157,5970.82
2024,7,212410,6_a_10SM,adm,93,10925.56
2024,7,212410,6_a_10SM,deslig,69,10681.91
2024,7,212410,acima_10SM,adm,36,18721.72
2024,7,212410,acima_10SM,deslig,42,19425.68
2024,7,212410,ate_3SM,adm,244,2978.42
2024,7,212410,ate_3SM,deslig,223,2881.91
2024,7,212415,3_a_6SM,adm,49,6054.48
2024,7,212415,3_a_6SM,deslig,32,6164.45
2024,7,212415,6_a_10SM,adm,11,11577.27
2024,7,212415,6_a_10SM,deslig,10,11043.88
2024,7,212415,acima_10SM,adm,3,16357.33
2024,7,212415,acima_10SM,deslig,8,24774.23
2024,7,212415,ate_3SM,adm,35,3023.42
2024,7,212415,ate_3SM,deslig,43,3191.18
2024,7,212420,3_a_6SM,adm,213,5752.47
2024,7,212420,3_a_6SM,deslig,215,5836.16
2024,7,212420,6_a_10SM,adm,88,10645.72
2024,7,212420,6_a_10SM,deslig,85,10707.47
2024,7,212420,acima_10SM,adm,47,18189.65
2024,7,212420,acima_10SM,deslig,40,20632.96
2024,7,212420,ate_3SM,adm,954,2559.43
2024,7,212420,ate_3SM,deslig,811,2636.34
2024,7,212425,3_a_6SM,adm,7,7457.14
2024,7,212425,3_a_6SM,deslig,10,6459.91
2024,7,212425,6_a_10SM,adm,26,11456.41
2024,7,212425,6_a_10SM,deslig,18,11218.55
2024,7,212425,acima_10SM,adm,50,19782.97
2024,7,212425,acima_10SM,deslig,32,19359.63
2024,7,212425,ate_3SM,adm,1,3104.38
2024,7,212425,ate_3SM,deslig,2,2929.8
2024,7,212430,3_a_6SM,adm,73,6244.87
2024,7,212430,3_a_6SM,deslig,59,6200.33
2024,7,212430,6_a_10SM,adm,40,10095.41
2024,7,212430,6_a_10SM,deslig,17,10473.68
2024,7,212430,acima_10SM,adm,9,16113.11
2024,7,212430,acima_10SM,deslig,2,15400.0
2024,7,212430,ate_3SM,adm,39,3031.52
2024,7,212430,ate_3SM,deslig,42,3197.53
2024,7,317105,3_a_6SM,adm,18,6016.22
2024,7,317105,3_a_6SM,deslig,17,6267.49
2024,7,317105,6_a_10SM,adm,11,10945.45
2024,7,317105,6_a_10SM,deslig,10,11588.66
2024,7,317105,acima_10SM,adm,3,18500.0
2024,7,317105,acima_10SM,deslig,6,16481.73
2024,7,317105,ate_3SM,adm,49,2340.13
2024,7,317105,ate_3SM,deslig,26,2627.35
2024,7,317110,3_a_6SM,adm,208,6218.88
2024,7,317110,3_a_6SM,deslig,237,6222.43
2024,7,317110,6_a_10SM,adm,215,10733.68
2024,7,317110,6_a_10SM,deslig,196,10955.96
2024,7,317110,acima_10SM,adm,68,18572.73
2024,7,317110,acima_10SM,deslig,62,19474.4
2024,7,317110,ate_3SM,adm,396,2734.27
2024,7,317110,ate_3SM,deslig,312,2876.55
2024,7,317115,3_a_6SM,adm,18,5099.38
2024,7,317115,3_a_6SM,deslig,27,5628.18
2024,7,317115,6_a_10SM,deslig,1,8517.66
2024,7,317115,acima_10SM,deslig,1,502728.59
2024,7,317115,ate_3SM,adm,39,3003.2
2024,7,317115,ate_3SM,deslig,33,3147.94
2024,7,317120,3_a_6SM,adm,4,7156.35
2024,7,317120,3_a_6SM,deslig,11,6074.96
2024,7,317120,6_a_10SM,adm,3,10821.4
2024,7,317120,6_a_10SM,deslig,2,11348.9
2024,7,317120,acima_10SM,adm,2,14950.0
2024,7,317120,acima_10SM,deslig,1,28275.44
2024,7,317120,ate_3SM,adm,9,2296.19
2024,7,317120,ate_3SM,deslig,11,2208.31
2024,7,317205,3_a_6SM,adm,5,6072.6
2024,7,317205,3_a_6SM,deslig,18,5766.76
2024,7,317205,6_a_10SM,adm,1,13000.0
2024,7,317205,6_a_10SM,deslig,3,10075.73
2024,7,317205,acima_10SM,adm,1,16000.0
2024,7,317205,acima_10SM,deslig,1,19903.05
2024,7,317205,ate_3SM,adm,241,2100.39
2024,7,317205,ate_3SM,deslig,188,2155.08
2024,7,317210,3_a_6SM,adm,17,5489.45
2024,7,317210,3_a_6SM,deslig,18,5232.81
2024,7,317210,6_a_10SM,adm,1,12721.34
2024,7,317210,6_a_10SM,deslig,3,10340.09
2024,7,317210,acima_10SM,adm,1,14905.1
2024,7,317210,acima_10SM,deslig,1,17304.22
2024,7,317210,ate_3SM,adm,919,2245.96
2024,7,317210,ate_3SM,deslig,702,2286.68
2024,8,142505,3_a_6SM,adm,7,6261.43
2024,8,142505,3_a_6SM,deslig,14,6941.59
2024,8,142505,6_a_10SM,adm,7,11067.47
2024,8,142505,6_a_10SM,deslig,18,11262.96
2024,8,142505,acima_10SM,adm,29,20686.42
2024,8,142505,acima_10SM,deslig,20,21995.36
2024,8,142505,ate_3SM,adm,6,2931.21
2024,8,142505,ate_3SM,deslig,9,2884.19
2024,8,142510,3_a_6SM,adm,13,6630.46
2024,8,142510,3_a_6SM,deslig,7,6515.55
2024,8,142510,6_a_10SM,adm,28,11379.65
2024,8,142510,6_a_10SM,deslig,44,11834.6
2024,8,142510,acima_10SM,adm,120,22136.11
2024,8,142510,acima_10SM,deslig,159,23259.28
2024,8,142510,ate_3SM,adm,1,3916.0
2024,8,142510,ate_3SM,deslig,6,2394.28
2024,8,142515,3_a_6SM,adm,7,6842.97
2024,8,142515,3_a_6SM,deslig,8,5777.2
2024,8,142515,6_a_10SM,adm,16,11651.93
2024,8,142515,6_a_10SM,deslig,11,12180.95
2024,8,142515,acima_10SM,adm,23,21649.12
2024,8,142515,acima_10SM,deslig,35,27434.7
2024,8,142515,ate_3SM,adm,4,3510.2
2024,8,142515,ate_3SM,deslig,5,2668.23
2024,8,142520,3_a_6SM,adm,50,6768.69
2024,8,142520,3_a_6SM,deslig,56,6353.94
2024,8,142520,6_a_10SM,adm,118,11320.46
2024,8,142520,6_a_10SM,deslig,131,11291.17
2024,8,142520,acima_10SM,adm,135,21734.3
2024,8,142520,acima_10SM,deslig,162,21495.55
2024,8,142520,ate_3SM,adm,23,3019.18
2024,8,142520,ate_3SM,deslig,29,2891.78
2024,8,142525,3_a_6SM,adm,1,8250.0
2024,8,142525,3_a_6SM,deslig,1,6000.0
2024,8,142525,6_a_10SM,adm,1,13250.0
2024,8,142525,6_a_10SM,deslig,6,12410.75
2024,8,142525,acima_10SM,adm,19,25542.43
2024,8,142525,acima_10SM,deslig,17,21102.08
2024,8,142525,ate_3SM,deslig,1,3200.0
2024,8,142530,3_a_6SM,adm,17,5571.09
2024,8,142530,3_a_6SM,deslig,24,6487.64
2024,8,142530,6_a_10SM,adm,19,12427.88
2024,8,142530,6_a_10SM,deslig,12,11409.83
2024,8,142530,acima_10SM,adm,25,21518.6
2024,8,142530,acima_10SM,deslig,34,20668.59
2024,8,142530,ate_3SM,adm,9,3043.57
2024,8,142530,ate_3SM,deslig,13,3293.39
2024,8,142535,3_a_6SM,adm,10,6510.7
2024,8,142535,3_a_6SM,deslig,28,5875.26
2024,8,142535,6_a_10SM,adm,7,11618.52
2024,8,142535,6_a_10SM,deslig,23,10831.28
2024,8,142535,acima_10SM,adm,4,15908.95
2024,8,142535,acima_10SM,deslig,14,21011.51
2024,8,142535,ate_3SM,adm,23,2299.92
2024,8,142535,ate_3SM,deslig,25,2462.85
2024,8,212305,3_a_6SM,adm,35,6305.82
2024,8,212305,3_a_6SM,deslig,35,6202.46
2024,8,212305,6_a_10SM,adm,71,11376.62
2024,8,212305,6_a_10SM,deslig,41,11113.37
2024,8,212305,acima_10SM,adm,21,18471.15
2024,8,212305,acima_10SM,deslig,31,19395.8
2024,8,212305,ate_3SM,adm,31,2939.02
2024,8,212305,ate_3SM,deslig,24,3241.37
2024,8,212310,3_a_6SM,adm,12,6142.81
2024,8,212310,3_a_6SM,deslig,17,5460.15
2024,8,212310,6_a_10SM,adm,9,10161.64
2024,8,212310,6_a_10SM,deslig,21,11602.41
2024,8,212310,acima_10SM,adm,4,18000.2
2024,8,212310,acima_10SM,deslig,8,19402.23
2024,8,212310,ate_3SM,adm,22,2714.28
2024,8,212310,ate_3SM,deslig,26,3074.63
2024,8,212315,3_a_6SM,adm,17,6118.63
2024,8,212315,3_a_6SM,deslig,15,6381.21
2024,8,212315,6_a_10SM,adm,15,11329.87
2024,8,212315,6_a_10SM,deslig,22,11175.12
2024,8,212315,acima_10SM,adm,13,18613.15
2024,8,212315,acima_10SM,deslig,29,18945.59
2024,8,212315,ate_3SM,adm,24,2540.23
2024,8,212315,ate_3SM,deslig,36,2684.22
2024,8,212320,3_a_6SM,adm,63,6223.98
2024,8,212320,3_a_6SM,deslig,49,5830.75
2024,8,212320,6_a_10SM,adm,68,10842.56
2024,8,212320,6_a_10SM,deslig,50,11038.68
2024,8,212320,acima_10SM,adm,29,21563.78
2024,8,212320,acima_10SM,deslig,27,18615.13
2024,8,212320,ate_3SM,adm,50,3013.76
2024,8,212320,ate_3SM,deslig,36,2979.48
2024,8,212405,3_a_6SM,adm,1216,6383.96
2024,8,212405,3_a_6SM,deslig,1062,6245.64
2024,8,212405,6_a_10SM,adm,1104,10962.52
2024,8,212405,6_a_10SM,deslig,967,11069.73
2024,8,212405,acima_10SM,adm,480,17370.49
2024,8,212405,acima_10SM,deslig,370,18638.23
2024,8,212405,ate_3SM,adm,829,2994.76
2024,8,212405,ate_3SM,deslig,617,2970.14
2024,8,212410,3_a_6SM,adm,176,5925.64
2024,8,212410,3_a_6SM,deslig,169,5837.32
2024,8,212410,6_a_10SM,adm,79,10639.15
2024,8,212410,6_a_10SM,deslig,69,10961.48
2024,8,212410,acima_10SM,adm,29,17373.14
2024,8,212410,acima_10SM,deslig,36,19366.81
2024,8,212410,ate_3SM,adm,276,2970.71
2024,8,212410,ate_3SM,deslig,226,2945.44
2024,8,212415,3_a_6SM,adm,47,5967.31
2024,8,212415,3_a_6SM,deslig,54,5971.91
2024,8,212415,6_a_10SM,adm,12,10925.07
2024,8,212415,6_a_10SM,deslig,16,11009.08
2024,8,212415,acima_10SM,adm,2,18250.0
2024,8,212415,acima_10SM,deslig,6,16820.37
2024,8,212415,ate_3SM,adm,35,2912.83
2024,8,212415,ate_3SM,deslig,39,2983.7
2024,8,212420,3_a_6SM,adm,233,5789.26
2024,8,212420,3_a_6SM,deslig,236,5794.23
2024,8,212420,6_a_10SM,adm,83,10862.34
2024,8,212420,6_a_10SM,deslig,73,10780.81
2024,8,212420,acima_10SM,adm,57,17035.06
2024,8,212420,acima_10SM,deslig,31,21998.12
2024,8,212420,ate_3SM,adm,957,2635.28
2024,8,212420,ate_3SM,deslig,977,2658.44
2024,8,212425,3_a_6SM,adm,9,6699.48
2024,8,212425,3_a_6SM,deslig,7,6607.68
2024,8,212425,6_a_10SM,adm,26,11869.07
2024,8,212425,6_a_10SM,deslig,22,11586.91
2024,8,212425,acima_10SM,adm,53,18548.68
2024,8,212425,acima_10SM,deslig,33,17745.41
2024,8,212425,ate_3SM,adm,3,2478.41
2024,8,212425,ate_3SM,deslig,6,3360.14
2024,8,212430,3_a_6SM,adm,69,6367.42
2024,8,212430,3_a_6SM,deslig,71,6331.31
2024,8,212430,6_a_10SM,adm,35,10676.88
2024,8,212430,6_a_10SM,deslig,24,10595.11
2024,8,212430,acima_10SM,adm,2,17250.0
2024,8,212430,acima_10SM,deslig,5,15857.84
2024,8,212430,ate_3SM,adm,40,3003.76
2024,8,212430,ate_3SM,deslig,43,3175.15
2024,8,317105,3_a_6SM,adm,12,6604.1
2024,8,317105,3_a_6SM,deslig,15,6118.25
2024,8,317105,6_a_10SM,adm,8,10959.0
2024,8,317105,6_a_10SM,deslig,5,12359.13
2024,8,317105,acima_10SM,adm,4,18500.0
2024,8,317105,acima_10SM,deslig,8,15894.18
2024,8,317105,ate_3SM,adm,30,2519.63
2024,8,317105,ate_3SM,deslig,34,2710.41
2024,8,317110,3_a_6SM,adm,263,6162.95
2024,8,317110,3_a_6SM,deslig,253,6118.23
2024,8,317110,6_a_10SM,adm,224,10821.36
2024,8,317110,6_a_10SM,deslig,222,10624.42
2024,8,317110,acima_10SM,adm,62,17155.05
2024,8,317110,acima_10SM,deslig,86,17452.62
2024,8,317110,ate_3SM,adm,412,2701.85
2024,8,317110,ate_3SM,deslig,321,2909.49
2024,8,317115,3_a_6SM,adm,24,5713.45
2024,8,317115,3_a_6SM,deslig,29,5230.45
2024,8,317115,6_a_10SM,deslig,1,10480.8
2024,8,317115,ate_3SM,adm,36,3096.67
2024,8,317115,ate_3SM,deslig,43,3058.8
2024,8,317120,3_a_6SM,adm,7,6985.71
2024,8,317120,3_a_6SM,deslig,6,5575.39
2024,8,317120,6_a_10SM,adm,4,9125.0
2024,8,317120,6_a_10SM,deslig,1,8840.76
2024,8,317120,acima_10SM,adm,1,14800.0
2024,8,317120,acima_10SM,deslig,2,16777.0
2024,8,317120,ate_3SM,adm,9,2528.54
2024,8,317120,ate_3SM,deslig,17,2584.46
2024,8,317205,3_a_6SM,adm,6,5113.99
2024,8,317205,3_a_6SM,deslig,11,5876.78
2024,8,317205,6_a_10SM,adm,1,10000.0
2024,8,317205,6_a_10SM,deslig,1,9521.48
2024,8,317205,acima_10SM,deslig,1,15092.91
2024,8,317205,ate_3SM,adm,280,2117.72
2024,8,317205,ate_3SM,deslig,210,2187.14
2024,8,317210,3_a_6SM,adm,24,5391.38
2024,8,317210,3_a_6SM,deslig,34,5493.3
2024,8,317210,6_a_10SM,adm,4,11601.75
2024,8,317210,6_a_10SM,deslig,3,11779.0
2024,8,317210,acima_10SM,adm,2,45432.5
2024,8,317210,acima_10SM,deslig,2,20272.58
2024,8,317210,ate_3SM,adm,826,2284.11
2024,8,317210,ate_3SM,deslig,641,2218.4
2024,9,142505,3_a_6SM,adm,9,6013.72
2024,9,142505,3_a_6SM,deslig,7,6706.87
2024,9,142505,6_a_10SM,adm,13,11894.38
2024,9,142505,6_a_10SM,deslig,16,11686.49
2024,9,142505,acima_10SM,adm,32,22785.59
2024,9,142505,acima_10SM,deslig,33,21433.43
2024,9,142505,ate_3SM,adm,10,2943.2
2024,9,142505,ate_3SM,deslig,6,3388.86
2024,9,142510,3_a_6SM,adm,5,6117.2
2024,9,142510,3_a_6SM,deslig,17,6358.77
2024,9,142510,6_a_10SM,adm,28,11974.31
2024,9,142510,6_a_10SM,deslig,25,11836.05
2024,9,142510,acima_10SM,adm,101,22157.25
2024,9,142510,acima_10SM,deslig,120,23096.28
2024,9,142510,ate_3SM,adm,6,2710.4
2024,9,142510,ate_3SM,deslig,5,3331.71
2024,9,142515,3_a_6SM,adm,6,6233.33
2024,9,142515,3_a_6SM,deslig,9,6244.93
2024,9,142515,6_a_10SM,adm,11,11381.69
2024,9,142515,6_a_10SM,deslig,11,11886.03
2024,9,142515,acima_10SM,adm,35,23005.46
2024,9,142515,acima_10SM,deslig,43,23854.14
2024,9,142515,ate_3SM,adm,4,3133.03
2024,9,142515,ate_3SM,deslig,7,2977.8
2024,9,142520,3_a_6SM,adm,39,6496.85
2024,9,142520,3_a_6SM,deslig,63,6547.59
2024,9,142520,6_a_10SM,adm,111,11661.86
2024,9,142520,6_a_10SM,deslig,114,11479.18
2024,9,142520,acima_10SM,adm,144,23882.62
2024,9,142520,acima_10SM,deslig,143,21617.45
2024,9,142520,ate_3SM,adm,18,2956.4
2024,9,142520,ate_3SM,deslig,20,3348.88
2024,9,142525,6_a_10SM,adm,4,13827.55
2024,9,142525,6_a_10SM,deslig,4,12264.22
2024,9,142525,acima_10SM,adm,11,21597.4
2024,9,142525,acima_10SM,deslig,8,22184.21
2024,9,142530,3_a_6SM,adm,10,5931.49
2024,9,142530,3_a_6SM,deslig,27,6113.23
2024,9,142530,6_a_10SM,adm,12,11701.22
2024,9,142530,6_a_10SM,deslig,17,11310.27
2024,9,142530,acima_10SM,adm,15,21696.33
2024,9,142530,acima_10SM,deslig,17,23263.47
2024,9,142530,ate_3SM,adm,12,2579.65
2024,9,142530,ate_3SM,deslig,17,2768.84
2024,9,142535,3_a_6SM,adm,7,5352.84
2024,9,142535,3_a_6SM,deslig,17,6547.94
2024,9,142535,6_a_10SM,adm,12,11473.84
2024,9,142535,6_a_10SM,deslig,15,11060.96
2024,9,142535,acima_10SM,adm,6,20899.67
2024,9,142535,acima_10SM,deslig,13,17707.21
2024,9,142535,ate_3SM,adm,19,2536.45
2024,9,142535,ate_3SM,deslig,35,2556.77
2024,9,212305,3_a_6SM,adm,43,6574.1
2024,9,212305,3_a_6SM,deslig,41,6279.86
2024,9,212305,6_a_10SM,adm,50,11137.18
2024,9,212305,6_a_10SM,deslig,38,10938.1
2024,9,212305,acima_10SM,adm,31,21593.29
2024,9,212305,acima_10SM,deslig,23,18925.0
2024,9,212305,ate_3SM,adm,22,2805.67
2024,9,212305,ate_3SM,deslig,26,3052.31
2024,9,212310,3_a_6SM,adm,6,6027.32
2024,9,212310,3_a_6SM,deslig,9,5431.41
2024,9,212310,6_a_10SM,adm,5,11180.0
2024,9,212310,6_a_10SM,deslig,15,10741.91
2024,9,212310,acima_10SM,adm,6,17465.53
2024,9,212310,acima_10SM,deslig,6,16343.96
2024,9,212310,ate_3SM,adm,18,2751.27
2024,9,212310,ate_3SM,deslig,23,3053.52
2024,9,212315,3_a_6SM,adm,10,5591.14
2024,9,212315,3_a_6SM,deslig,12,5415.97
2024,9,212315,6_a_10SM,adm,15,10674.66
2024,9,212315,6_a_10SM,deslig,22,11432.22
2024,9,212315,acima_10SM,adm,21,18799.24
2024,9,212315,acima_10SM,deslig,20,17103.97
2024,9,212315,ate_3SM,adm,22,3108.46
2024,9,212315,ate_3SM,deslig,28,3015.97
2024,9,212320,3_a_6SM,adm,76,6344.63
2024,9,212320,3_a_6SM,deslig,49,6447.48
2024,9,212320,6_a_10SM,adm,58,11192.21
2024,9,212320,6_a_10SM,deslig,43,11252.45
2024,9,212320,acima_10SM,adm,29,19604.2
2024,9,212320,acima_10SM,deslig,23,18438.04
2024,9,212320,ate_3SM,adm,58,2889.48
2024,9,212320,ate_3SM,deslig,47,3124.35
2024,9,212405,3_a_6SM,adm,1219,6488.26
2024,9,212405,3_a_6SM,deslig,992,6331.63
2024,9,212405,6_a_10SM,adm,1212,10913.83
2024,9,212405,6_a_10SM,deslig,914,10849.91
2024,9,212405,acima_10SM,adm,455,17426.04
2024,9,212405,acima_10SM,deslig,356,21680.22
2024,9,212405,ate_3SM,adm,723,2964.9
2024,9,212405,ate_3SM,deslig,627,2995.09
2024,9,212410,3_a_6SM,adm,170,6051.87
2024,9,212410,3_a_6SM,deslig,163,5896.77
2024,9,212410,6_a_10SM,adm,82,10659.4
2024,9,212410,6_a_10SM,deslig,71,10313.0
2024,9,212410,acima_10SM,adm,37,17674.67
2024,9,212410,acima_10SM,deslig,22,17398.39
2024,9,212410,ate_3SM,adm,259,2867.32
2024,9,212410,ate_3SM,deslig,273,2956.64
2024,9,212415,3_a_6SM,adm,51,6098.07
2024,9,212415,3_a_6SM,deslig,41,6066.27
2024,9,212415,6_a_10SM,adm,10,11057.98
2024,9,212415,6_a_10SM,deslig,10,10235.11
2024,9,212415,acima_10SM,adm,1,14500.0
2024,9,212415,acima_10SM,deslig,7,23325.98
2024,9,212415,ate_3SM,adm,43,3219.14
2024,9,212415,ate_3SM,deslig,43,3165.8
2024,9,212420,3_a_6SM,adm,252,5736.77
2024,9,212420,3_a_6SM,deslig,238,5869.31
2024,9,212420,6_a_10SM,adm,81,10940.69
2024,9,212420,6_a_10SM,deslig,79,10681.7
2024,9,212420,acima_10SM,adm,55,32095.15
2024,9,212420,acima_10SM,deslig,27,18863.99
2024,9,212420,ate_3SM,adm,906,2674.13
2024,9,212420,ate_3SM,deslig,808,2655.07
2024,9,212425,3_a_6SM,adm,6,7213.83
2024,9,212425,3_a_6SM,deslig,4,6499.19
2024,9,212425,6_a_10SM,adm,31,10915.2
2024,9,212425,6_a_10SM,deslig,22,11285.97
2024,9,212425,acima_10SM,adm,89,25296.84
2024,9,212425,acima_10SM,deslig,45,19533.55
2024,9,212425,ate_3SM,adm,1,4000.0
2024,9,212425,ate_3SM,deslig,2,3088.39
2024,9,212430,3_a_6SM,adm,66,6465.03
2024,9,212430,3_a_6SM,deslig,60,6354.08
2024,9,212430,6_a_10SM,adm,53,10433.14
2024,9,212430,6_a_10SM,deslig,27,10949.62
2024,9,212430,acima_10SM,adm,7,18453.9
2024,9,212430,acima_10SM,deslig,4,16028.73
2024,9,212430,ate_3SM,adm,51,3042.73
2024,9,212430,ate_3SM,deslig,35,3006.01
2024,9,317105,3_a_6SM,adm,17,5212.17
2024,9,317105,3_a_6SM,deslig,15,5816.34
2024,9,317105,6_a_10SM,adm,29,11477.26
2024,9,317105,6_a_10SM,deslig,5,9960.23
2024,9,317105,acima_10SM,adm,12,16607.5
2024,9,317105,ate_3SM,adm,27,2736.22
2024,9,317105,ate_3SM,deslig,35,2707.57
2024,9,317110,3_a_6SM,adm,291,6224.45
2024,9,317110,3_a_6SM,deslig,283,6079.22
2024,9,317110,6_a_10SM,adm,227,11102.34
2024,9,317110,6_a_10SM,deslig,176,10765.88
2024,9,317110,acima_10SM,adm,60,17210.24
2024,9,317110,acima_10SM,deslig,71,18018.18
2024,9,317110,ate_3SM,adm,390,2717.82
2024,9,317110,ate_3SM,deslig,326,2919.06
2024,9,317115,3_a_6SM,adm,13,5267.05
2024,9,317115,3_a_6SM,deslig,21,5086.63
2024,9,317115,6_a_10SM,deslig,4,10659.04
2024,9,317115,ate_3SM,adm,38,3271.7
2024,9,317115,ate_3SM,deslig,42,3279.1
2024,9,317120,3_a_6SM,adm,3,6900.0
2024,9,317120,3_a_6SM,deslig,9,6351.44
2024,9,317120,6_a_10SM,adm,7,11400.0
2024,9,317120,6_a_10SM,deslig,1,12191.5
2024,9,317120,acima_10SM,adm,1,82520.63
2024,9,317120,acima_10SM,deslig,1,24000.0
2024,9,317120,ate_3SM,adm,13,2841.29
2024,9,317120,ate_3SM,deslig,13,2502.19
2024,9,317205,3_a_6SM,adm,1,5847.18
2024,9,317205,3_a_6SM,deslig,12,5859.67
2024,9,317205,6_a_10SM,adm,1,11000.0
2024,9,317205,6_a_10SM,deslig,8,10933.08
2024,9,317205,acima_10SM,deslig,5,17930.04
2024,9,317205,ate_3SM,adm,218,2050.3
2024,9,317205,ate_3SM,deslig,247,2067.68
2024,9,317210,3_a_6SM,adm,23,5432.54
2024,9,317210,3_a_6SM,deslig,27,5230.67
2024,9,317210,6_a_10SM,adm,5,9924.2
2024,9,317210,acima_10SM,deslig,2,16278.65
2024,9,317210,ate_3SM,adm,736,2249.11
2024,9,317210,ate_3SM,deslig,600,2295.29
2024,10,142505,3_a_6SM,adm,2,4900.0
2024,10,142505,3_a_6SM,deslig,10,6306.21
2024,10,142505,6_a_10SM,adm,8,10635.08
2024,10,142505,6_a_10SM,deslig,15,11318.94
2024,10,142505,acima_10SM,adm,36,24767.4
2024,10,142505,acima_10SM,deslig,34,22347.28
2024,10,142505,ate_3SM,adm,8,3047.26
2024,10,142505,ate_3SM,deslig,8,2900.37
2024,10,142510,3_a_6SM,adm,5,5896.0
2024,10,142510,3_a_6SM,deslig,18,6365.34
2024,10,142510,6_a_10SM,adm,29,11564.66
2024,10,142510,6_a_10SM,deslig,28,12045.61
2024,10,142510,acima_10SM,adm,143,22974.81
2024,10,142510,acima_10SM,deslig,145,22808.89
2024,10,142510,ate_3SM,adm,4,3559.14
2024,10,142510,ate_3SM,deslig,10,2918.46
2024,10,142515,3_a_6SM,adm,5,5336.24
2024,10,142515,3_a_6SM,deslig,8,6533.66
2024,10,142515,6_a_10SM,adm,9,10790.12
2024,10,142515,6_a_10SM,deslig,9,10625.12
2024,10,142515,acima_10SM,adm,36,23624.18
2024,10,142515,acima_10SM,deslig,31,23259.48
2024,10,142515,ate_3SM,adm,1,1798.0
2024,10,142515,ate_3SM,deslig,4,2717.98
2024,10,142520,3_a_6SM,adm,60,6485.73
2024,10,142520,3_a_6SM,deslig,80,6431.82
2024,10,142520,6_a_10SM,adm,103,11326.27
2024,10,142520,6_a_10SM,deslig,115,11499.29
2024,10,142520,acima_10SM,adm,134,22400.62
2024,10,142520,acima_10SM,deslig,157,21085.85
2024,10,142520,ate_3SM,adm,10,3010.58
2024,10,142520,ate_3SM,deslig,20,3152.19
2024,10,142525,3_a_6SM,adm,3,8033.33
2024,10,142525,6_a_10SM,adm,3,12027.01
2024,10,142525,6_a_10SM,deslig,7,11472.84
2024,10,142525,acima_10SM,adm,19,23191.16
2024,10,142525,acima_10SM,deslig,18,24089.8
2024,10,142530,3_a_6SM,adm,11,6283.01
2024,10,142530,3_a_6SM,deslig,27,5972.97
2024,10,142530,6_a_10SM,adm,11,12190.03
2024,10,142530,6_a_10SM,deslig,16,11934.8
2024,10,142530,acima_10SM,adm,14,22428.57
2024,10,142530,acima_10SM,deslig,26,23555.25
2024,10,142530,ate_3SM,adm,13,3087.46
2024,10,142530,ate_3SM,deslig,21,2924.36
2024,10,142535,3_a_6SM,adm,16,6517.48
2024,10,142535,3_a_6SM,deslig,19,6212.81
2024,10,142535,6_a_10SM,adm,10,12750.0
2024,10,142535,6_a_10SM,deslig,30,11152.79
2024,10,142535,acima_10SM,adm,9,16486.83
2024,10,142535,acima_10SM,deslig,12,18027.23
2024,10,142535,ate_3SM,adm,17,2516.55
2024,10,142535,ate_3SM,deslig,17,2819.57
2024,10,212305,3_a_6SM,adm,37,6207.83
2024,10,212305,3_a_6SM,deslig,27,6086.54
2024,10,212305,6_a_10SM,adm,58,10851.61
2024,10,212305,6_a_10SM,deslig,48,11469.77
2024,10,212305,acima_10SM,adm,21,18738.02
2024,10,212305,acima_10SM,deslig,14,16987.75
2024,10,212305,ate_3SM,adm,24,3073.46
2024,10,212305,ate_3SM,deslig,17,2920.37
2024,10,212310,3_a_6SM,adm,14,5550.27
2024,10,212310,3_a_6SM,deslig,11,5803.68
2024,10,212310,6_a_10SM,adm,14,11540.22
2024,10,212310,6_a_10SM,deslig,10,11183.57
2024,10,212310,acima_10SM,adm,5,20784.93
2024,10,212310,acima_10SM,deslig,11,19595.6
2024,10,212310,ate_3SM,adm,17,2845.19
2024,10,212310,ate_3SM,deslig,27,2831.61
2024,10,212315,3_a_6SM,adm,16,6357.09
2024,10,212315,3_a_6SM,deslig,20,5773.1
2024,10,212315,6_a_10SM,adm,17,11610.0
2024,10,212315,6_a_10SM,deslig,16,10567.54
2024,10,212315,acima_10SM,adm,16,17117.27
2024,10,212315,acima_10SM,deslig,16,18562.4
2024,10,212315,ate_3SM,adm,22,2977.7
2024,10,212315,ate_3SM,deslig,22,3244.11
2024,10,212320,3_a_6SM,adm,71,6383.89
2024,10,212320,3_a_6SM,deslig,51,6076.69
2024,10,212320,6_a_10SM,adm,60,11488.41
2024,10,212320,6_a_10SM,deslig,60,10805.78
2024,10,212320,acima_10SM,adm,15,18576.9
2024,10,212320,acima_10SM,deslig,26,19848.6
2024,10,212320,ate_3SM,adm,42,2877.25
2024,10,212320,ate_3SM,deslig,40,3293.15
2024,10,212405,3_a_6SM,adm,1179,6472.87
2024,10,212405,3_a_6SM,deslig,1059,6326.15
2024,10,212405,6_a_10SM,adm,1271,10958.85
2024,10,212405,6_a_10SM,deslig,950,10903.41
2024,10,212405,acima_10SM,adm,531,17127.94
2024,10,212405,acima_10SM,deslig,335,17613.02
2024,10,212405,ate_3SM,adm,665,3072.58
2024,10,212405,ate_3SM,deslig,643,2967.69
2024,10,212410,3_a_6SM,adm,154,5974.47
2024,10,212410,3_a_6SM,deslig,206,5903.61
2024,10,212410,6_a_10SM,adm,64,10907.73
2024,10,212410,6_a_10SM,deslig,78,10888.16
2024,10,212410,acima_10SM,adm,22,19760.49
2024,10,212410,acima_10SM,deslig,33,19497.06
2024,10,212410,ate_3SM,adm,232,2728.03
2024,10,212410,ate_3SM,deslig,217,2833.05
2024,10,212415,3_a_6SM,adm,45,6073.1
2024,10,212415,3_a_6SM,deslig,36,5706.59
2024,10,212415,6_a_10SM,adm,19,10165.16
2024,10,212415,6_a_10SM,deslig,11,11628.82
2024,10,212415,acima_10SM,adm,1,15500.0
2024,10,212415,acima_10SM,deslig,5,21531.21
2024,10,212415,ate_3SM,adm,26,3117.11
2024,10,212415,ate_3SM,deslig,50,3099.27
2024,10,212420,3_a_6SM,adm,241,5872.56
2024,10,212420,3_a_6SM,deslig,243,5759.89
2024,10,212420,6_a_10SM,adm,90,10856.82
2024,10,212420,6_a_10SM,deslig,73,10616.17
2024,10,212420,acima_10SM,adm,39,18074.95
2024,10,212420,acima_10SM,deslig,25,17519.94
2024,10,212420,ate_3SM,adm,918,2653.32
2024,10,212420,ate_3SM,deslig,906,2653.46
2024,10,212425,3_a_6SM,adm,7,6034.23
2024,10,212425,3_a_6SM,deslig,10,6764.73
2024,10,212425,6_a_10SM,adm,22,11598.8
2024,10,212425,6_a_10SM,deslig,27,11914.68
2024,10,212425,acima_10SM,adm,54,19866.96
2024,10,212425,acima_10SM,deslig,46,17850.37
2024,10,212425,ate_3SM,adm,3,2714.33
2024,10,212425,ate_3SM,deslig,5,3086.59
2024,10,212430,3_a_6SM,adm,87,6156.94
2024,10,212430,3_a_6SM,deslig,97,6329.32
2024,10,212430,6_a_10SM,adm,38,10394.6
2024,10,212430,6_a_10SM,deslig,32,10669.43
2024,10,212430,acima_10SM,adm,4,17125.0
2024,10,212430,acima_10SM,deslig,4,17462.29
2024,10,212430,ate_3SM,adm,50,3149.98
2024,10,212430,ate_3SM,deslig,49,3131.58
2024,10,317105,3_a_6SM,adm,15,5707.14
2024,10,317105,3_a_6SM,deslig,12,5860.78
2024,10,317105,6_a_10SM,adm,6,10688.24
2024,10,317105,6_a_10SM,deslig,6,12461.28
2024,10,317105,ate_3SM,adm,35,2548.23
2024,10,317105,ate_3SM,deslig,36,2677.11
2024,10,317110,3_a_6SM,adm,352,6228.55
2024,10,317110,3_a_6SM,deslig,267,6251.54
2024,10,317110,6_a_10SM,adm,261,10884.26
2024,10,317110,6_a_10SM,deslig,172,10884.91
2024,10,317110,acima_10SM,adm,84,17526.94
2024,10,317110,acima_10SM,deslig,58,18422.63
2024,10,317110,ate_3SM,adm,376,2744.03
2024,10,317110,ate_3SM,deslig,336,2878.14
2024,10,317115,3_a_6SM,adm,36,5427.09
2024,10,317115,3_a_6SM,deslig,29,5620.45
2024,10,317115,6_a_10SM,deslig,4,9561.04
2024,10,317115,ate_3SM,adm,30,3125.54
2024,10,317115,ate_3SM,deslig,53,3198.28
2024,10,317120,3_a_6SM,adm,8,6336.99
2024,10,317120,3_a_6SM,deslig,5,6214.85
2024,10,317120,6_a_10SM,adm,7,11385.71
2024,10,317120,6_a_10SM,deslig,2,11789.0
2024,10,317120,acima_10SM,adm,7,21177.3
2024,10,317120,acima_10SM,deslig,3,19967.27
2024,10,317120,ate_3SM,adm,11,2656.18
2024,10,317120,ate_3SM,deslig,16,2677.79
2024,10,317205,3_a_6SM,adm,4,5000.0
2024,10,317205,3_a_6SM,deslig,7,5384.63
2024,10,317205,6_a_10SM,adm,1,9250.02
2024,10,317205,6_a_10SM,deslig,3,11348.25
2024,10,317205,acima_10SM,adm,1,16000.0
2024,10,317205,ate_3SM,adm,185,2198.11
2024,10,317205,ate_3SM,deslig,222,2220.35
2024,10,317210,3_a_6SM,adm,30,5782.38
2024,10,317210,3_a_6SM,deslig,30,5200.61
2024,10,317210,6_a_10SM,adm,3,11107.33
2024,10,317210,6_a_10SM,deslig,4,11488.18
2024,10,317210,acima_10SM,adm,1,51812.5
2024,10,317210,acima_10SM,deslig,2,21316.15
2024,10,317210,ate_3SM,adm,861,2260.2
2024,10,317210,ate_3SM,deslig,609,2283.94
2024,11,142505,3_a_6SM,adm,4,5794.25
2024,11,142505,3_a_6SM,deslig,9,6906.12
2024,11,142505,6_a_10SM,adm,11,11622.53
2024,11,142505,6_a_10SM,deslig,9,11287.49
2024,11,142505,acima_10SM,adm,26,23998.99
2024,11,142505,acima_10SM,deslig,30,20922.21
2024,11,142505,ate_3SM,adm,7,2444.63
2024,11,142505,ate_3SM,deslig,6,2590.07
2024,11,142510,3_a_6SM,adm,10,6215.8
2024,11,142510,3_a_6SM,deslig,9,6637.57
2024,11,142510,6_a_10SM,adm,33,11307.79
2024,11,142510,6_a_10SM,deslig,20,11488.43
2024,11,142510,acima_10SM,adm,115,22032.21
2024,11,142510,acima_10SM,deslig,112,22690.62
2024,11,142510,ate_3SM,adm,3,3904.33
2024,11,142510,ate_3SM,deslig,2,2478.65
2024,11,142515,3_a_6SM,adm,3,6541.0
2024,11,142515,3_a_6SM,deslig,9,5758.68
2024,11,142515,6_a_10SM,adm,7,10826.14
2024,11,142515,6_a_10SM,deslig,6,11419.71
2024,11,142515,acima_10SM,adm,29,23901.51
2024,11,142515,acima_10SM,deslig,38,24555.77
2024,11,142515,ate_3SM,adm,3,2905.24
2024,11,142515,ate_3SM,deslig,4,3791.21
2024,11,142520,3_a_6SM,adm,40,6536.54
2024,11,142520,3_a_6SM,deslig,51,6492.08
2024,11,142520,6_a_10SM,adm,78,11458.44
2024,11,142520,6_a_10SM,deslig,106,11330.54
2024,11,142520,acima_10SM,adm,113,43906.84
2024,11,142520,acima_10SM,deslig,133,21709.46
2024,11,142520,ate_3SM,adm,9,3011.44
2024,11,142520,ate_3SM,deslig,13,2892.37
2024,11,142525,3_a_6SM,adm,1,8400.0
2024,11,142525,3_a_6SM,deslig,1,6000.0
2024,11,142525,6_a_10SM,adm,2,10669.36
2024,11,142525,6_a_10SM,deslig,2,9580.3
2024,11,142525,acima_10SM,adm,25,24010.45
2024,11,142525,acima_10SM,deslig,19,21579.52
2024,11,142525,ate_3SM,deslig,1,3500.0
2024,11,142530,3_a_6SM,adm,6,6416.67
2024,11,142530,3_a_6SM,deslig,18,5913.05
2024,11,142530,6_a_10SM,adm,9,11510.17
2024,11,142530,6_a_10SM,deslig,13,11384.64
2024,11,142530,acima_10SM,adm,18,21249.52
2024,11,142530,acima_10SM,deslig,26,23737.09
2024,11,142530,ate_3SM,adm,10,3118.0
2024,11,142530,ate_3SM,deslig,19,2897.63
2024,11,142535,3_a_6SM,adm,12,5608.97
2024,11,142535,3_a_6SM,deslig,23,6256.19
2024,11,142535,6_a_10SM,adm,13,11611.89
2024,11,142535,6_a_10SM,deslig,28,10947.3
2024,11,142535,acima_10SM,adm,5,16964.0
2024,11,142535,acima_10SM,deslig,13,17052.15
2024,11,142535,ate_3SM,adm,13,2668.84
2024,11,142535,ate_3SM,deslig,24,2564.06
2024,11,212305,3_a_6SM,adm,33,6400.4
2024,11,212305,3_a_6SM,deslig,26,6771.27
2024,11,212305,6_a_10SM,adm,58,10739.27
2024,11,212305,6_a_10SM,deslig,40,11156.35
2024,11,212305,acima_10SM,adm,25,16727.88
2024,11,212305,acima_10SM,deslig,21,16936.11
2024,11,212305,ate_3SM,adm,12,2628.27
2024,11,212305,ate_3SM,deslig,16,3315.72
2024,11,212310,3_a_6SM,adm,15,6122.95
2024,11,212310,3_a_6SM,deslig,16,6405.4
2024,11,212310,6_a_10SM,adm,7,11248.57
2024,11,212310,6_a_10SM,deslig,11,11085.97
2024,11,212310,acima_10SM,adm,2,15500.0
2024,11,212310,acima_10SM,deslig,7,17144.87
2024,11,212310,ate_3SM,adm,21,2950.01
2024,11,212310,ate_3SM,deslig,18,3014.54
2024,11,212315,3_a_6SM,adm,19,7035.32
2024,11,212315,3_a_6SM,deslig,24,6285.92
2024,11,212315,6_a_10SM,adm,18,11053.79
2024,11,212315,6_a_10SM,deslig,20,11265.56
2024,11,212315,acima_10SM,adm,20,19053.35
2024,11,212315,acima_10SM,deslig,21,19547.47
2024,11,212315,ate_3SM,adm,19,2620.34
2024,11,212315,ate_3SM,deslig,23,2722.63
2024,11,212320,3_a_6SM,adm,59,6353.53
2024,11,212320,3_a_6SM,deslig,50,6404.13
2024,11,212320,6_a_10SM,adm,45,10887.82
2024,11,212320,6_a_10SM,deslig,53,11113.6
2024,11,212320,acima_10SM,adm,22,16192.44
2024,11,212320,acima_10SM,deslig,16,18064.82
2024,11,212320,ate_3SM,adm,34,3092.05
2024,11,212320,ate_3SM,deslig,35,3249.86
2024,11,212405,3_a_6SM,adm,993,6417.77
2024,11,212405,3_a_6SM,deslig,860,6317.86
2024,11,212405,6_a_10SM,adm,1013,10989.08
2024,11,212405,6_a_10SM,deslig,760,10956.24
2024,11,212405,acima_10SM,adm,352,17874.15
2024,11,212405,acima_10SM,deslig,316,17771.44
2024,11,212405,ate_3SM,adm,648,3018.07
2024,11,212405,ate_3SM,deslig,519,3034.39
2024,11,212410,3_a_6SM,adm,169,6113.38
2024,11,212410,3_a_6SM,deslig,174,6030.51
2024,11,212410,6_a_10SM,adm,82,10665.35
2024,11,212410,6_a_10SM,deslig,64,10702.89
2024,11,212410,acima_10SM,adm,27,18319.08
2024,11,212410,acima_10SM,deslig,31,19322.53
2024,11,212410,ate_3SM,adm,192,2835.43
2024,11,212410,ate_3SM,deslig,207,2915.3
2024,11,212415,3_a_6SM,adm,54,6045.66
2024,11,212415,3_a_6SM,deslig,39,6095.71
2024,11,212415,6_a_10SM,adm,11,10629.04
2024,11,212415,6_a_10SM,deslig,11,9800.74
2024,11,212415,acima_10SM,adm,5,17269.89
2024,11,212415,ate_3SM,adm,39,2908.35
2024,11,212415,ate_3SM,deslig,23,3372.84
2024,11,212420,3_a_6SM,adm,186,5965.89
2024,11,212420,3_a_6SM,deslig,214,5805.65
2024,11,212420,6_a_10SM,adm,52,10677.59
2024,11,212420,6_a_10SM,deslig,76,10378.19
2024,11,212420,acima_10SM,adm,20,39953.22
2024,11,212420,acima_10SM,deslig,21,21218.18
2024,11,212420,ate_3SM,adm,865,2657.82
2024,11,212420,ate_3SM,deslig,741,2652.93
2024,11,212425,3_a_6SM,adm,12,6385.0
2024,11,212425,3_a_6SM,deslig,6,6593.94
2024,11,212425,6_a_10SM,adm,27,11110.37
2024,11,212425,6_a_10SM,deslig,22,10942.03
2024,11,212425,acima_10SM,adm,56,20351.27
2024,11,212425,acima_10SM,deslig,39,18610.19
2024,11,212425,ate_3SM,adm,3,2796.33
2024,11,212425,ate_3SM,deslig,2,3090.0
2024,11,212430,3_a_6SM,adm,64,6279.59
2024,11,212430,3_a_6SM,deslig,60,6307.09
2024,11,212430,6_a_10SM,adm,27,10235.41
2024,11,212430,6_a_10SM,deslig,18,10645.69
2024,11,212430,acima_10SM,deslig,4,16090.82
2024,11,212430,ate_3SM,adm,50,2923.85
2024,11,212430,ate_3SM,deslig,37,3144.22
2024,11,317105,3_a_6SM,adm,15,5540.09
2024,11,317105,3_a_6SM,deslig,12,6034.02
2024,11,317105,6_a_10SM,adm,5,10133.05
2024,11,317105,6_a_10SM,deslig,5,12074.68
2024,11,317105,acima_10SM,adm,1,16000.0
2024,11,317105,acima_10SM,deslig,6,16085.87
2024,11,317105,ate_3SM,adm,32,2540.55
2024,11,317105,ate_3SM,deslig,30,2787.49
2024,11,317110,3_a_6SM,adm,270,6263.57
2024,11,317110,3_a_6SM,deslig,215,6347.02
2024,11,317110,6_a_10SM,adm,205,10875.77
2024,11,317110,6_a_10SM,deslig,159,11031.32
2024,11,317110,acima_10SM,adm,53,17907.71
2024,11,317110,acima_10SM,deslig,62,19146.21
2024,11,317110,ate_3SM,adm,381,2693.98
2024,11,317110,ate_3SM,deslig,310,2801.15
2024,11,317115,3_a_6SM,adm,17,5154.82
2024,11,317115,3_a_6SM,deslig,13,5658.21
2024,11,317115,6_a_10SM,adm,1,13241.0
2024,11,317115,6_a_10SM,deslig,3,10350.97
2024,11,317115,ate_3SM,adm,22,3248.51
2024,11,317115,ate_3SM,deslig,32,3163.78
2024,11,317120,3_a_6SM,adm,5,7108.4
2024,11,317120,3_a_6SM,deslig,6,5808.59
2024,11,317120,6_a_10SM,adm,7,11742.86
2024,11,317120,acima_10SM,adm,3,16000.0
2024,11,317120,acima_10SM,deslig,2,20798.5
2024,11,317120,ate_3SM,adm,10,2555.3
2024,11,317120,ate_3SM,deslig,11,2818.15
2024,11,317205,3_a_6SM,adm,6,6113.12
2024,11,317205,3_a_6SM,deslig,9,4878.78
2024,11,317205,6_a_10SM,deslig,2,9852.94
2024,11,317205,acima_10SM,adm,1,15000.0
2024,11,317205,acima_10SM,deslig,2,15948.0
2024,11,317205,ate_3SM,adm,168,2170.13
2024,11,317205,ate_3SM,deslig,180,2172.91
2024,11,317210,3_a_6SM,adm,38,5580.29
2024,11,317210,3_a_6SM,deslig,42,5129.78
2024,11,317210,6_a_10SM,adm,5,11026.18
2024,11,317210,6_a_10SM,deslig,2,11473.0
2024,11,317210,acima_10SM,adm,1,19953.85
2024,11,317210,acima_10SM,deslig,2,20253.52
2024,11,317210,ate_3SM,adm,659,2269.55
2024,11,317210,ate_3SM,deslig,516,2293.11
2024,12,142505,3_a_6SM,adm,6,6750.0
2024,12,142505,3_a_6SM,deslig,4,5691.31
2024,12,142505,6_a_10SM,adm,10,11879.41
2024,12,142505,6_a_10SM,deslig,5,12105.39
2024,12,142505,acima_10SM,adm,18,26465.35
2024,12,142505,acima_10SM,deslig,22,22955.54
2024,12,142505,ate_3SM,adm,15,2913.95
2024,12,142505,ate_3SM,deslig,6,2974.2
2024,12,142510,3_a_6SM,adm,5,7162.0
2024,12,142510,3_a_6SM,deslig,8,6476.04
2024,12,142510,6_a_10SM,adm,13,12097.56
2024,12,142510,6_a_10SM,deslig,22,11489.66
2024,12,142510,acima_10SM,adm,100,24710.31
2024,12,142510,acima_10SM,deslig,103,23299.07
2024,12,142510,ate_3SM,adm,7,3254.05
2024,12,142510,ate_3SM,deslig,3,3658.75
2024,12,142515,3_a_6SM,adm,6,6533.33
2024,12,142515,3_a_6SM,deslig,12,6673.29
2024,12,142515,6_a_10SM,adm,4,10630.74
2024,12,142515,6_a_10SM,deslig,8,10591.65
2024,12,142515,acima_10SM,adm,22,26428.08
2024,12,142515,acima_10SM,deslig,29,22476.33
2024,12,142515,ate_3SM,adm,1,3800.0
2024,12,142515,ate_3SM,deslig,5,2891.43
2024,12,142520,3_a_6SM,adm,33,6798.13
2024,12,142520,3_a_6SM,deslig,30,6395.31
2024,12,142520,6_a_10SM,adm,60,11580.53
2024,12,142520,6_a_10SM,deslig,87,11240.82
2024,12,142520,acima_10SM,adm,83,22564.84
2024,12,142520,acima_10SM,deslig,138,22678.96
2024,12,142520,ate_3SM,adm,10,2727.07
2024,12,142520,ate_3SM,deslig,7,2651.11
2024,12,142525,3_a_6SM,adm,3,6750.0
2024,12,142525,3_a_6SM,deslig,5,5610.28
2024,12,142525,6_a_10SM,adm,1,14000.0
2024,12,142525,6_a_10SM,deslig,5,12371.82
2024,12,142525,acima_10SM,adm,11,19964.43
2024,12,142525,acima_10SM,deslig,11,22717.77
2024,12,142525,ate_3SM,adm,1,2500.0
2024,12,142530,3_a_6SM,adm,8,6702.67
2024,12,142530,3_a_6SM,deslig,15,6773.2
2024,12,142530,6_a_10SM,adm,7,10298.43
2024,12,142530,6_a_10SM,deslig,14,11145.67
2024,12,142530,acima_10SM,adm,10,27221.86
2024,12,142530,acima_10SM,deslig,17,22188.15
2024,12,142530,ate_3SM,adm,10,3346.78
2024,12,142530,ate_3SM,deslig,13,3029.36
2024,12,142535,3_a_6SM,adm,5,6377.75
2024,12,142535,3_a_6SM,deslig,21,5813.14
2024,12,142535,6_a_10SM,adm,8,11230.24
2024,12,142535,6_a_10SM,deslig,11,10553.45
2024,12,142535,acima_10SM,adm,5,18000.0
2024,12,142535,acima_10SM,deslig,8,18801.9
2024,12,142535,ate_3SM,adm,9,3001.3
2024,12,142535,ate_3SM,deslig,8,2855.84
2024,12,212305,3_a_6SM,adm,23,6614.23
2024,12,212305,3_a_6SM,deslig,17,5789.9
2024,12,212305,6_a_10SM,adm,32,11317.99
2024,12,212305,6_a_10SM,deslig,30,10994.03
2024,12,212305,acima_10SM,adm,20,22650.16
2024,12,212305,acima_10SM,deslig,16,17939.4
2024,12,212305,ate_3SM,adm,15,2946.48
2024,12,212305,ate_3SM,deslig,21,2687.18
2024,12,212310,3_a_6SM,adm,8,6343.34
2024,12,212310,3_a_6SM,deslig,15,6029.93
2024,12,212310,6_a_10SM,adm,9,11304.94
2024,12,212310,6_a_10SM,deslig,11,11396.38
2024,12,212310,acima_10SM,adm,5,26288.88
2024,12,212310,acima_10SM,deslig,3,16432.47
2024,12,212310,ate_3SM,adm,5,3025.02
2024,12,212310,ate_3SM,deslig,11,3221.53
2024,12,212315,3_a_6SM,adm,15,6092.58
2024,12,212315,3_a_6SM,deslig,14,6369.07
2024,12,212315,6_a_10SM,adm,16,11856.43
2024,12,212315,6_a_10SM,deslig,14,11321.88
2024,12,212315,acima_10SM,adm,16,17343.39
2024,12,212315,acima_10SM,deslig,14,18706.55
2024,12,212315,ate_3SM,adm,26,2896.67
2024,12,212315,ate_3SM,deslig,23,2549.4
2024,12,212320,3_a_6SM,adm,46,6414.63
2024,12,212320,3_a_6SM,deslig,48,6241.8
2024,12,212320,6_a_10SM,adm,52,11304.22
2024,12,212320,6_a_10SM,deslig,39,11046.55
2024,12,212320,acima_10SM,adm,29,17385.95
2024,12,212320,acima_10SM,deslig,19,17789.23
2024,12,212320,ate_3SM,adm,34,2937.18
2024,12,212320,ate_3SM,deslig,28,3154.72
2024,12,212405,3_a_6SM,adm,672,6343.52
2024,12,212405,3_a_6SM,deslig,702,6314.82
2024,12,212405,6_a_10SM,adm,691,10960.09
2024,12,212405,6_a_10SM,deslig,668,10969.1
2024,12,212405,acima_10SM,adm,286,18881.88
2024,12,212405,acima_10SM,deslig,275,18782.6
2024,12,212405,ate_3SM,adm,540,3002.93
2024,12,212405,ate_3SM,deslig,449,3052.71
2024,12,212410,3_a_6SM,adm,120,6057.81
2024,12,212410,3_a_6SM,deslig,120,6095.02
2024,12,212410,6_a_10SM,adm,75,10569.5
2024,12,212410,6_a_10SM,deslig,69,10536.39
2024,12,212410,acima_10SM,adm,32,19154.49
2024,12,212410,acima_10SM,deslig,22,17384.09
2024,12,212410,ate_3SM,adm,135,2890.72
2024,12,212410,ate_3SM,deslig,171,2904.24
2024,12,212415,3_a_6SM,adm,25,5969.42
2024,12,212415,3_a_6SM,deslig,36,5925.09
2024,12,212415,6_a_10SM,adm,13,10842.49
2024,12,212415,6_a_10SM,deslig,11,10060.28
2024,12,212415,acima_10SM,adm,3,16339.22
2024,12,212415,acima_10SM,deslig,4,16322.22
2024,12,212415,ate_3SM,adm,35,3333.16
2024,12,212415,ate_3SM,deslig,30,3047.02
2024,12,212420,3_a_6SM,adm,170,5992.35
2024,12,212420,3_a_6SM,deslig,250,5519.93
2024,12,212420,6_a_10SM,adm,55,11229.33
2024,12,212420,6_a_10SM,deslig,55,10567.15
2024,12,212420,acima_10SM,adm,24,19004.8
2024,12,212420,acima_10SM,deslig,19,18082.96
2024,12,212420,ate_3SM,adm,659,2655.88
2024,12,212420,ate_3SM,deslig,950,2682.95
2024,12,212425,3_a_6SM,adm,3,6566.67
2024,12,212425,3_a_6SM,deslig,7,6601.05
2024,12,212425,6_a_10SM,adm,17,12028.62
2024,12,212425,6_a_10SM,deslig,17,11991.9
2024,12,212425,acima_10SM,adm,38,22977.27
2024,12,212425,acima_10SM,deslig,37,21043.88
2024,12,212425,ate_3SM,adm,2,3100.0
2024,12,212425,ate_3SM,deslig,4,3494.09
2024,12,212430,3_a_6SM,adm,46,6125.13
2024,12,212430,3_a_6SM,deslig,49,6278.79
2024,12,212430,6_a_10SM,adm,26,10334.15
2024,12,212430,6_a_10SM,deslig,21,10482.89
2024,12,212430,acima_10SM,adm,1,21810.89
2024,12,212430,acima_10SM,deslig,4,16459.35
2024,12,212430,ate_3SM,adm,29,2758.04
2024,12,212430,ate_3SM,deslig,31,3097.71
2024,12,317105,3_a_6SM,adm,3,6000.0
2024,12,317105,3_a_6SM,deslig,16,5856.71
2024,12,317105,6_a_10SM,adm,4,11558.5
2024,12,317105,6_a_10SM,deslig,7,11510.83
2024,12,317105,acima_10SM,adm,1,16000.0
2024,12,317105,acima_10SM,deslig,1,32308.8
2024,12,317105,ate_3SM,adm,15,2855.78
2024,12,317105,ate_3SM,deslig,26,2787.36
2024,12,317110,3_a_6SM,adm,186,6328.83
2024,12,317110,3_a_6SM,deslig,178,6233.23
2024,12,317110,6_a_10SM,adm,129,11256.59
2024,12,317110,6_a_10SM,deslig,142,10711.62
2024,12,317110,acima_10SM,adm,50,22903.66
2024,12,317110,acima_10SM,deslig,50,18542.49
2024,12,317110,ate_3SM,adm,280,2738.8
2024,12,317110,ate_3SM,deslig,224,2757.5
2024,12,317115,3_a_6SM,adm,15,5856.18
2024,12,317115,3_a_6SM,deslig,20,5526.29
2024,12,317115,acima_10SM,deslig,1,14437.11
2024,12,317115,ate_3SM,adm,14,3309.78
2024,12,317115,ate_3SM,deslig,27,3222.46
2024,12,317120,3_a_6SM,adm,5,6048.36
2024,12,317120,3_a_6SM,deslig,3,5320.2
2024,12,317120,6_a_10SM,adm,5,10220.0
2024,12,317120,6_a_10SM,deslig,4,11188.45
2024,12,317120,acima_10SM,adm,3,20595.85
2024,12,317120,acima_10SM,deslig,2,16734.74
2024,12,317120,ate_3SM,adm,5,2803.17
2024,12,317120,ate_3SM,deslig,5,2358.69
2024,12,317205,3_a_6SM,adm,6,5812.34
2024,12,317205,3_a_6SM,deslig,6,5823.6
2024,12,317205,6_a_10SM,adm,2,9859.83
2024,12,317205,6_a_10SM,deslig,3,11151.81
2024,12,317205,acima_10SM,deslig,1,611829.0
2024,12,317205,ate_3SM,adm,155,2133.47
2024,12,317205,ate_3SM,deslig,149,2294.38
2024,12,317210,3_a_6SM,adm,23,5363.36
2024,12,317210,3_a_6SM,deslig,14,5484.34
2024,12,317210,6_a_10SM,adm,4,9375.0
2024,12,317210,6_a_10SM,deslig,1,10708.33
2024,12,317210,acima_10SM,deslig,2,21604.17
2024,12,317210,ate_3SM,adm,595,2289.92
2024,12,317210,ate_3SM,deslig,496,2302.45
2025,1,142505,3_a_6SM,adm,9,7081.45
2025,1,142505,3_a_6SM,deslig,15,6588.09
2025,1,142505,6_a_10SM,adm,17,12542.75
2025,1,142505,6_a_10SM,deslig,22,12607.86
2025,1,142505,acima_10SM,adm,21,23982.84
2025,1,142505,acima_10SM,deslig,41,23228.55
2025,1,142505,ate_3SM,adm,10,3241.17
2025,1,142505,ate_3SM,deslig,14,2603.13
2025,1,142510,3_a_6SM,adm,16,7282.42
2025,1,142510,3_a_6SM,deslig,13,6860.84
2025,1,142510,6_a_10SM,adm,30,12805.18
2025,1,142510,6_a_10SM,deslig,48,13192.31
2025,1,142510,acima_10SM,adm,110,25230.65
2025,1,142510,acima_10SM,deslig,206,22379.64
2025,1,142510,ate_3SM,adm,3,3500.0
2025,1,142510,ate_3SM,deslig,8,1322.09
2025,1,142515,3_a_6SM,adm,8,7437.5
2025,1,142515,3_a_6SM,deslig,14,6827.21
2025,1,142515,6_a_10SM,adm,10,11371.77
2025,1,142515,6_a_10SM,deslig,14,11594.43
2025,1,142515,acima_10SM,adm,22,27211.96
2025,1,142515,acima_10SM,deslig,47,24018.22
2025,1,142515,ate_3SM,adm,5,3938.71
2025,1,142515,ate_3SM,deslig,7,2262.8
2025,1,142520,3_a_6SM,adm,52,7357.82
2025,1,142520,3_a_6SM,deslig,70,6862.81
2025,1,142520,6_a_10SM,adm,82,12245.98
2025,1,142520,6_a_10SM,deslig,158,12052.52
2025,1,142520,acima_10SM,adm,121,23265.59
2025,1,142520,acima_10SM,deslig,128,22628.9
2025,1,142520,ate_3SM,adm,20,3206.95
2025,1,142520,ate_3SM,deslig,26,2840.7
2025,1,142525,3_a_6SM,adm,2,7561.2
2025,1,142525,3_a_6SM,deslig,4,7980.3
2025,1,142525,6_a_10SM,adm,4,12169.75
2025,1,142525,6_a_10SM,deslig,9,12133.21
2025,1,142525,acima_10SM,adm,9,24842.18
2025,1,142525,acima_10SM,deslig,11,22315.15
2025,1,142525,ate_3SM,adm,1,3173.01
2025,1,142525,ate_3SM,deslig,3,2852.59
2025,1,142530,3_a_6SM,adm,14,6834.29
2025,1,142530,3_a_6SM,deslig,22,6717.16
2025,1,142530,6_a_10SM,adm,12,12283.5
2025,1,142530,6_a_10SM,deslig,27,11645.24
2025,1,142530,acima_10SM,adm,10,20893.3
2025,1,142530,acima_10SM,deslig,18,21810.12
2025,1,142530,ate_3SM,adm,7,2882.4
2025,1,142530,ate_3SM,deslig,15,3240.24
2025,1,142535,3_a_6SM,adm,5,5424.83
2025,1,142535,3_a_6SM,deslig,15,6303.5
2025,1,142535,6_a_10SM,adm,12,11913.88
2025,1,142535,6_a_10SM,deslig,17,11337.07
2025,1,142535,acima_10SM,adm,4,19389.25
2025,1,142535,acima_10SM,deslig,11,19436.32
2025,1,142535,ate_3SM,adm,17,3069.74
2025,1,142535,ate_3SM,deslig,27,3023.26
2025,1,212305,3_a_6SM,adm,43,7160.66
2025,1,212305,3_a_6SM,deslig,45,6784.57
2025,1,212305,6_a_10SM,adm,49,11889.33
2025,1,212305,6_a_10SM,deslig,50,11604.16
2025,1,212305,acima_10SM,adm,15,22705.68
2025,1,212305,acima_10SM,deslig,24,18598.6
2025,1,212305,ate_3SM,adm,20,3332.49
2025,1,212305,ate_3SM,deslig,13,2905.58
2025,1,212310,3_a_6SM,adm,7,6815.13
2025,1,212310,3_a_6SM,deslig,21,6910.97
2025,1,212310,6_a_10SM,adm,11,12445.36
2025,1,212310,6_a_10SM,deslig,12,11915.43
2025,1,212310,acima_10SM,adm,6,24574.37
2025,1,212310,acima_10SM,deslig,1,15277.0
2025,1,212310,ate_3SM,adm,26,3185.52
2025,1,212310,ate_3SM,deslig,20,3102.41
2025,1,212315,3_a_6SM,adm,12,7073.76
2025,1,212315,3_a_6SM,deslig,20,6951.6
2025,1,212315,6_a_10SM,adm,23,12166.71
2025,1,212315,6_a_10SM,deslig,23,12015.56
2025,1,212315,acima_10SM,adm,8,19196.88
2025,1,212315,acima_10SM,deslig,20,18972.8
2025,1,212315,ate_3SM,adm,26,2787.4
2025,1,212315,ate_3SM,deslig,21,2850.77
2025,1,212320,3_a_6SM,adm,32,7149.77
2025,1,212320,3_a_6SM,deslig,61,6661.6
2025,1,212320,6_a_10SM,adm,39,12216.58
2025,1,212320,6_a_10SM,deslig,62,12060.2
2025,1,212320,acima_10SM,adm,10,20133.04
2025,1,212320,acima_10SM,deslig,24,19396.31
2025,1,212320,ate_3SM,adm,43,3180.3
2025,1,212320,ate_3SM,deslig,34,3052.46
2025,1,212405,3_a_6SM,adm,1055,6786.8
2025,1,212405,3_a_6SM,deslig,1045,6799.41
2025,1,212405,6_a_10SM,adm,861,11870.33
2025,1,212405,6_a_10SM,deslig,922,11691.21
2025,1,212405,acima_10SM,adm,282,19533.92
2025,1,212405,acima_10SM,deslig,284,18909.07
2025,1,212405,ate_3SM,adm,981,3123.25
2025,1,212405,ate_3SM,deslig,742,3055.81
2025,1,212410,3_a_6SM,adm,190,6245.6
2025,1,212410,3_a_6SM,deslig,152,6455.09
2025,1,212410,6_a_10SM,adm,78,11663.12
2025,1,212410,6_a_10SM,deslig,56,11598.06
2025,1,212410,acima_10SM,adm,32,21074.98
2025,1,212410,acima_10SM,deslig,21,19332.62
2025,1,212410,ate_3SM,adm,275,3009.78
2025,1,212410,ate_3SM,deslig,242,3003.97
2025,1,212415,3_a_6SM,adm,39,6346.05
2025,1,212415,3_a_6SM,deslig,48,6750.03
2025,1,212415,6_a_10SM,adm,12,11725.25
2025,1,212415,6_a_10SM,deslig,12,11017.56
2025,1,212415,acima_10SM,adm,6,19416.67
2025,1,212415,acima_10SM,deslig,1,20471.99
2025,1,212415,ate_3SM,adm,32,3134.81
2025,1,212415,ate_3SM,deslig,40,3197.67
2025,1,212420,3_a_6SM,adm,186,6385.98
2025,1,212420,3_a_6SM,deslig,221,6357.06
2025,1,212420,6_a_10SM,adm,66,10877.2
2025,1,212420,6_a_10SM,deslig,71,11347.36
2025,1,212420,acima_10SM,adm,20,27319.06
2025,1,212420,acima_10SM,deslig,15,18737.22
2025,1,212420,ate_3SM,adm,857,2623.73
2025,1,212420,ate_3SM,deslig,893,2734.65
2025,1,212425,3_a_6SM,adm,25,7248.33
2025,1,212425,3_a_6SM,deslig,12,6550.01
2025,1,212425,6_a_10SM,adm,33,12240.28
2025,1,212425,6_a_10SM,deslig,30,12898.86
2025,1,212425,acima_10SM,adm,42,23543.8
2025,1,212425,acima_10SM,deslig,61,21571.24
2025,1,212425,ate_3SM,adm,6,3810.5
2025,1,212425,ate_3SM,deslig,5,2077.05
2025,1,212430,3_a_6SM,adm,46,6714.93
2025,1,212430,3_a_6SM,deslig,78,6750.07
2025,1,212430,6_a_10SM,adm,12,11164.53
2025,1,212430,6_a_10SM,deslig,33,11243.37
2025,1,212430,acima_10SM,adm,2,16850.0
2025,1,212430,acima_10SM,deslig,2,16903.91
2025,1,212430,ate_3SM,adm,58,3122.65
2025,1,212430,ate_3SM,deslig,47,3183.08
2025,1,317105,3_a_6SM,adm,4,5347.26
2025,1,317105,3_a_6SM,deslig,18,6843.23
2025,1,317105,6_a_10SM,adm,6,11588.7
2025,1,317105,6_a_10SM,deslig,4,9861.51
2025,1,317105,acima_10SM,adm,2,21250.0
2025,1,317105,acima_10SM,deslig,4,20616.74
2025,1,317105,ate_3SM,adm,48,2451.59
2025,1,317105,ate_3SM,deslig,36,2930.61
2025,1,317110,3_a_6SM,adm,301,6703.55
2025,1,317110,3_a_6SM,deslig,246,6660.92
2025,1,317110,6_a_10SM,adm,164,11580.09
2025,1,317110,6_a_10SM,deslig,172,11737.48
2025,1,317110,acima_10SM,adm,43,33776.24
2025,1,317110,acima_10SM,deslig,41,43318.8
2025,1,317110,ate_3SM,adm,478,2650.32
2025,1,317110,ate_3SM,deslig,348,2962.56
2025,1,317115,3_a_6SM,adm,18,6307.87
2025,1,317115,3_a_6SM,deslig,19,5313.75
2025,1,317115,6_a_10SM,adm,2,9966.0
2025,1,317115,ate_3SM,adm,41,3446.85
2025,1,317115,ate_3SM,deslig,34,3308.6
2025,1,317120,3_a_6SM,adm,3,7433.33
2025,1,317120,3_a_6SM,deslig,7,6259.61
2025,1,317120,6_a_10SM,adm,4,12850.0
2025,1,317120,6_a_10SM,deslig,3,12386.14
2025,1,317120,acima_10SM,adm,1,30000.0
2025,1,317120,acima_10SM,deslig,1,25533.0
2025,1,317120,ate_3SM,adm,10,2472.42
2025,1,317120,ate_3SM,deslig,6,2799.12
2025,1,317205,3_a_6SM,adm,10,6249.84
2025,1,317205,3_a_6SM,deslig,9,5882.09
2025,1,317205,6_a_10SM,adm,1,9303.64
2025,1,317205,6_a_10SM,deslig,2,14053.15
2025,1,317205,ate_3SM,adm,195,2103.92
2025,1,317205,ate_3SM,deslig,164,2282.24
2025,1,317210,3_a_6SM,adm,31,6222.99
2025,1,317210,3_a_6SM,deslig,30,5807.24
2025,1,317210,6_a_10SM,adm,4,14250.0
2025,1,317210,6_a_10SM,deslig,7,11034.51
2025,1,317210,acima_10SM,adm,3,18253.29
2025,1,317210,acima_10SM,deslig,3,18236.74
2025,1,317210,ate_3SM,adm,736,2245.62
2025,1,317210,ate_3SM,deslig,670,2313.57
2025,2,142505,3_a_6SM,adm,8,6936.32
2025,2,142505,3_a_6SM,deslig,12,7725.99
2025,2,142505,6_a_10SM,adm,6,11450.44
2025,2,142505,6_a_10SM,deslig,14,12011.87
2025,2,142505,acima_10SM,adm,22,23425.45
2025,2,142505,acima_10SM,deslig,36,22518.51
2025,2,142505,ate_3SM,adm,9,3206.33
2025,2,142505,ate_3SM,deslig,10,2849.81
2025,2,142510,3_a_6SM,adm,14,7017.5
2025,2,142510,3_a_6SM,deslig,12,6861.34
2025,2,142510,6_a_10SM,adm,23,12851.06
2025,2,142510,6_a_10SM,deslig,32,13030.06
2025,2,142510,acima_10SM,adm,80,24802.78
2025,2,142510,acima_10SM,deslig,146,23641.67
2025,2,142510,ate_3SM,adm,12,3731.21
2025,2,142510,ate_3SM,deslig,8,2699.46
2025,2,142515,3_a_6SM,adm,2,8500.0
2025,2,142515,3_a_6SM,deslig,10,7351.85
2025,2,142515,6_a_10SM,adm,11,12578.55
2025,2,142515,6_a_10SM,deslig,15,12307.74
2025,2,142515,acima_10SM,adm,21,25858.52
2025,2,142515,acima_10SM,deslig,36,23814.77
2025,2,142515,ate_3SM,adm,5,2287.75
2025,2,142515,ate_3SM,deslig,5,3653.62
2025,2,142520,3_a_6SM,adm,55,6848.54
2025,2,142520,3_a_6SM,deslig,61,6810.14
2025,2,142520,6_a_10SM,adm,86,12334.92
2025,2,142520,6_a_10SM,deslig,132,12247.0
2025,2,142520,acima_10SM,adm,106,23097.76
2025,2,142520,acima_10SM,deslig,176,23306.86
2025,2,142520,ate_3SM,adm,24,3026.37
2025,2,142520,ate_3SM,deslig,24,3243.08
2025,2,142525,3_a_6SM,adm,2,8350.0
2025,2,142525,3_a_6SM,deslig,5,7700.45
2025,2,142525,6_a_10SM,adm,3,12536.74
2025,2,142525,6_a_10SM,deslig,3,11583.82
2025,2,142525,acima_10SM,adm,9,27025.36
2025,2,142525,acima_10SM,deslig,19,25321.41
2025,2,142525,ate_3SM,deslig,1,3451.03
2025,2,142530,3_a_6SM,adm,13,6618.5
2025,2,142530,3_a_6SM,deslig,16,6012.9
2025,2,142530,6_a_10SM,adm,13,11933.15
2025,2,142530,6_a_10SM,deslig,20,12455.37
2025,2,142530,acima_10SM,adm,13,21989.83
2025,2,142530,acima_10SM,deslig,27,22115.42
2025,2,142530,ate_3SM,adm,13,3423.53
2025,2,142530,ate_3SM,deslig,20,3108.57
2025,2,142535,3_a_6SM,adm,5,7347.8
2025,2,142535,3_a_6SM,deslig,13,6523.95
2025,2,142535,6_a_10SM,adm,10,11348.99
2025,2,142535,6_a_10SM,deslig,13,11718.12
2025,2,142535,acima_10SM,adm,7,18837.36
2025,2,142535,acima_10SM,deslig,10,19571.69
2025,2,142535,ate_3SM,adm,19,2652.14
2025,2,142535,ate_3SM,deslig,21,3092.68
2025,2,212305,3_a_6SM,adm,36,7548.55
2025,2,212305,3_a_6SM,deslig,35,6889.6
2025,2,212305,6_a_10SM,adm,55,12121.13
2025,2,212305,6_a_10SM,deslig,40,11877.27
2025,2,212305,acima_10SM,adm,17,18821.53
2025,2,212305,acima_10SM,deslig,18,18781.96
2025,2,212305,ate_3SM,adm,33,3169.23
2025,2,212305,ate_3SM,deslig,25,2762.97
2025,2,212310,3_a_6SM,adm,13,7013.88
2025,2,212310,3_a_6SM,deslig,19,6144.72
2025,2,212310,6_a_10SM,adm,10,12733.2
2025,2,212310,6_a_10SM,deslig,10,12168.48
2025,2,212310,acima_10SM,adm,1,15300.0
2025,2,212310,acima_10SM,deslig,5,19193.39
2025,2,212310,ate_3SM,adm,13,3268.58
2025,2,212310,ate_3SM,deslig,23,3045.25
2025,2,212315,3_a_6SM,adm,14,6645.07
2025,2,212315,3_a_6SM,deslig,14,6816.56
2025,2,212315,6_a_10SM,adm,15,11880.4
2025,2,212315,6_a_10SM,deslig,23,12619.75
2025,2,212315,acima_10SM,adm,9,21060.2
2025,2,212315,acima_10SM,deslig,18,18907.01
2025,2,212315,ate_3SM,adm,27,2973.82
2025,2,212315,ate_3SM,deslig,17,2918.26
2025,2,212320,3_a_6SM,adm,70,6999.58
2025,2,212320,3_a_6SM,deslig,60,6621.74
2025,2,212320,6_a_10SM,adm,51,12152.33
2025,2,212320,6_a_10SM,deslig,50,12015.07
2025,2,212320,acima_10SM,adm,29,19109.12
2025,2,212320,acima_10SM,deslig,25,19170.32
2025,2,212320,ate_3SM,adm,71,3330.31
2025,2,212320,ate_3SM,deslig,43,3411.91
2025,2,212405,3_a_6SM,adm,1082,6846.19
2025,2,212405,3_a_6SM,deslig,1000,6802.5
2025,2,212405,6_a_10SM,adm,881,11993.49
2025,2,212405,6_a_10SM,deslig,896,11827.13
2025,2,212405,acima_10SM,adm,274,31046.43
2025,2,212405,acima_10SM,deslig,309,18938.4
2025,2,212405,ate_3SM,adm,747,3212.61
2025,2,212405,ate_3SM,deslig,670,3232.47
2025,2,212410,3_a_6SM,adm,196,6498.96
2025,2,212410,3_a_6SM,deslig,151,6346.23
2025,2,212410,6_a_10SM,adm,77,11896.94
2025,2,212410,6_a_10SM,deslig,51,11929.82
2025,2,212410,acima_10SM,adm,21,21075.36
2025,2,212410,acima_10SM,deslig,21,19615.12
2025,2,212410,ate_3SM,adm,330,3014.31
2025,2,212410,ate_3SM,deslig,247,3029.02
2025,2,212415,3_a_6SM,adm,41,7071.36
2025,2,212415,3_a_6SM,deslig,30,6630.54
2025,2,212415,6_a_10SM,adm,11,12619.87
2025,2,212415,6_a_10SM,deslig,14,11171.69
2025,2,212415,acima_10SM,deslig,3,19736.69
2025,2,212415,ate_3SM,adm,45,2975.96
2025,2,212415,ate_3SM,deslig,41,3349.48
2025,2,212420,3_a_6SM,adm,200,6541.76
2025,2,212420,3_a_6SM,deslig,219,6333.87
2025,2,212420,6_a_10SM,adm,69,11624.18
2025,2,212420,6_a_10SM,deslig,73,11323.95
2025,2,212420,acima_10SM,adm,17,23311.33
2025,2,212420,acima_10SM,deslig,15,20711.62
2025,2,212420,ate_3SM,adm,1039,2675.81
2025,2,212420,ate_3SM,deslig,985,2773.89
2025,2,212425,3_a_6SM,adm,9,8153.17
2025,2,212425,3_a_6SM,deslig,7,7149.78
2025,2,212425,6_a_10SM,adm,23,12349.72
2025,2,212425,6_a_10SM,deslig,29,12371.14
2025,2,212425,acima_10SM,adm,67,21790.9
2025,2,212425,acima_10SM,deslig,41,19320.52
2025,2,212425,ate_3SM,adm,7,2814.61
2025,2,212425,ate_3SM,deslig,4,3149.1
2025,2,212430,3_a_6SM,adm,44,6414.69
2025,2,212430,3_a_6SM,deslig,78,6697.01
2025,2,212430,6_a_10SM,adm,15,12220.0
2025,2,212430,6_a_10SM,deslig,38,11444.45
2025,2,212430,acima_10SM,adm,5,24300.0
2025,2,212430,acima_10SM,deslig,3,16959.68
2025,2,212430,ate_3SM,adm,37,3084.61
2025,2,212430,ate_3SM,deslig,52,3385.63
2025,2,317105,3_a_6SM,adm,19,6813.65
2025,2,317105,3_a_6SM,deslig,16,6839.83
2025,2,317105,6_a_10SM,adm,6,13516.67
2025,2,317105,6_a_10SM,deslig,5,11674.31
2025,2,317105,acima_10SM,adm,2,18000.0
2025,2,317105,acima_10SM,deslig,1,16000.0
2025,2,317105,ate_3SM,adm,35,2718.05
2025,2,317105,ate_3SM,deslig,38,2642.56
2025,2,317110,3_a_6SM,adm,267,6845.66
2025,2,317110,3_a_6SM,deslig,235,6732.05
2025,2,317110,6_a_10SM,adm,151,11589.41
2025,2,317110,6_a_10SM,deslig,190,11974.63
2025,2,317110,acima_10SM,adm,31,19130.25
2025,2,317110,acima_10SM,deslig,83,21381.17
2025,2,317110,ate_3SM,adm,458,2824.19
2025,2,317110,ate_3SM,deslig,349,2921.82
2025,2,317115,3_a_6SM,adm,23,5602.84
2025,2,317115,3_a_6SM,deslig,28,5547.85
2025,2,317115,ate_3SM,adm,32,3303.72
2025,2,317115,ate_3SM,deslig,43,3245.85
2025,2,317120,3_a_6SM,adm,4,6970.2
2025,2,317120,3_a_6SM,deslig,5,6947.89
2025,2,317120,6_a_10SM,adm,8,11761.21
2025,2,317120,6_a_10SM,deslig,4,11438.52
2025,2,317120,acima_10SM,adm,1,19202.0
2025,2,317120,acima_10SM,deslig,1,16000.0
2025,2,317120,ate_3SM,adm,18,2347.33
2025,2,317120,ate_3SM,deslig,9,2829.9
2025,2,317205,3_a_6SM,adm,11,6679.23
2025,2,317205,3_a_6SM,deslig,17,6856.63
2025,2,317205,6_a_10SM,adm,5,10629.82
2025,2,317205,6_a_10SM,deslig,3,12173.92
2025,2,317205,acima_10SM,deslig,2,294715.19
2025,2,317205,ate_3SM,adm,389,2421.05
2025,2,317205,ate_3SM,deslig,188,2364.55
2025,2,317210,3_a_6SM,adm,34,5615.94
2025,2,317210,3_a_6SM,deslig,25,6151.03
2025,2,317210,6_a_10SM,adm,2,9754.5
2025,2,317210,6_a_10SM,deslig,4,12008.92
2025,2,317210,acima_10SM,adm,8,20200.44
2025,2,317210,acima_10SM,deslig,3,19196.86
2025,2,317210,ate_3SM,adm,975,2266.69
2025,2,317210,ate_3SM,deslig,745,2386.85
2025,3,142505,3_a_6SM,adm,11,6588.67
2025,3,142505,3_a_6SM,deslig,9,7012.0
2025,3,142505,6_a_10SM,adm,7,12721.88
2025,3,142505,6_a_10SM,deslig,16,12184.12
2025,3,142505,acima_10SM,adm,22,25651.41
2025,3,142505,acima_10SM,deslig,42,25536.37
2025,3,142505,ate_3SM,adm,16,3128.42
2025,3,142505,ate_3SM,deslig,14,2882.35
2025,3,142510,3_a_6SM,adm,7,7336.77
2025,3,142510,3_a_6SM,deslig,14,7046.26
2025,3,142510,6_a_10SM,adm,25,12993.93
2025,3,142510,6_a_10SM,deslig,27,11895.48
2025,3,142510,acima_10SM,adm,74,24758.76
2025,3,142510,acima_10SM,deslig,125,24086.92
2025,3,142510,ate_3SM,adm,1,0.0
2025,3,142510,ate_3SM,deslig,6,1350.0
2025,3,142515,3_a_6SM,adm,9,7854.44
2025,3,142515,3_a_6SM,deslig,10,6518.16
2025,3,142515,6_a_10SM,adm,3,11000.0
2025,3,142515,6_a_10SM,deslig,13,12309.75
2025,3,142515,acima_10SM,adm,24,25482.34
2025,3,142515,acima_10SM,deslig,36,23839.74
2025,3,142515,ate_3SM,adm,4,3263.62
2025,3,142515,ate_3SM,deslig,8,3229.47
2025,3,142520,3_a_6SM,adm,54,7104.21
2025,3,142520,3_a_6SM,deslig,67,6949.47
2025,3,142520,6_a_10SM,adm,87,12162.9
2025,3,142520,6_a_10SM,deslig,120,12204.79
2025,3,142520,acima_10SM,adm,103,23409.06
2025,3,142520,acima_10SM,deslig,169,23102.07
2025,3,142520,ate_3SM,adm,27,3441.95
2025,3,142520,ate_3SM,deslig,27,3154.55
2025,3,142525,3_a_6SM,adm,1,4600.0
2025,3,142525,3_a_6SM,deslig,3,7494.41
2025,3,142525,6_a_10SM,adm,6,13021.43
2025,3,142525,6_a_10SM,deslig,2,14845.56
2025,3,142525,acima_10SM,adm,11,29766.59
2025,3,142525,acima_10SM,deslig,23,22415.43
2025,3,142525,ate_3SM,adm,1,2200.0
2025,3,142525,ate_3SM,deslig,1,3188.42
2025,3,142530,3_a_6SM,adm,10,6478.17
2025,3,142530,3_a_6SM,deslig,14,6510.95
2025,3,142530,6_a_10SM,adm,6,11000.52
2025,3,142530,6_a_10SM,deslig,16,12194.32
2025,3,142530,acima_10SM,adm,22,29442.63
2025,3,142530,acima_10SM,deslig,17,20551.51
2025,3,142530,ate_3SM,adm,12,3307.12
2025,3,142530,ate_3SM,deslig,18,3182.17
2025,3,142535,3_a_6SM,adm,9,6343.91
2025,3,142535,3_a_6SM,deslig,28,6461.8
2025,3,142535,6_a_10SM,adm,10,12551.13
2025,3,142535,6_a_10SM,deslig,8,10671.02
2025,3,142535,acima_10SM,adm,5,18300.0
2025,3,142535,acima_10SM,deslig,8,18867.17
2025,3,142535,ate_3SM,adm,20,2602.18
2025,3,142535,ate_3SM,deslig,19,3176.23
2025,3,212305,3_a_6SM,adm,42,7106.33
2025,3,212305,3_a_6SM,deslig,32,6820.28
2025,3,212305,6_a_10SM,adm,48,12116.63
2025,3,212305,6_a_10SM,deslig,47,11686.22
2025,3,212305,acima_10SM,adm,17,19792.75
2025,3,212305,acima_10SM,deslig,20,22715.9
2025,3,212305,ate_3SM,adm,26,3443.6
2025,3,212305,ate_3SM,deslig,17,3485.88
2025,3,212310,3_a_6SM,adm,9,6208.61
2025,3,212310,3_a_6SM,deslig,16,6851.06
2025,3,212310,6_a_10SM,adm,1,12500.0
2025,3,212310,6_a_10SM,deslig,8,11872.06
2025,3,212310,acima_10SM,adm,1,18408.0
2025,3,212310,acima_10SM,deslig,5,20233.63
2025,3,212310,ate_3SM,adm,18,3455.2
2025,3,212310,ate_3SM,deslig,20,3268.32
2025,3,212315,3_a_6SM,adm,12,6224.25
2025,3,212315,3_a_6SM,deslig,21,6542.86
2025,3,212315,6_a_10SM,adm,24,12140.34
2025,3,212315,6_a_10SM,deslig,22,12255.25
2025,3,212315,acima_10SM,adm,13,18375.85
2025,3,212315,acima_10SM,deslig,12,20540.23
2025,3,212315,ate_3SM,adm,20,2683.65
2025,3,212315,ate_3SM,deslig,23,3054.51
2025,3,212320,3_a_6SM,adm,48,6817.66
2025,3,212320,3_a_6SM,deslig,54,6387.71
2025,3,212320,6_a_10SM,adm,45,12160.12
2025,3,212320,6_a_10SM,deslig,57,12028.86
2025,3,212320,acima_10SM,adm,21,17705.64
2025,3,212320,acima_10SM,deslig,25,17947.94
2025,3,212320,ate_3SM,adm,26,3094.6
2025,3,212320,ate_3SM,deslig,37,3353.42
2025,3,212405,3_a_6SM,adm,968,6871.51
2025,3,212405,3_a_6SM,deslig,959,6759.79
2025,3,212405,6_a_10SM,adm,879,11921.62
2025,3,212405,6_a_10SM,deslig,913,11798.09
2025,3,212405,acima_10SM,adm,287,19480.86
2025,3,212405,acima_10SM,deslig,282,18483.28
2025,3,212405,ate_3SM,adm,737,3162.67
2025,3,212405,ate_3SM,deslig,613,3137.23
2025,3,212410,3_a_6SM,adm,148,6283.34
2025,3,212410,3_a_6SM,deslig,147,6410.03
2025,3,212410,6_a_10SM,adm,69,11964.92
2025,3,212410,6_a_10SM,deslig,79,11387.28
2025,3,212410,acima_10SM,adm,25,19098.4
2025,3,212410,acima_10SM,deslig,34,51120.07
2025,3,212410,ate_3SM,adm,234,2916.66
2025,3,212410,ate_3SM,deslig,249,3017.9
2025,3,212415,3_a_6SM,adm,36,6720.0
2025,3,212415,3_a_6SM,deslig,43,6258.73
2025,3,212415,6_a_10SM,adm,13,12007.68
2025,3,212415,6_a_10SM,deslig,12,11429.11
2025,3,212415,acima_10SM,adm,3,15833.33
2025,3,212415,acima_10SM,deslig,3,17066.1
2025,3,212415,ate_3SM,adm,42,3153.37
2025,3,212415,ate_3SM,deslig,36,3323.42
2025,3,212420,3_a_6SM,adm,186,6258.79
2025,3,212420,3_a_6SM,deslig,240,6094.66
2025,3,212420,6_a_10SM,adm,63,11660.83
2025,3,212420,6_a_10SM,deslig,57,11818.67
2025,3,212420,acima_10SM,adm,35,20854.84
2025,3,212420,acima_10SM,deslig,25,19734.78
2025,3,212420,ate_3SM,adm,911,2715.33
2025,3,212420,ate_3SM,deslig,907,2739.36
2025,3,212425,3_a_6SM,adm,8,7302.83
2025,3,212425,3_a_6SM,deslig,8,6983.57
2025,3,212425,6_a_10SM,adm,29,12622.46
2025,3,212425,6_a_10SM,deslig,30,12518.75
2025,3,212425,acima_10SM,adm,40,122253.31
2025,3,212425,acima_10SM,deslig,43,19047.45
2025,3,212425,ate_3SM,adm,5,3440.0
2025,3,212425,ate_3SM,deslig,4,3211.42
2025,3,212430,3_a_6SM,adm,54,6418.57
2025,3,212430,3_a_6SM,deslig,62,6795.65
2025,3,212430,6_a_10SM,adm,18,11274.56
2025,3,212430,6_a_10SM,deslig,32,11302.62
2025,3,212430,acima_10SM,adm,1,16700.0
2025,3,212430,acima_10SM,deslig,3,16579.16
2025,3,212430,ate_3SM,adm,63,3248.69
2025,3,212430,ate_3SM,deslig,42,3062.87
2025,3,317105,3_a_6SM,adm,15,6855.05
2025,3,317105,3_a_6SM,deslig,15,7203.35
2025,3,317105,6_a_10SM,adm,2,12773.17
2025,3,317105,6_a_10SM,deslig,12,10504.43
2025,3,317105,acima_10SM,adm,5,22000.0
2025,3,317105,acima_10SM,deslig,5,19488.87
2025,3,317105,ate_3SM,adm,29,2552.68
2025,3,317105,ate_3SM,deslig,29,2758.66
2025,3,317110,3_a_6SM,adm,246,7018.35
2025,3,317110,3_a_6SM,deslig,254,6803.32
2025,3,317110,6_a_10SM,adm,153,11641.65
2025,3,317110,6_a_10SM,deslig,173,11854.22
2025,3,317110,acima_10SM,adm,26,20726.16
2025,3,317110,acima_10SM,deslig,42,20179.44
2025,3,317110,ate_3SM,adm,404,2876.31
2025,3,317110,ate_3SM,deslig,320,3035.23
2025,3,317115,3_a_6SM,adm,24,6044.79
2025,3,317115,3_a_6SM,deslig,25,5973.45
2025,3,317115,6_a_10SM,adm,5,12720.0
2025,3,317115,6_a_10SM,deslig,1,10689.4
2025,3,317115,acima_10SM,adm,2,16100.0
2025,3,317115,ate_3SM,adm,32,3126.2
2025,3,317115,ate_3SM,deslig,37,3469.92
2025,3,317120,3_a_6SM,adm,5,7207.85
2025,3,317120,3_a_6SM,deslig,7,7250.32
2025,3,317120,6_a_10SM,adm,5,13300.0
2025,3,317120,6_a_10SM,deslig,3,12224.18
2025,3,317120,acima_10SM,adm,2,19265.39
2025,3,317120,ate_3SM,adm,7,2232.01
2025,3,317120,ate_3SM,deslig,9,3030.26
2025,3,317205,3_a_6SM,adm,8,6191.13
2025,3,317205,3_a_6SM,deslig,13,5995.26
2025,3,317205,6_a_10SM,deslig,3,12465.8
2025,3,317205,ate_3SM,adm,293,2422.28
2025,3,317205,ate_3SM,deslig,217,2288.72
2025,3,317210,3_a_6SM,adm,29,5950.52
2025,3,317210,3_a_6SM,deslig,21,5458.39
2025,3,317210,6_a_10SM,adm,2,14044.78
2025,3,317210,6_a_10SM,deslig,1,10350.0
2025,3,317210,acima_10SM,deslig,1,36775.0
2025,3,317210,ate_3SM,adm,781,2349.47
2025,3,317210,ate_3SM,deslig,665,2391.72
2025,4,142505,3_a_6SM,adm,10,6827.7
2025,4,142505,3_a_6SM,deslig,13,6995.97
2025,4,142505,6_a_10SM,adm,15,12211.91
2025,4,142505,6_a_10SM,deslig,11,11990.92
2025,4,142505,acima_10SM,adm,29,23550.97
2025,4,142505,acima_10SM,deslig,42,24474.65
2025,4,142505,ate_3SM,adm,8,3614.51
2025,4,142505,ate_3SM,deslig,8,3305.75
2025,4,142510,3_a_6SM,adm,9,6424.78
2025,4,142510,3_a_6SM,deslig,12,7586.53
2025,4,142510,6_a_10SM,adm,37,12762.77
2025,4,142510,6_a_10SM,deslig,43,12509.71
2025,4,142510,acima_10SM,adm,115,23918.54
2025,4,142510,acima_10SM,deslig,167,22809.76
2025,4,142510,ate_3SM,adm,4,3430.24
2025,4,142510,ate_3SM,deslig,7,3930.2
2025,4,142515,3_a_6SM,adm,7,7214.29
2025,4,142515,3_a_6SM,deslig,10,7299.54
2025,4,142515,6_a_10SM,adm,7,12421.43
2025,4,142515,6_a_10SM,deslig,24,12735.69
2025,4,142515,acima_10SM,adm,21,26440.16
2025,4,142515,acima_10SM,deslig,49,24679.64
2025,4,142515,ate_3SM,adm,4,2134.0
2025,4,142515,ate_3SM,deslig,6,3249.53
2025,4,142520,3_a_6SM,adm,77,7097.62
2025,4,142520,3_a_6SM,deslig,52,7255.62
2025,4,142520,6_a_10SM,adm,115,12560.06
2025,4,142520,6_a_10SM,deslig,138,12108.13
2025,4,142520,acima_10SM,adm,132,21913.0
2025,4,142520,acima_10SM,deslig,151,23119.48
2025,4,142520,ate_3SM,adm,26,3001.9
2025,4,142520,ate_3SM,deslig,24,2704.64
2025,4,142525,3_a_6SM,adm,1,5500.0
2025,4,142525,3_a_6SM,deslig,1,8488.25
2025,4,142525,6_a_10SM,adm,4,12584.61
2025,4,142525,6_a_10SM,deslig,5,13694.06
2025,4,142525,acima_10SM,adm,18,22760.22
2025,4,142525,acima_10SM,deslig,14,23656.04
2025,4,142525,ate_3SM,adm,1,2199.96
2025,4,142525,ate_3SM,deslig,1,3787.41
2025,4,142530,3_a_6SM,adm,11,6441.71
2025,4,142530,3_a_6SM,deslig,30,6983.95
2025,4,142530,6_a_10SM,adm,14,12567.12
2025,4,142530,6_a_10SM,deslig,26,12300.69
2025,4,142530,acima_10SM,adm,16,22382.46
2025,4,142530,acima_10SM,deslig,37,22995.71
2025,4,142530,ate_3SM,adm,13,3129.74
2025,4,142530,ate_3SM,deslig,20,3238.22
2025,4,142535,3_a_6SM,adm,19,7327.32
2025,4,142535,3_a_6SM,deslig,11,5886.26
2025,4,142535,6_a_10SM,adm,12,12257.67
2025,4,142535,6_a_10SM,deslig,22,11933.14
2025,4,142535,acima_10SM,adm,7,17040.0
2025,4,142535,acima_10SM,deslig,9,19356.96
2025,4,142535,ate_3SM,adm,12,2633.91
2025,4,142535,ate_3SM,deslig,29,2849.53
2025,4,212305,3_a_6SM,adm,57,7086.71
2025,4,212305,3_a_6SM,deslig,40,7229.31
2025,4,212305,6_a_10SM,adm,62,11826.29
2025,4,212305,6_a_10SM,deslig,50,11722.56
2025,4,212305,acima_10SM,adm,19,20190.16
2025,4,212305,acima_10SM,deslig,25,18614.5
2025,4,212305,ate_3SM,adm,25,3327.46
2025,4,212305,ate_3SM,deslig,21,3334.78
2025,4,212310,3_a_6SM,adm,13,6439.89
2025,4,212310,3_a_6SM,deslig,17,6789.38
2025,4,212310,6_a_10SM,adm,7,11154.07
2025,4,212310,6_a_10SM,deslig,15,11505.84
2025,4,212310,acima_10SM,adm,3,18430.47
2025,4,212310,acima_10SM,deslig,3,16659.0
2025,4,212310,ate_3SM,adm,30,3012.06
2025,4,212310,ate_3SM,deslig,19,3142.14
2025,4,212315,3_a_6SM,adm,15,7313.38
2025,4,212315,3_a_6SM,deslig,20,6806.89
2025,4,212315,6_a_10SM,adm,20,12252.55
2025,4,212315,6_a_10SM,deslig,27,12449.05
2025,4,212315,acima_10SM,adm,9,21761.09
2025,4,212315,acima_10SM,deslig,27,19498.35
2025,4,212315,ate_3SM,adm,28,2888.88
2025,4,212315,ate_3SM,deslig,32,3274.63
2025,4,212320,3_a_6SM,adm,57,6541.38
2025,4,212320,3_a_6SM,deslig,82,6584.4
2025,4,212320,6_a_10SM,adm,48,12409.4
2025,4,212320,6_a_10SM,deslig,69,11735.76
2025,4,212320,acima_10SM,adm,26,20905.59
2025,4,212320,acima_10SM,deslig,26,21464.07
2025,4,212320,ate_3SM,adm,50,3428.22
2025,4,212320,ate_3SM,deslig,36,3616.97
2025,4,212405,3_a_6SM,adm,1132,6888.35
2025,4,212405,3_a_6SM,deslig,1077,6777.93
2025,4,212405,6_a_10SM,adm,1072,11909.57
2025,4,212405,6_a_10SM,deslig,940,11867.96
2025,4,212405,acima_10SM,adm,345,28117.61
2025,4,212405,acima_10SM,deslig,337,18632.98
2025,4,212405,ate_3SM,adm,788,3127.62
2025,4,212405,ate_3SM,deslig,671,3251.51
2025,4,212410,3_a_6SM,adm,161,6379.76
2025,4,212410,3_a_6SM,deslig,181,6419.16
2025,4,212410,6_a_10SM,adm,79,12168.32
2025,4,212410,6_a_10SM,deslig,70,11655.53
2025,4,212410,acima_10SM,adm,27,20234.63
2025,4,212410,acima_10SM,deslig,23,20556.14
2025,4,212410,ate_3SM,adm,278,2951.05
2025,4,212410,ate_3SM,deslig,272,3089.9
2025,4,212415,3_a_6SM,adm,41,6354.5
2025,4,212415,3_a_6SM,deslig,42,6533.72
2025,4,212415,6_a_10SM,adm,12,11040.22
2025,4,212415,6_a_10SM,deslig,15,11441.61
2025,4,212415,acima_10SM,deslig,4,16468.37
2025,4,212415,ate_3SM,adm,42,3393.82
2025,4,212415,ate_3SM,deslig,47,3274.94
2025,4,212420,3_a_6SM,adm,239,6298.78
2025,4,212420,3_a_6SM,deslig,266,6093.61
2025,4,212420,6_a_10SM,adm,68,11672.06
2025,4,212420,6_a_10SM,deslig,61,11815.63
2025,4,212420,acima_10SM,adm,26,18230.97
2025,4,212420,acima_10SM,deslig,28,22989.49
2025,4,212420,ate_3SM,adm,1090,2693.85
2025,4,212420,ate_3SM,deslig,944,2780.31
2025,4,212425,3_a_6SM,adm,11,7318.98
2025,4,212425,3_a_6SM,deslig,13,7124.61
2025,4,212425,6_a_10SM,adm,27,11891.05
2025,4,212425,6_a_10SM,deslig,29,12441.19
2025,4,212425,acima_10SM,adm,42,20455.59
2025,4,212425,acima_10SM,deslig,53,22724.01
2025,4,212425,ate_3SM,adm,3,3397.87
2025,4,212425,ate_3SM,deslig,4,2835.72
2025,4,212430,3_a_6SM,adm,76,6728.77
2025,4,212430,3_a_6SM,deslig,72,6692.0
2025,4,212430,6_a_10SM,adm,32,11888.8
2025,4,212430,6_a_10SM,deslig,39,11296.34
2025,4,212430,acima_10SM,adm,2,137500.0
2025,4,212430,acima_10SM,deslig,2,16583.58
2025,4,212430,ate_3SM,adm,55,3393.99
2025,4,212430,ate_3SM,deslig,46,3398.03
2025,4,317105,3_a_6SM,adm,17,6078.02
2025,4,317105,3_a_6SM,deslig,17,6479.2
2025,4,317105,6_a_10SM,adm,7,12057.14
2025,4,317105,6_a_10SM,deslig,13,12175.92
2025,4,317105,acima_10SM,adm,5,55519.31
2025,4,317105,acima_10SM,deslig,3,19540.74
2025,4,317105,ate_3SM,adm,46,2754.87
2025,4,317105,ate_3SM,deslig,36,2659.16
2025,4,317110,3_a_6SM,adm,322,6782.09
2025,4,317110,3_a_6SM,deslig,260,6638.84
2025,4,317110,6_a_10SM,adm,163,11683.94
2025,4,317110,6_a_10SM,deslig,204,11953.83
2025,4,317110,acima_10SM,adm,41,51590.18
2025,4,317110,acima_10SM,deslig,60,20305.42
2025,4,317110,ate_3SM,adm,453,2928.16
2025,4,317110,ate_3SM,deslig,356,3063.8
2025,4,317115,3_a_6SM,adm,24,5828.28
2025,4,317115,3_a_6SM,deslig,25,5841.21
2025,4,317115,ate_3SM,adm,33,3438.27
2025,4,317115,ate_3SM,deslig,37,3317.79
2025,4,317120,3_a_6SM,adm,12,6283.33
2025,4,317120,3_a_6SM,deslig,4,7069.33
2025,4,317120,6_a_10SM,adm,4,12325.0
2025,4,317120,6_a_10SM,deslig,2,11710.0
2025,4,317120,acima_10SM,adm,1,22000.0
2025,4,317120,ate_3SM,adm,12,2874.83
2025,4,317120,ate_3SM,deslig,16,3061.63
2025,4,317205,3_a_6SM,adm,3,7237.5
2025,4,317205,3_a_6SM,deslig,9,5534.12
2025,4,317205,6_a_10SM,adm,2,11204.83
2025,4,317205,6_a_10SM,deslig,2,10010.93
2025,4,317205,acima_10SM,adm,1,32000.0
2025,4,317205,acima_10SM,deslig,1,611829.0
2025,4,317205,ate_3SM,adm,216,2296.69
2025,4,317205,ate_3SM,deslig,223,2347.57
2025,4,317210,3_a_6SM,adm,14,6316.47
2025,4,317210,3_a_6SM,deslig,28,6055.61
2025,4,317210,6_a_10SM,adm,6,11766.67
2025,4,317210,6_a_10SM,deslig,7,11238.88
2025,4,317210,acima_10SM,adm,2,16500.0
2025,4,317210,acima_10SM,deslig,2,330931.0
2025,4,317210,ate_3SM,adm,997,2326.17
2025,4,317210,ate_3SM,deslig,724,2417.45
2025,5,142505,3_a_6SM,adm,8,7053.61
2025,5,142505,3_a_6SM,deslig,16,6727.03
2025,5,142505,6_a_10SM,adm,10,12043.25
2025,5,142505,6_a_10SM,deslig,18,11868.14
2025,5,142505,acima_10SM,adm,30,27419.53
2025,5,142505,acima_10SM,deslig,38,25833.84
2025,5,142505,ate_3SM,adm,7,2971.68
2025,5,142505,ate_3SM,deslig,10,3141.39
2025,5,142510,3_a_6SM,adm,14,7037.5
2025,5,142510,3_a_6SM,deslig,10,6745.53
2025,5,142510,6_a_10SM,adm,34,12765.65
2025,5,142510,6_a_10SM,deslig,39,12936.4
2025,5,142510,acima_10SM,adm,103,25298.42
2025,5,142510,acima_10SM,deslig,151,22638.66
2025,5,142510,ate_3SM,adm,6,3220.24
2025,5,142510,ate_3SM,deslig,6,2674.55
2025,5,142515,3_a_6SM,adm,6,6575.83
2025,5,142515,3_a_6SM,deslig,13,7249.04
2025,5,142515,6_a_10SM,adm,7,14133.89
2025,5,142515,6_a_10SM,deslig,12,13302.37
2025,5,142515,acima_10SM,adm,29,26924.25
2025,5,142515,acima_10SM,deslig,29,25774.38
2025,5,142515,ate_3SM,adm,3,2506.0
2025,5,142515,ate_3SM,deslig,3,1999.75
2025,5,142520,3_a_6SM,adm,65,7278.34
2025,5,142520,3_a_6SM,deslig,61,7074.51
2025,5,142520,6_a_10SM,adm,136,12368.38
2025,5,142520,6_a_10SM,deslig,148,12316.68
2025,5,142520,acima_10SM,adm,128,23373.81
2025,5,142520,acima_10SM,deslig,164,22301.46
2025,5,142520,ate_3SM,adm,21,2818.24
2025,5,142520,ate_3SM,deslig,24,3040.53
2025,5,142525,3_a_6SM,adm,1,8250.0
2025,5,142525,3_a_6SM,deslig,1,7703.71
2025,5,142525,6_a_10SM,adm,4,14821.22
2025,5,142525,6_a_10SM,deslig,9,13084.36
2025,5,142525,acima_10SM,adm,21,25838.23
2025,5,142525,acima_10SM,deslig,29,24309.77
2025,5,142525,ate_3SM,adm,2,3897.78
2025,5,142530,3_a_6SM,adm,18,6862.26
2025,5,142530,3_a_6SM,deslig,24,6416.77
2025,5,142530,6_a_10SM,adm,15,11987.84
2025,5,142530,6_a_10SM,deslig,21,12597.35
2025,5,142530,acima_10SM,adm,14,21057.07
2025,5,142530,acima_10SM,deslig,21,23552.49
2025,5,142530,ate_3SM,adm,5,2810.0
2025,5,142530,ate_3SM,deslig,10,3779.97
2025,5,142535,3_a_6SM,adm,8,6284.01
2025,5,142535,3_a_6SM,deslig,14,5895.93
2025,5,142535,6_a_10SM,adm,12,12484.61
2025,5,142535,6_a_10SM,deslig,10,13063.87
2025,5,142535,acima_10SM,adm,15,22933.33
2025,5,142535,acima_10SM,deslig,9,18850.97
2025,5,142535,ate_3SM,adm,24,2928.6
2025,5,142535,ate_3SM,deslig,20,2776.05
2025,5,212305,3_a_6SM,adm,44,7311.81
2025,5,212305,3_a_6SM,deslig,42,6661.42
2025,5,212305,6_a_10SM,adm,59,12172.87
2025,5,212305,6_a_10SM,deslig,51,11657.68
2025,5,212305,acima_10SM,adm,20,22205.43
2025,5,212305,acima_10SM,deslig,23,18307.99
2025,5,212305,ate_3SM,adm,23,3292.96
2025,5,212305,ate_3SM,deslig,21,3104.82
2025,5,212310,3_a_6SM,adm,12,6986.64
2025,5,212310,3_a_6SM,deslig,14,7181.69
2025,5,212310,6_a_10SM,adm,8,11777.67
2025,5,212310,6_a_10SM,deslig,8,13358.23
2025,5,212310,acima_10SM,adm,10,20407.66
2025,5,212310,acima_10SM,deslig,11,19028.46
2025,5,212310,ate_3SM,adm,30,2469.46
2025,5,212310,ate_3SM,deslig,27,3155.69
2025,5,212315,3_a_6SM,adm,16,6850.02
2025,5,212315,3_a_6SM,deslig,15,6275.94
2025,5,212315,6_a_10SM,adm,16,12358.78
2025,5,212315,6_a_10SM,deslig,34,12758.51
2025,5,212315,acima_10SM,adm,15,20002.67
2025,5,212315,acima_10SM,deslig,26,19164.24
2025,5,212315,ate_3SM,adm,25,3182.24
2025,5,212315,ate_3SM,deslig,27,2936.9
2025,5,212320,3_a_6SM,adm,61,6634.48
2025,5,212320,3_a_6SM,deslig,74,6598.17
2025,5,212320,6_a_10SM,adm,60,11905.4
2025,5,212320,6_a_10SM,deslig,51,11612.01
2025,5,212320,acima_10SM,adm,18,19816.26
2025,5,212320,acima_10SM,deslig,21,17761.73
2025,5,212320,ate_3SM,adm,44,3175.21
2025,5,212320,ate_3SM,deslig,46,3370.91
2025,5,212405,3_a_6SM,adm,1135,6864.91
2025,5,212405,3_a_6SM,deslig,1087,6870.47
2025,5,212405,6_a_10SM,adm,1082,12019.77
2025,5,212405,6_a_10SM,deslig,997,11729.32
2025,5,212405,acima_10SM,adm,370,19715.78
2025,5,212405,acima_10SM,deslig,329,18838.61
2025,5,212405,ate_3SM,adm,762,3255.54
2025,5,212405,ate_3SM,deslig,669,3190.1
2025,5,212410,3_a_6SM,adm,196,6475.28
2025,5,212410,3_a_6SM,deslig,204,6309.92
2025,5,212410,6_a_10SM,adm,80,12304.59
2025,5,212410,6_a_10SM,deslig,78,11225.81
2025,5,212410,acima_10SM,adm,23,21415.21
2025,5,212410,acima_10SM,deslig,17,20444.86
2025,5,212410,ate_3SM,adm,331,3002.96
2025,5,212410,ate_3SM,deslig,315,3103.84
2025,5,212415,3_a_6SM,adm,53,6556.67
2025,5,212415,3_a_6SM,deslig,42,6183.53
2025,5,212415,6_a_10SM,adm,8,10921.22
2025,5,212415,6_a_10SM,deslig,13,11466.63
2025,5,212415,acima_10SM,adm,5,28680.8
2025,5,212415,acima_10SM,deslig,3,22277.22
2025,5,212415,ate_3SM,adm,38,3188.0
2025,5,212415,ate_3SM,deslig,43,3302.25
2025,5,212420,3_a_6SM,adm,220,6194.08
2025,5,212420,3_a_6SM,deslig,193,6254.24
2025,5,212420,6_a_10SM,adm,82,11693.34
2025,5,212420,6_a_10SM,deslig,75,11831.87
2025,5,212420,acima_10SM,adm,35,21574.93
2025,5,212420,acima_10SM,deslig,39,19210.06
2025,5,212420,ate_3SM,adm,1095,2692.63
2025,5,212420,ate_3SM,deslig,972,2789.1
2025,5,212425,3_a_6SM,adm,12,6838.75
2025,5,212425,3_a_6SM,deslig,13,7021.4
2025,5,212425,6_a_10SM,adm,34,12467.49
2025,5,212425,6_a_10SM,deslig,22,12827.24
2025,5,212425,acima_10SM,adm,39,21093.95
2025,5,212425,acima_10SM,deslig,43,19852.39
2025,5,212425,ate_3SM,adm,8,2565.97
2025,5,212425,ate_3SM,deslig,6,2894.11
2025,5,212430,3_a_6SM,adm,62,6700.22
2025,5,212430,3_a_6SM,deslig,85,6575.82
2025,5,212430,6_a_10SM,adm,22,11229.22
2025,5,212430,6_a_10SM,deslig,30,11493.16
2025,5,212430,acima_10SM,adm,2,39011.84
2025,5,212430,acima_10SM,deslig,2,15732.11
2025,5,212430,ate_3SM,adm,45,3198.16
2025,5,212430,ate_3SM,deslig,43,3563.33
2025,5,317105,3_a_6SM,adm,19,6914.13
2025,5,317105,3_a_6SM,deslig,29,6077.69
2025,5,317105,6_a_10SM,adm,13,12599.45
2025,5,317105,6_a_10SM,deslig,6,12095.04
2025,5,317105,acima_10SM,adm,2,17619.69
2025,5,317105,acima_10SM,deslig,1,18456.0
2025,5,317105,ate_3SM,adm,20,2549.04
2025,5,317105,ate_3SM,deslig,36,2844.59
2025,5,317110,3_a_6SM,adm,286,6898.06
2025,5,317110,3_a_6SM,deslig,289,6722.25
2025,5,317110,6_a_10SM,adm,180,11765.4
2025,5,317110,6_a_10SM,deslig,214,11684.85
2025,5,317110,acima_10SM,adm,56,28720.08
2025,5,317110,acima_10SM,deslig,45,18496.29
2025,5,317110,ate_3SM,adm,407,2994.39
2025,5,317110,ate_3SM,deslig,342,3023.13
2025,5,317115,3_a_6SM,adm,29,5774.89
2025,5,317115,3_a_6SM,deslig,37,5857.79
2025,5,317115,6_a_10SM,deslig,1,13241.0
2025,5,317115,ate_3SM,adm,31,3735.17
2025,5,317115,ate_3SM,deslig,39,3625.78
2025,5,317120,3_a_6SM,adm,7,5953.6
2025,5,317120,3_a_6SM,deslig,9,6102.28
2025,5,317120,6_a_10SM,adm,7,10771.43
2025,5,317120,6_a_10SM,deslig,1,11000.0
2025,5,317120,acima_10SM,adm,4,31912.42
2025,5,317120,acima_10SM,deslig,5,22935.17
2025,5,317120,ate_3SM,adm,13,2857.71
2025,5,317120,ate_3SM,deslig,12,3102.89
2025,5,317205,3_a_6SM,adm,6,6092.38
2025,5,317205,3_a_6SM,deslig,7,6139.82
2025,5,317205,6_a_10SM,adm,2,12250.0
2025,5,317205,6_a_10SM,deslig,4,9558.81
2025,5,317205,ate_3SM,adm,253,2318.77
2025,5,317205,ate_3SM,deslig,194,2339.69
2025,5,317210,3_a_6SM,adm,27,5924.26
2025,5,317210,3_a_6SM,deslig,34,5934.67
2025,5,317210,6_a_10SM,adm,5,11670.0
2025,5,317210,6_a_10SM,deslig,5,11651.65
2025,5,317210,acima_10SM,deslig,2,16767.0
2025,5,317210,ate_3SM,adm,946,2382.35
2025,5,317210,ate_3SM,deslig,753,2387.02
2025,6,142505,3_a_6SM,adm,8,7068.12
2025,6,142505,3_a_6SM,deslig,4,6120.49
2025,6,142505,6_a_10SM,adm,17,11802.04
2025,6,142505,6_a_10SM,deslig,13,12840.17
2025,6,142505,acima_10SM,adm,25,25586.73
2025,6,142505,acima_10SM,deslig,28,26568.18
2025,6,142505,ate_3SM,adm,6,2671.07
2025,6,142505,ate_3SM,deslig,9,2606.46
2025,6,142510,3_a_6SM,adm,7,6726.37
2025,6,142510,3_a_6SM,deslig,10,7008.45
2025,6,142510,6_a_10SM,adm,34,13235.22
2025,6,142510,6_a_10SM,deslig,45,12336.04
2025,6,142510,acima_10SM,adm,121,25324.18
2025,6,142510,acima_10SM,deslig,137,23289.69
2025,6,142510,ate_3SM,adm,2,3350.0
2025,6,142510,ate_3SM,deslig,4,3382.13
2025,6,142515,3_a_6SM,adm,4,6332.41
2025,6,142515,3_a_6SM,deslig,10,6880.54
2025,6,142515,6_a_10SM,adm,15,13429.32
2025,6,142515,6_a_10SM,deslig,13,12214.32
2025,6,142515,acima_10SM,adm,27,25868.1
2025,6,142515,acima_10SM,deslig,37,23929.94
2025,6,142515,ate_3SM,adm,2,2750.0
2025,6,142515,ate_3SM,deslig,7,3156.9
2025,6,142520,3_a_6SM,adm,62,7319.25
2025,6,142520,3_a_6SM,deslig,55,6831.25
2025,6,142520,6_a_10SM,adm,117,11994.62
2025,6,142520,6_a_10SM,deslig,129,12375.55
2025,6,142520,acima_10SM,adm,125,39753.11
2025,6,142520,acima_10SM,deslig,169,23093.04
2025,6,142520,ate_3SM,adm,19,3080.15
2025,6,142520,ate_3SM,deslig,25,3150.87
2025,6,142525,3_a_6SM,adm,3,6581.76
2025,6,142525,3_a_6SM,deslig,4,7279.13
2025,6,142525,6_a_10SM,adm,4,13537.5
2025,6,142525,6_a_10SM,deslig,6,13372.96
2025,6,142525,acima_10SM,adm,15,24313.6
2025,6,142525,acima_10SM,deslig,16,24445.89
2025,6,142525,ate_3SM,deslig,2,2924.81
2025,6,142530,3_a_6SM,adm,11,6691.58
2025,6,142530,3_a_6SM,deslig,19,6513.1
2025,6,142530,6_a_10SM,adm,20,11875.92
2025,6,142530,6_a_10SM,deslig,17,12215.57
2025,6,142530,acima_10SM,adm,16,23453.64
2025,6,142530,acima_10SM,deslig,22,24330.79
2025,6,142530,ate_3SM,adm,13,2960.46
2025,6,142530,ate_3SM,deslig,18,3136.51
2025,6,142535,3_a_6SM,adm,14,6818.6
2025,6,142535,3_a_6SM,deslig,18,6279.69
2025,6,142535,6_a_10SM,adm,8,13587.5
2025,6,142535,6_a_10SM,deslig,16,12098.09
2025,6,142535,acima_10SM,adm,9,21655.62
2025,6,142535,acima_10SM,deslig,10,18383.37
2025,6,142535,ate_3SM,adm,11,3114.88
2025,6,142535,ate_3SM,deslig,12,3070.17
2025,6,212305,3_a_6SM,adm,70,6925.12
2025,6,212305,3_a_6SM,deslig,41,7083.15
2025,6,212305,6_a_10SM,adm,38,11697.15
2025,6,212305,6_a_10SM,deslig,40,11711.8
2025,6,212305,acima_10SM,adm,17,19366.56
2025,6,212305,acima_10SM,deslig,28,18828.66
2025,6,212305,ate_3SM,adm,35,3347.82
2025,6,212305,ate_3SM,deslig,28,3438.27
2025,6,212310,3_a_6SM,adm,10,6889.5
2025,6,212310,3_a_6SM,deslig,17,6783.53
2025,6,212310,6_a_10SM,adm,6,12458.72
2025,6,212310,6_a_10SM,deslig,9,12478.03
2025,6,212310,acima_10SM,adm,3,21660.0
2025,6,212310,acima_10SM,deslig,11,18820.67
2025,6,212310,ate_3SM,adm,21,2593.99
2025,6,212310,ate_3SM,deslig,26,2843.45
2025,6,212315,3_a_6SM,adm,10,6358.8
2025,6,212315,3_a_6SM,deslig,17,6905.83
2025,6,212315,6_a_10SM,adm,20,12415.71
2025,6,212315,6_a_10SM,deslig,18,12794.27
2025,6,212315,acima_10SM,adm,20,19673.6
2025,6,212315,acima_10SM,deslig,20,19487.73
2025,6,212315,ate_3SM,adm,27,2730.53
2025,6,212315,ate_3SM,deslig,35,3063.15
2025,6,212320,3_a_6SM,adm,71,6745.52
2025,6,212320,3_a_6SM,deslig,60,6813.51
2025,6,212320,6_a_10SM,adm,56,12202.14
2025,6,212320,6_a_10SM,deslig,54,11664.48
2025,6,212320,acima_10SM,adm,20,23761.92
2025,6,212320,acima_10SM,deslig,16,22044.21
2025,6,212320,ate_3SM,adm,47,3363.82
2025,6,212320,ate_3SM,deslig,44,3383.28
2025,6,212405,3_a_6SM,adm,1226,6875.52
2025,6,212405,3_a_6SM,deslig,1032,6845.92
2025,6,212405,6_a_10SM,adm,1169,11912.01
2025,6,212405,6_a_10SM,deslig,936,11707.05
2025,6,212405,acima_10SM,adm,416,19301.19
2025,6,212405,acima_10SM,deslig,339,18930.01
2025,6,212405,ate_3SM,adm,704,3246.51
2025,6,212405,ate_3SM,deslig,611,3273.56
2025,6,212410,3_a_6SM,adm,189,6270.7
2025,6,212410,3_a_6SM,deslig,164,6621.04
2025,6,212410,6_a_10SM,adm,93,11955.29
2025,6,212410,6_a_10SM,deslig,68,11691.47
2025,6,212410,acima_10SM,adm,45,20767.45
2025,6,212410,acima_10SM,deslig,35,19528.19
2025,6,212410,ate_3SM,adm,281,2969.1
2025,6,212410,ate_3SM,deslig,272,2983.8
2025,6,212415,3_a_6SM,adm,48,7051.84
2025,6,212415,3_a_6SM,deslig,41,6656.55
2025,6,212415,6_a_10SM,adm,11,11359.44
2025,6,212415,6_a_10SM,deslig,11,11088.83
2025,6,212415,acima_10SM,adm,4,33250.0
2025,6,212415,acima_10SM,deslig,3,18866.74
2025,6,212415,ate_3SM,adm,40,3058.82
2025,6,212415,ate_3SM,deslig,32,3253.27
2025,6,212420,3_a_6SM,adm,243,6373.49
2025,6,212420,3_a_6SM,deslig,239,6243.56
2025,6,212420,6_a_10SM,adm,69,11790.26
2025,6,212420,6_a_10SM,deslig,77,11377.96
2025,6,212420,acima_10SM,adm,30,21173.27
2025,6,212420,acima_10SM,deslig,24,24390.98
2025,6,212420,ate_3SM,adm,1051,2702.77
2025,6,212420,ate_3SM,deslig,1006,2757.96
2025,6,212425,3_a_6SM,adm,9,7447.67
2025,6,212425,3_a_6SM,deslig,17,7056.45
2025,6,212425,6_a_10SM,adm,27,12709.77
2025,6,212425,6_a_10SM,deslig,38,12414.52
2025,6,212425,acima_10SM,adm,58,20726.96
2025,6,212425,acima_10SM,deslig,45,22214.31
2025,6,212425,ate_3SM,adm,3,3101.46
2025,6,212425,ate_3SM,deslig,1,0.0
2025,6,212430,3_a_6SM,adm,78,6610.38
2025,6,212430,3_a_6SM,deslig,59,6723.43
2025,6,212430,6_a_10SM,adm,29,11002.3
2025,6,212430,6_a_10SM,deslig,25,11212.4
2025,6,212430,acima_10SM,adm,4,20650.0
2025,6,212430,acima_10SM,deslig,1,15242.64
2025,6,212430,ate_3SM,adm,60,3368.4
2025,6,212430,ate_3SM,deslig,52,3510.4
2025,6,317105,3_a_6SM,adm,21,7114.65
2025,6,317105,3_a_6SM,deslig,14,6381.72
2025,6,317105,6_a_10SM,adm,13,11954.76
2025,6,317105,6_a_10SM,deslig,9,11582.38
2025,6,317105,acima_10SM,adm,1,28380.0
2025,6,317105,acima_10SM,deslig,3,19517.12
2025,6,317105,ate_3SM,adm,23,2850.31
2025,6,317105,ate_3SM,deslig,23,2926.93
2025,6,317110,3_a_6SM,adm,268,6979.6
2025,6,317110,3_a_6SM,deslig,291,6787.11
2025,6,317110,6_a_10SM,adm,173,11733.99
2025,6,317110,6_a_10SM,deslig,169,11719.87
2025,6,317110,acima_10SM,adm,56,20708.8
2025,6,317110,acima_10SM,deslig,51,18707.88
2025,6,317110,ate_3SM,adm,357,2878.71
2025,6,317110,ate_3SM,deslig,324,2958.71
2025,6,317115,3_a_6SM,adm,15,5940.12
2025,6,317115,3_a_6SM,deslig,18,6248.85
2025,6,317115,6_a_10SM,deslig,3,12030.6
2025,6,317115,ate_3SM,adm,38,3368.87
2025,6,317115,ate_3SM,deslig,26,3503.91
2025,6,317120,3_a_6SM,adm,7,7342.86
2025,6,317120,3_a_6SM,deslig,5,6159.19
2025,6,317120,6_a_10SM,adm,8,10662.5
2025,6,317120,6_a_10SM,deslig,3,11101.33
2025,6,317120,ate_3SM,adm,9,2761.25
2025,6,317120,ate_3SM,deslig,8,3028.75
2025,6,317205,3_a_6SM,adm,6,6412.37
2025,6,317205,3_a_6SM,deslig,10,6037.52
2025,6,317205,6_a_10SM,adm,1,12456.12
2025,6,317205,6_a_10SM,deslig,1,12456.12
2025,6,317205,ate_3SM,adm,210,2339.05
2025,6,317205,ate_3SM,deslig,185,2290.27
2025,6,317210,3_a_6SM,adm,52,6380.27
2025,6,317210,3_a_6SM,deslig,19,6393.21
2025,6,317210,6_a_10SM,adm,3,11320.29
2025,6,317210,6_a_10SM,deslig,4,10988.17
2025,6,317210,acima_10SM,adm,5,27801.93
2025,6,317210,acima_10SM,deslig,2,18557.88
2025,6,317210,ate_3SM,adm,808,2370.3
2025,6,317210,ate_3SM,deslig,666,2361.51
2025,7,142505,3_a_6SM,adm,10,7156.9
2025,7,142505,3_a_6SM,deslig,6,6926.47
2025,7,142505,6_a_10SM,adm,15,12114.98
2025,7,142505,6_a_10SM,deslig,14,12165.86
2025,7,142505,acima_10SM,adm,27,24290.71
2025,7,142505,acima_10SM,deslig,28,21246.86
2025,7,142505,ate_3SM,adm,9,2168.79
2025,7,142505,ate_3SM,deslig,11,2979.95
2025,7,142510,3_a_6SM,adm,16,6751.07
2025,7,142510,3_a_6SM,deslig,23,6718.97
2025,7,142510,6_a_10SM,adm,24,13810.92
2025,7,142510,6_a_10SM,deslig,39,12417.73
2025,7,142510,acima_10SM,adm,113,24537.46
2025,7,142510,acima_10SM,deslig,138,23221.01
2025,7,142510,ate_3SM,adm,4,2767.86
2025,7,142510,ate_3SM,deslig,8,3579.07
2025,7,142515,3_a_6SM,adm,5,7276.83
2025,7,142515,3_a_6SM,deslig,12,6708.38
2025,7,142515,6_a_10SM,adm,12,12507.22
2025,7,142515,6_a_10SM,deslig,16,12445.16
2025,7,142515,acima_10SM,adm,40,29014.4
2025,7,142515,acima_10SM,deslig,54,22915.99
2025,7,142515,ate_3SM,adm,8,3012.7
2025,7,142515,ate_3SM,deslig,18,2681.44
2025,7,142520,3_a_6SM,adm,46,7477.99
2025,7,142520,3_a_6SM,deslig,63,6993.36
2025,7,142520,6_a_10SM,adm,95,12002.63
2025,7,142520,6_a_10SM,deslig,127,12020.24
2025,7,142520,acima_10SM,adm,116,23473.46
2025,7,142520,acima_10SM,deslig,148,23790.16
2025,7,142520,ate_3SM,adm,12,2986.69
2025,7,142520,ate_3SM,deslig,18,3234.28
2025,7,142525,6_a_10SM,adm,2,13284.21
2025,7,142525,6_a_10SM,deslig,10,12688.39
2025,7,142525,acima_10SM,adm,12,26710.4
2025,7,142525,acima_10SM,deslig,23,21572.85
2025,7,142525,ate_3SM,deslig,1,3087.0
2025,7,142530,3_a_6SM,adm,6,6544.28
2025,7,142530,3_a_6SM,deslig,23,6071.63
2025,7,142530,6_a_10SM,adm,14,12327.84
2025,7,142530,6_a_10SM,deslig,12,12278.65
2025,7,142530,acima_10SM,adm,24,19788.8
2025,7,142530,acima_10SM,deslig,22,23089.26
2025,7,142530,ate_3SM,adm,6,3647.08
2025,7,142530,ate_3SM,deslig,15,3635.51
2025,7,142535,3_a_6SM,adm,11,6502.36
2025,7,142535,3_a_6SM,deslig,9,6602.02
2025,7,142535,6_a_10SM,adm,14,11754.92
2025,7,142535,6_a_10SM,deslig,12,12708.03
2025,7,142535,acima_10SM,adm,11,24918.4
2025,7,142535,acima_10SM,deslig,7,25238.64
2025,7,142535,ate_3SM,adm,18,2623.41
2025,7,142535,ate_3SM,deslig,19,2860.91
2025,7,212305,3_a_6SM,adm,46,7097.87
2025,7,212305,3_a_6SM,deslig,48,7313.33
2025,7,212305,6_a_10SM,adm,58,11956.95
2025,7,212305,6_a_10SM,deslig,47,12087.22
2025,7,212305,acima_10SM,adm,31,19743.0
2025,7,212305,acima_10SM,deslig,14,22278.64
2025,7,212305,ate_3SM,adm,29,3171.75
2025,7,212305,ate_3SM,deslig,24,3347.23
2025,7,212310,3_a_6SM,adm,14,6630.05
2025,7,212310,3_a_6SM,deslig,12,6319.98
2025,7,212310,6_a_10SM,adm,4,13858.43
2025,7,212310,6_a_10SM,deslig,9,10715.83
2025,7,212310,acima_10SM,adm,1,54822.0
2025,7,212310,acima_10SM,deslig,7,19085.31
2025,7,212310,ate_3SM,adm,16,2466.4
2025,7,212310,ate_3SM,deslig,18,2931.2
2025,7,212315,3_a_6SM,adm,16,6492.75
2025,7,212315,3_a_6SM,deslig,13,6999.3
2025,7,212315,6_a_10SM,adm,19,13127.76
2025,7,212315,6_a_10SM,deslig,24,11633.87
2025,7,212315,acima_10SM,adm,20,20932.05
2025,7,212315,acima_10SM,deslig,22,18928.09
2025,7,212315,ate_3SM,adm,18,2797.36
2025,7,212315,ate_3SM,deslig,22,3036.09
2025,7,212320,3_a_6SM,adm,72,6372.7
2025,7,212320,3_a_6SM,deslig,70,6672.28
2025,7,212320,6_a_10SM,adm,58,11876.66
2025,7,212320,6_a_10SM,deslig,52,11984.27
2025,7,212320,acima_10SM,adm,27,20551.22
2025,7,212320,acima_10SM,deslig,35,21233.32
2025,7,212320,ate_3SM,adm,62,3130.58
2025,7,212320,ate_3SM,deslig,46,3233.09
2025,7,212405,3_a_6SM,adm,1311,6843.68
2025,7,212405,3_a_6SM,deslig,1131,6798.4
2025,7,212405,6_a_10SM,adm,1176,11804.19
2025,7,212405,6_a_10SM,deslig,909,11799.19
2025,7,212405,acima_10SM,adm,371,25868.3
2025,7,212405,acima_10SM,deslig,351,21585.67
2025,7,212405,ate_3SM,adm,775,3124.07
2025,7,212405,ate_3SM,deslig,643,3178.01
2025,7,212410,3_a_6SM,adm,182,6492.58
2025,7,212410,3_a_6SM,deslig,180,6543.95
2025,7,212410,6_a_10SM,adm,84,12172.2
2025,7,212410,6_a_10SM,deslig,84,11304.94
2025,7,212410,acima_10SM,adm,46,20927.51
2025,7,212410,acima_10SM,deslig,26,18457.55
2025,7,212410,ate_3SM,adm,382,2779.96
2025,7,212410,ate_3SM,deslig,249,3058.93
2025,7,212415,3_a_6SM,adm,45,6738.8
2025,7,212415,3_a_6SM,deslig,49,6372.58
2025,7,212415,6_a_10SM,adm,16,11213.05
2025,7,212415,6_a_10SM,deslig,7,11168.67
2025,7,212415,acima_10SM,adm,7,26462.0
2025,7,212415,acima_10SM,deslig,3,21600.39
2025,7,212415,ate_3SM,adm,70,3322.74
2025,7,212415,ate_3SM,deslig,26,3262.57
2025,7,212420,3_a_6SM,adm,228,6338.62
2025,7,212420,3_a_6SM,deslig,246,6303.06
2025,7,212420,6_a_10SM,adm,66,12023.25
2025,7,212420,6_a_10SM,deslig,68,11670.92
2025,7,212420,acima_10SM,adm,26,22155.57
2025,7,212420,acima_10SM,deslig,22,20647.35
2025,7,212420,ate_3SM,adm,998,2677.46
2025,7,212420,ate_3SM,deslig,983,2683.92
2025,7,212425,3_a_6SM,adm,7,7436.92
2025,7,212425,3_a_6SM,deslig,11,7129.1
2025,7,212425,6_a_10SM,adm,30,12432.6
2025,7,212425,6_a_10SM,deslig,31,12820.6
2025,7,212425,acima_10SM,adm,40,22182.22
2025,7,212425,acima_10SM,deslig,51,19415.11
2025,7,212425,ate_3SM,adm,5,3372.59
2025,7,212425,ate_3SM,deslig,4,3305.05
2025,7,212430,3_a_6SM,adm,75,6537.11
2025,7,212430,3_a_6SM,deslig,78,6695.63
2025,7,212430,6_a_10SM,adm,27,10891.28
2025,7,212430,6_a_10SM,deslig,29,10897.79
2025,7,212430,acima_10SM,deslig,1,16815.16
2025,7,212430,ate_3SM,adm,55,3294.27
2025,7,212430,ate_3SM,deslig,48,3613.53
2025,7,317105,3_a_6SM,adm,13,6499.77
2025,7,317105,3_a_6SM,deslig,17,6486.04
2025,7,317105,6_a_10SM,adm,16,12757.5
2025,7,317105,6_a_10SM,deslig,10,11834.84
2025,7,317105,acima_10SM,adm,3,16853.1
2025,7,317105,acima_10SM,deslig,6,17958.6
2025,7,317105,ate_3SM,adm,30,2570.46
2025,7,317105,ate_3SM,deslig,41,2773.34
2025,7,317110,3_a_6SM,adm,326,6790.69
2025,7,317110,3_a_6SM,deslig,312,6689.32
2025,7,317110,6_a_10SM,adm,206,11609.26
2025,7,317110,6_a_10SM,deslig,182,11762.87
2025,7,317110,acima_10SM,adm,50,24639.14
2025,7,317110,acima_10SM,deslig,49,19408.97
2025,7,317110,ate_3SM,adm,446,2850.82
2025,7,317110,ate_3SM,deslig,362,2991.37
2025,7,317115,3_a_6SM,adm,22,5794.59
2025,7,317115,3_a_6SM,deslig,25,5595.47
2025,7,317115,6_a_10SM,adm,3,10166.67
2025,7,317115,6_a_10SM,deslig,3,11907.86
2025,7,317115,ate_3SM,adm,28,3262.86
2025,7,317115,ate_3SM,deslig,37,3229.49
2025,7,317120,3_a_6SM,adm,11,7027.27
2025,7,317120,3_a_6SM,deslig,4,6251.11
2025,7,317120,6_a_10SM,adm,9,11277.78
2025,7,317120,6_a_10SM,deslig,1,9703.8
2025,7,317120,ate_3SM,adm,6,3364.67
2025,7,317120,ate_3SM,deslig,19,2863.32
2025,7,317205,3_a_6SM,adm,3,5561.36
2025,7,317205,3_a_6SM,deslig,9,5360.93
2025,7,317205,6_a_10SM,adm,3,11082.95
2025,7,317205,ate_3SM,adm,253,2252.78
2025,7,317205,ate_3SM,deslig,215,2307.95
2025,7,317210,3_a_6SM,adm,35,6208.68
2025,7,317210,3_a_6SM,deslig,25,5637.14
2025,7,317210,6_a_10SM,adm,10,12949.51
2025,7,317210,6_a_10SM,deslig,6,11999.39
2025,7,317210,acima_10SM,adm,4,135717.75
2025,7,317210,acima_10SM,deslig,2,25666.67
2025,7,317210,ate_3SM,adm,854,2386.81
2025,7,317210,ate_3SM,deslig,643,2445.95
2025,8,142505,3_a_6SM,adm,8,7568.75
2025,8,142505,3_a_6SM,deslig,5,7228.15
2025,8,142505,6_a_10SM,adm,15,12627.53
2025,8,142505,6_a_10SM,deslig,15,12337.45
2025,8,142505,acima_10SM,adm,33,24859.45
2025,8,142505,acima_10SM,deslig,33,25478.38
2025,8,142505,ate_3SM,adm,6,2679.59
2025,8,142505,ate_3SM,deslig,9,2850.2
2025,8,142510,3_a_6SM,adm,10,6638.9
2025,8,142510,3_a_6SM,deslig,8,6780.47
2025,8,142510,6_a_10SM,adm,22,12551.61
2025,8,142510,6_a_10SM,deslig,33,12926.97
2025,8,142510,acima_10SM,adm,124,24717.72
2025,8,142510,acima_10SM,deslig,162,23871.1
2025,8,142510,ate_3SM,adm,7,3401.86
2025,8,142510,ate_3SM,deslig,8,3113.19
2025,8,142515,3_a_6SM,adm,7,6233.16
2025,8,142515,3_a_6SM,deslig,7,5783.15
2025,8,142515,6_a_10SM,adm,15,12011.0
2025,8,142515,6_a_10SM,deslig,11,11345.02
2025,8,142515,acima_10SM,adm,34,25877.57
2025,8,142515,acima_10SM,deslig,47,24135.99
2025,8,142515,ate_3SM,adm,2,3323.6
2025,8,142515,ate_3SM,deslig,3,2837.36
2025,8,142520,3_a_6SM,adm,58,7210.43
2025,8,142520,3_a_6SM,deslig,68,7291.12
2025,8,142520,6_a_10SM,adm,123,12367.51
2025,8,142520,6_a_10SM,deslig,130,12374.71
2025,8,142520,acima_10SM,adm,107,24102.6
2025,8,142520,acima_10SM,deslig,152,23059.18
2025,8,142520,ate_3SM,adm,21,3277.99
2025,8,142520,ate_3SM,deslig,21,3079.42
2025,8,142525,3_a_6SM,adm,3,7005.94
2025,8,142525,3_a_6SM,deslig,4,6816.6
2025,8,142525,6_a_10SM,adm,4,13150.0
2025,8,142525,6_a_10SM,deslig,2,12178.56
2025,8,142525,acima_10SM,adm,20,24837.17
2025,8,142525,acima_10SM,deslig,24,23650.42
2025,8,142530,3_a_6SM,adm,12,6955.13
2025,8,142530,3_a_6SM,deslig,20,6934.51
2025,8,142530,6_a_10SM,adm,15,13145.33
2025,8,142530,6_a_10SM,deslig,18,12112.04
2025,8,142530,acima_10SM,adm,22,21309.69
2025,8,142530,acima_10SM,deslig,19,22845.48
2025,8,142530,ate_3SM,adm,9,2985.65
2025,8,142530,ate_3SM,deslig,12,3348.96
2025,8,142535,3_a_6SM,adm,13,6206.25
2025,8,142535,3_a_6SM,deslig,11,6622.33
2025,8,142535,6_a_10SM,adm,13,12612.71
2025,8,142535,6_a_10SM,deslig,19,11693.59
2025,8,142535,acima_10SM,adm,6,22727.33
2025,8,142535,acima_10SM,deslig,8,18425.61
2025,8,142535,ate_3SM,adm,17,3253.59
2025,8,142535,ate_3SM,deslig,15,2637.78
2025,8,212305,3_a_6SM,adm,70,6879.11
2025,8,212305,3_a_6SM,deslig,40,7412.4
2025,8,212305,6_a_10SM,adm,52,12211.34
2025,8,212305,6_a_10SM,deslig,63,11919.38
2025,8,212305,acima_10SM,adm,20,20943.35
2025,8,212305,acima_10SM,deslig,19,20379.16
2025,8,212305,ate_3SM,adm,20,3358.5
2025,8,212305,ate_3SM,deslig,28,3198.53
2025,8,212310,3_a_6SM,adm,16,7069.49
2025,8,212310,3_a_6SM,deslig,18,6721.44
2025,8,212310,6_a_10SM,adm,16,11935.79
2025,8,212310,6_a_10SM,deslig,11,10848.26
2025,8,212310,acima_10SM,adm,3,22313.89
2025,8,212310,acima_10SM,deslig,8,18278.36
2025,8,212310,ate_3SM,adm,33,2835.76
2025,8,212310,ate_3SM,deslig,14,3328.49
2025,8,212315,3_a_6SM,adm,30,7302.5
2025,8,212315,3_a_6SM,deslig,19,6567.34
2025,8,212315,6_a_10SM,adm,23,12298.89
2025,8,212315,6_a_10SM,deslig,17,11791.44
2025,8,212315,acima_10SM,adm,14,19965.69
2025,8,212315,acima_10SM,deslig,23,19597.12
2025,8,212315,ate_3SM,adm,22,2924.88
2025,8,212315,ate_3SM,deslig,25,2798.35
2025,8,212320,3_a_6SM,adm,73,6898.13
2025,8,212320,3_a_6SM,deslig,68,6751.65
2025,8,212320,6_a_10SM,adm,60,11814.63
2025,8,212320,6_a_10SM,deslig,57,11964.01
2025,8,212320,acima_10SM,adm,31,18396.63
2025,8,212320,acima_10SM,deslig,22,20505.85
2025,8,212320,ate_3SM,adm,70,3054.33
2025,8,212320,ate_3SM,deslig,49,3205.47
2025,8,212405,3_a_6SM,adm,1298,6903.5
2025,8,212405,3_a_6SM,deslig,1138,6837.26
2025,8,212405,6_a_10SM,adm,1171,11874.73
2025,8,212405,6_a_10SM,deslig,1043,11812.08
2025,8,212405,acima_10SM,adm,385,21989.1
2025,8,212405,acima_10SM,deslig,402,19311.6
2025,8,212405,ate_3SM,adm,922,3079.8
2025,8,212405,ate_3SM,deslig,751,3332.28
2025,8,212410,3_a_6SM,adm,190,6480.38
2025,8,212410,3_a_6SM,deslig,167,6583.47
2025,8,212410,6_a_10SM,adm,89,12016.41
2025,8,212410,6_a_10SM,deslig,94,11929.28
2025,8,212410,acima_10SM,adm,38,21881.74
2025,8,212410,acima_10SM,deslig,34,22905.97
2025,8,212410,ate_3SM,adm,312,3067.87
2025,8,212410,ate_3SM,deslig,280,3020.79
2025,8,212415,3_a_6SM,adm,53,6541.8
2025,8,212415,3_a_6SM,deslig,33,6593.92
2025,8,212415,6_a_10SM,adm,18,11231.49
2025,8,212415,6_a_10SM,deslig,12,12049.94
2025,8,212415,acima_10SM,adm,4,17710.26
2025,8,212415,acima_10SM,deslig,6,31304.5
2025,8,212415,ate_3SM,adm,50,3232.97
2025,8,212415,ate_3SM,deslig,35,3437.14
2025,8,212420,3_a_6SM,adm,255,6401.44
2025,8,212420,3_a_6SM,deslig,263,6117.01
2025,8,212420,6_a_10SM,adm,94,12065.32
2025,8,212420,6_a_10SM,deslig,92,11426.09
2025,8,212420,acima_10SM,adm,29,21053.01
2025,8,212420,acima_10SM,deslig,28,23678.68
2025,8,212420,ate_3SM,adm,965,2813.6
2025,8,212420,ate_3SM,deslig,1006,2840.61
2025,8,212425,3_a_6SM,adm,11,6382.3
2025,8,212425,3_a_6SM,deslig,12,7378.73
2025,8,212425,6_a_10SM,adm,33,12628.63
2025,8,212425,6_a_10SM,deslig,32,12295.57
2025,8,212425,acima_10SM,adm,56,21929.08
2025,8,212425,acima_10SM,deslig,35,19608.85
2025,8,212425,ate_3SM,adm,7,3624.51
2025,8,212425,ate_3SM,deslig,4,3446.61
2025,8,212430,3_a_6SM,adm,87,6661.13
2025,8,212430,3_a_6SM,deslig,85,6820.73
2025,8,212430,6_a_10SM,adm,24,11010.08
2025,8,212430,6_a_10SM,deslig,24,11353.29
2025,8,212430,acima_10SM,adm,2,19800.0
2025,8,212430,acima_10SM,deslig,4,20109.03
2025,8,212430,ate_3SM,adm,59,3283.52
2025,8,212430,ate_3SM,deslig,61,3285.73
2025,8,317105,3_a_6SM,adm,9,5793.73
2025,8,317105,3_a_6SM,deslig,16,5944.73
2025,8,317105,6_a_10SM,adm,15,13397.19
2025,8,317105,6_a_10SM,deslig,9,12281.44
2025,8,317105,acima_10SM,adm,12,19200.0
2025,8,317105,acima_10SM,deslig,1,16658.0
2025,8,317105,ate_3SM,adm,28,2621.45
2025,8,317105,ate_3SM,deslig,34,2705.57
2025,8,317110,3_a_6SM,adm,347,6841.25
2025,8,317110,3_a_6SM,deslig,372,6649.09
2025,8,317110,6_a_10SM,adm,201,11646.89
2025,8,317110,6_a_10SM,deslig,217,11799.4
2025,8,317110,acima_10SM,adm,41,81581.5
2025,8,317110,acima_10SM,deslig,63,20037.35
2025,8,317110,ate_3SM,adm,486,2826.62
2025,8,317110,ate_3SM,deslig,387,3025.76
2025,8,317115,3_a_6SM,adm,16,5946.55
2025,8,317115,3_a_6SM,deslig,23,5854.46
2025,8,317115,acima_10SM,adm,1,30000.0
2025,8,317115,ate_3SM,adm,38,3064.08
2025,8,317115,ate_3SM,deslig,29,3383.53
2025,8,317120,3_a_6SM,adm,6,7222.19
2025,8,317120,3_a_6SM,deslig,9,6560.46
2025,8,317120,6_a_10SM,adm,7,11556.43
2025,8,317120,6_a_10SM,deslig,3,11565.89
2025,8,317120,acima_10SM,deslig,2,49836.99
2025,8,317120,ate_3SM,adm,5,2491.94
2025,8,317120,ate_3SM,deslig,12,2981.19
2025,8,317205,3_a_6SM,adm,7,5504.68
2025,8,317205,3_a_6SM,deslig,11,6198.7
2025,8,317205,6_a_10SM,adm,1,11100.0
2025,8,317205,6_a_10SM,deslig,2,11705.08
2025,8,317205,ate_3SM,adm,210,2219.92
2025,8,317205,ate_3SM,deslig,237,2357.93
2025,8,317210,3_a_6SM,adm,32,6198.74
2025,8,317210,3_a_6SM,deslig,33,5751.03
2025,8,317210,6_a_10SM,adm,8,12071.0
2025,8,317210,6_a_10SM,deslig,5,11656.42
2025,8,317210,acima_10SM,adm,2,28583.33
2025,8,317210,acima_10SM,deslig,1,18043.66
2025,8,317210,ate_3SM,adm,807,2369.8
2025,8,317210,ate_3SM,deslig,715,2442.72
2025,9,142505,3_a_6SM,adm,11,6710.78
2025,9,142505,3_a_6SM,deslig,7,6581.47
2025,9,142505,6_a_10SM,adm,11,12671.03
2025,9,142505,6_a_10SM,deslig,12,13131.85
2025,9,142505,acima_10SM,adm,36,22139.35
2025,9,142505,acima_10SM,deslig,37,25423.65
2025,9,142505,ate_3SM,adm,10,2799.19
2025,9,142505,ate_3SM,deslig,14,3235.1
2025,9,142510,3_a_6SM,adm,3,8084.01
2025,9,142510,3_a_6SM,deslig,16,7721.44
2025,9,142510,6_a_10SM,adm,20,13495.45
2025,9,142510,6_a_10SM,deslig,34,12881.63
2025,9,142510,acima_10SM,adm,112,25778.13
2025,9,142510,acima_10SM,deslig,131,23587.28
2025,9,142510,ate_3SM,adm,3,3133.33
2025,9,142510,ate_3SM,deslig,3,4008.65
2025,9,142515,3_a_6SM,adm,6,6114.58
2025,9,142515,3_a_6SM,deslig,11,7281.27
2025,9,142515,6_a_10SM,adm,8,11746.86
2025,9,142515,6_a_10SM,deslig,6,12103.57
2025,9,142515,acima_10SM,adm,35,22786.2
2025,9,142515,acima_10SM,deslig,53,24077.31
2025,9,142515,ate_3SM,adm,2,3575.0
2025,9,142515,ate_3SM,deslig,6,3193.74
2025,9,142520,3_a_6SM,adm,66,7009.56
2025,9,142520,3_a_6SM,deslig,71,7162.92
2025,9,142520,6_a_10SM,adm,103,12024.78
2025,9,142520,6_a_10SM,deslig,133,12075.63
2025,9,142520,acima_10SM,adm,138,23577.15
2025,9,142520,acima_10SM,deslig,144,23526.26
2025,9,142520,ate_3SM,adm,14,3611.68
2025,9,142520,ate_3SM,deslig,19,3155.47
2025,9,142525,3_a_6SM,adm,1,8500.0
2025,9,142525,6_a_10SM,adm,3,13795.79
2025,9,142525,6_a_10SM,deslig,5,13771.99
2025,9,142525,acima_10SM,adm,21,25139.1
2025,9,142525,acima_10SM,deslig,24,25329.45
2025,9,142525,ate_3SM,deslig,2,2866.93
2025,9,142530,3_a_6SM,adm,4,7251.94
2025,9,142530,3_a_6SM,deslig,13,6702.55
2025,9,142530,6_a_10SM,adm,17,11731.73
2025,9,142530,6_a_10SM,deslig,16,11308.96
2025,9,142530,acima_10SM,adm,24,23759.45
2025,9,142530,acima_10SM,deslig,33,22785.86
2025,9,142530,ate_3SM,adm,7,2412.86
2025,9,142530,ate_3SM,deslig,15,2950.41
2025,9,142535,3_a_6SM,adm,13,6651.57
2025,9,142535,3_a_6SM,deslig,14,6107.39
2025,9,142535,6_a_10SM,adm,20,12619.2
2025,9,142535,6_a_10SM,deslig,14,12526.42
2025,9,142535,acima_10SM,adm,8,22625.0
2025,9,142535,acima_10SM,deslig,10,22778.32
2025,9,142535,ate_3SM,adm,22,2674.75
2025,9,142535,ate_3SM,deslig,13,3178.55
2025,9,212305,3_a_6SM,adm,50,7195.94
2025,9,212305,3_a_6SM,deslig,48,7071.12
2025,9,212305,6_a_10SM,adm,65,12127.9
2025,9,212305,6_a_10SM,deslig,59,12029.14
2025,9,212305,acima_10SM,adm,20,21642.76
2025,9,212305,acima_10SM,deslig,14,21178.96
2025,9,212305,ate_3SM,adm,20,3269.59
2025,9,212305,ate_3SM,deslig,14,3418.93
2025,9,212310,3_a_6SM,adm,5,5837.23
2025,9,212310,3_a_6SM,deslig,12,6371.02
2025,9,212310,6_a_10SM,adm,7,11671.49
2025,9,212310,6_a_10SM,deslig,18,12241.63
2025,9,212310,acima_10SM,adm,4,20175.47
2025,9,212310,acima_10SM,deslig,9,20068.94
2025,9,212310,ate_3SM,adm,20,2862.09
2025,9,212310,ate_3SM,deslig,16,3388.38
2025,9,212315,3_a_6SM,adm,16,6949.25
2025,9,212315,3_a_6SM,deslig,22,6944.17
2025,9,212315,6_a_10SM,adm,21,12858.03
2025,9,212315,6_a_10SM,deslig,22,11959.47
2025,9,212315,acima_10SM,adm,10,19919.58
2025,9,212315,acima_10SM,deslig,17,19616.87
2025,9,212315,ate_3SM,adm,30,2756.22
2025,9,212315,ate_3SM,deslig,28,2902.11
2025,9,212320,3_a_6SM,adm,73,6821.3
2025,9,212320,3_a_6SM,deslig,75,6602.93
2025,9,212320,6_a_10SM,adm,56,12265.83
2025,9,212320,6_a_10SM,deslig,59,11899.18
2025,9,212320,acima_10SM,adm,31,18929.25
2025,9,212320,acima_10SM,deslig,29,19788.92
2025,9,212320,ate_3SM,adm,69,3117.97
2025,9,212320,ate_3SM,deslig,51,3271.23
2025,9,212405,3_a_6SM,adm,1285,6934.49
2025,9,212405,3_a_6SM,deslig,1323,6834.28
2025,9,212405,6_a_10SM,adm,1180,11903.45
2025,9,212405,6_a_10SM,deslig,1195,11656.52
2025,9,212405,acima_10SM,adm,441,19296.6
2025,9,212405,acima_10SM,deslig,518,18279.06
2025,9,212405,ate_3SM,adm,986,3129.97
2025,9,212405,ate_3SM,deslig,654,3247.3
2025,9,212410,3_a_6SM,adm,164,6601.3
2025,9,212410,3_a_6SM,deslig,182,6550.73
2025,9,212410,6_a_10SM,adm,80,12112.7
2025,9,212410,6_a_10SM,deslig,94,11496.61
2025,9,212410,acima_10SM,adm,33,21441.79
2025,9,212410,acima_10SM,deslig,62,18191.09
2025,9,212410,ate_3SM,adm,268,3104.47
2025,9,212410,ate_3SM,deslig,255,3060.05
2025,9,212415,3_a_6SM,adm,37,6749.45
2025,9,212415,3_a_6SM,deslig,62,6352.04
2025,9,212415,6_a_10SM,adm,12,11669.67
2025,9,212415,6_a_10SM,deslig,18,11620.1
2025,9,212415,acima_10SM,adm,3,19107.43
2025,9,212415,acima_10SM,deslig,7,23558.22
2025,9,212415,ate_3SM,adm,42,3199.46
2025,9,212415,ate_3SM,deslig,52,3359.74
2025,9,212420,3_a_6SM,adm,235,6279.14
2025,9,212420,3_a_6SM,deslig,237,6375.84
2025,9,212420,6_a_10SM,adm,92,11620.55
2025,9,212420,6_a_10SM,deslig,79,11515.27
2025,9,212420,acima_10SM,adm,28,43319.89
2025,9,212420,acima_10SM,deslig,64,19802.37
2025,9,212420,ate_3SM,adm,997,2795.4
2025,9,212420,ate_3SM,deslig,913,2817.78
2025,9,212425,3_a_6SM,adm,8,7984.99
2025,9,212425,3_a_6SM,deslig,13,7261.51
2025,9,212425,6_a_10SM,adm,27,12606.23
2025,9,212425,6_a_10SM,deslig,29,12738.4
2025,9,212425,acima_10SM,adm,39,21141.22
2025,9,212425,acima_10SM,deslig,39,22287.22
2025,9,212425,ate_3SM,adm,5,3250.71
2025,9,212425,ate_3SM,deslig,6,3340.02
2025,9,212430,3_a_6SM,adm,95,6970.74
2025,9,212430,3_a_6SM,deslig,72,6787.96
2025,9,212430,6_a_10SM,adm,26,10868.87
2025,9,212430,6_a_10SM,deslig,36,10684.6
2025,9,212430,acima_10SM,deslig,2,21222.17
2025,9,212430,ate_3SM,adm,47,3516.92
2025,9,212430,ate_3SM,deslig,52,3395.16
2025,9,317105,3_a_6SM,adm,11,6638.88
2025,9,317105,3_a_6SM,deslig,13,6522.95
2025,9,317105,6_a_10SM,adm,20,11872.29
2025,9,317105,6_a_10SM,deslig,6,12861.49
2025,9,317105,acima_10SM,adm,11,24169.45
2025,9,317105,acima_10SM,deslig,2,24257.29
2025,9,317105,ate_3SM,adm,35,3107.11
2025,9,317105,ate_3SM,deslig,44,2722.89
2025,9,317110,3_a_6SM,adm,343,6939.59
2025,9,317110,3_a_6SM,deslig,288,6740.32
2025,9,317110,6_a_10SM,adm,231,11657.63
2025,9,317110,6_a_10SM,deslig,161,12051.93
2025,9,317110,acima_10SM,adm,44,19962.36
2025,9,317110,acima_10SM,deslig,54,21103.64
2025,9,317110,ate_3SM,adm,413,2910.39
2025,9,317110,ate_3SM,deslig,409,2963.73
2025,9,317115,3_a_6SM,adm,20,5693.4
2025,9,317115,3_a_6SM,deslig,22,5985.6
2025,9,317115,6_a_10SM,deslig,1,12000.0
2025,9,317115,acima_10SM,adm,1,20166.67
2025,9,317115,ate_3SM,adm,35,3368.34
2025,9,317115,ate_3SM,deslig,30,3190.28
2025,9,317120,3_a_6SM,adm,8,6169.4
2025,9,317120,3_a_6SM,deslig,13,7279.35
2025,9,317120,6_a_10SM,adm,4,13250.0
2025,9,317120,6_a_10SM,deslig,8,11572.75
2025,9,317120,acima_10SM,adm,1,26189.29
2025,9,317120,acima_10SM,deslig,2,17502.0
2025,9,317120,ate_3SM,adm,12,2714.18
2025,9,317120,ate_3SM,deslig,13,2889.92
2025,9,317205,3_a_6SM,adm,2,6777.56
2025,9,317205,3_a_6SM,deslig,8,6578.24
2025,9,317205,6_a_10SM,adm,3,9933.01
2025,9,317205,6_a_10SM,deslig,6,10688.95
2025,9,317205,acima_10SM,adm,1,18500.0
2025,9,317205,ate_3SM,adm,220,2286.76
2025,9,317205,ate_3SM,deslig,201,2328.73
2025,9,317210,3_a_6SM,adm,49,5866.01
2025,9,317210,3_a_6SM,deslig,26,5991.27
2025,9,317210,6_a_10SM,adm,6,11273.64
2025,9,317210,6_a_10SM,deslig,4,10278.45
2025,9,317210,acima_10SM,adm,3,23309.06
2025,9,317210,ate_3SM,adm,796,2428.06
2025,9,317210,ate_3SM,deslig,681,2486.84
2025,10,142505,3_a_6SM,adm,11,7221.99
2025,10,142505,3_a_6SM,deslig,10,6740.96
2025,10,142505,6_a_10SM,adm,15,12580.92
2025,10,142505,6_a_10SM,deslig,19,12870.12
2025,10,142505,acima_10SM,adm,37,28966.17
2025,10,142505,acima_10SM,deslig,34,24681.03
2025,10,142505,ate_3SM,adm,12,2971.38
2025,10,142505,ate_3SM,deslig,8,3364.58
2025,10,142510,3_a_6SM,adm,8,7464.78
2025,10,142510,3_a_6SM,deslig,13,6963.99
2025,10,142510,6_a_10SM,adm,27,12597.31
2025,10,142510,6_a_10SM,deslig,49,12616.83
2025,10,142510,acima_10SM,adm,117,26246.45
2025,10,142510,acima_10SM,deslig,154,22898.32
2025,10,142510,ate_3SM,adm,1,4300.0
2025,10,142510,ate_3SM,deslig,8,3405.12
2025,10,142515,3_a_6SM,adm,7,7050.69
2025,10,142515,3_a_6SM,deslig,14,7089.49
2025,10,142515,6_a_10SM,adm,10,12729.2
2025,10,142515,6_a_10SM,deslig,11,12907.31
2025,10,142515,acima_10SM,adm,36,26843.19
2025,10,142515,acima_10SM,deslig,50,23761.31
2025,10,142515,ate_3SM,adm,4,3618.35
2025,10,142515,ate_3SM,deslig,9,3223.15
2025,10,142520,3_a_6SM,adm,53,6949.78
2025,10,142520,3_a_6SM,deslig,67,7196.61
2025,10,142520,6_a_10SM,adm,161,12405.56
2025,10,142520,6_a_10SM,deslig,132,12344.11
2025,10,142520,acima_10SM,adm,138,23552.95
2025,10,142520,acima_10SM,deslig,154,22140.0
2025,10,142520,ate_3SM,adm,11,3027.94
2025,10,142520,ate_3SM,deslig,26,3020.1
2025,10,142525,3_a_6SM,adm,3,6713.9
2025,10,142525,3_a_6SM,deslig,3,6428.28
2025,10,142525,6_a_10SM,adm,2,12646.17
2025,10,142525,6_a_10SM,deslig,3,14197.62
2025,10,142525,acima_10SM,adm,22,24295.9
2025,10,142525,acima_10SM,deslig,26,22070.9
2025,10,142525,ate_3SM,deslig,2,2967.76
2025,10,142530,3_a_6SM,adm,9,6571.12
2025,10,142530,3_a_6SM,deslig,25,6770.07
2025,10,142530,6_a_10SM,adm,13,12907.7
2025,10,142530,6_a_10SM,deslig,22,12507.73
2025,10,142530,acima_10SM,adm,28,23140.71
2025,10,142530,acima_10SM,deslig,31,23037.23
2025,10,142530,ate_3SM,adm,11,2949.33
2025,10,142530,ate_3SM,deslig,19,2926.02
2025,10,142535,3_a_6SM,adm,12,6313.18
2025,10,142535,3_a_6SM,deslig,9,6079.52
2025,10,142535,6_a_10SM,adm,8,11959.98
2025,10,142535,6_a_10SM,deslig,14,12382.83
2025,10,142535,acima_10SM,adm,14,21528.57
2025,10,142535,acima_10SM,deslig,12,18738.86
2025,10,142535,ate_3SM,adm,11,2803.79
2025,10,142535,ate_3SM,deslig,18,2902.6
2025,10,212305,3_a_6SM,adm,60,7336.87
2025,10,212305,3_a_6SM,deslig,46,6830.31
2025,10,212305,6_a_10SM,adm,71,12047.34
2025,10,212305,6_a_10SM,deslig,64,12114.06
2025,10,212305,acima_10SM,adm,13,19697.21
2025,10,212305,acima_10SM,deslig,23,17781.07
2025,10,212305,ate_3SM,adm,21,3468.28
2025,10,212305,ate_3SM,deslig,26,3071.15
2025,10,212310,3_a_6SM,adm,9,6685.25
2025,10,212310,3_a_6SM,deslig,29,6566.39
2025,10,212310,6_a_10SM,adm,12,12318.23
2025,10,212310,6_a_10SM,deslig,12,12067.06
2025,10,212310,acima_10SM,adm,4,22932.96
2025,10,212310,acima_10SM,deslig,10,19353.28
2025,10,212310,ate_3SM,adm,21,2796.28
2025,10,212310,ate_3SM,deslig,25,2816.2
2025,10,212315,3_a_6SM,adm,27,6916.09
2025,10,212315,3_a_6SM,deslig,17,6642.52
2025,10,212315,6_a_10SM,adm,27,12020.71
2025,10,212315,6_a_10SM,deslig,28,12064.19
2025,10,212315,acima_10SM,adm,16,22590.56
2025,10,212315,acima_10SM,deslig,21,18870.1
2025,10,212315,ate_3SM,adm,31,3139.79
2025,10,212315,ate_3SM,deslig,34,3030.5
2025,10,212320,3_a_6SM,adm,72,6572.18
2025,10,212320,3_a_6SM,deslig,85,6931.6
2025,10,212320,6_a_10SM,adm,67,12056.76
2025,10,212320,6_a_10SM,deslig,69,12066.66
2025,10,212320,acima_10SM,adm,31,17864.7
2025,10,212320,acima_10SM,deslig,25,17851.02
2025,10,212320,ate_3SM,adm,67,3157.05
2025,10,212320,ate_3SM,deslig,55,3262.25
2025,10,212405,3_a_6SM,adm,1278,6958.09
2025,10,212405,3_a_6SM,deslig,1085,6875.91
2025,10,212405,6_a_10SM,adm,1142,11901.88
2025,10,212405,6_a_10SM,deslig,1055,11701.62
2025,10,212405,acima_10SM,adm,421,22255.65
2025,10,212405,acima_10SM,deslig,389,18988.36
2025,10,212405,ate_3SM,adm,799,3185.62
2025,10,212405,ate_3SM,deslig,770,3260.68
2025,10,212410,3_a_6SM,adm,170,6501.37
2025,10,212410,3_a_6SM,deslig,167,6550.89
2025,10,212410,6_a_10SM,adm,94,11890.56
2025,10,212410,6_a_10SM,deslig,86,11784.3
2025,10,212410,acima_10SM,adm,37,19335.72
2025,10,212410,acima_10SM,deslig,40,18923.44
2025,10,212410,ate_3SM,adm,337,3126.83
2025,10,212410,ate_3SM,deslig,304,2983.14
2025,10,212415,3_a_6SM,adm,39,6422.46
2025,10,212415,3_a_6SM,deslig,48,6755.18
2025,10,212415,6_a_10SM,adm,15,11868.73
2025,10,212415,6_a_10SM,deslig,14,11032.05
2025,10,212415,acima_10SM,adm,5,23611.2
2025,10,212415,acima_10SM,deslig,3,19666.67
2025,10,212415,ate_3SM,adm,52,3140.55
2025,10,212415,ate_3SM,deslig,38,3096.11
2025,10,212420,3_a_6SM,adm,306,6306.49
2025,10,212420,3_a_6SM,deslig,249,6331.42
2025,10,212420,6_a_10SM,adm,92,11700.38
2025,10,212420,6_a_10SM,deslig,84,11587.66
2025,10,212420,acima_10SM,adm,36,21126.78
2025,10,212420,acima_10SM,deslig,34,19859.32
2025,10,212420,ate_3SM,adm,1118,2791.99
2025,10,212420,ate_3SM,deslig,1067,2820.58
2025,10,212425,3_a_6SM,adm,9,7193.64
2025,10,212425,3_a_6SM,deslig,10,7547.63
2025,10,212425,6_a_10SM,adm,35,13065.01
2025,10,212425,6_a_10SM,deslig,39,12034.16
2025,10,212425,acima_10SM,adm,42,20336.83
2025,10,212425,acima_10SM,deslig,52,20060.41
2025,10,212425,ate_3SM,adm,5,2771.09
2025,10,212425,ate_3SM,deslig,7,2398.97
2025,10,212430,3_a_6SM,adm,94,6684.74
2025,10,212430,3_a_6SM,deslig,71,6680.11
2025,10,212430,6_a_10SM,adm,31,11363.39
2025,10,212430,6_a_10SM,deslig,36,11257.56
2025,10,212430,acima_10SM,adm,4,17472.67
2025,10,212430,acima_10SM,deslig,1,39970.31
2025,10,212430,ate_3SM,adm,51,3305.26
2025,10,212430,ate_3SM,deslig,64,3477.15
2025,10,317105,3_a_6SM,adm,14,6523.0
2025,10,317105,3_a_6SM,deslig,17,6623.37
2025,10,317105,6_a_10SM,adm,12,12356.44
2025,10,317105,6_a_10SM,deslig,13,12013.11
2025,10,317105,acima_10SM,adm,6,18634.55
2025,10,317105,acima_10SM,deslig,8,18592.21
2025,10,317105,ate_3SM,adm,29,2565.13
2025,10,317105,ate_3SM,deslig,37,2810.87
2025,10,317110,3_a_6SM,adm,337,6785.66
2025,10,317110,3_a_6SM,deslig,310,6648.17
2025,10,317110,6_a_10SM,adm,242,11657.36
2025,10,317110,6_a_10SM,deslig,212,11534.75
2025,10,317110,acima_10SM,adm,53,22358.64
2025,10,317110,acima_10SM,deslig,61,32780.15
2025,10,317110,ate_3SM,adm,401,2879.83
2025,10,317110,ate_3SM,deslig,414,2991.25
2025,10,317115,3_a_6SM,adm,17,5667.12
2025,10,317115,3_a_6SM,deslig,26,6228.44
2025,10,317115,6_a_10SM,adm,1,10000.0
2025,10,317115,acima_10SM,adm,1,27916.05
2025,10,317115,ate_3SM,adm,23,3250.11
2025,10,317115,ate_3SM,deslig,23,3530.26
2025,10,317120,3_a_6SM,adm,11,6715.21
2025,10,317120,3_a_6SM,deslig,4,7187.95
2025,10,317120,6_a_10SM,adm,9,11146.96
2025,10,317120,6_a_10SM,deslig,7,10456.64
2025,10,317120,acima_10SM,deslig,3,42059.57
2025,10,317120,ate_3SM,adm,11,2973.97
2025,10,317120,ate_3SM,deslig,8,2868.12
2025,10,317205,3_a_6SM,adm,8,6171.15
2025,10,317205,3_a_6SM,deslig,7,5631.42
2025,10,317205,6_a_10SM,adm,2,11351.91
2025,10,317205,ate_3SM,adm,190,2339.0
2025,10,317205,ate_3SM,deslig,257,2383.74
2025,10,317210,3_a_6SM,adm,39,6171.56
2025,10,317210,3_a_6SM,deslig,35,5654.05
2025,10,317210,6_a_10SM,adm,27,11206.24
2025,10,317210,6_a_10SM,deslig,5,11074.82
2025,10,317210,acima_10SM,adm,5,36051.66
2025,10,317210,acima_10SM,deslig,2,22249.69
2025,10,317210,ate_3SM,adm,956,2408.06
2025,10,317210,ate_3SM,deslig,791,2431.1
2025,11,142505,3_a_6SM,adm,15,7456.92
2025,11,142505,3_a_6SM,deslig,10,6917.7
2025,11,142505,6_a_10SM,adm,12,13362.9
2025,11,142505,6_a_10SM,deslig,15,12671.4
2025,11,142505,acima_10SM,adm,28,26597.3
2025,11,142505,acima_10SM,deslig,20,22730.1
2025,11,142505,ate_3SM,adm,10,3496.29
2025,11,142505,ate_3SM,deslig,9,3138.09
2025,11,142510,3_a_6SM,adm,8,6714.5
2025,11,142510,3_a_6SM,deslig,10,7425.44
2025,11,142510,6_a_10SM,adm,28,13028.67
2025,11,142510,6_a_10SM,deslig,37,13253.53
2025,11,142510,acima_10SM,adm,98,25997.19
2025,11,142510,acima_10SM,deslig,106,22610.91
2025,11,142510,ate_3SM,adm,7,2783.43
2025,11,142510,ate_3SM,deslig,2,3201.97
2025,11,142515,3_a_6SM,adm,10,6809.85
2025,11,142515,3_a_6SM,deslig,7,7250.56
2025,11,142515,6_a_10SM,adm,9,13463.56
2025,11,142515,6_a_10SM,deslig,11,11725.4
2025,11,142515,acima_10SM,adm,36,26733.8
2025,11,142515,acima_10SM,deslig,44,24795.44
2025,11,142515,ate_3SM,adm,1,4000.0
2025,11,142515,ate_3SM,deslig,6,2609.85
2025,11,142520,3_a_6SM,adm,41,7271.44
2025,11,142520,3_a_6SM,deslig,39,6676.82
2025,11,142520,6_a_10SM,adm,144,12142.02
2025,11,142520,6_a_10SM,deslig,112,12301.86
2025,11,142520,acima_10SM,adm,135,22476.81
2025,11,142520,acima_10SM,deslig,131,21832.27
2025,11,142520,ate_3SM,adm,13,3525.27
2025,11,142520,ate_3SM,deslig,14,2962.14
2025,11,142525,3_a_6SM,adm,1,8572.0
2025,11,142525,6_a_10SM,adm,6,13024.26
2025,11,142525,6_a_10SM,deslig,4,12490.09
2025,11,142525,acima_10SM,adm,17,23314.13
2025,11,142525,acima_10SM,deslig,18,24275.98
2025,11,142530,3_a_6SM,adm,11,6809.6
2025,11,142530,3_a_6SM,deslig,18,6740.13
2025,11,142530,6_a_10SM,adm,15,12760.04
2025,11,142530,6_a_10SM,deslig,15,12136.72
2025,11,142530,acima_10SM,adm,14,22337.1
2025,11,142530,acima_10SM,deslig,23,22946.63
2025,11,142530,ate_3SM,adm,8,3302.25
2025,11,142530,ate_3SM,deslig,11,3229.27
2025,11,142535,3_a_6SM,adm,12,6418.53
2025,11,142535,3_a_6SM,deslig,15,6689.11
2025,11,142535,6_a_10SM,adm,14,11115.14
2025,11,142535,6_a_10SM,deslig,12,12636.41
2025,11,142535,acima_10SM,adm,7,25501.74
2025,11,142535,acima_10SM,deslig,8,23522.15
2025,11,142535,ate_3SM,adm,15,3005.6
2025,11,142535,ate_3SM,deslig,18,3252.76
2025,11,212305,3_a_6SM,adm,50,7561.53
2025,11,212305,3_a_6SM,deslig,33,7262.49
2025,11,212305,6_a_10SM,adm,64,12305.62
2025,11,212305,6_a_10SM,deslig,52,12093.08
2025,11,212305,acima_10SM,adm,25,19718.55
2025,11,212305,acima_10SM,deslig,18,19055.97
2025,11,212305,ate_3SM,adm,33,3443.81
2025,11,212305,ate_3SM,deslig,18,3169.73
2025,11,212310,3_a_6SM,adm,13,6155.16
2025,11,212310,3_a_6SM,deslig,18,6714.35
2025,11,212310,6_a_10SM,adm,9,11683.81
2025,11,212310,6_a_10SM,deslig,11,11701.66
2025,11,212310,acima_10SM,adm,6,19048.02
2025,11,212310,acima_10SM,deslig,8,19527.08
2025,11,212310,ate_3SM,adm,14,2916.99
2025,11,212310,ate_3SM,deslig,19,3215.66
2025,11,212315,3_a_6SM,adm,12,7968.48
2025,11,212315,3_a_6SM,deslig,16,7075.72
2025,11,212315,6_a_10SM,adm,22,12560.55
2025,11,212315,6_a_10SM,deslig,29,11326.31
2025,11,212315,acima_10SM,adm,18,18961.95
2025,11,212315,acima_10SM,deslig,17,17701.02
2025,11,212315,ate_3SM,adm,18,3314.19
2025,11,212315,ate_3SM,deslig,13,3152.25
2025,11,212320,3_a_6SM,adm,97,6614.56
2025,11,212320,3_a_6SM,deslig,68,6819.51
2025,11,212320,6_a_10SM,adm,50,11947.68
2025,11,212320,6_a_10SM,deslig,53,11579.94
2025,11,212320,acima_10SM,adm,32,19156.71
2025,11,212320,acima_10SM,deslig,25,18543.79
2025,11,212320,ate_3SM,adm,53,3380.08
2025,11,212320,ate_3SM,deslig,38,3325.31
2025,11,212405,3_a_6SM,adm,1122,6938.71
2025,11,212405,3_a_6SM,deslig,918,6881.14
2025,11,212405,6_a_10SM,adm,1105,11843.43
2025,11,212405,6_a_10SM,deslig,793,11830.68
2025,11,212405,acima_10SM,adm,373,19043.81
2025,11,212405,acima_10SM,deslig,274,19118.68
2025,11,212405,ate_3SM,adm,815,3196.92
2025,11,212405,ate_3SM,deslig,522,3201.15
2025,11,212410,3_a_6SM,adm,164,6674.79
2025,11,212410,3_a_6SM,deslig,143,6534.37
2025,11,212410,6_a_10SM,adm,84,11661.84
2025,11,212410,6_a_10SM,deslig,72,11925.15
2025,11,212410,acima_10SM,adm,33,21354.41
2025,11,212410,acima_10SM,deslig,38,19516.56
2025,11,212410,ate_3SM,adm,223,3116.11
2025,11,212410,ate_3SM,deslig,203,2999.77
2025,11,212415,3_a_6SM,adm,33,6356.02
2025,11,212415,3_a_6SM,deslig,43,6175.14
2025,11,212415,6_a_10SM,adm,17,11762.0
2025,11,212415,6_a_10SM,deslig,17,12053.92
2025,11,212415,acima_10SM,adm,5,20040.0
2025,11,212415,acima_10SM,deslig,5,16829.65
2025,11,212415,ate_3SM,adm,47,3199.27
2025,11,212415,ate_3SM,deslig,31,3377.64
2025,11,212420,3_a_6SM,adm,233,6413.73
2025,11,212420,3_a_6SM,deslig,216,6383.24
2025,11,212420,6_a_10SM,adm,66,11688.86
2025,11,212420,6_a_10SM,deslig,61,11611.83
2025,11,212420,acima_10SM,adm,23,23895.18
2025,11,212420,acima_10SM,deslig,24,21852.01
2025,11,212420,ate_3SM,adm,1017,2833.76
2025,11,212420,ate_3SM,deslig,791,2826.7
2025,11,212425,3_a_6SM,adm,8,6567.48
2025,11,212425,3_a_6SM,deslig,7,7740.49
2025,11,212425,6_a_10SM,adm,27,12312.13
2025,11,212425,6_a_10SM,deslig,22,12606.11
2025,11,212425,acima_10SM,adm,45,25059.73
2025,11,212425,acima_10SM,deslig,31,20855.09
2025,11,212425,ate_3SM,adm,9,3794.89
2025,11,212425,ate_3SM,deslig,5,2640.11
2025,11,212430,3_a_6SM,adm,71,6957.29
2025,11,212430,3_a_6SM,deslig,90,6755.79
2025,11,212430,6_a_10SM,adm,36,11464.27
2025,11,212430,6_a_10SM,deslig,26,11152.59
2025,11,212430,acima_10SM,adm,2,18736.5
2025,11,212430,acima_10SM,deslig,2,21197.0
2025,11,212430,ate_3SM,adm,38,3132.9
2025,11,212430,ate_3SM,deslig,48,3405.48
2025,11,317105,3_a_6SM,adm,9,6322.77
2025,11,317105,3_a_6SM,deslig,14,6698.61
2025,11,317105,6_a_10SM,adm,7,11980.0
2025,11,317105,6_a_10SM,deslig,7,11887.84
2025,11,317105,acima_10SM,adm,2,16403.0
2025,11,317105,acima_10SM,deslig,3,18433.33
2025,11,317105,ate_3SM,adm,28,2677.08
2025,11,317105,ate_3SM,deslig,26,2785.84
2025,11,317110,3_a_6SM,adm,279,6865.25
2025,11,317110,3_a_6SM,deslig,267,6695.96
2025,11,317110,6_a_10SM,adm,238,11671.49
2025,11,317110,6_a_10SM,deslig,164,11590.08
2025,11,317110,acima_10SM,adm,61,21635.35
2025,11,317110,acima_10SM,deslig,38,19506.67
2025,11,317110,ate_3SM,adm,430,2963.73
2025,11,317110,ate_3SM,deslig,306,3078.53
2025,11,317115,3_a_6SM,adm,16,5873.93
2025,11,317115,3_a_6SM,deslig,15,6133.18
2025,11,317115,acima_10SM,deslig,1,15725.6
2025,11,317115,ate_3SM,adm,22,3746.58
2025,11,317115,ate_3SM,deslig,25,3645.02
2025,11,317120,3_a_6SM,adm,11,6727.59
2025,11,317120,3_a_6SM,deslig,4,5803.95
2025,11,317120,6_a_10SM,adm,12,11324.17
2025,11,317120,6_a_10SM,deslig,4,12744.07
2025,11,317120,acima_10SM,adm,6,27521.17
2025,11,317120,ate_3SM,adm,8,2915.93
2025,11,317120,ate_3SM,deslig,7,3056.08
2025,11,317205,3_a_6SM,adm,4,6627.09
2025,11,317205,3_a_6SM,deslig,6,5454.73
2025,11,317205,6_a_10SM,adm,1,13556.82
2025,11,317205,acima_10SM,adm,1,16000.0
2025,11,317205,ate_3SM,adm,144,2357.82
2025,11,317205,ate_3SM,deslig,142,2358.92
2025,11,317210,3_a_6SM,adm,48,6361.82
2025,11,317210,3_a_6SM,deslig,34,6072.38
2025,11,317210,6_a_10SM,adm,6,11617.59
2025,11,317210,6_a_10SM,deslig,3,10493.83
2025,11,317210,acima_10SM,adm,1,20500.0
2025,11,317210,ate_3SM,adm,759,2466.45
2025,11,317210,ate_3SM,deslig,581,2453.95
2025,12,142505,3_a_6SM,adm,10,6189.82
2025,12,142505,3_a_6SM,deslig,6,7118.06
2025,12,142505,6_a_10SM,adm,6,13768.06
2025,12,142505,6_a_10SM,deslig,23,12671.63
2025,12,142505,acima_10SM,adm,26,27059.15
2025,12,142505,acima_10SM,deslig,31,23316.56
2025,12,142505,ate_3SM,adm,14,3496.29
2025,12,142505,ate_3SM,deslig,11,2988.8
2025,12,142510,3_a_6SM,adm,7,6883.71
2025,12,142510,3_a_6SM,deslig,12,6830.8
2025,12,142510,6_a_10SM,adm,21,12967.3
2025,12,142510,6_a_10SM,deslig,25,12249.0
2025,12,142510,acima_10SM,adm,79,24795.28
2025,12,142510,acima_10SM,deslig,101,24129.1
2025,12,142510,ate_3SM,adm,2,4265.9
2025,12,142510,ate_3SM,deslig,4,3104.33
2025,12,142515,3_a_6SM,adm,3,6166.67
2025,12,142515,3_a_6SM,deslig,7,7872.5
2025,12,142515,6_a_10SM,adm,4,11768.81
2025,12,142515,6_a_10SM,deslig,11,13267.57
2025,12,142515,acima_10SM,adm,20,28889.4
2025,12,142515,acima_10SM,deslig,40,26095.14
2025,12,142515,ate_3SM,adm,1,3816.32
2025,12,142515,ate_3SM,deslig,4,3375.51
2025,12,142520,3_a_6SM,adm,33,7058.12
2025,12,142520,3_a_6SM,deslig,47,6769.74
2025,12,142520,6_a_10SM,adm,84,12070.69
2025,12,142520,6_a_10SM,deslig,107,12158.94
2025,12,142520,acima_10SM,adm,86,25003.47
2025,12,142520,acima_10SM,deslig,149,23575.89
2025,12,142520,ate_3SM,adm,11,3390.29
2025,12,142520,ate_3SM,deslig,21,3572.71
2025,12,142525,3_a_6SM,adm,3,8048.33
2025,12,142525,6_a_10SM,adm,2,11000.0
2025,12,142525,6_a_10SM,deslig,2,14085.91
2025,12,142525,acima_10SM,adm,13,23470.66
2025,12,142525,acima_10SM,deslig,13,25139.2
2025,12,142525,ate_3SM,adm,1,3000.0
2025,12,142530,3_a_6SM,adm,12,6342.01
2025,12,142530,3_a_6SM,deslig,15,6735.81
2025,12,142530,6_a_10SM,adm,10,12485.21
2025,12,142530,6_a_10SM,deslig,18,12541.25
2025,12,142530,acima_10SM,adm,7,18521.43
2025,12,142530,acima_10SM,deslig,13,26317.07
2025,12,142530,ate_3SM,adm,10,3207.93
2025,12,142530,ate_3SM,deslig,16,3001.67
2025,12,142535,3_a_6SM,adm,14,6400.53
2025,12,142535,3_a_6SM,deslig,8,7244.13
2025,12,142535,6_a_10SM,adm,14,11879.73
2025,12,142535,6_a_10SM,deslig,9,12086.92
2025,12,142535,acima_10SM,adm,8,20740.72
2025,12,142535,acima_10SM,deslig,13,20431.83
2025,12,142535,ate_3SM,adm,12,3154.47
2025,12,142535,ate_3SM,deslig,13,3019.8
2025,12,212305,3_a_6SM,adm,48,6957.1
2025,12,212305,3_a_6SM,deslig,46,6690.55
2025,12,212305,6_a_10SM,adm,59,11839.06
2025,12,212305,6_a_10SM,deslig,38,12017.01
2025,12,212305,acima_10SM,adm,16,25171.89
2025,12,212305,acima_10SM,deslig,11,21879.01
2025,12,212305,ate_3SM,adm,12,3326.43
2025,12,212305,ate_3SM,deslig,11,3100.05
2025,12,212310,3_a_6SM,adm,4,6282.0
2025,12,212310,3_a_6SM,deslig,6,6233.89
2025,12,212310,6_a_10SM,adm,3,12836.67
2025,12,212310,6_a_10SM,deslig,14,11998.65
2025,12,212310,acima_10SM,adm,2,15750.0
2025,12,212310,acima_10SM,deslig,6,18902.0
2025,12,212310,ate_3SM,adm,15,2604.38
2025,12,212310,ate_3SM,deslig,22,2643.88
2025,12,212315,3_a_6SM,adm,8,6789.58
2025,12,212315,3_a_6SM,deslig,21,6953.27
2025,12,212315,6_a_10SM,adm,10,12524.38
2025,12,212315,6_a_10SM,deslig,26,11837.21
2025,12,212315,acima_10SM,adm,14,21069.72
2025,12,212315,acima_10SM,deslig,12,18490.72
2025,12,212315,ate_3SM,adm,11,3159.31
2025,12,212315,ate_3SM,deslig,19,3179.9
2025,12,212320,3_a_6SM,adm,62,7094.71
2025,12,212320,3_a_6SM,deslig,54,6986.03
2025,12,212320,6_a_10SM,adm,36,12132.17
2025,12,212320,6_a_10SM,deslig,42,12431.1
2025,12,212320,acima_10SM,adm,22,20717.68
2025,12,212320,acima_10SM,deslig,13,18841.65
2025,12,212320,ate_3SM,adm,42,3070.97
2025,12,212320,ate_3SM,deslig,59,3333.7
2025,12,212405,3_a_6SM,adm,817,6936.03
2025,12,212405,3_a_6SM,deslig,872,6814.02
2025,12,212405,6_a_10SM,adm,749,11740.27
2025,12,212405,6_a_10SM,deslig,720,11758.93
2025,12,212405,acima_10SM,adm,282,18781.98
2025,12,212405,acima_10SM,deslig,269,19081.64
2025,12,212405,ate_3SM,adm,564,3175.34
2025,12,212405,ate_3SM,deslig,509,3243.46
2025,12,212410,3_a_6SM,adm,98,6612.86
2025,12,212410,3_a_6SM,deslig,118,6396.26
2025,12,212410,6_a_10SM,adm,59,11594.03
2025,12,212410,6_a_10SM,deslig,62,11946.85
2025,12,212410,acima_10SM,adm,32,19020.04
2025,12,212410,acima_10SM,deslig,22,20758.22
2025,12,212410,ate_3SM,adm,155,3159.5
2025,12,212410,ate_3SM,deslig,172,3069.45
2025,12,212415,3_a_6SM,adm,26,6411.19
2025,12,212415,3_a_6SM,deslig,32,6419.21
2025,12,212415,6_a_10SM,adm,44,10664.57
2025,12,212415,6_a_10SM,deslig,11,11776.91
2025,12,212415,acima_10SM,adm,3,16000.0
2025,12,212415,acima_10SM,deslig,5,21300.13
2025,12,212415,ate_3SM,adm,43,3366.21
2025,12,212415,ate_3SM,deslig,31,3181.99
2025,12,212420,3_a_6SM,adm,175,6458.9
2025,12,212420,3_a_6SM,deslig,181,6310.53
2025,12,212420,6_a_10SM,adm,67,12050.8
2025,12,212420,6_a_10SM,deslig,53,11125.53
2025,12,212420,acima_10SM,adm,26,19979.53
2025,12,212420,acima_10SM,deslig,19,18211.85
2025,12,212420,ate_3SM,adm,772,2728.84
2025,12,212420,ate_3SM,deslig,715,2810.46
2025,12,212425,3_a_6SM,adm,3,7260.49
2025,12,212425,3_a_6SM,deslig,8,6388.82
2025,12,212425,6_a_10SM,adm,16,11959.09
2025,12,212425,6_a_10SM,deslig,25,12123.4
2025,12,212425,acima_10SM,adm,34,23371.41
2025,12,212425,acima_10SM,deslig,39,20303.54
2025,12,212425,ate_3SM,adm,2,2971.0
2025,12,212425,ate_3SM,deslig,3,3865.6
2025,12,212430,3_a_6SM,adm,44,6389.18
2025,12,212430,3_a_6SM,deslig,99,6534.32
2025,12,212430,6_a_10SM,adm,19,11592.62
2025,12,212430,6_a_10SM,deslig,24,11171.51
2025,12,212430,acima_10SM,adm,3,21083.33
2025,12,212430,acima_10SM,deslig,1,17730.0
2025,12,212430,ate_3SM,adm,45,3449.15
2025,12,212430,ate_3SM,deslig,35,3527.19
2025,12,317105,3_a_6SM,adm,7,5902.0
2025,12,317105,3_a_6SM,deslig,13,6396.94
2025,12,317105,6_a_10SM,adm,8,10432.5
2025,12,317105,6_a_10SM,deslig,8,11689.2
2025,12,317105,acima_10SM,adm,8,23068.75
2025,12,317105,acima_10SM,deslig,1,17000.0
2025,12,317105,ate_3SM,adm,14,2334.51
2025,12,317105,ate_3SM,deslig,13,2922.95
2025,12,317110,3_a_6SM,adm,175,6971.7
2025,12,317110,3_a_6SM,deslig,274,6860.46
2025,12,317110,6_a_10SM,adm,147,11502.77
2025,12,317110,6_a_10SM,deslig,178,11468.16
2025,12,317110,acima_10SM,adm,41,20981.53
2025,12,317110,acima_10SM,deslig,47,19598.44
2025,12,317110,ate_3SM,adm,243,2929.66
2025,12,317110,ate_3SM,deslig,253,3045.28
2025,12,317115,3_a_6SM,adm,11,6054.71
2025,12,317115,3_a_6SM,deslig,14,5200.57
2025,12,317115,6_a_10SM,adm,1,9500.0
2025,12,317115,6_a_10SM,deslig,1,9396.22
2025,12,317115,ate_3SM,adm,14,2898.75
2025,12,317115,ate_3SM,deslig,21,3663.16
2025,12,317120,3_a_6SM,adm,10,6197.2
2025,12,317120,6_a_10SM,adm,6,11310.33
2025,12,317120,6_a_10SM,deslig,3,12003.33
2025,12,317120,acima_10SM,adm,3,27833.33
2025,12,317120,ate_3SM,adm,8,2817.5
2025,12,317120,ate_3SM,deslig,9,2909.72
2025,12,317205,3_a_6SM,adm,3,5333.33
2025,12,317205,3_a_6SM,deslig,5,6251.82
2025,12,317205,6_a_10SM,adm,1,12000.0
2025,12,317205,acima_10SM,adm,1,16000.0
2025,12,317205,ate_3SM,adm,133,2362.87
2025,12,317205,ate_3SM,deslig,154,2412.77
2025,12,317210,3_a_6SM,adm,26,5610.05
2025,12,317210,3_a_6SM,deslig,57,5812.13
2025,12,317210,6_a_10SM,adm,4,13047.79
2025,12,317210,6_a_10SM,deslig,1,11350.0
2025,12,317210,acima_10SM,adm,1,52000.0
2025,12,317210,acima_10SM,deslig,3,23352.72
2025,12,317210,ate_3SM,adm,572,2371.96
2025,12,317210,ate_3SM,deslig,598,2475.18
2026,1,142505,3_a_6SM,adm,5,7344.22
2026,1,142505,3_a_6SM,deslig,18,6814.84
2026,1,142505,6_a_10SM,adm,15,12734.89
2026,1,142505,6_a_10SM,deslig,14,12644.57
2026,1,142505,acima_10SM,adm,24,26200.0
2026,1,142505,acima_10SM,deslig,32,23117.18
2026,1,142505,ate_3SM,adm,8,3228.57
2026,1,142505,ate_3SM,deslig,9,2632.05
2026,1,142510,3_a_6SM,adm,8,7139.57
2026,1,142510,3_a_6SM,deslig,16,7423.52
2026,1,142510,6_a_10SM,adm,27,14089.6
2026,1,142510,6_a_10SM,deslig,46,13807.47
2026,1,142510,acima_10SM,adm,90,26655.58
2026,1,142510,acima_10SM,deslig,163,24234.02
2026,1,142510,ate_3SM,adm,5,3040.0
2026,1,142510,ate_3SM,deslig,6,3202.5
2026,1,142515,3_a_6SM,adm,5,6307.57
2026,1,142515,3_a_6SM,deslig,15,6988.22
2026,1,142515,6_a_10SM,adm,7,13273.71
2026,1,142515,6_a_10SM,deslig,11,12119.91
2026,1,142515,acima_10SM,adm,36,27006.68
2026,1,142515,acima_10SM,deslig,36,26213.39
2026,1,142515,ate_3SM,adm,5,3169.66
2026,1,142515,ate_3SM,deslig,5,2929.66
2026,1,142520,3_a_6SM,adm,52,7273.62
2026,1,142520,3_a_6SM,deslig,61,7463.07
2026,1,142520,6_a_10SM,adm,114,12803.24
2026,1,142520,6_a_10SM,deslig,149,12740.65
2026,1,142520,acima_10SM,adm,101,24291.66
2026,1,142520,acima_10SM,deslig,139,24431.83
2026,1,142520,ate_3SM,adm,20,3282.92
2026,1,142520,ate_3SM,deslig,28,3147.46
2026,1,142525,3_a_6SM,deslig,1,5063.52
2026,1,142525,6_a_10SM,adm,5,13904.2
2026,1,142525,6_a_10SM,deslig,2,13629.28
2026,1,142525,acima_10SM,adm,13,23374.19
2026,1,142525,acima_10SM,deslig,17,22754.35
2026,1,142525,ate_3SM,adm,1,2199.96
2026,1,142525,ate_3SM,deslig,2,0.0
2026,1,142530,3_a_6SM,adm,13,7242.06
2026,1,142530,3_a_6SM,deslig,16,7143.82
2026,1,142530,6_a_10SM,adm,15,12192.4
2026,1,142530,6_a_10SM,deslig,10,12881.94
2026,1,142530,acima_10SM,adm,23,25057.71
2026,1,142530,acima_10SM,deslig,21,24726.24
2026,1,142530,ate_3SM,adm,11,2976.86
2026,1,142530,ate_3SM,deslig,29,3145.26
2026,1,142535,3_a_6SM,adm,11,7024.03
2026,1,142535,3_a_6SM,deslig,14,7966.36
2026,1,142535,6_a_10SM,adm,18,12336.94
2026,1,142535,6_a_10SM,deslig,17,12804.25
2026,1,142535,acima_10SM,adm,7,22857.14
2026,1,142535,acima_10SM,deslig,6,19944.25
2026,1,142535,ate_3SM,adm,14,2565.53
2026,1,142535,ate_3SM,deslig,20,3041.53
2026,1,212305,3_a_6SM,adm,52,7187.31
2026,1,212305,3_a_6SM,deslig,47,7280.68
2026,1,212305,6_a_10SM,adm,57,12943.11
2026,1,212305,6_a_10SM,deslig,64,12774.4
2026,1,212305,acima_10SM,adm,17,24595.58
2026,1,212305,acima_10SM,deslig,12,23357.37
2026,1,212305,ate_3SM,adm,34,3304.36
2026,1,212305,ate_3SM,deslig,34,3008.52
2026,1,212310,3_a_6SM,adm,9,6573.98
2026,1,212310,3_a_6SM,deslig,14,7200.18
2026,1,212310,6_a_10SM,adm,7,12054.73
2026,1,212310,6_a_10SM,deslig,14,12675.21
2026,1,212310,acima_10SM,adm,3,17599.51
2026,1,212310,acima_10SM,deslig,2,22597.25
2026,1,212310,ate_3SM,adm,27,2721.19
2026,1,212310,ate_3SM,deslig,15,3005.98
2026,1,212315,3_a_6SM,adm,28,6992.03
2026,1,212315,3_a_6SM,deslig,24,7289.9
2026,1,212315,6_a_10SM,adm,24,13224.0
2026,1,212315,6_a_10SM,deslig,28,13058.12
2026,1,212315,acima_10SM,adm,10,19899.79
2026,1,212315,acima_10SM,deslig,15,20357.37
2026,1,212315,ate_3SM,adm,17,3220.55
2026,1,212315,ate_3SM,deslig,25,3323.76
2026,1,212320,3_a_6SM,adm,57,6859.86
2026,1,212320,3_a_6SM,deslig,63,7191.76
2026,1,212320,6_a_10SM,adm,66,12248.53
2026,1,212320,6_a_10SM,deslig,56,12249.74
2026,1,212320,acima_10SM,adm,32,21138.62
2026,1,212320,acima_10SM,deslig,15,19961.99
2026,1,212320,ate_3SM,adm,88,3331.39
2026,1,212320,ate_3SM,deslig,50,3428.73
2026,1,212405,3_a_6SM,adm,1089,7246.35
2026,1,212405,3_a_6SM,deslig,1061,7365.91
2026,1,212405,6_a_10SM,adm,951,12312.51
2026,1,212405,6_a_10SM,deslig,938,12498.75
2026,1,212405,acima_10SM,adm,243,21294.04
2026,1,212405,acima_10SM,deslig,290,21653.77
2026,1,212405,ate_3SM,adm,914,3356.27
2026,1,212405,ate_3SM,deslig,723,3256.3
2026,1,212410,3_a_6SM,adm,165,6768.12
2026,1,212410,3_a_6SM,deslig,156,6680.96
2026,1,212410,6_a_10SM,adm,71,12898.03
2026,1,212410,6_a_10SM,deslig,51,12166.35
2026,1,212410,acima_10SM,adm,27,21593.67
2026,1,212410,acima_10SM,deslig,15,22091.62
2026,1,212410,ate_3SM,adm,235,3142.96
2026,1,212410,ate_3SM,deslig,288,3202.32
2026,1,212415,3_a_6SM,adm,27,6993.6
2026,1,212415,3_a_6SM,deslig,45,6515.38
2026,1,212415,6_a_10SM,adm,11,12272.0
2026,1,212415,6_a_10SM,deslig,16,12510.19
2026,1,212415,acima_10SM,adm,2,33937.0
2026,1,212415,acima_10SM,deslig,3,27229.71
2026,1,212415,ate_3SM,adm,61,3202.45
2026,1,212415,ate_3SM,deslig,21,3503.61
2026,1,212420,3_a_6SM,adm,211,6510.18
2026,1,212420,3_a_6SM,deslig,213,6746.16
2026,1,212420,6_a_10SM,adm,54,11805.78
2026,1,212420,6_a_10SM,deslig,78,12254.5
2026,1,212420,acima_10SM,adm,31,22513.38
2026,1,212420,acima_10SM,deslig,35,24612.12
2026,1,212420,ate_3SM,adm,867,2817.75
2026,1,212420,ate_3SM,deslig,876,2846.72
2026,1,212425,3_a_6SM,adm,5,8168.89
2026,1,212425,3_a_6SM,deslig,11,7350.36
2026,1,212425,6_a_10SM,adm,31,13396.62
2026,1,212425,6_a_10SM,deslig,41,13060.61
2026,1,212425,acima_10SM,adm,45,22872.32
2026,1,212425,acima_10SM,deslig,41,24532.36
2026,1,212425,ate_3SM,adm,8,3607.44
2026,1,212425,ate_3SM,deslig,3,3723.0
2026,1,212430,3_a_6SM,adm,55,6835.48
2026,1,212430,3_a_6SM,deslig,84,6948.75
2026,1,212430,6_a_10SM,adm,19,11886.27
2026,1,212430,6_a_10SM,deslig,16,12857.42
2026,1,212430,acima_10SM,adm,1,17000.0
2026,1,212430,ate_3SM,adm,40,3301.35
2026,1,212430,ate_3SM,deslig,65,3538.3
2026,1,317105,3_a_6SM,adm,17,7620.0
2026,1,317105,3_a_6SM,deslig,11,6989.26
2026,1,317105,6_a_10SM,adm,16,11583.12
2026,1,317105,6_a_10SM,deslig,9,13087.46
2026,1,317105,acima_10SM,adm,4,22375.0
2026,1,317105,acima_10SM,deslig,2,22976.15
2026,1,317105,ate_3SM,adm,38,2927.7
2026,1,317105,ate_3SM,deslig,31,2911.13
2026,1,317110,3_a_6SM,adm,248,7006.9
2026,1,317110,3_a_6SM,deslig,268,7206.18
2026,1,317110,6_a_10SM,adm,240,12096.83
2026,1,317110,6_a_10SM,deslig,166,11997.29
2026,1,317110,acima_10SM,adm,46,19623.79
2026,1,317110,acima_10SM,deslig,30,21575.81
2026,1,317110,ate_3SM,adm,475,2880.85
2026,1,317110,ate_3SM,deslig,360,3063.09
2026,1,317115,3_a_6SM,adm,21,5899.51
2026,1,317115,3_a_6SM,deslig,21,6378.88
2026,1,317115,6_a_10SM,adm,2,12502.8
2026,1,317115,6_a_10SM,deslig,3,10381.98
2026,1,317115,ate_3SM,adm,38,3516.67
2026,1,317115,ate_3SM,deslig,20,3178.65
2026,1,317120,3_a_6SM,adm,5,7190.7
2026,1,317120,3_a_6SM,deslig,3,5757.04
2026,1,317120,6_a_10SM,adm,9,12494.44
2026,1,317120,6_a_10SM,deslig,3,13584.03
2026,1,317120,acima_10SM,adm,7,32000.0
2026,1,317120,acima_10SM,deslig,3,21547.28
2026,1,317120,ate_3SM,adm,14,2752.05
2026,1,317120,ate_3SM,deslig,13,2819.43
2026,1,317205,3_a_6SM,adm,3,6564.97
2026,1,317205,3_a_6SM,deslig,6,7224.33
2026,1,317205,6_a_10SM,deslig,1,10462.4
2026,1,317205,ate_3SM,adm,189,2328.53
2026,1,317205,ate_3SM,deslig,184,2324.13
2026,1,317210,3_a_6SM,adm,14,6794.31
2026,1,317210,3_a_6SM,deslig,43,6581.96
2026,1,317210,6_a_10SM,adm,3,11000.0
2026,1,317210,6_a_10SM,deslig,8,11727.25
2026,1,317210,acima_10SM,adm,4,24500.0
2026,1,317210,ate_3SM,adm,865,2393.49
2026,1,317210,ate_3SM,deslig,686,2424.78
2026,2,142505,3_a_6SM,adm,6,7818.59
2026,2,142505,3_a_6SM,deslig,6,7559.85
2026,2,142505,6_a_10SM,adm,8,13198.18
2026,2,142505,6_a_10SM,deslig,14,12747.35
2026,2,142505,acima_10SM,adm,24,28062.65
2026,2,142505,acima_10SM,deslig,41,24996.53
2026,2,142505,ate_3SM,adm,6,3113.33
2026,2,142505,ate_3SM,deslig,11,3265.86
2026,2,142510,3_a_6SM,adm,10,7181.7
2026,2,142510,3_a_6SM,deslig,11,7651.79
2026,2,142510,6_a_10SM,adm,20,13815.1
2026,2,142510,6_a_10SM,deslig,46,13390.84
2026,2,142510,acima_10SM,adm,79,25589.98
2026,2,142510,acima_10SM,deslig,144,25135.94
2026,2,142510,ate_3SM,adm,2,3651.5
2026,2,142510,ate_3SM,deslig,6,3233.77
2026,2,142515,3_a_6SM,adm,7,7660.97
2026,2,142515,3_a_6SM,deslig,11,7419.88
2026,2,142515,6_a_10SM,adm,4,12043.0
2026,2,142515,6_a_10SM,deslig,16,13006.52
2026,2,142515,acima_10SM,adm,20,24970.93
2026,2,142515,acima_10SM,deslig,48,27425.61
2026,2,142515,ate_3SM,adm,2,3321.43
2026,2,142515,ate_3SM,deslig,4,3501.16
2026,2,142520,3_a_6SM,adm,43,7990.53
2026,2,142520,3_a_6SM,deslig,55,7740.33
2026,2,142520,6_a_10SM,adm,112,12393.15
2026,2,142520,6_a_10SM,deslig,147,12655.84
2026,2,142520,acima_10SM,adm,95,25135.88
2026,2,142520,acima_10SM,deslig,140,24206.96
2026,2,142520,ate_3SM,adm,13,3284.44
2026,2,142520,ate_3SM,deslig,14,2928.91
2026,2,142525,3_a_6SM,adm,2,8400.0
2026,2,142525,3_a_6SM,deslig,5,7386.56
2026,2,142525,6_a_10SM,adm,6,13841.5
2026,2,142525,6_a_10SM,deslig,8,13346.07
2026,2,142525,acima_10SM,adm,19,28237.21
2026,2,142525,acima_10SM,deslig,21,23302.31
2026,2,142525,ate_3SM,deslig,1,2199.96
2026,2,142530,3_a_6SM,adm,7,7741.49
2026,2,142530,3_a_6SM,deslig,20,7349.89
2026,2,142530,6_a_10SM,adm,15,13150.17
2026,2,142530,6_a_10SM,deslig,17,13067.99
2026,2,142530,acima_10SM,adm,16,25159.45
2026,2,142530,acima_10SM,deslig,18,23805.69
2026,2,142530,ate_3SM,adm,6,3001.13
2026,2,142530,ate_3SM,deslig,27,3364.87
2026,2,142535,3_a_6SM,adm,7,7357.98
2026,2,142535,3_a_6SM,deslig,10,6476.04
2026,2,142535,6_a_10SM,adm,11,13019.43
2026,2,142535,6_a_10SM,deslig,16,13775.96
2026,2,142535,acima_10SM,adm,4,19375.0
2026,2,142535,acima_10SM,deslig,6,22005.82
2026,2,142535,ate_3SM,adm,17,2998.89
2026,2,142535,ate_3SM,deslig,14,2430.17
2026,2,212305,3_a_6SM,adm,47,6967.92
2026,2,212305,3_a_6SM,deslig,43,7470.88
2026,2,212305,6_a_10SM,adm,40,12309.33
2026,2,212305,6_a_10SM,deslig,38,12432.29
2026,2,212305,acima_10SM,adm,17,20963.49
2026,2,212305,acima_10SM,deslig,11,19309.69
2026,2,212305,ate_3SM,adm,26,3681.39
2026,2,212305,ate_3SM,deslig,22,3109.27
2026,2,212310,3_a_6SM,adm,9,6471.19
2026,2,212310,3_a_6SM,deslig,18,6966.41
2026,2,212310,6_a_10SM,adm,5,12100.0
2026,2,212310,6_a_10SM,deslig,10,11620.72
2026,2,212310,acima_10SM,adm,6,27076.88
2026,2,212310,acima_10SM,deslig,4,18724.08
2026,2,212310,ate_3SM,adm,33,3075.46
2026,2,212310,ate_3SM,deslig,27,2969.83
2026,2,212315,3_a_6SM,adm,15,7858.16
2026,2,212315,3_a_6SM,deslig,24,6980.28
2026,2,212315,6_a_10SM,adm,24,13691.81
2026,2,212315,6_a_10SM,deslig,28,13219.95
2026,2,212315,acima_10SM,adm,10,21318.7
2026,2,212315,acima_10SM,deslig,14,19786.28
2026,2,212315,ate_3SM,adm,26,3216.62
2026,2,212315,ate_3SM,deslig,31,3273.04
2026,2,212320,3_a_6SM,adm,61,7126.49
2026,2,212320,3_a_6SM,deslig,67,7069.77
2026,2,212320,6_a_10SM,adm,53,12406.22
2026,2,212320,6_a_10SM,deslig,57,13388.95
2026,2,212320,acima_10SM,adm,15,19265.69
2026,2,212320,acima_10SM,deslig,17,22673.19
2026,2,212320,ate_3SM,adm,49,3433.89
2026,2,212320,ate_3SM,deslig,57,3613.03
2026,2,212405,3_a_6SM,adm,978,7258.83
2026,2,212405,3_a_6SM,deslig,1034,7207.08
2026,2,212405,6_a_10SM,adm,784,12374.91
2026,2,212405,6_a_10SM,deslig,963,12359.46
2026,2,212405,acima_10SM,adm,188,20804.76
2026,2,212405,acima_10SM,deslig,274,20164.74
2026,2,212405,ate_3SM,adm,697,3252.28
2026,2,212405,ate_3SM,deslig,745,3346.17
2026,2,212410,3_a_6SM,adm,157,6932.31
2026,2,212410,3_a_6SM,deslig,136,6861.43
2026,2,212410,6_a_10SM,adm,60,12444.42
2026,2,212410,6_a_10SM,deslig,54,11994.06
2026,2,212410,acima_10SM,adm,20,23437.26
2026,2,212410,acima_10SM,deslig,18,20130.2
2026,2,212410,ate_3SM,adm,225,3069.16
2026,2,212410,ate_3SM,deslig,271,3121.4
2026,2,212415,3_a_6SM,adm,40,6742.88
2026,2,212415,3_a_6SM,deslig,38,6749.91
2026,2,212415,6_a_10SM,adm,24,11546.47
2026,2,212415,6_a_10SM,deslig,21,12566.26
2026,2,212415,acima_10SM,adm,3,26334.33
2026,2,212415,acima_10SM,deslig,2,21720.33
2026,2,212415,ate_3SM,adm,36,3181.24
2026,2,212415,ate_3SM,deslig,39,3584.53
2026,2,212420,3_a_6SM,adm,184,6676.44
2026,2,212420,3_a_6SM,deslig,241,6559.76
2026,2,212420,6_a_10SM,adm,49,12337.97
2026,2,212420,6_a_10SM,deslig,65,12052.1
2026,2,212420,acima_10SM,adm,16,24987.66
2026,2,212420,acima_10SM,deslig,19,26556.04
2026,2,212420,ate_3SM,adm,1012,2848.82
2026,2,212420,ate_3SM,deslig,930,2857.55
2026,2,212425,3_a_6SM,adm,9,7494.12
2026,2,212425,3_a_6SM,deslig,5,8187.6
2026,2,212425,6_a_10SM,adm,17,13411.76
2026,2,212425,6_a_10SM,deslig,35,12735.75
2026,2,212425,acima_10SM,adm,22,23138.73
2026,2,212425,acima_10SM,deslig,38,23607.73
2026,2,212425,ate_3SM,adm,4,3950.0
2026,2,212425,ate_3SM,deslig,3,3779.77
2026,2,212430,3_a_6SM,adm,55,6977.1
2026,2,212430,3_a_6SM,deslig,100,7135.35
2026,2,212430,6_a_10SM,adm,18,12250.29
2026,2,212430,6_a_10SM,deslig,29,11839.45
2026,2,212430,acima_10SM,adm,2,19000.0
2026,2,212430,acima_10SM,deslig,1,17000.0
2026,2,212430,ate_3SM,adm,42,3521.74
2026,2,212430,ate_3SM,deslig,61,3384.4
2026,2,317105,3_a_6SM,adm,12,7169.77
2026,2,317105,3_a_6SM,deslig,17,6407.7
2026,2,317105,6_a_10SM,adm,18,12587.32
2026,2,317105,6_a_10SM,deslig,15,11931.14
2026,2,317105,acima_10SM,adm,2,17900.0
2026,2,317105,acima_10SM,deslig,3,20267.29
2026,2,317105,ate_3SM,adm,24,2633.85
2026,2,317105,ate_3SM,deslig,30,3131.37
2026,2,317110,3_a_6SM,adm,209,7037.78
2026,2,317110,3_a_6SM,deslig,264,7005.79
2026,2,317110,6_a_10SM,adm,149,12397.88
2026,2,317110,6_a_10SM,deslig,200,12200.05
2026,2,317110,acima_10SM,adm,24,20018.86
2026,2,317110,acima_10SM,deslig,35,20180.61
2026,2,317110,ate_3SM,adm,375,2983.28
2026,2,317110,ate_3SM,deslig,347,3031.6
2026,2,317115,3_a_6SM,adm,19,6113.72
2026,2,317115,3_a_6SM,deslig,24,5918.07
2026,2,317115,6_a_10SM,deslig,1,10000.0
2026,2,317115,ate_3SM,adm,24,3578.37
2026,2,317115,ate_3SM,deslig,40,3435.25
2026,2,317120,3_a_6SM,adm,7,6280.36
2026,2,317120,3_a_6SM,deslig,7,7674.88
2026,2,317120,6_a_10SM,adm,9,11806.22
2026,2,317120,6_a_10SM,deslig,1,12323.24
2026,2,317120,acima_10SM,adm,1,28000.0
2026,2,317120,ate_3SM,adm,7,2269.51
2026,2,317120,ate_3SM,deslig,5,2741.26
2026,2,317205,3_a_6SM,adm,6,5965.2
2026,2,317205,3_a_6SM,deslig,7,6446.92
2026,2,317205,acima_10SM,deslig,1,18744.16
2026,2,317205,ate_3SM,adm,352,2236.81
2026,2,317205,ate_3SM,deslig,188,2446.15
2026,2,317210,3_a_6SM,adm,19,6002.24
2026,2,317210,3_a_6SM,deslig,31,6649.41
2026,2,317210,6_a_10SM,adm,3,13000.0
2026,2,317210,6_a_10SM,deslig,6,11353.22
2026,2,317210,acima_10SM,adm,2,23200.0
2026,2,317210,acima_10SM,deslig,2,24000.0
2026,2,317210,ate_3SM,adm,857,2429.0
2026,2,317210,ate_3SM,deslig,824,2548.46
2026,3,142505,3_a_6SM,adm,9,7735.14
2026,3,142505,3_a_6SM,deslig,14,6865.07
2026,3,142505,6_a_10SM,adm,13,13079.53
2026,3,142505,6_a_10SM,deslig,15,13147.46
2026,3,142505,acima_10SM,adm,23,25555.06
2026,3,142505,acima_10SM,deslig,34,24014.18
2026,3,142505,ate_3SM,adm,6,3129.75
2026,3,142505,ate_3SM,deslig,17,3472.14
2026,3,142510,3_a_6SM,adm,9,6748.44
2026,3,142510,3_a_6SM,deslig,15,7037.91
2026,3,142510,6_a_10SM,adm,32,13116.92
2026,3,142510,6_a_10SM,deslig,49,13929.29
2026,3,142510,acima_10SM,adm,105,24804.7
2026,3,142510,acima_10SM,deslig,173,25101.53
2026,3,142510,ate_3SM,adm,4,3510.75
2026,3,142510,ate_3SM,deslig,8,3700.61
2026,3,142515,3_a_6SM,adm,15,7913.44
2026,3,142515,3_a_6SM,deslig,10,7590.99
2026,3,142515,6_a_10SM,adm,13,13113.92
2026,3,142515,6_a_10SM,deslig,11,13292.14
2026,3,142515,acima_10SM,adm,39,26589.26
2026,3,142515,acima_10SM,deslig,37,25796.11
2026,3,142515,ate_3SM,adm,3,3166.67
2026,3,142515,ate_3SM,deslig,2,3882.99
2026,3,142520,3_a_6SM,adm,49,7488.47
2026,3,142520,3_a_6SM,deslig,56,7332.99
2026,3,142520,6_a_10SM,adm,119,12798.45
2026,3,142520,6_a_10SM,deslig,164,12792.99
2026,3,142520,acima_10SM,adm,116,24239.9
2026,3,142520,acima_10SM,deslig,162,23787.62
2026,3,142520,ate_3SM,adm,29,3138.44
2026,3,142520,ate_3SM,deslig,18,3388.21
2026,3,142525,3_a_6SM,adm,2,6500.0
2026,3,142525,3_a_6SM,deslig,4,7051.47
2026,3,142525,6_a_10SM,adm,5,12708.1
2026,3,142525,6_a_10SM,deslig,5,14676.51
2026,3,142525,acima_10SM,adm,17,22425.92
2026,3,142525,acima_10SM,deslig,29,23593.54
2026,3,142525,ate_3SM,adm,2,1525.39
2026,3,142525,ate_3SM,deslig,2,4240.0
2026,3,142530,3_a_6SM,adm,12,7045.47
2026,3,142530,3_a_6SM,deslig,24,7022.4
2026,3,142530,6_a_10SM,adm,11,14276.89
2026,3,142530,6_a_10SM,deslig,16,12471.63
2026,3,142530,acima_10SM,adm,18,21579.88
2026,3,142530,acima_10SM,deslig,29,25604.19
2026,3,142530,ate_3SM,adm,10,2828.05
2026,3,142530,ate_3SM,deslig,26,3659.97
2026,3,142535,3_a_6SM,adm,10,7120.38
2026,3,142535,3_a_6SM,deslig,12,7000.03
2026,3,142535,6_a_10SM,adm,14,12285.71
2026,3,142535,6_a_10SM,deslig,21,12889.91
2026,3,142535,acima_10SM,adm,9,18500.0
2026,3,142535,acima_10SM,deslig,10,20240.89
2026,3,142535,ate_3SM,adm,8,2552.58
2026,3,142535,ate_3SM,deslig,22,3409.18
2026,3,212305,3_a_6SM,adm,45,7394.34
2026,3,212305,3_a_6SM,deslig,42,7404.24
2026,3,212305,6_a_10SM,adm,62,12633.37
2026,3,212305,6_a_10SM,deslig,67,12929.12
2026,3,212305,acima_10SM,adm,4,31486.75
2026,3,212305,acima_10SM,deslig,7,17875.91
2026,3,212305,ate_3SM,adm,21,3164.33
2026,3,212305,ate_3SM,deslig,25,3510.44
2026,3,212310,3_a_6SM,adm,13,7234.35
2026,3,212310,3_a_6SM,deslig,22,7099.37
2026,3,212310,6_a_10SM,adm,12,12343.31
2026,3,212310,6_a_10SM,deslig,11,12174.78
2026,3,212310,acima_10SM,adm,6,24193.46
2026,3,212310,acima_10SM,deslig,1,23215.5
2026,3,212310,ate_3SM,adm,19,2897.57
2026,3,212310,ate_3SM,deslig,18,3181.55
2026,3,212315,3_a_6SM,adm,22,7198.99
2026,3,212315,3_a_6SM,deslig,21,7625.64
2026,3,212315,6_a_10SM,adm,18,12926.93
2026,3,212315,6_a_10SM,deslig,27,13191.01
2026,3,212315,acima_10SM,adm,11,21352.34
2026,3,212315,acima_10SM,deslig,10,23663.47
2026,3,212315,ate_3SM,adm,32,2882.3
2026,3,212315,ate_3SM,deslig,30,3010.76
2026,3,212320,3_a_6SM,adm,83,7288.51
2026,3,212320,3_a_6SM,deslig,80,7155.38
2026,3,212320,6_a_10SM,adm,87,12524.22
2026,3,212320,6_a_10SM,deslig,75,12898.54
2026,3,212320,acima_10SM,adm,27,21544.41
2026,3,212320,acima_10SM,deslig,26,19802.31
2026,3,212320,ate_3SM,adm,58,3218.61
2026,3,212320,ate_3SM,deslig,45,3314.58
2026,3,212405,3_a_6SM,adm,1064,7172.06
2026,3,212405,3_a_6SM,deslig,1089,7237.78
2026,3,212405,6_a_10SM,adm,924,12446.89
2026,3,212405,6_a_10SM,deslig,1021,12517.18
2026,3,212405,acima_10SM,adm,243,21037.97
2026,3,212405,acima_10SM,deslig,343,22653.49
2026,3,212405,ate_3SM,adm,786,3119.72
2026,3,212405,ate_3SM,deslig,679,3385.54
2026,3,212410,3_a_6SM,adm,181,6800.88
2026,3,212410,3_a_6SM,deslig,194,6892.48
2026,3,212410,6_a_10SM,adm,101,12628.54
2026,3,212410,6_a_10SM,deslig,71,12477.46
2026,3,212410,acima_10SM,adm,27,20654.92
2026,3,212410,acima_10SM,deslig,29,20982.31
2026,3,212410,ate_3SM,adm,246,3269.77
2026,3,212410,ate_3SM,deslig,290,3191.08
2026,3,212415,3_a_6SM,adm,48,6580.35
2026,3,212415,3_a_6SM,deslig,57,6601.34
2026,3,212415,6_a_10SM,adm,16,11793.5
2026,3,212415,6_a_10SM,deslig,16,12299.15
2026,3,212415,acima_10SM,adm,5,27211.2
2026,3,212415,acima_10SM,deslig,3,26212.1
2026,3,212415,ate_3SM,adm,36,3311.53
2026,3,212415,ate_3SM,deslig,49,3329.85
2026,3,212420,3_a_6SM,adm,227,6715.48
2026,3,212420,3_a_6SM,deslig,239,6624.39
2026,3,212420,6_a_10SM,adm,100,12416.36
2026,3,212420,6_a_10SM,deslig,85,12263.3
2026,3,212420,acima_10SM,adm,19,20145.89
2026,3,212420,acima_10SM,deslig,23,20795.33
2026,3,212420,ate_3SM,adm,1150,2954.25
2026,3,212420,ate_3SM,deslig,1048,2917.44
2026,3,212425,3_a_6SM,adm,5,6880.0
2026,3,212425,3_a_6SM,deslig,7,7165.43
2026,3,212425,6_a_10SM,adm,16,13264.78
2026,3,212425,6_a_10SM,deslig,21,12366.79
2026,3,212425,acima_10SM,adm,39,23715.52
2026,3,212425,acima_10SM,deslig,48,20981.09
2026,3,212425,ate_3SM,adm,4,3358.46
2026,3,212425,ate_3SM,deslig,5,3337.74
2026,3,212430,3_a_6SM,adm,52,7237.26
2026,3,212430,3_a_6SM,deslig,75,6999.78
2026,3,212430,6_a_10SM,adm,27,10981.13
2026,3,212430,6_a_10SM,deslig,30,11873.34
2026,3,212430,acima_10SM,adm,1,17000.0
2026,3,212430,acima_10SM,deslig,1,26000.0
2026,3,212430,ate_3SM,adm,48,3596.93
2026,3,212430,ate_3SM,deslig,51,3823.12
2026,3,317105,3_a_6SM,adm,21,6894.02
2026,3,317105,3_a_6SM,deslig,19,6714.8
2026,3,317105,6_a_10SM,adm,16,13123.19
2026,3,317105,6_a_10SM,deslig,9,12871.55
2026,3,317105,acima_10SM,adm,4,20246.4
2026,3,317105,acima_10SM,deslig,5,17769.39
2026,3,317105,ate_3SM,adm,30,2617.74
2026,3,317105,ate_3SM,deslig,33,2892.72
2026,3,317110,3_a_6SM,adm,205,7289.91
2026,3,317110,3_a_6SM,deslig,316,7139.37
2026,3,317110,6_a_10SM,adm,183,12311.63
2026,3,317110,6_a_10SM,deslig,209,12267.21
2026,3,317110,acima_10SM,adm,43,20816.74
2026,3,317110,acima_10SM,deslig,40,20947.64
2026,3,317110,ate_3SM,adm,410,2868.77
2026,3,317110,ate_3SM,deslig,365,3145.11
2026,3,317115,3_a_6SM,adm,18,5455.46
2026,3,317115,3_a_6SM,deslig,30,6272.27
2026,3,317115,acima_10SM,adm,1,23500.0
2026,3,317115,ate_3SM,adm,40,3696.54
2026,3,317115,ate_3SM,deslig,43,3650.44
2026,3,317120,3_a_6SM,adm,3,6722.29
2026,3,317120,3_a_6SM,deslig,5,5797.15
2026,3,317120,6_a_10SM,adm,4,12690.0
2026,3,317120,6_a_10SM,deslig,4,10685.01
2026,3,317120,acima_10SM,adm,2,21679.5
2026,3,317120,acima_10SM,deslig,1,16402.93
2026,3,317120,ate_3SM,adm,9,2264.74
2026,3,317120,ate_3SM,deslig,11,2877.16
2026,3,317205,3_a_6SM,adm,6,6128.02
2026,3,317205,3_a_6SM,deslig,8,6422.35
2026,3,317205,6_a_10SM,deslig,3,15150.6
2026,3,317205,ate_3SM,adm,372,2186.2
2026,3,317205,ate_3SM,deslig,194,2273.72
2026,3,317210,3_a_6SM,adm,31,6173.59
2026,3,317210,3_a_6SM,deslig,40,6837.49
2026,3,317210,6_a_10SM,adm,1,10000.0
2026,3,317210,6_a_10SM,deslig,11,12565.89
2026,3,317210,acima_10SM,adm,2,24250.0
2026,3,317210,acima_10SM,deslig,4,33727.69
2026,3,317210,ate_3SM,adm,853,2464.81
2026,3,317210,ate_3SM,deslig,829,2558.9
2026,4,142505,3_a_6SM,adm,7,7354.91
2026,4,142505,3_a_6SM,deslig,11,6595.44
2026,4,142505,6_a_10SM,adm,9,13420.67
2026,4,142505,6_a_10SM,deslig,24,13460.19
2026,4,142505,acima_10SM,adm,30,25721.53
2026,4,142505,acima_10SM,deslig,36,26186.71
2026,4,142505,ate_3SM,adm,9,2960.22
2026,4,142505,ate_3SM,deslig,10,3329.15
2026,4,142510,3_a_6SM,adm,10,7416.3
2026,4,142510,3_a_6SM,deslig,15,7367.29
2026,4,142510,6_a_10SM,adm,33,13646.98
2026,4,142510,6_a_10SM,deslig,40,13525.39
2026,4,142510,acima_10SM,adm,112,25471.43
2026,4,142510,acima_10SM,deslig,186,25107.73
2026,4,142510,ate_3SM,adm,7,2510.42
2026,4,142510,ate_3SM,deslig,4,2983.93
2026,4,142515,3_a_6SM,adm,4,7368.14
2026,4,142515,3_a_6SM,deslig,10,6562.94
2026,4,142515,6_a_10SM,adm,8,13810.52
2026,4,142515,6_a_10SM,deslig,12,13500.98
2026,4,142515,acima_10SM,adm,42,85240.23
2026,4,142515,acima_10SM,deslig,48,24781.85
2026,4,142515,ate_3SM,adm,4,3833.2
2026,4,142515,ate_3SM,deslig,8,3721.53
2026,4,142520,3_a_6SM,adm,57,7218.85
2026,4,142520,3_a_6SM,deslig,62,7663.59
2026,4,142520,6_a_10SM,adm,113,12945.19
2026,4,142520,6_a_10SM,deslig,116,13145.02
2026,4,142520,acima_10SM,adm,121,25274.47
2026,4,142520,acima_10SM,deslig,158,24882.32
2026,4,142520,ate_3SM,adm,15,3109.74
2026,4,142520,ate_3SM,deslig,20,3392.03
2026,4,142525,3_a_6SM,deslig,1,6150.59
2026,4,142525,6_a_10SM,adm,3,13666.67
2026,4,142525,6_a_10SM,deslig,4,15173.33
2026,4,142525,acima_10SM,adm,10,30409.99
2026,4,142525,acima_10SM,deslig,25,25916.83
2026,4,142525,ate_3SM,adm,1,4500.0
2026,4,142525,ate_3SM,deslig,2,4321.5
2026,4,142530,3_a_6SM,adm,7,6716.03
2026,4,142530,3_a_6SM,deslig,22,6879.31
2026,4,142530,6_a_10SM,adm,7,12358.13
2026,4,142530,6_a_10SM,deslig,19,12626.27
2026,4,142530,acima_10SM,adm,19,23959.45
2026,4,142530,acima_10SM,deslig,25,24598.11
2026,4,142530,ate_3SM,adm,17,3380.48
2026,4,142530,ate_3SM,deslig,20,3463.95
2026,4,142535,3_a_6SM,adm,12,6963.97
2026,4,142535,3_a_6SM,deslig,15,7265.44
2026,4,142535,6_a_10SM,adm,15,12544.87
2026,4,142535,6_a_10SM,deslig,21,12857.71
2026,4,142535,acima_10SM,adm,8,19212.5
2026,4,142535,acima_10SM,deslig,9,22710.37
2026,4,142535,ate_3SM,adm,21,2712.12
2026,4,142535,ate_3SM,deslig,25,3159.98
2026,4,212305,3_a_6SM,adm,56,7246.86
2026,4,212305,3_a_6SM,deslig,41,7525.59
2026,4,212305,6_a_10SM,adm,42,12451.32
2026,4,212305,6_a_10SM,deslig,58,13123.97
2026,4,212305,acima_10SM,adm,17,22396.8
2026,4,212305,acima_10SM,deslig,20,21965.88
2026,4,212305,ate_3SM,adm,23,3579.59
2026,4,212305,ate_3SM,deslig,24,3469.97
2026,4,212310,3_a_6SM,adm,12,7068.45
2026,4,212310,3_a_6SM,deslig,16,7415.82
2026,4,212310,6_a_10SM,adm,10,12541.8
2026,4,212310,6_a_10SM,deslig,16,12654.71
2026,4,212310,acima_10SM,adm,8,18578.71
2026,4,212310,acima_10SM,deslig,7,23057.14
2026,4,212310,ate_3SM,adm,15,3008.59
2026,4,212310,ate_3SM,deslig,29,3083.24
2026,4,212315,3_a_6SM,adm,15,6812.73
2026,4,212315,3_a_6SM,deslig,20,7052.41
2026,4,212315,6_a_10SM,adm,13,13669.69
2026,4,212315,6_a_10SM,deslig,29,12851.6
2026,4,212315,acima_10SM,adm,17,20376.38
2026,4,212315,acima_10SM,deslig,20,19905.44
2026,4,212315,ate_3SM,adm,37,3049.71
2026,4,212315,ate_3SM,deslig,24,3194.66
2026,4,212320,3_a_6SM,adm,80,7129.21
2026,4,212320,3_a_6SM,deslig,81,6996.88
2026,4,212320,6_a_10SM,adm,94,12671.96
2026,4,212320,6_a_10SM,deslig,66,12288.74
2026,4,212320,acima_10SM,adm,42,20077.78
2026,4,212320,acima_10SM,deslig,22,19868.4
2026,4,212320,ate_3SM,adm,67,3398.21
2026,4,212320,ate_3SM,deslig,50,3500.07
2026,4,212405,3_a_6SM,adm,1094,7276.43
2026,4,212405,3_a_6SM,deslig,1144,7292.42
2026,4,212405,6_a_10SM,adm,997,12455.24
2026,4,212405,6_a_10SM,deslig,1066,12516.71
2026,4,212405,acima_10SM,adm,335,30133.54
2026,4,212405,acima_10SM,deslig,341,20076.55
2026,4,212405,ate_3SM,adm,765,3310.42
2026,4,212405,ate_3SM,deslig,652,3364.52
2026,4,212410,3_a_6SM,adm,165,6748.58
2026,4,212410,3_a_6SM,deslig,149,6781.91
2026,4,212410,6_a_10SM,adm,63,12129.62
2026,4,212410,6_a_10SM,deslig,70,12575.07
2026,4,212410,acima_10SM,adm,33,20581.8
2026,4,212410,acima_10SM,deslig,31,22016.4
2026,4,212410,ate_3SM,adm,272,3192.78
2026,4,212410,ate_3SM,deslig,293,3204.71
2026,4,212415,3_a_6SM,adm,27,7235.47
2026,4,212415,3_a_6SM,deslig,47,7138.6
2026,4,212415,6_a_10SM,adm,22,12953.62
2026,4,212415,6_a_10SM,deslig,15,12180.13
2026,4,212415,acima_10SM,adm,6,21750.0
2026,4,212415,acima_10SM,deslig,8,24789.37
2026,4,212415,ate_3SM,adm,36,3591.14
2026,4,212415,ate_3SM,deslig,35,3396.69
2026,4,212420,3_a_6SM,adm,210,6622.26
2026,4,212420,3_a_6SM,deslig,241,6517.73
2026,4,212420,6_a_10SM,adm,95,12639.14
2026,4,212420,6_a_10SM,deslig,97,11877.57
2026,4,212420,acima_10SM,adm,42,33719.63
2026,4,212420,acima_10SM,deslig,35,26420.68
2026,4,212420,ate_3SM,adm,996,3034.6
2026,4,212420,ate_3SM,deslig,1011,2916.54
2026,4,212425,3_a_6SM,adm,11,8286.36
2026,4,212425,3_a_6SM,deslig,13,7332.77
2026,4,212425,6_a_10SM,adm,24,13946.31
2026,4,212425,6_a_10SM,deslig,35,13743.86
2026,4,212425,acima_10SM,adm,48,23997.45
2026,4,212425,acima_10SM,deslig,39,21837.15
2026,4,212425,ate_3SM,adm,7,2343.01
2026,4,212425,ate_3SM,deslig,8,3380.08
2026,4,212430,3_a_6SM,adm,60,7305.95
2026,4,212430,3_a_6SM,deslig,88,7058.61
2026,4,212430,6_a_10SM,adm,32,12217.5
2026,4,212430,6_a_10SM,deslig,31,10947.47
2026,4,212430,acima_10SM,adm,2,21250.0
2026,4,212430,acima_10SM,deslig,4,23393.4
2026,4,212430,ate_3SM,adm,55,3526.29
2026,4,212430,ate_3SM,deslig,49,3775.49
2026,4,317105,3_a_6SM,adm,25,7055.94
2026,4,317105,3_a_6SM,deslig,16,6822.63
2026,4,317105,6_a_10SM,adm,12,11866.67
2026,4,317105,6_a_10SM,deslig,12,12902.11
2026,4,317105,acima_10SM,adm,2,17400.0
2026,4,317105,acima_10SM,deslig,1,18000.0
2026,4,317105,ate_3SM,adm,22,2945.33
2026,4,317105,ate_3SM,deslig,30,3039.93
2026,4,317110,3_a_6SM,adm,196,7134.93
2026,4,317110,3_a_6SM,deslig,277,7027.08
2026,4,317110,6_a_10SM,adm,191,12065.5
2026,4,317110,6_a_10SM,deslig,203,12376.09
2026,4,317110,acima_10SM,adm,39,22299.02
2026,4,317110,acima_10SM,deslig,59,21318.78
2026,4,317110,ate_3SM,adm,354,3002.58
2026,4,317110,ate_3SM,deslig,379,3118.61
2026,4,317115,3_a_6SM,adm,15,6086.0
2026,4,317115,3_a_6SM,deslig,27,6031.73
2026,4,317115,6_a_10SM,adm,1,9914.33
2026,4,317115,ate_3SM,adm,25,3706.8
2026,4,317115,ate_3SM,deslig,34,3701.6
2026,4,317120,3_a_6SM,adm,5,7777.49
2026,4,317120,3_a_6SM,deslig,12,6624.47
2026,4,317120,6_a_10SM,adm,7,11285.71
2026,4,317120,6_a_10SM,deslig,7,11928.24
2026,4,317120,ate_3SM,adm,10,2536.83
2026,4,317120,ate_3SM,deslig,14,3337.96
2026,4,317205,3_a_6SM,adm,5,6579.72
2026,4,317205,3_a_6SM,deslig,11,6665.79
2026,4,317205,6_a_10SM,adm,2,15250.0
2026,4,317205,6_a_10SM,deslig,1,10400.0
2026,4,317205,acima_10SM,deslig,1,19240.0
2026,4,317205,ate_3SM,adm,246,2290.57
2026,4,317205,ate_3SM,deslig,283,2289.68
2026,4,317210,3_a_6SM,adm,26,5832.15
2026,4,317210,3_a_6SM,deslig,35,6224.13
2026,4,317210,6_a_10SM,deslig,3,10542.8
2026,4,317210,acima_10SM,deslig,1,25164.54
2026,4,317210,ate_3SM,adm,892,2442.85
2026,4,317210,ate_3SM,deslig,733,2583.64
