ano,mes,cbo6,secao,mov,n,sal_medio
2023,1,203105,C,adm,14,7573.66
2023,1,203105,C,deslig,1,8415.43
2023,1,203105,G,adm,1,5000.0
2023,1,203105,G,deslig,1,14000.0
2023,1,203105,H,adm,3,7933.33
2023,1,203105,J,adm,15,7453.33
2023,1,203105,J,deslig,5,6804.32
2023,1,203105,K,adm,6,12918.15
2023,1,203105,K,deslig,4,10312.58
2023,1,203105,M,adm,12,9593.59
2023,1,203105,M,deslig,8,11643.48
2023,1,203105,N,adm,4,14809.88
2023,1,203105,N,deslig,4,12621.05
2023,1,203105,P,adm,1,6000.0
2023,1,203105,Q,deslig,3,17997.69
2023,1,211205,C,adm,1,1491.87
2023,1,211205,G,deslig,7,11139.73
2023,1,211205,H,adm,2,3520.0
2023,1,211205,J,adm,19,7629.63
2023,1,211205,J,deslig,9,6002.95
2023,1,211205,K,adm,16,8055.73
2023,1,211205,K,deslig,11,9320.79
2023,1,211205,M,adm,9,7693.15
2023,1,211205,M,deslig,8,8383.86
2023,1,211205,N,adm,2,4000.0
2023,1,211205,N,deslig,3,8672.5
2023,1,211205,O,deslig,1,3929.05
2023,1,211205,P,adm,2,4754.74
2023,1,211205,Q,adm,5,8939.48
2023,1,211205,S,adm,2,6328.0
2023,1,211205,S,deslig,1,19731.0
2023,1,211210,J,adm,1,9760.0
2023,1,211210,K,adm,1,2300.0
2023,1,211210,K,deslig,1,6125.12
2023,1,211210,M,adm,2,9250.0
2023,1,211210,M,deslig,1,8576.0
2023,1,211210,N,adm,2,3368.52
2023,1,211210,N,deslig,1,5125.07
2023,1,211210,P,deslig,1,0.0
2023,1,211210,Q,adm,1,5552.19
2023,1,211210,Q,deslig,1,15000.0
2023,1,212205,A,adm,1,22000.0
2023,1,212205,C,adm,7,10408.43
2023,1,212205,C,deslig,3,12462.48
2023,1,212205,G,adm,4,21780.64
2023,1,212205,G,deslig,5,19291.34
2023,1,212205,H,adm,1,13557.84
2023,1,212205,J,adm,53,12039.23
2023,1,212205,J,deslig,57,15391.17
2023,1,212205,K,adm,12,9570.75
2023,1,212205,K,deslig,14,13288.73
2023,1,212205,L,deslig,2,19208.67
2023,1,212205,M,adm,44,12440.53
2023,1,212205,M,deslig,23,12956.8
2023,1,212205,N,adm,17,13072.67
2023,1,212205,N,deslig,14,13184.77
2023,1,212205,P,adm,3,10800.0
2023,1,212205,Q,adm,1,10806.0
2023,1,212210,G,deslig,1,36767.34
2023,1,212210,J,adm,3,3632.0
2023,1,212210,J,deslig,6,13556.83
2023,1,212210,M,adm,13,18535.85
2023,1,212210,M,deslig,2,12310.35
2023,1,212210,N,deslig,11,31860.1
2023,1,212215,C,adm,4,9850.0
2023,1,212215,G,adm,4,9057.35
2023,1,212215,G,deslig,8,12277.15
2023,1,212215,H,deslig,1,15890.0
2023,1,212215,J,adm,79,13981.33
2023,1,212215,J,deslig,82,10609.17
2023,1,212215,K,adm,9,20338.89
2023,1,212215,K,deslig,28,22234.75
2023,1,212215,L,adm,1,12200.0
2023,1,212215,L,deslig,5,12492.51
2023,1,212215,M,adm,16,16450.69
2023,1,212215,M,deslig,17,17834.74
2023,1,212215,N,adm,29,19673.4
2023,1,212215,N,deslig,12,29361.67
2023,1,212215,P,adm,3,7333.33
2023,1,212215,Q,adm,1,16000.0
2023,1,212215,R,adm,1,9010.0
2023,1,212215,S,adm,1,6500.0
2023,1,212305,C,adm,7,9473.29
2023,1,212305,F,adm,1,10000.0
2023,1,212305,G,adm,6,7083.33
2023,1,212305,G,deslig,10,8392.16
2023,1,212305,H,adm,1,18000.0
2023,1,212305,H,deslig,2,2217.61
2023,1,212305,J,adm,74,8637.47
2023,1,212305,J,deslig,52,8597.63
2023,1,212305,K,adm,16,8737.98
2023,1,212305,K,deslig,45,5023.57
2023,1,212305,L,adm,1,20000.0
2023,1,212305,L,deslig,1,15335.24
2023,1,212305,M,adm,24,7390.47
2023,1,212305,M,deslig,17,11103.19
2023,1,212305,N,adm,24,7898.81
2023,1,212305,N,deslig,15,3361.01
2023,1,212305,P,adm,2,5150.0
2023,1,212305,P,deslig,4,5865.37
2023,1,212305,Q,adm,2,8891.0
2023,1,212405,A,adm,4,4910.75
2023,1,212405,A,deslig,3,12104.08
2023,1,212405,B,adm,1,10000.0
2023,1,212405,B,deslig,1,3878.0
2023,1,212405,C,adm,179,8056.94
2023,1,212405,C,deslig,89,8310.4
2023,1,212405,D,adm,5,11840.0
2023,1,212405,D,deslig,8,6387.96
2023,1,212405,E,deslig,1,1650.0
2023,1,212405,F,adm,14,3721.11
2023,1,212405,F,deslig,13,5872.31
2023,1,212405,G,adm,164,5879.0
2023,1,212405,G,deslig,167,8315.22
2023,1,212405,H,adm,34,6088.24
2023,1,212405,H,deslig,21,7303.86
2023,1,212405,I,adm,2,3675.11
2023,1,212405,I,deslig,3,7532.71
2023,1,212405,J,adm,1883,7078.87
2023,1,212405,J,deslig,1792,8002.04
2023,1,212405,K,adm,533,9066.38
2023,1,212405,K,deslig,428,9461.26
2023,1,212405,L,adm,4,13398.0
2023,1,212405,L,deslig,1,12682.38
2023,1,212405,M,adm,392,7926.02
2023,1,212405,M,deslig,308,9328.03
2023,1,212405,N,adm,220,7452.38
2023,1,212405,N,deslig,178,7512.19
2023,1,212405,O,adm,1,20112.68
2023,1,212405,O,deslig,5,4829.03
2023,1,212405,P,adm,36,5629.89
2023,1,212405,P,deslig,15,5723.83
2023,1,212405,Q,adm,32,7259.46
2023,1,212405,Q,deslig,20,6243.96
2023,1,212405,R,adm,1,2974.0
2023,1,212405,R,deslig,2,8700.0
2023,1,212405,S,adm,25,4081.51
2023,1,212405,S,deslig,25,10616.75
2023,1,212410,A,adm,2,9298.5
2023,1,212410,C,adm,19,6112.7
2023,1,212410,C,deslig,20,7151.52
2023,1,212410,D,adm,2,7750.0
2023,1,212410,E,adm,1,3000.0
2023,1,212410,F,adm,26,3409.65
2023,1,212410,F,deslig,8,3746.22
2023,1,212410,G,adm,81,5588.09
2023,1,212410,G,deslig,42,5238.6
2023,1,212410,H,adm,15,6154.59
2023,1,212410,H,deslig,6,3639.84
2023,1,212410,I,adm,4,3067.22
2023,1,212410,I,deslig,4,2378.88
2023,1,212410,J,adm,257,5117.39
2023,1,212410,J,deslig,281,5987.85
2023,1,212410,K,adm,41,6562.93
2023,1,212410,K,deslig,28,7355.23
2023,1,212410,L,adm,2,4721.5
2023,1,212410,L,deslig,3,7983.55
2023,1,212410,M,adm,68,4439.9
2023,1,212410,M,deslig,60,5453.22
2023,1,212410,N,adm,71,3743.07
2023,1,212410,N,deslig,56,3926.84
2023,1,212410,O,adm,1,3434.44
2023,1,212410,P,adm,14,4086.59
2023,1,212410,P,deslig,6,3304.13
2023,1,212410,Q,adm,8,3888.35
2023,1,212410,Q,deslig,5,5431.44
2023,1,212410,R,adm,1,8300.0
2023,1,212410,R,deslig,1,3766.88
2023,1,212410,S,adm,19,4092.05
2023,1,212410,S,deslig,6,4417.81
2023,1,212425,C,adm,1,11971.0
2023,1,212425,G,adm,3,12666.67
2023,1,212425,G,deslig,2,12304.55
2023,1,212425,J,adm,38,11895.95
2023,1,212425,J,deslig,20,13837.22
2023,1,212425,K,adm,12,14189.5
2023,1,212425,K,deslig,3,11844.49
2023,1,212425,M,adm,10,13500.0
2023,1,212425,M,deslig,9,14725.26
2023,1,212425,N,deslig,3,15062.37
2023,1,212425,S,adm,2,2200.0
2023,2,203105,C,adm,5,6342.3
2023,2,203105,C,deslig,2,7143.98
2023,2,203105,D,adm,1,15000.0
2023,2,203105,F,deslig,1,8796.9
2023,2,203105,G,adm,1,21000.0
2023,2,203105,G,deslig,3,7432.87
2023,2,203105,J,adm,8,9202.66
2023,2,203105,J,deslig,6,13135.82
2023,2,203105,K,adm,2,8319.0
2023,2,203105,K,deslig,6,14443.92
2023,2,203105,M,adm,16,10430.11
2023,2,203105,M,deslig,10,10782.24
2023,2,203105,N,adm,1,4200.0
2023,2,203105,N,deslig,3,8218.61
2023,2,203105,Q,deslig,2,5637.14
2023,2,203105,S,adm,1,4500.0
2023,2,211205,C,adm,1,1800.0
2023,2,211205,C,deslig,1,7000.0
2023,2,211205,H,adm,1,5300.0
2023,2,211205,J,adm,10,9010.0
2023,2,211205,J,deslig,10,12717.63
2023,2,211205,K,adm,10,9238.42
2023,2,211205,K,deslig,5,12111.76
2023,2,211205,M,adm,6,4656.77
2023,2,211205,M,deslig,5,9334.55
2023,2,211205,N,adm,1,4000.0
2023,2,211205,N,deslig,4,7018.16
2023,2,211205,P,deslig,1,6720.11
2023,2,211205,Q,adm,3,7041.14
2023,2,211205,R,adm,2,2883.5
2023,2,211205,S,adm,1,12119.0
2023,2,211210,A,adm,1,2183.0
2023,2,211210,C,deslig,1,3547.67
2023,2,211210,G,adm,1,6877.0
2023,2,211210,G,deslig,1,4000.0
2023,2,211210,J,adm,2,11280.0
2023,2,211210,J,deslig,4,9611.83
2023,2,211210,L,adm,2,6240.0
2023,2,211210,Q,adm,1,5552.19
2023,2,211215,G,deslig,1,4000.0
2023,2,212205,C,adm,3,13438.54
2023,2,212205,C,deslig,5,11446.36
2023,2,212205,F,deslig,1,9000.0
2023,2,212205,G,adm,8,15484.71
2023,2,212205,G,deslig,6,10723.23
2023,2,212205,H,deslig,2,3657.72
2023,2,212205,I,adm,2,17331.5
2023,2,212205,J,adm,59,13153.29
2023,2,212205,J,deslig,93,12682.91
2023,2,212205,K,adm,7,16135.0
2023,2,212205,K,deslig,11,12645.32
2023,2,212205,L,deslig,1,13000.0
2023,2,212205,M,adm,27,18003.09
2023,2,212205,M,deslig,16,14162.53
2023,2,212205,N,adm,8,14584.68
2023,2,212205,N,deslig,11,15097.65
2023,2,212205,S,adm,1,6500.0
2023,2,212210,G,deslig,6,18351.64
2023,2,212210,J,adm,3,6734.0
2023,2,212210,J,deslig,17,10679.2
2023,2,212210,M,adm,12,19051.67
2023,2,212210,M,deslig,1,13500.0
2023,2,212210,S,adm,1,24373.48
2023,2,212215,C,deslig,4,12928.88
2023,2,212215,G,adm,1,19000.0
2023,2,212215,G,deslig,8,14079.42
2023,2,212215,H,deslig,1,21900.0
2023,2,212215,J,adm,73,12076.2
2023,2,212215,J,deslig,65,12097.58
2023,2,212215,K,adm,13,17640.84
2023,2,212215,K,deslig,17,12855.11
2023,2,212215,L,deslig,1,11698.02
2023,2,212215,M,adm,19,16705.32
2023,2,212215,M,deslig,20,16229.63
2023,2,212215,N,adm,16,19082.82
2023,2,212215,N,deslig,13,27715.75
2023,2,212215,P,adm,1,10156.0
2023,2,212215,Q,adm,1,7925.0
2023,2,212215,Q,deslig,1,12474.4
2023,2,212215,R,adm,2,8109.0
2023,2,212215,S,adm,1,26923.07
2023,2,212305,C,adm,4,7375.0
2023,2,212305,C,deslig,1,11820.7
2023,2,212305,F,deslig,1,2353.41
2023,2,212305,G,adm,5,11000.0
2023,2,212305,G,deslig,5,7380.03
2023,2,212305,H,deslig,1,5003.42
2023,2,212305,J,adm,25,6880.71
2023,2,212305,J,deslig,53,8876.21
2023,2,212305,K,adm,5,13787.74
2023,2,212305,K,deslig,8,6479.74
2023,2,212305,L,adm,3,15456.67
2023,2,212305,M,adm,10,8046.38
2023,2,212305,M,deslig,25,10390.55
2023,2,212305,N,adm,17,12713.61
2023,2,212305,N,deslig,16,5566.54
2023,2,212305,P,adm,1,6000.0
2023,2,212305,Q,adm,3,8792.94
2023,2,212305,S,deslig,1,4686.98
2023,2,212405,C,adm,122,7984.94
2023,2,212405,C,deslig,70,8613.64
2023,2,212405,D,adm,7,7191.95
2023,2,212405,D,deslig,3,13428.19
2023,2,212405,E,adm,1,9000.0
2023,2,212405,E,deslig,1,19268.44
2023,2,212405,F,adm,15,3883.27
2023,2,212405,F,deslig,15,5318.12
2023,2,212405,G,adm,124,6272.4
2023,2,212405,G,deslig,126,7223.97
2023,2,212405,H,adm,18,8502.78
2023,2,212405,H,deslig,18,7596.76
2023,2,212405,I,adm,2,8400.0
2023,2,212405,I,deslig,2,8197.0
2023,2,212405,J,adm,1276,8433.54
2023,2,212405,J,deslig,1889,8497.82
2023,2,212405,K,adm,368,8576.82
2023,2,212405,K,deslig,502,9666.87
2023,2,212405,L,adm,9,9894.44
2023,2,212405,L,deslig,5,12582.1
2023,2,212405,M,adm,262,8889.74
2023,2,212405,M,deslig,254,8772.07
2023,2,212405,N,adm,157,7301.88
2023,2,212405,N,deslig,197,8258.5
2023,2,212405,O,adm,4,5962.32
2023,2,212405,O,deslig,1,7835.47
2023,2,212405,P,adm,28,7549.01
2023,2,212405,P,deslig,23,7231.11
2023,2,212405,Q,adm,34,7717.57
2023,2,212405,Q,deslig,24,8339.49
2023,2,212405,S,adm,20,5242.88
2023,2,212405,S,deslig,18,7881.06
2023,2,212410,A,adm,1,6204.0
2023,2,212410,A,deslig,1,2542.04
2023,2,212410,C,adm,18,4444.61
2023,2,212410,C,deslig,15,5564.39
2023,2,212410,D,adm,2,10492.5
2023,2,212410,D,deslig,1,8277.99
2023,2,212410,E,adm,1,1900.0
2023,2,212410,F,adm,6,4389.69
2023,2,212410,F,deslig,11,2903.95
2023,2,212410,G,adm,53,4960.79
2023,2,212410,G,deslig,36,4385.94
2023,2,212410,H,adm,7,7601.19
2023,2,212410,H,deslig,9,2599.18
2023,2,212410,I,adm,2,3800.0
2023,2,212410,J,adm,190,5669.59
2023,2,212410,J,deslig,173,6223.38
2023,2,212410,K,adm,24,9746.21
2023,2,212410,K,deslig,23,8882.54
2023,2,212410,L,adm,2,1619.97
2023,2,212410,L,deslig,2,4229.81
2023,2,212410,M,adm,56,4713.77
2023,2,212410,M,deslig,48,5986.22
2023,2,212410,N,adm,54,2927.57
2023,2,212410,N,deslig,63,4269.94
2023,2,212410,O,adm,1,3027.42
2023,2,212410,O,deslig,1,3027.42
2023,2,212410,P,adm,7,2609.25
2023,2,212410,P,deslig,9,3927.12
2023,2,212410,Q,adm,7,4492.75
2023,2,212410,Q,deslig,1,1844.0
2023,2,212410,S,adm,12,3591.17
2023,2,212410,S,deslig,7,3610.52
2023,2,212425,C,adm,4,16985.0
2023,2,212425,C,deslig,1,9500.0
2023,2,212425,G,adm,3,5701.0
2023,2,212425,G,deslig,1,3358.0
2023,2,212425,J,adm,27,15339.53
2023,2,212425,J,deslig,23,12696.39
2023,2,212425,K,adm,3,10745.0
2023,2,212425,K,deslig,3,12439.14
2023,2,212425,M,adm,9,11988.89
2023,2,212425,M,deslig,3,15744.01
2023,2,212425,N,adm,4,23057.69
2023,2,212425,N,deslig,1,12000.0
2023,2,212425,P,adm,2,22500.0
2023,2,212425,Q,adm,1,18000.0
2023,3,203105,C,adm,10,9470.44
2023,3,203105,C,deslig,3,8365.11
2023,3,203105,G,adm,2,13750.0
2023,3,203105,G,deslig,2,5954.24
2023,3,203105,H,adm,3,9333.33
2023,3,203105,H,deslig,1,9000.0
2023,3,203105,J,adm,6,10594.51
2023,3,203105,J,deslig,9,15217.49
2023,3,203105,K,adm,3,6222.71
2023,3,203105,K,deslig,3,19407.74
2023,3,203105,M,adm,13,10092.2
2023,3,203105,M,deslig,8,11283.84
2023,3,203105,N,adm,7,14929.49
2023,3,203105,N,deslig,4,7166.17
2023,3,211205,C,adm,1,3300.0
2023,3,211205,C,deslig,3,6779.27
2023,3,211205,G,adm,2,8250.0
2023,3,211205,G,deslig,1,8643.51
2023,3,211205,J,adm,6,8339.82
2023,3,211205,J,deslig,7,9180.52
2023,3,211205,K,adm,11,11470.82
2023,3,211205,K,deslig,7,13438.71
2023,3,211205,M,adm,3,6066.67
2023,3,211205,M,deslig,5,6814.15
2023,3,211205,N,adm,5,4300.0
2023,3,211205,P,adm,2,6631.76
2023,3,211205,P,deslig,5,3803.14
2023,3,211205,Q,adm,12,9464.52
2023,3,211205,R,adm,2,4400.0
2023,3,211205,R,deslig,1,2600.0
2023,3,211210,C,adm,1,4000.0
2023,3,211210,J,deslig,1,21760.0
2023,3,211210,K,deslig,1,4349.2
2023,3,211210,M,adm,3,10890.0
2023,3,211210,N,adm,2,9000.0
2023,3,211210,N,deslig,4,4285.55
2023,3,211210,Q,adm,1,16040.47
2023,3,211210,Q,deslig,1,9378.78
2023,3,211210,S,adm,1,2500.0
2023,3,212205,C,adm,3,10911.38
2023,3,212205,C,deslig,1,12303.21
2023,3,212205,G,adm,3,9320.0
2023,3,212205,G,deslig,10,13225.11
2023,3,212205,H,adm,1,24000.0
2023,3,212205,J,adm,60,14909.57
2023,3,212205,J,deslig,147,16529.29
2023,3,212205,K,adm,4,17000.0
2023,3,212205,K,deslig,8,11588.54
2023,3,212205,M,adm,28,12543.34
2023,3,212205,M,deslig,81,13245.36
2023,3,212205,N,adm,6,13624.47
2023,3,212205,N,deslig,17,17547.87
2023,3,212205,S,deslig,1,6450.0
2023,3,212210,C,adm,1,8171.15
2023,3,212210,G,adm,1,12000.0
2023,3,212210,J,adm,2,8800.0
2023,3,212210,J,deslig,2,5250.0
2023,3,212210,M,adm,7,17551.43
2023,3,212210,N,adm,3,10444.33
2023,3,212210,N,deslig,1,11143.0
2023,3,212215,C,adm,3,13522.33
2023,3,212215,G,adm,2,9750.0
2023,3,212215,G,deslig,2,13689.46
2023,3,212215,J,adm,85,13477.75
2023,3,212215,J,deslig,91,11543.84
2023,3,212215,K,adm,14,21447.11
2023,3,212215,K,deslig,38,16136.99
2023,3,212215,M,adm,15,27468.34
2023,3,212215,M,deslig,16,11304.79
2023,3,212215,N,adm,26,25532.17
2023,3,212215,N,deslig,13,25195.36
2023,3,212215,P,adm,1,15000.0
2023,3,212215,P,deslig,2,13500.0
2023,3,212215,R,deslig,2,8700.0
2023,3,212215,S,deslig,1,17500.0
2023,3,212305,C,adm,3,8664.67
2023,3,212305,C,deslig,3,14203.96
2023,3,212305,F,adm,1,2482.11
2023,3,212305,F,deslig,2,4811.45
2023,3,212305,G,adm,6,9118.85
2023,3,212305,G,deslig,3,7430.58
2023,3,212305,H,adm,2,10750.0
2023,3,212305,H,deslig,2,7000.0
2023,3,212305,J,adm,45,7925.32
2023,3,212305,J,deslig,43,9029.82
2023,3,212305,K,adm,9,9872.7
2023,3,212305,K,deslig,12,10762.13
2023,3,212305,L,deslig,1,13171.0
2023,3,212305,M,adm,17,10769.76
2023,3,212305,M,deslig,26,13782.47
2023,3,212305,N,adm,18,7045.02
2023,3,212305,N,deslig,20,3660.55
2023,3,212305,P,adm,2,3593.98
2023,3,212305,Q,deslig,2,10215.88
2023,3,212305,S,adm,2,8360.23
2023,3,212305,S,deslig,1,3904.96
2023,3,212405,A,adm,2,3222.96
2023,3,212405,B,adm,1,3000.0
2023,3,212405,C,adm,133,7259.14
2023,3,212405,C,deslig,117,8659.48
2023,3,212405,D,adm,5,9840.0
2023,3,212405,D,deslig,2,9750.0
2023,3,212405,E,deslig,1,19287.48
2023,3,212405,F,adm,16,6236.41
2023,3,212405,F,deslig,20,4711.3
2023,3,212405,G,adm,118,6749.81
2023,3,212405,G,deslig,149,6212.3
2023,3,212405,H,adm,42,6912.22
2023,3,212405,H,deslig,20,6259.93
2023,3,212405,I,adm,5,6646.5
2023,3,212405,I,deslig,3,3918.75
2023,3,212405,J,adm,1530,7998.47
2023,3,212405,J,deslig,1728,7839.54
2023,3,212405,K,adm,388,9055.71
2023,3,212405,K,deslig,392,10123.18
2023,3,212405,L,adm,11,9800.0
2023,3,212405,L,deslig,8,10683.73
2023,3,212405,M,adm,298,8544.47
2023,3,212405,M,deslig,320,7843.95
2023,3,212405,N,adm,196,7303.72
2023,3,212405,N,deslig,202,7490.8
2023,3,212405,O,adm,1,4517.51
2023,3,212405,O,deslig,3,6782.22
2023,3,212405,P,adm,30,5737.69
2023,3,212405,P,deslig,13,4453.15
2023,3,212405,Q,adm,63,8094.2
2023,3,212405,Q,deslig,42,6629.94
2023,3,212405,S,adm,22,6805.02
2023,3,212405,S,deslig,22,5289.8
2023,3,212410,A,adm,1,3063.0
2023,3,212410,C,adm,26,4874.72
2023,3,212410,C,deslig,20,4710.48
2023,3,212410,D,adm,1,6800.0
2023,3,212410,F,adm,18,6584.48
2023,3,212410,F,deslig,5,2451.41
2023,3,212410,G,adm,47,4648.02
2023,3,212410,G,deslig,60,4343.54
2023,3,212410,H,adm,9,6163.62
2023,3,212410,H,deslig,5,4414.09
2023,3,212410,I,adm,5,4759.2
2023,3,212410,I,deslig,2,4261.38
2023,3,212410,J,adm,221,5653.87
2023,3,212410,J,deslig,211,5488.92
2023,3,212410,K,adm,32,10009.51
2023,3,212410,K,deslig,30,8755.22
2023,3,212410,L,adm,2,3059.99
2023,3,212410,L,deslig,2,2497.97
2023,3,212410,M,adm,48,4787.23
2023,3,212410,M,deslig,63,5863.02
2023,3,212410,N,adm,67,4191.82
2023,3,212410,N,deslig,61,6991.06
2023,3,212410,P,adm,8,3921.47
2023,3,212410,P,deslig,15,4311.93
2023,3,212410,Q,adm,9,3060.15
2023,3,212410,Q,deslig,10,5160.31
2023,3,212410,R,deslig,1,4000.0
2023,3,212410,S,adm,10,4005.7
2023,3,212410,S,deslig,16,3878.6
2023,3,212425,C,adm,4,14006.45
2023,3,212425,G,adm,4,11875.0
2023,3,212425,G,deslig,2,5992.48
2023,3,212425,J,adm,23,13273.43
2023,3,212425,J,deslig,23,14824.01
2023,3,212425,K,adm,8,15075.0
2023,3,212425,K,deslig,8,13554.73
2023,3,212425,M,adm,4,15000.0
2023,3,212425,M,deslig,7,12391.08
2023,3,212425,N,adm,1,8500.0
2023,3,212425,P,adm,1,28511.76
2023,3,212425,S,adm,1,2200.0
2023,3,212425,S,deslig,3,8519.33
2023,4,203105,C,adm,3,5854.73
2023,4,203105,C,deslig,5,5652.32
2023,4,203105,F,adm,1,2000.0
2023,4,203105,G,adm,2,9000.0
2023,4,203105,G,deslig,3,10497.73
2023,4,203105,J,adm,12,5917.5
2023,4,203105,J,deslig,10,7865.16
2023,4,203105,K,adm,4,13875.0
2023,4,203105,K,deslig,1,11000.0
2023,4,203105,M,adm,9,8621.82
2023,4,203105,M,deslig,9,12054.45
2023,4,203105,N,adm,4,5175.0
2023,4,203105,N,deslig,2,11991.0
2023,4,203105,Q,adm,1,9760.47
2023,4,211205,C,adm,2,5400.0
2023,4,211205,C,deslig,2,5755.2
2023,4,211205,G,deslig,1,9700.0
2023,4,211205,H,deslig,1,2487.74
2023,4,211205,J,adm,8,5965.5
2023,4,211205,J,deslig,6,12529.89
2023,4,211205,K,adm,12,12048.63
2023,4,211205,K,deslig,11,13311.74
2023,4,211205,M,adm,6,7623.49
2023,4,211205,M,deslig,5,6565.4
2023,4,211205,N,adm,2,4250.0
2023,4,211205,N,deslig,3,6954.01
2023,4,211205,P,deslig,1,2669.44
2023,4,211205,Q,deslig,2,11628.85
2023,4,211205,R,deslig,1,6468.0
2023,4,211205,S,adm,1,2500.0
2023,4,211210,C,adm,1,4000.0
2023,4,211210,C,deslig,2,14391.55
2023,4,211210,J,deslig,1,10297.2
2023,4,211210,M,deslig,2,5182.88
2023,4,211210,N,adm,2,3882.76
2023,4,211210,N,deslig,1,7000.0
2023,4,211210,P,deslig,1,5500.0
2023,4,211210,S,adm,1,2500.0
2023,4,211215,J,adm,1,6000.0
2023,4,211215,M,deslig,1,15000.0
2023,4,211220,J,adm,1,4250.0
2023,4,211220,J,deslig,1,4250.0
2023,4,211220,K,adm,1,19000.0
2023,4,211220,Q,adm,1,7745.37
2023,4,212205,C,adm,11,11401.46
2023,4,212205,C,deslig,1,14372.1
2023,4,212205,G,adm,5,7830.24
2023,4,212205,G,deslig,8,11485.55
2023,4,212205,J,adm,52,15360.68
2023,4,212205,J,deslig,54,13274.12
2023,4,212205,K,adm,11,14012.6
2023,4,212205,K,deslig,14,14270.68
2023,4,212205,M,adm,22,12891.29
2023,4,212205,M,deslig,29,13712.85
2023,4,212205,N,adm,16,19701.1
2023,4,212205,N,deslig,5,14320.59
2023,4,212205,S,adm,1,5450.0
2023,4,212210,J,adm,1,29965.38
2023,4,212210,J,deslig,3,6399.29
2023,4,212210,M,deslig,1,24200.0
2023,4,212215,C,adm,3,11933.33
2023,4,212215,G,adm,6,10133.33
2023,4,212215,G,deslig,9,8755.49
2023,4,212215,H,deslig,1,16000.0
2023,4,212215,J,adm,103,12351.1
2023,4,212215,J,deslig,78,11929.15
2023,4,212215,K,adm,13,12322.93
2023,4,212215,K,deslig,25,15763.79
2023,4,212215,L,deslig,2,10955.86
2023,4,212215,M,adm,12,23002.65
2023,4,212215,M,deslig,9,13600.63
2023,4,212215,N,adm,22,33041.91
2023,4,212215,N,deslig,12,24382.9
2023,4,212215,P,adm,2,7591.5
2023,4,212215,R,deslig,2,7619.77
2023,4,212215,S,adm,1,19000.0
2023,4,212305,C,adm,1,10000.0
2023,4,212305,C,deslig,2,14284.5
2023,4,212305,D,adm,1,4641.14
2023,4,212305,F,adm,1,4000.0
2023,4,212305,G,adm,7,11590.0
2023,4,212305,G,deslig,7,10315.83
2023,4,212305,H,adm,2,4314.0
2023,4,212305,J,adm,41,8227.92
2023,4,212305,J,deslig,55,7805.92
2023,4,212305,K,adm,10,10638.58
2023,4,212305,K,deslig,23,6779.25
2023,4,212305,L,adm,1,7000.0
2023,4,212305,L,deslig,2,9229.31
2023,4,212305,M,adm,20,8701.27
2023,4,212305,M,deslig,15,9497.4
2023,4,212305,N,adm,21,7600.24
2023,4,212305,N,deslig,19,7475.83
2023,4,212305,P,adm,2,13650.0
2023,4,212305,P,deslig,1,2240.0
2023,4,212305,Q,deslig,1,9150.92
2023,4,212305,S,adm,1,7919.67
2023,4,212305,S,deslig,1,6061.0
2023,4,212405,A,adm,1,25500.0
2023,4,212405,A,deslig,1,3500.0
2023,4,212405,C,adm,145,8533.86
2023,4,212405,C,deslig,94,8226.02
2023,4,212405,D,adm,7,8452.57
2023,4,212405,D,deslig,1,9052.2
2023,4,212405,F,adm,12,5006.95
2023,4,212405,F,deslig,20,5593.16
2023,4,212405,G,adm,139,6659.69
2023,4,212405,G,deslig,150,7657.16
2023,4,212405,H,adm,27,7007.17
2023,4,212405,H,deslig,19,7189.31
2023,4,212405,I,adm,7,5957.43
2023,4,212405,I,deslig,3,3581.9
2023,4,212405,J,adm,1592,8129.5
2023,4,212405,J,deslig,1563,8244.89
2023,4,212405,K,adm,251,9558.06
2023,4,212405,K,deslig,340,9700.67
2023,4,212405,L,adm,16,8463.93
2023,4,212405,L,deslig,11,12956.49
2023,4,212405,M,adm,328,7956.42
2023,4,212405,M,deslig,300,8844.35
2023,4,212405,N,adm,217,7076.24
2023,4,212405,N,deslig,179,7780.88
2023,4,212405,O,adm,3,7688.52
2023,4,212405,P,adm,36,6628.3
2023,4,212405,P,deslig,19,4367.11
2023,4,212405,Q,adm,39,8336.76
2023,4,212405,Q,deslig,79,9637.36
2023,4,212405,R,adm,3,3788.11
2023,4,212405,R,deslig,3,7050.78
2023,4,212405,S,adm,23,6184.23
2023,4,212405,S,deslig,13,9366.38
2023,4,212405,U,deslig,1,3633.24
2023,4,212410,A,adm,1,2681.85
2023,4,212410,A,deslig,1,5798.87
2023,4,212410,C,adm,22,4803.97
2023,4,212410,C,deslig,19,5266.78
2023,4,212410,F,adm,8,3066.15
2023,4,212410,F,deslig,7,4054.23
2023,4,212410,G,adm,57,5117.44
2023,4,212410,G,deslig,68,6018.51
2023,4,212410,H,adm,10,5471.8
2023,4,212410,H,deslig,5,3632.53
2023,4,212410,I,deslig,3,2860.15
2023,4,212410,J,adm,194,5100.18
2023,4,212410,J,deslig,205,6373.02
2023,4,212410,K,adm,26,7186.84
2023,4,212410,K,deslig,28,10287.91
2023,4,212410,L,adm,3,4710.0
2023,4,212410,L,deslig,2,5611.11
2023,4,212410,M,adm,57,6323.14
2023,4,212410,M,deslig,40,4097.18
2023,4,212410,N,adm,59,4792.51
2023,4,212410,N,deslig,56,3903.68
2023,4,212410,P,adm,9,3464.06
2023,4,212410,P,deslig,9,4387.22
2023,4,212410,Q,adm,13,4072.98
2023,4,212410,Q,deslig,10,4591.48
2023,4,212410,R,adm,1,9000.0
2023,4,212410,S,adm,9,4733.33
2023,4,212410,S,deslig,8,3402.45
2023,4,212425,C,adm,1,18841.59
2023,4,212425,D,deslig,1,25567.92
2023,4,212425,G,adm,1,26000.0
2023,4,212425,G,deslig,6,20571.45
2023,4,212425,H,adm,1,6923.08
2023,4,212425,H,deslig,1,3138.32
2023,4,212425,J,adm,43,13681.95
2023,4,212425,J,deslig,40,15322.11
2023,4,212425,K,adm,7,10690.0
2023,4,212425,K,deslig,7,12537.28
2023,4,212425,M,adm,11,14177.27
2023,4,212425,M,deslig,9,14426.45
2023,4,212425,N,adm,1,23720.0
2023,4,212425,N,deslig,4,14641.17
2023,4,212425,P,adm,1,10000.0
2023,5,203105,C,adm,8,8828.65
2023,5,203105,C,deslig,5,8049.32
2023,5,203105,G,adm,2,14000.0
2023,5,203105,G,deslig,2,9661.04
2023,5,203105,H,adm,1,5600.0
2023,5,203105,H,deslig,2,6825.0
2023,5,203105,J,adm,5,15855.8
2023,5,203105,J,deslig,8,7260.42
2023,5,203105,K,deslig,3,12574.22
2023,5,203105,L,deslig,1,23695.97
2023,5,203105,M,adm,11,10464.91
2023,5,203105,M,deslig,14,10635.23
2023,5,203105,N,adm,2,5000.0
2023,5,203105,P,adm,1,3500.0
2023,5,203105,Q,deslig,2,4019.18
2023,5,211205,C,adm,1,3000.0
2023,5,211205,C,deslig,1,1800.0
2023,5,211205,F,adm,1,2800.0
2023,5,211205,F,deslig,1,2484.01
2023,5,211205,G,adm,3,7430.0
2023,5,211205,H,adm,1,1980.0
2023,5,211205,J,adm,5,8246.6
2023,5,211205,J,deslig,17,8793.91
2023,5,211205,K,adm,6,10983.36
2023,5,211205,K,deslig,14,15068.71
2023,5,211205,M,adm,4,10213.0
2023,5,211205,M,deslig,5,7288.4
2023,5,211205,N,adm,2,5000.0
2023,5,211205,N,deslig,1,7427.82
2023,5,211205,P,deslig,1,7509.48
2023,5,211205,Q,adm,2,8089.63
2023,5,211205,Q,deslig,2,9238.23
2023,5,211205,R,adm,1,1400.0
2023,5,211205,R,deslig,1,9198.0
2023,5,211205,S,adm,1,6328.0
2023,5,211210,C,deslig,1,4000.0
2023,5,211210,G,deslig,1,6877.0
2023,5,211210,H,deslig,1,5431.0
2023,5,211210,K,adm,1,4782.6
2023,5,211210,K,deslig,1,6350.5
2023,5,211210,L,adm,1,5300.0
2023,5,211210,M,adm,1,5500.0
2023,5,211210,N,adm,1,7893.0
2023,5,211210,P,deslig,1,4218.8
2023,5,211215,J,adm,1,30000.0
2023,5,211215,K,adm,2,7071.0
2023,5,211220,C,adm,1,14000.0
2023,5,211220,J,adm,2,8125.0
2023,5,211220,M,adm,1,10720.0
2023,5,211220,Q,adm,1,16038.0
2023,5,212205,C,adm,4,11082.67
2023,5,212205,C,deslig,3,10385.24
2023,5,212205,F,deslig,1,7437.06
2023,5,212205,G,adm,9,14728.69
2023,5,212205,G,deslig,13,12789.47
2023,5,212205,J,adm,51,16508.04
2023,5,212205,J,deslig,63,12860.74
2023,5,212205,K,adm,10,14533.42
2023,5,212205,K,deslig,7,14877.76
2023,5,212205,L,deslig,1,11167.24
2023,5,212205,M,adm,38,13057.22
2023,5,212205,M,deslig,40,12810.0
2023,5,212205,N,adm,9,16222.22
2023,5,212205,N,deslig,11,17376.12
2023,5,212205,P,deslig,1,6500.0
2023,5,212210,H,adm,1,19000.0
2023,5,212210,J,deslig,2,7145.84
2023,5,212210,M,adm,6,12648.33
2023,5,212210,M,deslig,1,23931.0
2023,5,212210,N,deslig,3,13652.59
2023,5,212215,C,adm,1,6000.0
2023,5,212215,D,adm,1,3615.0
2023,5,212215,F,adm,1,15000.0
2023,5,212215,G,adm,4,12195.64
2023,5,212215,G,deslig,6,11385.23
2023,5,212215,J,adm,83,15305.51
2023,5,212215,J,deslig,76,12825.4
2023,5,212215,K,adm,12,14429.85
2023,5,212215,K,deslig,13,15717.54
2023,5,212215,M,adm,7,13462.84
2023,5,212215,M,deslig,13,13291.93
2023,5,212215,N,adm,19,24636.5
2023,5,212215,N,deslig,34,31778.23
2023,5,212215,P,adm,1,18000.0
2023,5,212215,P,deslig,2,10645.2
2023,5,212215,Q,adm,1,13500.0
2023,5,212215,Q,deslig,1,6048.0
2023,5,212215,R,adm,1,6094.34
2023,5,212215,R,deslig,1,7239.96
2023,5,212305,C,deslig,3,20168.87
2023,5,212305,D,adm,1,6354.0
2023,5,212305,F,deslig,3,8134.05
2023,5,212305,G,adm,1,15000.0
2023,5,212305,G,deslig,6,9210.82
2023,5,212305,H,adm,2,6150.0
2023,5,212305,J,adm,55,8180.13
2023,5,212305,J,deslig,56,8899.46
2023,5,212305,K,adm,10,10347.48
2023,5,212305,K,deslig,8,9762.52
2023,5,212305,L,adm,2,14250.0
2023,5,212305,M,adm,14,10107.64
2023,5,212305,M,deslig,17,11233.78
2023,5,212305,N,adm,17,7494.49
2023,5,212305,N,deslig,12,2869.28
2023,5,212305,P,adm,3,6595.0
2023,5,212305,P,deslig,1,10272.47
2023,5,212405,A,adm,1,3703.13
2023,5,212405,A,deslig,1,24326.05
2023,5,212405,B,adm,1,18500.0
2023,5,212405,C,adm,127,8198.5
2023,5,212405,C,deslig,90,8203.42
2023,5,212405,D,adm,2,5675.5
2023,5,212405,D,deslig,5,8168.73
2023,5,212405,F,adm,25,4791.53
2023,5,212405,F,deslig,14,5027.15
2023,5,212405,G,adm,128,7159.67
2023,5,212405,G,deslig,138,7491.58
2023,5,212405,H,adm,19,7286.68
2023,5,212405,H,deslig,22,6393.77
2023,5,212405,I,adm,11,5159.55
2023,5,212405,I,deslig,1,11000.0
2023,5,212405,J,adm,1604,8211.73
2023,5,212405,J,deslig,1515,7731.8
2023,5,212405,K,adm,273,9730.74
2023,5,212405,K,deslig,328,10061.49
2023,5,212405,L,adm,14,12341.0
2023,5,212405,L,deslig,10,8383.83
2023,5,212405,M,adm,285,8485.81
2023,5,212405,M,deslig,254,8539.6
2023,5,212405,N,adm,291,6009.89
2023,5,212405,N,deslig,189,7384.78
2023,5,212405,O,adm,3,6244.29
2023,5,212405,O,deslig,3,11494.49
2023,5,212405,P,adm,21,6750.33
2023,5,212405,P,deslig,15,6750.34
2023,5,212405,Q,adm,38,7657.83
2023,5,212405,Q,deslig,44,8930.39
2023,5,212405,R,deslig,3,4646.76
2023,5,212405,S,adm,11,6596.71
2023,5,212405,S,deslig,15,6183.05
2023,5,212410,A,adm,1,10000.0
2023,5,212410,A,deslig,1,8163.0
2023,5,212410,C,adm,19,5068.35
2023,5,212410,C,deslig,19,4555.71
2023,5,212410,F,adm,3,3863.72
2023,5,212410,F,deslig,7,3333.77
2023,5,212410,G,adm,59,4857.09
2023,5,212410,G,deslig,46,5496.76
2023,5,212410,H,adm,7,5437.33
2023,5,212410,H,deslig,5,4048.38
2023,5,212410,I,adm,3,3314.33
2023,5,212410,I,deslig,1,6464.9
2023,5,212410,J,adm,249,5434.08
2023,5,212410,J,deslig,226,6175.55
2023,5,212410,K,adm,25,8398.79
2023,5,212410,K,deslig,25,7868.03
2023,5,212410,L,adm,1,3735.04
2023,5,212410,L,deslig,3,6753.07
2023,5,212410,M,adm,60,4815.88
2023,5,212410,M,deslig,51,4605.2
2023,5,212410,N,adm,75,4212.84
2023,5,212410,N,deslig,54,4669.83
2023,5,212410,O,adm,1,4185.45
2023,5,212410,P,adm,14,5015.64
2023,5,212410,P,deslig,11,4681.8
2023,5,212410,Q,adm,6,5229.93
2023,5,212410,Q,deslig,14,4368.66
2023,5,212410,R,adm,2,3105.05
2023,5,212410,S,adm,6,3800.0
2023,5,212410,S,deslig,19,4663.27
2023,5,212425,C,adm,2,17750.0
2023,5,212425,G,adm,6,10833.33
2023,5,212425,G,deslig,1,19318.9
2023,5,212425,H,adm,3,8608.87
2023,5,212425,J,adm,36,14314.5
2023,5,212425,J,deslig,42,15955.61
2023,5,212425,K,adm,6,15528.72
2023,5,212425,K,deslig,6,12197.1
2023,5,212425,L,adm,1,16000.0
2023,5,212425,M,adm,9,18838.63
2023,5,212425,M,deslig,9,14265.09
2023,5,212425,N,adm,6,13029.86
2023,5,212425,N,deslig,3,12364.58
2023,5,212425,P,adm,1,20000.0
2023,5,212425,Q,adm,1,8000.0
2023,5,212425,S,deslig,1,2200.0
2023,6,203105,C,adm,6,12606.57
2023,6,203105,C,deslig,4,11350.75
2023,6,203105,F,deslig,1,2000.0
2023,6,203105,G,adm,3,19800.0
2023,6,203105,G,deslig,3,14093.68
2023,6,203105,H,deslig,1,18783.2
2023,6,203105,J,adm,8,6028.46
2023,6,203105,J,deslig,7,9952.2
2023,6,203105,K,adm,6,10891.57
2023,6,203105,K,deslig,5,13031.88
2023,6,203105,M,adm,8,11550.1
2023,6,203105,M,deslig,11,10629.34
2023,6,203105,N,adm,6,10100.0
2023,6,203105,N,deslig,2,6927.0
2023,6,203105,P,deslig,1,6000.0
2023,6,203105,Q,deslig,2,9763.32
2023,6,211205,C,adm,2,8889.5
2023,6,211205,G,adm,1,8000.0
2023,6,211205,G,deslig,2,7178.5
2023,6,211205,J,adm,9,10112.35
2023,6,211205,J,deslig,7,8600.46
2023,6,211205,K,adm,5,17687.22
2023,6,211205,K,deslig,8,8765.41
2023,6,211205,L,adm,1,7500.0
2023,6,211205,M,adm,6,9866.67
2023,6,211205,M,deslig,5,10037.77
2023,6,211205,N,adm,1,2700.0
2023,6,211205,P,deslig,1,2669.44
2023,6,211205,Q,adm,5,8061.44
2023,6,211205,Q,deslig,4,9206.27
2023,6,211210,C,adm,1,4561.63
2023,6,211210,H,deslig,1,12934.4
2023,6,211210,J,adm,2,13100.0
2023,6,211210,K,adm,1,3825.1
2023,6,211210,N,adm,1,12000.0
2023,6,211210,P,deslig,1,5800.85
2023,6,211215,J,deslig,1,14230.0
2023,6,211220,C,adm,1,10009.24
2023,6,211220,H,adm,1,3600.0
2023,6,211220,J,deslig,1,4250.0
2023,6,211220,M,deslig,1,8200.0
2023,6,211220,Q,adm,1,9500.0
2023,6,211220,S,adm,1,10732.41
2023,6,212205,C,adm,5,12247.23
2023,6,212205,C,deslig,2,11901.6
2023,6,212205,G,adm,7,14749.14
2023,6,212205,G,deslig,6,12520.31
2023,6,212205,J,adm,63,13767.0
2023,6,212205,J,deslig,92,15662.39
2023,6,212205,K,adm,7,10670.38
2023,6,212205,K,deslig,16,15355.06
2023,6,212205,L,adm,1,8000.0
2023,6,212205,M,adm,45,15148.32
2023,6,212205,M,deslig,30,13014.95
2023,6,212205,N,adm,15,16213.45
2023,6,212205,N,deslig,10,15533.64
2023,6,212205,P,deslig,1,6500.0
2023,6,212205,S,deslig,1,6500.0
2023,6,212210,C,adm,1,10000.0
2023,6,212210,C,deslig,1,10424.53
2023,6,212210,G,adm,2,11250.0
2023,6,212210,G,deslig,1,28914.04
2023,6,212210,J,adm,1,5186.0
2023,6,212210,J,deslig,4,11094.24
2023,6,212210,M,adm,4,15290.0
2023,6,212210,M,deslig,1,22083.8
2023,6,212210,N,adm,3,9683.33
2023,6,212210,Q,deslig,1,11512.6
2023,6,212215,C,deslig,3,7768.28
2023,6,212215,D,adm,2,12676.0
2023,6,212215,G,adm,1,6000.0
2023,6,212215,G,deslig,1,12792.4
2023,6,212215,J,adm,67,16552.55
2023,6,212215,J,deslig,74,11619.91
2023,6,212215,K,adm,22,13685.17
2023,6,212215,K,deslig,51,16815.73
2023,6,212215,L,deslig,1,15695.97
2023,6,212215,M,adm,12,19804.27
2023,6,212215,M,deslig,9,24034.27
2023,6,212215,N,adm,27,23104.05
2023,6,212215,N,deslig,14,24856.8
2023,6,212215,S,adm,2,6500.0
2023,6,212305,C,adm,2,9000.0
2023,6,212305,C,deslig,2,3256.64
2023,6,212305,F,adm,1,8376.0
2023,6,212305,G,adm,4,4491.43
2023,6,212305,G,deslig,4,10179.35
2023,6,212305,H,adm,5,5081.76
2023,6,212305,J,adm,56,9871.88
2023,6,212305,J,deslig,46,8234.47
2023,6,212305,K,adm,18,9251.03
2023,6,212305,K,deslig,12,7800.68
2023,6,212305,L,adm,1,10740.0
2023,6,212305,M,adm,24,9682.4
2023,6,212305,M,deslig,20,12369.33
2023,6,212305,N,adm,18,4003.26
2023,6,212305,N,deslig,19,6234.07
2023,6,212305,Q,adm,4,8568.17
2023,6,212305,Q,deslig,1,13926.0
2023,6,212405,A,adm,2,10581.55
2023,6,212405,A,deslig,1,6062.0
2023,6,212405,C,adm,124,7629.0
2023,6,212405,C,deslig,97,8720.61
2023,6,212405,D,adm,4,5907.77
2023,6,212405,D,deslig,1,6737.13
2023,6,212405,E,deslig,2,10870.2
2023,6,212405,F,adm,18,3475.07
2023,6,212405,F,deslig,22,3877.25
2023,6,212405,G,adm,158,6269.42
2023,6,212405,G,deslig,143,6615.68
2023,6,212405,H,adm,26,7011.88
2023,6,212405,H,deslig,21,7949.0
2023,6,212405,I,adm,3,7000.0
2023,6,212405,I,deslig,2,2490.0
2023,6,212405,J,adm,1444,8325.62
2023,6,212405,J,deslig,1683,7475.39
2023,6,212405,K,adm,323,9356.48
2023,6,212405,K,deslig,265,10425.74
2023,6,212405,L,adm,9,9882.11
2023,6,212405,L,deslig,6,8512.77
2023,6,212405,M,adm,287,7578.34
2023,6,212405,M,deslig,275,9152.83
2023,6,212405,N,adm,264,7445.8
2023,6,212405,N,deslig,193,7537.09
2023,6,212405,O,adm,1,2919.34
2023,6,212405,P,adm,32,6703.57
2023,6,212405,P,deslig,30,6579.72
2023,6,212405,Q,adm,38,6859.49
2023,6,212405,Q,deslig,49,8276.92
2023,6,212405,S,adm,22,5936.98
2023,6,212405,S,deslig,52,4737.81
2023,6,212410,A,adm,2,4239.76
2023,6,212410,A,deslig,2,4540.16
2023,6,212410,B,adm,1,6000.0
2023,6,212410,B,deslig,1,6572.41
2023,6,212410,C,adm,22,4401.7
2023,6,212410,C,deslig,18,5006.24
2023,6,212410,D,adm,2,11150.0
2023,6,212410,F,adm,6,4361.19
2023,6,212410,F,deslig,8,5435.73
2023,6,212410,G,adm,58,5571.78
2023,6,212410,G,deslig,58,4579.7
2023,6,212410,H,adm,11,4236.33
2023,6,212410,H,deslig,6,3741.84
2023,6,212410,I,adm,1,8008.0
2023,6,212410,I,deslig,2,8250.0
2023,6,212410,J,adm,209,5274.74
2023,6,212410,J,deslig,225,6258.29
2023,6,212410,K,adm,39,8910.69
2023,6,212410,K,deslig,21,8806.65
2023,6,212410,L,deslig,2,3549.89
2023,6,212410,M,adm,54,5348.65
2023,6,212410,M,deslig,42,4126.65
2023,6,212410,N,adm,67,4784.65
2023,6,212410,N,deslig,66,4604.02
2023,6,212410,P,adm,14,4214.66
2023,6,212410,P,deslig,10,4418.93
2023,6,212410,Q,adm,9,4983.19
2023,6,212410,Q,deslig,7,5518.39
2023,6,212410,R,adm,1,5472.0
2023,6,212410,S,adm,17,5867.16
2023,6,212410,S,deslig,19,5652.15
2023,6,212425,C,adm,7,15061.15
2023,6,212425,G,adm,6,8445.52
2023,6,212425,H,deslig,2,18750.0
2023,6,212425,J,adm,30,16145.77
2023,6,212425,J,deslig,27,14090.32
2023,6,212425,K,adm,5,13704.27
2023,6,212425,M,adm,12,15700.0
2023,6,212425,M,deslig,4,14495.1
2023,6,212425,N,adm,3,17986.11
2023,6,212425,N,deslig,4,16148.95
2023,7,203105,C,adm,5,9858.29
2023,7,203105,C,deslig,2,8821.66
2023,7,203105,G,deslig,3,12094.33
2023,7,203105,H,deslig,1,4383.2
2023,7,203105,J,adm,11,16570.02
2023,7,203105,J,deslig,10,6868.33
2023,7,203105,K,adm,2,10917.71
2023,7,203105,K,deslig,1,18020.3
2023,7,203105,M,adm,9,11005.68
2023,7,203105,M,deslig,11,7753.53
2023,7,203105,N,adm,3,14000.0
2023,7,203105,N,deslig,2,12007.45
2023,7,203105,P,deslig,1,6400.0
2023,7,203105,Q,deslig,1,5102.63
2023,7,211205,A,adm,1,3600.0
2023,7,211205,C,adm,1,8463.4
2023,7,211205,G,adm,1,2500.0
2023,7,211205,G,deslig,1,12807.39
2023,7,211205,J,adm,9,10737.96
2023,7,211205,J,deslig,6,8144.93
2023,7,211205,K,adm,7,10796.52
2023,7,211205,K,deslig,11,11287.6
2023,7,211205,M,adm,7,8185.71
2023,7,211205,M,deslig,3,5001.4
2023,7,211205,N,deslig,3,7217.27
2023,7,211205,Q,adm,4,8467.86
2023,7,211205,Q,deslig,4,11107.02
2023,7,211205,S,adm,1,8936.0
2023,7,211210,C,adm,1,6000.0
2023,7,211210,F,adm,1,3200.0
2023,7,211210,G,adm,1,4020.0
2023,7,211210,J,adm,1,14000.0
2023,7,211210,J,deslig,4,8704.08
2023,7,211210,K,adm,1,7000.0
2023,7,211210,K,deslig,1,4652.33
2023,7,211210,M,adm,1,8500.0
2023,7,211210,Q,adm,1,8257.89
2023,7,211210,Q,deslig,2,7097.86
2023,7,211220,D,adm,1,7800.0
2023,7,211220,G,adm,1,3000.0
2023,7,211220,J,adm,1,14500.0
2023,7,211220,J,deslig,2,13950.0
2023,7,211220,K,adm,3,14666.67
2023,7,211220,M,adm,1,10000.0
2023,7,211220,M,deslig,1,10720.0
2023,7,211220,N,adm,1,3742.0
2023,7,211220,N,deslig,2,9548.19
2023,7,211220,P,adm,2,8768.86
2023,7,211220,Q,adm,1,8690.37
2023,7,211220,Q,deslig,1,9517.0
2023,7,211220,R,adm,1,6000.0
2023,7,212205,C,adm,2,15550.5
2023,7,212205,C,deslig,4,10089.58
2023,7,212205,F,deslig,1,4170.25
2023,7,212205,G,adm,7,3591.82
2023,7,212205,G,deslig,4,7706.59
2023,7,212205,J,adm,65,15009.75
2023,7,212205,J,deslig,75,12661.05
2023,7,212205,K,adm,18,12113.9
2023,7,212205,K,deslig,16,10729.92
2023,7,212205,M,adm,29,11783.45
2023,7,212205,M,deslig,48,11366.79
2023,7,212205,N,adm,10,13760.0
2023,7,212205,N,deslig,8,13668.55
2023,7,212205,P,adm,1,9000.0
2023,7,212205,Q,adm,1,10806.0
2023,7,212205,S,adm,2,5731.78
2023,7,212210,C,deslig,2,9814.58
2023,7,212210,F,deslig,1,6387.6
2023,7,212210,G,adm,2,12100.0
2023,7,212210,G,deslig,1,32662.65
2023,7,212210,J,deslig,4,8545.63
2023,7,212210,M,adm,8,13778.85
2023,7,212210,M,deslig,3,19158.0
2023,7,212210,N,adm,2,6492.31
2023,7,212215,C,adm,2,17500.0
2023,7,212215,C,deslig,1,8800.0
2023,7,212215,G,adm,3,12548.27
2023,7,212215,G,deslig,5,11457.92
2023,7,212215,J,adm,74,15027.3
2023,7,212215,J,deslig,75,12715.31
2023,7,212215,K,adm,23,13873.29
2023,7,212215,K,deslig,23,15945.02
2023,7,212215,M,adm,14,19815.73
2023,7,212215,M,deslig,14,13284.34
2023,7,212215,N,adm,35,23238.95
2023,7,212215,N,deslig,14,39481.92
2023,7,212215,Q,deslig,1,14345.91
2023,7,212215,S,adm,1,38153.84
2023,7,212215,S,deslig,1,12068.1
2023,7,212305,C,adm,1,2200.0
2023,7,212305,C,deslig,3,14233.0
2023,7,212305,F,adm,1,15000.0
2023,7,212305,G,adm,3,6333.33
2023,7,212305,G,deslig,5,6901.94
2023,7,212305,H,adm,3,5826.4
2023,7,212305,H,deslig,1,7000.0
2023,7,212305,J,adm,51,8747.93
2023,7,212305,J,deslig,41,8814.28
2023,7,212305,K,adm,26,8547.08
2023,7,212305,K,deslig,9,11007.84
2023,7,212305,L,adm,4,14220.0
2023,7,212305,L,deslig,2,15531.13
2023,7,212305,M,adm,19,9004.34
2023,7,212305,M,deslig,22,10434.84
2023,7,212305,N,adm,22,5773.22
2023,7,212305,N,deslig,38,6397.34
2023,7,212305,P,adm,1,6000.0
2023,7,212305,P,deslig,1,2235.4
2023,7,212305,Q,adm,3,7595.92
2023,7,212305,Q,deslig,1,10082.0
2023,7,212305,S,adm,1,1350.0
2023,7,212305,S,deslig,1,7919.67
2023,7,212405,A,deslig,3,7311.97
2023,7,212405,B,adm,1,5500.0
2023,7,212405,C,adm,124,8296.5
2023,7,212405,C,deslig,138,8724.53
2023,7,212405,D,adm,6,9814.71
2023,7,212405,D,deslig,5,10203.09
2023,7,212405,E,deslig,4,13444.04
2023,7,212405,F,adm,13,5049.94
2023,7,212405,F,deslig,18,4178.82
2023,7,212405,G,adm,139,6938.76
2023,7,212405,G,deslig,133,6979.61
2023,7,212405,H,adm,25,5310.38
2023,7,212405,H,deslig,24,5462.82
2023,7,212405,I,adm,3,4702.67
2023,7,212405,I,deslig,2,2780.0
2023,7,212405,J,adm,1332,7668.08
2023,7,212405,J,deslig,1401,7804.88
2023,7,212405,K,adm,352,9297.43
2023,7,212405,K,deslig,271,10105.62
2023,7,212405,L,adm,11,7444.09
2023,7,212405,L,deslig,12,7704.21
2023,7,212405,M,adm,356,7520.9
2023,7,212405,M,deslig,243,8016.49
2023,7,212405,N,adm,241,7345.99
2023,7,212405,N,deslig,239,7008.82
2023,7,212405,O,deslig,13,7376.7
2023,7,212405,P,adm,26,6072.71
2023,7,212405,P,deslig,29,5710.82
2023,7,212405,Q,adm,41,7928.71
2023,7,212405,Q,deslig,44,8894.69
2023,7,212405,R,deslig,2,6567.77
2023,7,212405,S,adm,26,4381.87
2023,7,212405,S,deslig,19,5605.27
2023,7,212410,A,deslig,1,6500.0
2023,7,212410,C,adm,26,5543.01
2023,7,212410,C,deslig,28,5477.41
2023,7,212410,D,adm,2,7146.0
2023,7,212410,D,deslig,2,10745.56
2023,7,212410,E,adm,1,3500.0
2023,7,212410,F,adm,11,4482.97
2023,7,212410,F,deslig,8,3009.82
2023,7,212410,G,adm,54,5370.72
2023,7,212410,G,deslig,61,5590.53
2023,7,212410,H,adm,10,6407.58
2023,7,212410,H,deslig,7,4408.7
2023,7,212410,I,adm,2,7754.0
2023,7,212410,I,deslig,1,2300.0
2023,7,212410,J,adm,185,5054.98
2023,7,212410,J,deslig,190,5861.39
2023,7,212410,K,adm,34,8161.76
2023,7,212410,K,deslig,28,7961.2
2023,7,212410,L,adm,2,1900.0
2023,7,212410,L,deslig,1,2290.33
2023,7,212410,M,adm,47,6167.96
2023,7,212410,M,deslig,46,4556.25
2023,7,212410,N,adm,70,5498.89
2023,7,212410,N,deslig,61,3892.12
2023,7,212410,P,adm,19,4262.32
2023,7,212410,P,deslig,5,4119.71
2023,7,212410,Q,adm,6,6520.39
2023,7,212410,Q,deslig,5,4309.66
2023,7,212410,R,adm,1,2257.53
2023,7,212410,S,adm,16,5015.6
2023,7,212410,S,deslig,9,4869.34
2023,7,212425,C,adm,1,9546.4
2023,7,212425,C,deslig,3,15540.5
2023,7,212425,D,adm,1,6781.0
2023,7,212425,G,adm,3,9666.67
2023,7,212425,G,deslig,1,21945.0
2023,7,212425,H,adm,1,10000.0
2023,7,212425,J,adm,32,13236.94
2023,7,212425,J,deslig,27,13780.14
2023,7,212425,K,adm,5,11751.2
2023,7,212425,K,deslig,2,18233.0
2023,7,212425,M,adm,4,15675.0
2023,7,212425,M,deslig,6,14932.35
2023,7,212425,N,deslig,5,25167.14
2023,7,212425,P,deslig,1,10000.0
2023,7,212425,Q,adm,1,17000.0
2023,7,212425,S,adm,1,3000.0
2023,8,203105,C,adm,10,7416.31
2023,8,203105,C,deslig,3,6974.75
2023,8,203105,G,adm,2,14000.0
2023,8,203105,G,deslig,5,6638.33
2023,8,203105,H,deslig,1,5200.0
2023,8,203105,J,adm,10,8650.0
2023,8,203105,J,deslig,10,8334.33
2023,8,203105,K,adm,3,10439.0
2023,8,203105,K,deslig,5,11701.17
2023,8,203105,M,adm,15,8432.28
2023,8,203105,M,deslig,7,7453.81
2023,8,203105,N,adm,1,5000.0
2023,8,203105,N,deslig,2,9030.0
2023,8,203105,Q,adm,1,9700.0
2023,8,211205,C,adm,1,11000.0
2023,8,211205,C,deslig,1,7018.0
2023,8,211205,G,adm,1,11640.0
2023,8,211205,G,deslig,3,8952.08
2023,8,211205,H,adm,1,9800.0
2023,8,211205,J,adm,11,9215.83
2023,8,211205,J,deslig,8,10888.6
2023,8,211205,K,adm,9,8124.09
2023,8,211205,K,deslig,3,15597.71
2023,8,211205,M,adm,8,11231.04
2023,8,211205,M,deslig,11,9319.99
2023,8,211205,N,adm,1,1320.0
2023,8,211205,N,deslig,2,8750.0
2023,8,211205,P,deslig,1,7942.31
2023,8,211205,Q,adm,4,7791.65
2023,8,211205,Q,deslig,2,9056.9
2023,8,211210,G,adm,1,3000.0
2023,8,211210,J,deslig,2,10996.07
2023,8,211210,Q,adm,1,8257.89
2023,8,211220,C,adm,1,4501.2
2023,8,211220,G,adm,1,4500.0
2023,8,211220,J,adm,3,5750.0
2023,8,211220,J,deslig,3,7750.33
2023,8,211220,K,adm,2,7488.94
2023,8,211220,M,adm,1,3800.0
2023,8,211220,M,deslig,2,9718.05
2023,8,211220,N,adm,1,9700.0
2023,8,211220,N,deslig,1,9738.0
2023,8,211220,P,adm,1,11037.73
2023,8,211220,R,adm,1,13500.0
2023,8,212205,C,adm,6,11525.81
2023,8,212205,G,adm,12,10301.32
2023,8,212205,G,deslig,9,14328.8
2023,8,212205,J,adm,74,14185.07
2023,8,212205,J,deslig,96,15783.11
2023,8,212205,K,adm,12,13045.17
2023,8,212205,K,deslig,13,16234.63
2023,8,212205,M,adm,22,13054.38
2023,8,212205,M,deslig,28,10788.35
2023,8,212205,N,adm,10,10764.2
2023,8,212205,N,deslig,2,9300.0
2023,8,212205,P,adm,1,9000.0
2023,8,212210,C,deslig,1,12611.13
2023,8,212210,G,deslig,1,8610.0
2023,8,212210,J,adm,3,21639.25
2023,8,212210,J,deslig,1,12017.0
2023,8,212210,M,adm,12,18538.0
2023,8,212210,M,deslig,1,19000.0
2023,8,212210,N,adm,4,15375.0
2023,8,212210,S,adm,1,15600.0
2023,8,212215,C,adm,1,12000.0
2023,8,212215,C,deslig,1,3023.68
2023,8,212215,G,adm,5,8300.0
2023,8,212215,G,deslig,2,11439.99
2023,8,212215,H,adm,1,11000.0
2023,8,212215,H,deslig,1,14194.33
2023,8,212215,J,adm,111,13799.14
2023,8,212215,J,deslig,85,15663.74
2023,8,212215,K,adm,13,17758.74
2023,8,212215,K,deslig,46,14639.11
2023,8,212215,L,deslig,1,14142.09
2023,8,212215,M,adm,13,15809.8
2023,8,212215,M,deslig,14,13779.24
2023,8,212215,N,adm,40,24197.5
2023,8,212215,N,deslig,18,20296.63
2023,8,212215,Q,deslig,1,12096.0
2023,8,212305,C,adm,2,9615.0
2023,8,212305,C,deslig,3,7857.78
2023,8,212305,F,deslig,1,10209.91
2023,8,212305,G,adm,6,8588.17
2023,8,212305,G,deslig,9,11592.04
2023,8,212305,H,adm,1,7233.2
2023,8,212305,H,deslig,1,6004.0
2023,8,212305,J,adm,56,8422.09
2023,8,212305,J,deslig,39,9337.88
2023,8,212305,K,adm,14,9239.69
2023,8,212305,K,deslig,9,11739.18
2023,8,212305,L,adm,2,15783.0
2023,8,212305,L,deslig,2,15359.51
2023,8,212305,M,adm,14,8512.36
2023,8,212305,M,deslig,13,11297.02
2023,8,212305,N,adm,11,7702.75
2023,8,212305,N,deslig,14,8666.51
2023,8,212305,P,adm,4,4050.0
2023,8,212305,Q,adm,1,1550.0
2023,8,212305,S,adm,3,7840.94
2023,8,212405,A,adm,5,4862.75
2023,8,212405,A,deslig,2,5235.57
2023,8,212405,B,adm,1,7000.0
2023,8,212405,C,adm,142,8306.13
2023,8,212405,C,deslig,92,8043.73
2023,8,212405,D,adm,4,9050.0
2023,8,212405,D,deslig,2,8753.81
2023,8,212405,E,adm,1,1350.0
2023,8,212405,E,deslig,1,2918.07
2023,8,212405,F,adm,26,4141.37
2023,8,212405,F,deslig,16,6171.51
2023,8,212405,G,adm,138,6657.11
2023,8,212405,G,deslig,148,6842.01
2023,8,212405,H,adm,19,7789.67
2023,8,212405,H,deslig,16,6991.73
2023,8,212405,I,adm,4,2455.0
2023,8,212405,I,deslig,3,2274.44
2023,8,212405,J,adm,1705,7726.02
2023,8,212405,J,deslig,1572,7763.28
2023,8,212405,K,adm,424,8838.34
2023,8,212405,K,deslig,317,9511.52
2023,8,212405,L,adm,11,10559.91
2023,8,212405,L,deslig,14,13014.07
2023,8,212405,M,adm,309,7407.82
2023,8,212405,M,deslig,303,8202.93
2023,8,212405,N,adm,227,7204.5
2023,8,212405,N,deslig,199,7488.43
2023,8,212405,O,deslig,2,11040.37
2023,8,212405,P,adm,26,5661.7
2023,8,212405,P,deslig,20,4302.37
2023,8,212405,Q,adm,30,10053.02
2023,8,212405,Q,deslig,35,7328.72
2023,8,212405,R,adm,2,3300.0
2023,8,212405,S,adm,17,7144.92
2023,8,212405,S,deslig,31,6333.4
2023,8,212410,C,adm,25,5135.54
2023,8,212410,C,deslig,15,5569.36
2023,8,212410,D,deslig,2,8975.5
2023,8,212410,E,adm,1,4000.0
2023,8,212410,F,adm,7,4369.49
2023,8,212410,F,deslig,9,4090.83
2023,8,212410,G,adm,59,5109.3
2023,8,212410,G,deslig,52,5919.68
2023,8,212410,H,adm,11,3435.05
2023,8,212410,H,deslig,7,5708.96
2023,8,212410,I,adm,1,5243.0
2023,8,212410,I,deslig,3,4216.8
2023,8,212410,J,adm,248,5459.36
2023,8,212410,J,deslig,238,5622.67
2023,8,212410,K,adm,29,7920.95
2023,8,212410,K,deslig,31,7506.51
2023,8,212410,L,adm,1,3130.0
2023,8,212410,L,deslig,1,6926.6
2023,8,212410,M,adm,54,5060.69
2023,8,212410,M,deslig,78,5531.62
2023,8,212410,N,adm,82,4460.02
2023,8,212410,N,deslig,60,4061.95
2023,8,212410,P,adm,5,5067.45
2023,8,212410,P,deslig,9,4237.38
2023,8,212410,Q,adm,6,4098.19
2023,8,212410,Q,deslig,8,3849.86
2023,8,212410,S,adm,9,4826.82
2023,8,212410,S,deslig,12,4906.33
2023,8,212425,C,adm,3,11575.43
2023,8,212425,C,deslig,5,10923.06
2023,8,212425,G,adm,11,17728.55
2023,8,212425,G,deslig,2,18000.0
2023,8,212425,J,adm,33,13372.81
2023,8,212425,J,deslig,35,13399.46
2023,8,212425,K,adm,9,18500.44
2023,8,212425,K,deslig,6,15735.57
2023,8,212425,M,adm,5,15200.0
2023,8,212425,M,deslig,12,15095.22
2023,8,212425,N,adm,2,9957.0
2023,8,212425,P,adm,1,10553.06
2023,8,212425,Q,adm,2,16500.0
2023,9,203105,C,adm,3,6768.23
2023,9,203105,C,deslig,4,7593.54
2023,9,203105,G,adm,3,11166.67
2023,9,203105,G,deslig,3,10492.97
2023,9,203105,H,adm,2,17100.0
2023,9,203105,J,adm,6,10457.38
2023,9,203105,J,deslig,9,11086.24
2023,9,203105,K,adm,6,9750.89
2023,9,203105,K,deslig,4,11988.22
2023,9,203105,M,adm,13,9931.67
2023,9,203105,M,deslig,10,11497.76
2023,9,203105,N,adm,4,9000.0
2023,9,203105,Q,adm,1,10028.29
2023,9,203105,Q,deslig,1,10491.0
2023,9,211205,C,deslig,2,5762.19
2023,9,211205,G,adm,3,7479.47
2023,9,211205,G,deslig,5,10155.58
2023,9,211205,J,adm,5,11420.0
2023,9,211205,J,deslig,4,7223.35
2023,9,211205,K,adm,9,17799.36
2023,9,211205,K,deslig,6,10209.33
2023,9,211205,M,adm,2,9326.78
2023,9,211205,M,deslig,5,8066.08
2023,9,211205,N,adm,3,11955.6
2023,9,211205,N,deslig,1,13000.0
2023,9,211205,P,deslig,1,6399.62
2023,9,211205,Q,deslig,4,9680.34
2023,9,211205,S,adm,1,6222.12
2023,9,211205,S,deslig,1,23238.05
2023,9,211210,C,adm,1,9000.0
2023,9,211210,C,deslig,1,18000.0
2023,9,211210,G,adm,1,11500.0
2023,9,211210,J,adm,2,11280.0
2023,9,211210,K,adm,1,5000.0
2023,9,211210,N,adm,2,3765.51
2023,9,211210,N,deslig,2,4368.02
2023,9,211210,Q,deslig,1,8257.89
2023,9,211220,C,adm,1,15500.0
2023,9,211220,J,adm,11,7745.45
2023,9,211220,J,deslig,1,14500.0
2023,9,211220,M,adm,1,7500.0
2023,9,211220,Q,adm,1,7251.89
2023,9,211220,S,deslig,1,10732.41
2023,9,212205,C,adm,8,8509.79
2023,9,212205,C,deslig,1,9500.0
2023,9,212205,G,adm,3,7838.46
2023,9,212205,G,deslig,4,14594.9
2023,9,212205,H,deslig,1,14235.73
2023,9,212205,J,adm,48,13797.86
2023,9,212205,J,deslig,51,12668.03
2023,9,212205,K,adm,8,10172.6
2023,9,212205,K,deslig,7,11046.66
2023,9,212205,M,adm,16,15292.82
2023,9,212205,M,deslig,48,15670.27
2023,9,212205,N,adm,6,12018.25
2023,9,212205,N,deslig,6,18928.42
2023,9,212205,P,adm,1,16000.0
2023,9,212205,Q,deslig,1,7000.0
2023,9,212210,C,adm,3,10469.33
2023,9,212210,C,deslig,1,12334.82
2023,9,212210,G,adm,1,13846.15
2023,9,212210,G,deslig,1,6529.8
2023,9,212210,J,adm,1,14000.0
2023,9,212210,J,deslig,1,13000.0
2023,9,212210,K,adm,1,18000.0
2023,9,212210,M,adm,5,12956.56
2023,9,212210,N,adm,1,16000.0
2023,9,212215,C,adm,1,18500.0
2023,9,212215,C,deslig,1,14425.56
2023,9,212215,F,adm,1,15000.0
2023,9,212215,G,adm,6,10770.83
2023,9,212215,G,deslig,8,10881.05
2023,9,212215,J,adm,91,11698.11
2023,9,212215,J,deslig,60,12153.76
2023,9,212215,K,adm,19,16224.47
2023,9,212215,K,deslig,42,13293.78
2023,9,212215,M,adm,19,17396.05
2023,9,212215,M,deslig,11,12114.89
2023,9,212215,N,adm,69,25351.33
2023,9,212215,N,deslig,19,26803.93
2023,9,212215,P,adm,1,3500.0
2023,9,212215,P,deslig,2,15743.6
2023,9,212215,Q,deslig,1,17500.0
2023,9,212215,R,deslig,1,9592.95
2023,9,212215,S,adm,1,9154.0
2023,9,212305,C,adm,3,7664.57
2023,9,212305,C,deslig,3,6119.6
2023,9,212305,F,adm,3,7900.83
2023,9,212305,G,adm,3,6247.67
2023,9,212305,G,deslig,7,8606.5
2023,9,212305,H,adm,2,8780.0
2023,9,212305,H,deslig,3,4697.6
2023,9,212305,J,adm,49,8872.6
2023,9,212305,J,deslig,52,10166.2
2023,9,212305,K,adm,15,12526.0
2023,9,212305,K,deslig,10,12191.26
2023,9,212305,L,adm,3,10000.0
2023,9,212305,L,deslig,2,14364.98
2023,9,212305,M,adm,10,9527.72
2023,9,212305,M,deslig,17,12497.76
2023,9,212305,N,adm,12,9689.76
2023,9,212305,N,deslig,19,9191.49
2023,9,212305,P,deslig,1,18754.7
2023,9,212305,Q,adm,1,1550.0
2023,9,212305,S,adm,1,8225.21
2023,9,212405,A,adm,3,10635.0
2023,9,212405,B,adm,3,10361.33
2023,9,212405,C,adm,123,18731.86
2023,9,212405,C,deslig,95,8763.09
2023,9,212405,D,adm,5,8617.81
2023,9,212405,D,deslig,4,12403.06
2023,9,212405,E,deslig,1,16849.81
2023,9,212405,F,adm,22,4376.54
2023,9,212405,F,deslig,17,5012.24
2023,9,212405,G,adm,108,6909.78
2023,9,212405,G,deslig,121,6649.19
2023,9,212405,H,adm,15,6502.24
2023,9,212405,H,deslig,14,6134.98
2023,9,212405,I,adm,4,3500.0
2023,9,212405,I,deslig,2,11982.76
2023,9,212405,J,adm,1393,8180.49
2023,9,212405,J,deslig,1493,7820.5
2023,9,212405,K,adm,480,9397.74
2023,9,212405,K,deslig,348,9367.45
2023,9,212405,L,adm,12,13442.5
2023,9,212405,L,deslig,13,11732.07
2023,9,212405,M,adm,278,7928.31
2023,9,212405,M,deslig,265,8710.13
2023,9,212405,N,adm,219,6394.13
2023,9,212405,N,deslig,160,7927.89
2023,9,212405,O,deslig,3,6759.97
2023,9,212405,P,adm,21,7295.1
2023,9,212405,P,deslig,23,6491.8
2023,9,212405,Q,adm,37,7776.09
2023,9,212405,Q,deslig,34,8065.27
2023,9,212405,R,deslig,3,6819.7
2023,9,212405,S,adm,23,4721.97
2023,9,212405,S,deslig,22,5189.27
2023,9,212405,U,adm,1,4852.56
2023,9,212410,A,adm,2,4400.0
2023,9,212410,C,adm,19,3853.22
2023,9,212410,C,deslig,10,4624.99
2023,9,212410,D,adm,1,9000.0
2023,9,212410,E,adm,1,7000.0
2023,9,212410,F,adm,8,3619.59
2023,9,212410,F,deslig,8,2906.54
2023,9,212410,G,adm,50,5027.68
2023,9,212410,G,deslig,49,5320.03
2023,9,212410,H,adm,9,3996.1
2023,9,212410,H,deslig,13,4017.94
2023,9,212410,I,adm,2,2400.0
2023,9,212410,I,deslig,4,7111.99
2023,9,212410,J,adm,215,5453.98
2023,9,212410,J,deslig,160,6141.43
2023,9,212410,K,adm,25,7420.23
2023,9,212410,K,deslig,21,10348.49
2023,9,212410,L,adm,8,4463.75
2023,9,212410,L,deslig,4,4009.95
2023,9,212410,M,adm,46,4820.6
2023,9,212410,M,deslig,46,4404.07
2023,9,212410,N,adm,59,5155.13
2023,9,212410,N,deslig,60,5357.64
2023,9,212410,P,adm,6,5950.0
2023,9,212410,P,deslig,9,4648.75
2023,9,212410,Q,adm,4,4813.18
2023,9,212410,Q,deslig,3,4991.19
2023,9,212410,R,deslig,1,3550.21
2023,9,212410,S,adm,9,6138.25
2023,9,212410,S,deslig,10,4935.51
2023,9,212425,C,adm,2,10962.5
2023,9,212425,C,deslig,4,14922.22
2023,9,212425,G,adm,4,11625.0
2023,9,212425,G,deslig,5,18329.05
2023,9,212425,J,adm,28,12293.35
2023,9,212425,J,deslig,20,13259.51
2023,9,212425,K,adm,7,16142.86
2023,9,212425,K,deslig,1,11155.21
2023,9,212425,M,adm,6,15309.19
2023,9,212425,M,deslig,9,18125.61
2023,9,212425,N,adm,5,13100.0
2023,9,212425,N,deslig,3,12032.65
2023,9,212425,Q,adm,4,7875.0
2023,9,212425,S,deslig,1,2525.88
2023,10,203105,C,adm,2,10201.7
2023,10,203105,C,deslig,2,9409.06
2023,10,203105,D,deslig,1,17415.45
2023,10,203105,G,deslig,5,5604.09
2023,10,203105,H,adm,2,8476.57
2023,10,203105,H,deslig,2,7300.0
2023,10,203105,J,adm,11,6618.45
2023,10,203105,J,deslig,10,14054.56
2023,10,203105,K,adm,3,9246.45
2023,10,203105,K,deslig,3,11516.17
2023,10,203105,M,adm,14,9523.96
2023,10,203105,M,deslig,7,10935.51
2023,10,203105,N,adm,3,5766.67
2023,10,203105,N,deslig,2,13073.94
2023,10,203105,Q,adm,1,10028.29
2023,10,211205,C,adm,2,5530.0
2023,10,211205,C,deslig,1,4151.94
2023,10,211205,G,adm,3,4266.67
2023,10,211205,G,deslig,1,4357.55
2023,10,211205,H,adm,1,12066.43
2023,10,211205,H,deslig,3,2731.62
2023,10,211205,J,adm,4,9700.0
2023,10,211205,J,deslig,22,9510.88
2023,10,211205,K,adm,7,10846.86
2023,10,211205,K,deslig,7,9463.79
2023,10,211205,L,adm,1,5000.0
2023,10,211205,M,adm,2,10150.0
2023,10,211205,M,deslig,7,9553.71
2023,10,211205,N,adm,1,4000.0
2023,10,211205,N,deslig,2,6883.01
2023,10,211205,Q,adm,2,4724.51
2023,10,211205,Q,deslig,2,10676.7
2023,10,211210,J,deslig,1,6230.84
2023,10,211210,K,adm,1,7741.94
2023,10,211210,N,adm,2,5000.0
2023,10,211215,J,deslig,1,7416.0
2023,10,211215,K,adm,1,5300.0
2023,10,211215,K,deslig,2,5700.36
2023,10,211220,C,adm,1,5288.5
2023,10,211220,G,adm,1,6000.0
2023,10,211220,J,adm,8,10312.5
2023,10,211220,J,deslig,2,9904.5
2023,10,211220,K,deslig,1,13414.56
2023,10,211220,M,adm,3,7371.33
2023,10,211220,N,adm,3,12722.22
2023,10,211220,N,deslig,2,11228.35
2023,10,212205,C,adm,5,9242.79
2023,10,212205,C,deslig,1,15288.0
2023,10,212205,G,adm,7,14014.86
2023,10,212205,G,deslig,9,14447.19
2023,10,212205,J,adm,56,15919.52
2023,10,212205,J,deslig,62,12213.11
2023,10,212205,K,adm,13,12909.62
2023,10,212205,K,deslig,8,11393.68
2023,10,212205,L,deslig,2,9479.34
2023,10,212205,M,adm,17,16097.53
2023,10,212205,M,deslig,25,13141.88
2023,10,212205,N,adm,8,12574.62
2023,10,212205,N,deslig,7,16079.57
2023,10,212210,C,adm,1,14000.0
2023,10,212210,G,deslig,2,8568.9
2023,10,212210,J,adm,1,14000.0
2023,10,212210,J,deslig,3,9365.68
2023,10,212210,K,deslig,1,14000.0
2023,10,212210,M,adm,19,14554.42
2023,10,212210,N,adm,2,15000.0
2023,10,212210,N,deslig,1,3391.44
2023,10,212215,C,deslig,1,20000.0
2023,10,212215,G,adm,2,12950.0
2023,10,212215,G,deslig,3,15372.99
2023,10,212215,H,adm,1,11337.6
2023,10,212215,J,adm,126,13018.75
2023,10,212215,J,deslig,73,13717.47
2023,10,212215,K,adm,14,13341.93
2023,10,212215,K,deslig,37,13934.35
2023,10,212215,M,adm,12,23284.42
2023,10,212215,M,deslig,4,18348.86
2023,10,212215,N,adm,45,20988.97
2023,10,212215,N,deslig,17,20865.2
2023,10,212215,P,deslig,1,15400.0
2023,10,212215,Q,deslig,1,13500.0
2023,10,212215,S,deslig,2,22326.92
2023,10,212305,A,deslig,1,3805.53
2023,10,212305,C,deslig,3,9539.32
2023,10,212305,G,adm,4,11726.28
2023,10,212305,G,deslig,1,9148.58
2023,10,212305,H,adm,2,2843.66
2023,10,212305,I,adm,1,2200.0
2023,10,212305,J,adm,62,8309.99
2023,10,212305,J,deslig,55,8571.21
2023,10,212305,K,adm,18,10604.22
2023,10,212305,K,deslig,8,13143.13
2023,10,212305,L,adm,2,11400.0
2023,10,212305,L,deslig,2,12779.3
2023,10,212305,M,adm,5,7311.4
2023,10,212305,M,deslig,12,9286.76
2023,10,212305,N,adm,17,9215.9
2023,10,212305,N,deslig,17,8381.57
2023,10,212305,P,deslig,1,6076.8
2023,10,212305,Q,adm,1,9826.36
2023,10,212305,Q,deslig,1,1700.0
2023,10,212405,A,adm,1,2500.0
2023,10,212405,C,adm,107,8044.23
2023,10,212405,C,deslig,114,8858.53
2023,10,212405,D,adm,4,10479.68
2023,10,212405,D,deslig,5,8993.91
2023,10,212405,E,adm,1,3000.0
2023,10,212405,E,deslig,2,8405.22
2023,10,212405,F,adm,21,5681.18
2023,10,212405,F,deslig,23,4385.04
2023,10,212405,G,adm,114,7073.4
2023,10,212405,G,deslig,102,6862.84
2023,10,212405,H,adm,16,6829.84
2023,10,212405,H,deslig,21,8210.06
2023,10,212405,I,adm,2,3250.0
2023,10,212405,I,deslig,2,3570.51
2023,10,212405,J,adm,1497,8120.37
2023,10,212405,J,deslig,1446,7930.44
2023,10,212405,K,adm,470,8585.8
2023,10,212405,K,deslig,316,10340.6
2023,10,212405,L,adm,7,9415.0
2023,10,212405,L,deslig,11,10251.28
2023,10,212405,M,adm,248,7850.25
2023,10,212405,M,deslig,227,8343.0
2023,10,212405,N,adm,256,6089.47
2023,10,212405,N,deslig,177,6714.69
2023,10,212405,O,adm,1,9674.41
2023,10,212405,P,adm,21,7277.18
2023,10,212405,P,deslig,19,5427.77
2023,10,212405,Q,adm,41,7069.62
2023,10,212405,Q,deslig,34,8659.55
2023,10,212405,R,adm,1,5500.0
2023,10,212405,R,deslig,1,3065.1
2023,10,212405,S,adm,32,4396.85
2023,10,212405,S,deslig,24,15446.88
2023,10,212410,C,adm,18,6016.53
2023,10,212410,C,deslig,21,6101.92
2023,10,212410,D,adm,1,14500.0
2023,10,212410,D,deslig,1,6383.65
2023,10,212410,F,adm,11,3445.28
2023,10,212410,F,deslig,9,3427.52
2023,10,212410,G,adm,59,5363.95
2023,10,212410,G,deslig,56,4193.13
2023,10,212410,H,adm,10,4496.45
2023,10,212410,H,deslig,6,4028.51
2023,10,212410,I,adm,8,4338.12
2023,10,212410,I,deslig,4,4324.32
2023,10,212410,J,adm,201,5304.55
2023,10,212410,J,deslig,215,6070.23
2023,10,212410,K,adm,31,8375.69
2023,10,212410,K,deslig,28,10290.27
2023,10,212410,L,adm,4,4877.5
2023,10,212410,L,deslig,3,5026.67
2023,10,212410,M,adm,60,5698.91
2023,10,212410,M,deslig,58,4779.97
2023,10,212410,N,adm,51,4209.71
2023,10,212410,N,deslig,65,4411.37
2023,10,212410,P,adm,8,4387.85
2023,10,212410,P,deslig,9,5308.51
2023,10,212410,Q,adm,5,4884.15
2023,10,212410,Q,deslig,6,6510.68
2023,10,212410,R,adm,1,2257.53
2023,10,212410,R,deslig,1,2370.38
2023,10,212410,S,adm,10,3780.0
2023,10,212410,S,deslig,14,4341.5
2023,10,212425,C,adm,2,7134.14
2023,10,212425,C,deslig,1,3268.27
2023,10,212425,G,adm,2,17480.77
2023,10,212425,G,deslig,4,10902.61
2023,10,212425,H,adm,1,10930.2
2023,10,212425,J,adm,32,14602.7
2023,10,212425,J,deslig,37,15698.69
2023,10,212425,K,adm,13,15368.49
2023,10,212425,K,deslig,5,20439.04
2023,10,212425,M,adm,14,15814.29
2023,10,212425,M,deslig,7,17344.92
2023,10,212425,N,deslig,2,17750.0
2023,10,212425,S,deslig,1,3000.0
2023,11,203105,C,adm,2,17805.0
2023,11,203105,C,deslig,5,9423.59
2023,11,203105,G,deslig,2,16749.75
2023,11,203105,H,adm,2,11300.0
2023,11,203105,H,deslig,1,9300.0
2023,11,203105,J,adm,7,9628.57
2023,11,203105,J,deslig,8,15137.65
2023,11,203105,K,adm,2,10349.0
2023,11,203105,K,deslig,6,9636.56
2023,11,203105,M,adm,11,8210.8
2023,11,203105,M,deslig,13,10903.35
2023,11,203105,N,adm,3,12780.0
2023,11,203105,N,deslig,2,13828.62
2023,11,203105,S,deslig,1,6200.0
2023,11,211205,C,adm,3,3930.75
2023,11,211205,C,deslig,1,9500.0
2023,11,211205,G,adm,1,10500.0
2023,11,211205,G,deslig,1,12550.0
2023,11,211205,H,adm,2,2385.16
2023,11,211205,H,deslig,1,12066.43
2023,11,211205,J,adm,1,11200.0
2023,11,211205,J,deslig,7,10540.91
2023,11,211205,K,adm,11,7820.38
2023,11,211205,K,deslig,6,12878.9
2023,11,211205,M,adm,5,6724.0
2023,11,211205,M,deslig,3,6476.23
2023,11,211205,N,adm,3,9960.0
2023,11,211205,Q,adm,2,8428.65
2023,11,211205,Q,deslig,2,7254.65
2023,11,211205,R,deslig,1,1500.0
2023,11,211210,C,adm,1,5000.0
2023,11,211210,N,adm,3,6187.6
2023,11,211210,N,deslig,1,3765.51
2023,11,211210,Q,adm,1,5857.56
2023,11,211215,N,deslig,1,9003.96
2023,11,211220,A,adm,1,19000.0
2023,11,211220,C,adm,1,4500.0
2023,11,211220,G,adm,1,20000.0
2023,11,211220,H,adm,8,3000.0
2023,11,211220,J,adm,6,9916.83
2023,11,211220,J,deslig,1,7242.2
2023,11,211220,M,deslig,1,13430.98
2023,11,211220,N,adm,2,11372.68
2023,11,211220,Q,adm,1,10000.0
2023,11,212205,A,deslig,1,22407.0
2023,11,212205,C,deslig,3,9845.56
2023,11,212205,G,adm,7,13317.52
2023,11,212205,G,deslig,7,15070.44
2023,11,212205,J,adm,40,17749.11
2023,11,212205,J,deslig,50,13723.71
2023,11,212205,K,adm,16,15598.06
2023,11,212205,K,deslig,8,14284.01
2023,11,212205,L,deslig,2,12700.4
2023,11,212205,M,adm,14,13477.67
2023,11,212205,M,deslig,20,14619.66
2023,11,212205,N,adm,7,23883.53
2023,11,212205,N,deslig,7,24649.37
2023,11,212210,G,adm,2,13850.0
2023,11,212210,H,adm,1,19500.0
2023,11,212210,J,adm,8,8499.71
2023,11,212210,J,deslig,1,11970.09
2023,11,212210,M,adm,14,15185.71
2023,11,212210,N,adm,4,14250.0
2023,11,212215,C,adm,1,7200.0
2023,11,212215,C,deslig,1,10883.0
2023,11,212215,F,adm,1,15000.0
2023,11,212215,F,deslig,1,5277.31
2023,11,212215,G,deslig,5,10291.27
2023,11,212215,J,adm,219,12655.51
2023,11,212215,J,deslig,61,14430.2
2023,11,212215,K,adm,12,10125.0
2023,11,212215,K,deslig,33,15302.86
2023,11,212215,M,adm,10,20629.57
2023,11,212215,M,deslig,14,19573.31
2023,11,212215,N,adm,40,21894.3
2023,11,212215,N,deslig,28,36714.27
2023,11,212305,A,adm,1,4300.0
2023,11,212305,C,adm,4,4873.75
2023,11,212305,C,deslig,2,15779.99
2023,11,212305,F,deslig,1,2201.6
2023,11,212305,G,adm,6,12367.81
2023,11,212305,G,deslig,3,5509.19
2023,11,212305,H,adm,1,12000.0
2023,11,212305,H,deslig,2,6743.66
2023,11,212305,J,adm,48,7800.69
2023,11,212305,J,deslig,64,8501.74
2023,11,212305,K,adm,16,9865.9
2023,11,212305,K,deslig,6,8187.54
2023,11,212305,M,adm,11,9772.73
2023,11,212305,M,deslig,15,9449.58
2023,11,212305,N,adm,12,9185.46
2023,11,212305,N,deslig,19,7131.8
2023,11,212305,P,adm,2,5000.0
2023,11,212305,P,deslig,3,7122.82
2023,11,212305,Q,adm,1,1550.0
2023,11,212305,Q,deslig,1,11390.54
2023,11,212305,S,deslig,1,3192.58
2023,11,212405,A,deslig,2,10848.0
2023,11,212405,B,deslig,1,18685.0
2023,11,212405,C,adm,87,8017.24
2023,11,212405,C,deslig,87,8533.92
2023,11,212405,D,adm,5,7252.0
2023,11,212405,D,deslig,5,8641.8
2023,11,212405,E,adm,1,2630.0
2023,11,212405,E,deslig,4,7868.51
2023,11,212405,F,adm,16,4703.71
2023,11,212405,F,deslig,10,5495.09
2023,11,212405,G,adm,122,6940.79
2023,11,212405,G,deslig,100,5975.79
2023,11,212405,H,adm,15,8434.99
2023,11,212405,H,deslig,14,5312.0
2023,11,212405,I,adm,5,3785.78
2023,11,212405,I,deslig,5,7052.7
2023,11,212405,J,adm,1340,8074.32
2023,11,212405,J,deslig,1028,8200.06
2023,11,212405,K,adm,406,9266.63
2023,11,212405,K,deslig,307,10584.66
2023,11,212405,L,adm,9,9464.11
2023,11,212405,L,deslig,9,13316.46
2023,11,212405,M,adm,249,7792.01
2023,11,212405,M,deslig,250,8699.97
2023,11,212405,N,adm,216,6073.61
2023,11,212405,N,deslig,156,7253.75
2023,11,212405,O,adm,1,4517.51
2023,11,212405,O,deslig,2,8480.8
2023,11,212405,P,adm,26,6297.5
2023,11,212405,P,deslig,15,4270.26
2023,11,212405,Q,adm,30,8562.93
2023,11,212405,Q,deslig,35,7909.32
2023,11,212405,R,adm,1,3847.01
2023,11,212405,R,deslig,5,5117.61
2023,11,212405,S,adm,13,4733.22
2023,11,212405,S,deslig,22,6671.21
2023,11,212410,A,adm,2,6000.0
2023,11,212410,B,deslig,1,4173.93
2023,11,212410,C,adm,25,4651.07
2023,11,212410,C,deslig,16,5451.22
2023,11,212410,D,deslig,1,3615.0
2023,11,212410,E,deslig,1,4000.0
2023,11,212410,F,adm,5,5801.46
2023,11,212410,F,deslig,10,3742.25
2023,11,212410,G,adm,52,5844.57
2023,11,212410,G,deslig,42,4539.31
2023,11,212410,H,adm,12,6170.75
2023,11,212410,H,deslig,2,5086.65
2023,11,212410,I,adm,4,4500.0
2023,11,212410,I,deslig,2,5840.74
2023,11,212410,J,adm,193,5413.14
2023,11,212410,J,deslig,162,5265.03
2023,11,212410,K,adm,26,9752.64
2023,11,212410,K,deslig,27,8024.7
2023,11,212410,L,adm,3,2920.0
2023,11,212410,L,deslig,2,3606.44
2023,11,212410,M,adm,48,4088.76
2023,11,212410,M,deslig,45,5844.67
2023,11,212410,N,adm,54,4871.78
2023,11,212410,N,deslig,57,4618.53
2023,11,212410,P,adm,9,4022.71
2023,11,212410,P,deslig,6,6541.58
2023,11,212410,Q,adm,4,6357.65
2023,11,212410,Q,deslig,4,5023.94
2023,11,212410,R,deslig,1,2407.91
2023,11,212410,S,adm,7,5848.43
2023,11,212410,S,deslig,5,4546.08
2023,11,212425,F,deslig,1,21743.53
2023,11,212425,G,adm,2,9500.0
2023,11,212425,G,deslig,5,14450.41
2023,11,212425,H,adm,1,16164.33
2023,11,212425,H,deslig,1,12136.03
2023,11,212425,J,adm,25,14043.12
2023,11,212425,J,deslig,21,12601.19
2023,11,212425,K,adm,12,15069.81
2023,11,212425,K,deslig,4,13236.35
2023,11,212425,M,adm,5,10096.18
2023,11,212425,M,deslig,11,13884.93
2023,11,212425,N,adm,2,15250.0
2023,11,212425,N,deslig,2,10000.0
2023,11,212425,P,adm,1,14333.0
2023,11,212425,P,deslig,1,6283.0
2023,11,212425,S,adm,1,14000.0
2023,12,203105,C,adm,1,14403.0
2023,12,203105,C,deslig,2,9907.76
2023,12,203105,G,adm,1,4000.0
2023,12,203105,G,deslig,2,15639.25
2023,12,203105,H,adm,1,9300.0
2023,12,203105,J,deslig,5,8295.49
2023,12,203105,K,adm,4,9126.06
2023,12,203105,K,deslig,6,12472.17
2023,12,203105,M,adm,11,7427.25
2023,12,203105,M,deslig,4,12276.52
2023,12,203105,N,deslig,2,6829.0
2023,12,211205,C,adm,1,21300.0
2023,12,211205,C,deslig,1,6000.0
2023,12,211205,G,adm,1,17000.0
2023,12,211205,H,deslig,1,2158.2
2023,12,211205,I,adm,1,4200.0
2023,12,211205,J,adm,3,9331.94
2023,12,211205,J,deslig,9,11035.14
2023,12,211205,K,adm,10,8092.88
2023,12,211205,K,deslig,7,10077.4
2023,12,211205,M,adm,4,7144.75
2023,12,211205,M,deslig,3,13864.74
2023,12,211205,N,deslig,2,7335.2
2023,12,211205,P,deslig,1,8005.17
2023,12,211205,Q,adm,2,7566.65
2023,12,211210,J,adm,1,4276.24
2023,12,211210,L,deslig,1,10901.0
2023,12,211210,M,adm,1,9642.86
2023,12,211210,M,deslig,1,5520.0
2023,12,211210,N,adm,1,3885.0
2023,12,211220,H,deslig,1,3000.0
2023,12,211220,J,adm,1,10000.0
2023,12,211220,J,deslig,2,11311.62
2023,12,211220,K,adm,1,11000.0
2023,12,211220,M,adm,2,15333.33
2023,12,211220,N,deslig,1,3582.25
2023,12,211220,Q,deslig,1,9500.0
2023,12,211220,S,adm,2,7200.0
2023,12,212205,C,adm,1,7984.5
2023,12,212205,G,adm,10,13276.4
2023,12,212205,G,deslig,11,20693.71
2023,12,212205,H,adm,1,13557.84
2023,12,212205,J,adm,37,14454.44
2023,12,212205,J,deslig,54,11616.86
2023,12,212205,K,adm,5,12240.0
2023,12,212205,K,deslig,10,16352.88
2023,12,212205,L,deslig,3,10288.81
2023,12,212205,M,adm,36,13638.82
2023,12,212205,M,deslig,28,14820.52
2023,12,212205,N,adm,3,12000.0
2023,12,212205,N,deslig,8,17085.27
2023,12,212205,P,deslig,2,10269.11
2023,12,212210,G,adm,1,10292.05
2023,12,212210,J,deslig,1,5740.49
2023,12,212210,L,deslig,1,13663.03
2023,12,212210,M,adm,8,18875.0
2023,12,212210,M,deslig,1,9382.54
2023,12,212210,N,adm,1,24458.0
2023,12,212215,C,adm,1,10920.0
2023,12,212215,C,deslig,1,10777.69
2023,12,212215,G,deslig,3,17190.52
2023,12,212215,H,deslig,1,13663.39
2023,12,212215,J,adm,69,12674.03
2023,12,212215,J,deslig,66,13294.91
2023,12,212215,K,adm,6,25244.67
2023,12,212215,K,deslig,35,11930.9
2023,12,212215,M,adm,9,12477.56
2023,12,212215,M,deslig,11,30907.44
2023,12,212215,N,adm,30,22100.8
2023,12,212215,N,deslig,10,25913.66
2023,12,212215,P,deslig,1,10800.0
2023,12,212215,Q,adm,1,11000.0
2023,12,212215,Q,deslig,1,18000.0
2023,12,212215,S,adm,1,11020.98
2023,12,212305,C,deslig,5,10841.8
2023,12,212305,F,adm,1,11550.0
2023,12,212305,G,adm,6,8419.33
2023,12,212305,G,deslig,5,6904.3
2023,12,212305,H,adm,2,4993.66
2023,12,212305,H,deslig,1,11955.91
2023,12,212305,J,adm,45,8467.61
2023,12,212305,J,deslig,47,10090.54
2023,12,212305,K,adm,11,9792.49
2023,12,212305,K,deslig,11,12303.62
2023,12,212305,L,deslig,1,9981.36
2023,12,212305,M,adm,14,7325.61
2023,12,212305,M,deslig,23,12562.8
2023,12,212305,N,adm,12,8350.08
2023,12,212305,N,deslig,23,4924.92
2023,12,212305,P,deslig,3,5297.08
2023,12,212305,Q,adm,2,13258.03
2023,12,212305,Q,deslig,1,18000.0
2023,12,212305,S,adm,1,6000.0
2023,12,212305,S,deslig,1,3595.73
2023,12,212405,A,adm,3,3311.59
2023,12,212405,A,deslig,1,3811.85
2023,12,212405,B,deslig,1,3026.01
2023,12,212405,C,adm,80,8810.14
2023,12,212405,C,deslig,69,8214.73
2023,12,212405,D,adm,3,5925.14
2023,12,212405,D,deslig,4,10950.51
2023,12,212405,E,deslig,2,2898.99
2023,12,212405,F,adm,9,4554.14
2023,12,212405,F,deslig,5,3718.12
2023,12,212405,G,adm,107,7845.48
2023,12,212405,G,deslig,128,6662.47
2023,12,212405,H,adm,21,5150.58
2023,12,212405,H,deslig,23,6922.01
2023,12,212405,I,adm,7,3993.6
2023,12,212405,I,deslig,3,4102.5
2023,12,212405,J,adm,1182,9138.23
2023,12,212405,J,deslig,1216,7987.85
2023,12,212405,K,adm,321,8954.71
2023,12,212405,K,deslig,241,9818.24
2023,12,212405,L,adm,5,14560.0
2023,12,212405,L,deslig,4,9665.61
2023,12,212405,M,adm,220,7787.0
2023,12,212405,M,deslig,293,8447.83
2023,12,212405,N,adm,224,5726.74
2023,12,212405,N,deslig,166,7838.1
2023,12,212405,O,deslig,4,11046.6
2023,12,212405,P,adm,18,6218.27
2023,12,212405,P,deslig,19,4988.54
2023,12,212405,Q,adm,24,7657.89
2023,12,212405,Q,deslig,130,9730.13
2023,12,212405,S,adm,15,4909.21
2023,12,212405,S,deslig,10,8281.63
2023,12,212410,A,adm,1,2129.1
2023,12,212410,A,deslig,1,2204.72
2023,12,212410,C,adm,20,5784.7
2023,12,212410,C,deslig,17,4346.4
2023,12,212410,D,adm,1,6000.0
2023,12,212410,F,adm,7,5171.08
2023,12,212410,F,deslig,10,3710.46
2023,12,212410,G,adm,62,5676.84
2023,12,212410,G,deslig,42,4744.17
2023,12,212410,H,adm,5,4190.17
2023,12,212410,H,deslig,7,5110.56
2023,12,212410,I,adm,1,8300.0
2023,12,212410,I,deslig,1,5616.0
2023,12,212410,J,adm,159,4892.97
2023,12,212410,J,deslig,163,5343.25
2023,12,212410,K,adm,27,9796.86
2023,12,212410,K,deslig,30,8918.53
2023,12,212410,L,adm,5,2858.0
2023,12,212410,M,adm,27,5417.48
2023,12,212410,M,deslig,39,7765.23
2023,12,212410,N,adm,43,5286.38
2023,12,212410,N,deslig,49,4684.5
2023,12,212410,P,adm,5,6055.87
2023,12,212410,P,deslig,12,5086.54
2023,12,212410,Q,adm,5,3700.73
2023,12,212410,Q,deslig,6,4739.07
2023,12,212410,R,adm,1,14500.0
2023,12,212410,R,deslig,1,2257.53
2023,12,212410,S,adm,5,5104.2
2023,12,212410,S,deslig,7,3500.59
2023,12,212425,C,adm,3,14550.0
2023,12,212425,C,deslig,1,16349.0
2023,12,212425,G,adm,3,16397.44
2023,12,212425,G,deslig,5,8763.54
2023,12,212425,H,deslig,1,3500.0
2023,12,212425,J,adm,21,13883.81
2023,12,212425,J,deslig,20,15530.36
2023,12,212425,K,adm,4,15625.0
2023,12,212425,K,deslig,9,15664.64
2023,12,212425,M,adm,4,13347.26
2023,12,212425,M,deslig,8,15646.18
2023,12,212425,N,adm,1,24902.5
2023,12,212425,N,deslig,1,18443.06
2023,12,212425,S,adm,1,10000.0
2023,12,212425,S,deslig,1,14000.0
2024,1,203105,C,adm,12,9089.12
2024,1,203105,C,deslig,5,9180.19
2024,1,203105,G,adm,1,14500.0
2024,1,203105,G,deslig,5,10256.29
2024,1,203105,H,adm,2,9750.0
2024,1,203105,H,deslig,1,29000.0
2024,1,203105,J,adm,7,8558.57
2024,1,203105,J,deslig,11,9242.76
2024,1,203105,K,adm,2,12523.95
2024,1,203105,K,deslig,2,11486.38
2024,1,203105,M,adm,15,8068.97
2024,1,203105,M,deslig,10,13744.85
2024,1,203105,N,adm,4,17317.31
2024,1,203105,N,deslig,1,10429.0
2024,1,203105,Q,adm,2,6667.74
2024,1,203105,Q,deslig,1,4335.48
2024,1,203105,S,deslig,1,9035.0
2024,1,211205,C,adm,2,5035.63
2024,1,211205,G,adm,4,9651.92
2024,1,211205,G,deslig,9,10563.7
2024,1,211205,H,adm,2,9685.72
2024,1,211205,J,adm,6,4962.05
2024,1,211205,J,deslig,11,8746.61
2024,1,211205,K,adm,16,10459.56
2024,1,211205,K,deslig,5,11103.78
2024,1,211205,M,adm,6,8316.67
2024,1,211205,M,deslig,4,6022.02
2024,1,211205,N,adm,2,9800.0
2024,1,211205,N,deslig,2,7211.69
2024,1,211205,P,deslig,1,3177.9
2024,1,211205,Q,adm,1,7800.0
2024,1,211205,Q,deslig,2,8924.08
2024,1,211205,R,adm,1,2405.0
2024,1,211205,R,deslig,3,4105.0
2024,1,211210,G,deslig,2,7628.13
2024,1,211210,J,deslig,1,6588.77
2024,1,211210,K,adm,1,8080.0
2024,1,211210,K,deslig,1,12711.6
2024,1,211210,N,deslig,1,4047.78
2024,1,211215,N,adm,1,5440.0
2024,1,211220,C,adm,1,12730.07
2024,1,211220,H,deslig,1,3000.0
2024,1,211220,J,adm,8,12230.25
2024,1,211220,J,deslig,2,3975.0
2024,1,211220,K,adm,1,5000.0
2024,1,211220,M,adm,2,9750.0
2024,1,211220,N,adm,2,9620.5
2024,1,211220,N,deslig,6,12235.05
2024,1,211220,P,deslig,1,11037.73
2024,1,211220,Q,adm,1,7500.0
2024,1,211220,R,deslig,1,6279.0
2024,1,211220,S,adm,1,3000.0
2024,1,212205,C,adm,2,13282.77
2024,1,212205,C,deslig,1,12795.34
2024,1,212205,G,adm,15,12482.0
2024,1,212205,G,deslig,4,13292.59
2024,1,212205,J,adm,54,12095.53
2024,1,212205,J,deslig,50,15735.09
2024,1,212205,K,adm,14,15629.74
2024,1,212205,K,deslig,5,18500.52
2024,1,212205,M,adm,59,12711.76
2024,1,212205,M,deslig,20,12255.94
2024,1,212205,N,adm,8,15253.52
2024,1,212205,N,deslig,6,15013.22
2024,1,212205,S,deslig,1,5450.0
2024,1,212210,C,adm,2,13250.0
2024,1,212210,G,deslig,1,14000.0
2024,1,212210,J,adm,5,6238.89
2024,1,212210,J,deslig,1,7428.83
2024,1,212210,K,deslig,1,13075.88
2024,1,212210,M,adm,14,16714.29
2024,1,212210,M,deslig,1,14431.2
2024,1,212210,N,adm,5,10102.87
2024,1,212210,N,deslig,1,4250.0
2024,1,212215,C,adm,3,6166.67
2024,1,212215,C,deslig,2,8809.18
2024,1,212215,D,adm,1,3615.0
2024,1,212215,F,adm,2,15300.0
2024,1,212215,F,deslig,1,14709.0
2024,1,212215,G,adm,5,15982.45
2024,1,212215,G,deslig,2,26369.96
2024,1,212215,H,deslig,1,10694.33
2024,1,212215,J,adm,142,16497.64
2024,1,212215,J,deslig,104,12853.04
2024,1,212215,K,adm,17,15005.77
2024,1,212215,K,deslig,31,13644.85
2024,1,212215,L,deslig,1,16461.23
2024,1,212215,M,adm,32,20045.12
2024,1,212215,M,deslig,9,24730.28
2024,1,212215,N,adm,33,23350.27
2024,1,212215,N,deslig,55,24709.66
2024,1,212215,P,adm,1,7000.0
2024,1,212215,Q,adm,1,14000.0
2024,1,212215,R,deslig,1,7526.74
2024,1,212305,C,adm,3,12327.51
2024,1,212305,C,deslig,3,11116.79
2024,1,212305,G,adm,11,7144.83
2024,1,212305,G,deslig,4,10720.93
2024,1,212305,H,adm,1,1487.33
2024,1,212305,J,adm,43,7362.9
2024,1,212305,J,deslig,43,9492.67
2024,1,212305,K,adm,15,12336.38
2024,1,212305,K,deslig,7,7301.26
2024,1,212305,L,deslig,3,9275.11
2024,1,212305,M,adm,10,12682.9
2024,1,212305,M,deslig,10,7763.4
2024,1,212305,N,adm,11,9863.75
2024,1,212305,N,deslig,19,7854.5
2024,1,212305,Q,deslig,1,15453.4
2024,1,212305,S,adm,1,3800.0
2024,1,212405,A,adm,1,4076.8
2024,1,212405,A,deslig,1,23243.13
2024,1,212405,B,adm,1,3000.0
2024,1,212405,B,deslig,1,11585.1
2024,1,212405,C,adm,141,6954.41
2024,1,212405,C,deslig,106,8043.27
2024,1,212405,D,adm,3,8185.0
2024,1,212405,D,deslig,7,9772.33
2024,1,212405,E,adm,1,4000.0
2024,1,212405,E,deslig,4,20640.56
2024,1,212405,F,adm,21,5050.43
2024,1,212405,F,deslig,16,5327.26
2024,1,212405,G,adm,137,7552.05
2024,1,212405,G,deslig,127,7157.78
2024,1,212405,H,adm,25,5678.19
2024,1,212405,H,deslig,21,7126.81
2024,1,212405,I,adm,6,8311.41
2024,1,212405,I,deslig,2,3050.0
2024,1,212405,J,adm,1483,7498.35
2024,1,212405,J,deslig,1514,7828.32
2024,1,212405,K,adm,415,9361.73
2024,1,212405,K,deslig,325,9700.84
2024,1,212405,L,adm,7,15728.57
2024,1,212405,L,deslig,10,8377.69
2024,1,212405,M,adm,291,7322.56
2024,1,212405,M,deslig,273,8597.28
2024,1,212405,N,adm,222,8437.36
2024,1,212405,N,deslig,163,9614.93
2024,1,212405,O,adm,2,2820.76
2024,1,212405,O,deslig,1,4843.42
2024,1,212405,P,adm,10,8100.96
2024,1,212405,P,deslig,27,7468.26
2024,1,212405,Q,adm,34,7852.81
2024,1,212405,Q,deslig,43,8601.44
2024,1,212405,R,adm,2,4577.68
2024,1,212405,R,deslig,1,3546.0
2024,1,212405,S,adm,21,6544.5
2024,1,212405,S,deslig,15,4394.44
2024,1,212410,A,adm,1,2204.72
2024,1,212410,A,deslig,1,2129.1
2024,1,212410,B,adm,1,6500.0
2024,1,212410,C,adm,24,4862.45
2024,1,212410,C,deslig,22,4684.54
2024,1,212410,D,adm,2,3957.5
2024,1,212410,D,deslig,1,6000.0
2024,1,212410,F,adm,9,4006.99
2024,1,212410,F,deslig,14,4312.29
2024,1,212410,G,adm,58,5972.03
2024,1,212410,G,deslig,49,6013.11
2024,1,212410,H,adm,6,5251.55
2024,1,212410,H,deslig,10,4718.58
2024,1,212410,I,deslig,2,2900.0
2024,1,212410,J,adm,236,5384.03
2024,1,212410,J,deslig,196,6181.68
2024,1,212410,K,adm,41,8585.94
2024,1,212410,K,deslig,14,8349.66
2024,1,212410,L,deslig,2,3454.53
2024,1,212410,M,adm,53,4609.9
2024,1,212410,M,deslig,49,5536.71
2024,1,212410,N,adm,65,3745.81
2024,1,212410,N,deslig,58,4683.86
2024,1,212410,P,adm,12,3977.61
2024,1,212410,P,deslig,7,4290.74
2024,1,212410,Q,adm,6,4767.18
2024,1,212410,Q,deslig,6,4138.74
2024,1,212410,R,adm,2,2385.21
2024,1,212410,S,adm,13,5391.04
2024,1,212410,S,deslig,6,3708.33
2024,1,212425,C,adm,2,12874.0
2024,1,212425,C,deslig,2,15177.03
2024,1,212425,F,deslig,1,10941.16
2024,1,212425,G,adm,6,12728.93
2024,1,212425,H,adm,2,7775.0
2024,1,212425,J,adm,35,16687.33
2024,1,212425,J,deslig,43,12122.59
2024,1,212425,K,adm,15,15154.84
2024,1,212425,K,deslig,2,24623.07
2024,1,212425,M,adm,3,14091.0
2024,1,212425,M,deslig,5,18151.21
2024,1,212425,N,adm,9,23404.49
2024,1,212425,N,deslig,9,38666.93
2024,2,203105,C,adm,6,8949.86
2024,2,203105,C,deslig,4,8034.0
2024,2,203105,G,adm,1,4000.0
2024,2,203105,G,deslig,1,5406.26
2024,2,203105,H,adm,4,14050.0
2024,2,203105,J,adm,8,10291.16
2024,2,203105,J,deslig,7,7883.23
2024,2,203105,K,adm,5,6526.79
2024,2,203105,K,deslig,4,8272.7
2024,2,203105,M,adm,13,8532.11
2024,2,203105,M,deslig,10,13333.48
2024,2,203105,N,adm,3,11666.67
2024,2,203105,N,deslig,6,10990.46
2024,2,203105,P,adm,1,3354.66
2024,2,203105,P,deslig,1,3547.25
2024,2,211205,C,adm,1,2334.81
2024,2,211205,C,deslig,1,3150.0
2024,2,211205,G,adm,2,8500.0
2024,2,211205,H,adm,1,5000.0
2024,2,211205,J,adm,2,3738.94
2024,2,211205,J,deslig,2,9923.48
2024,2,211205,K,adm,5,12679.1
2024,2,211205,K,deslig,10,9635.51
2024,2,211205,M,adm,3,6333.33
2024,2,211205,M,deslig,7,10703.1
2024,2,211205,N,adm,1,11000.0
2024,2,211205,N,deslig,10,5980.17
2024,2,211205,Q,adm,7,6311.01
2024,2,211205,Q,deslig,1,7349.25
2024,2,211205,R,adm,1,33000.0
2024,2,211205,R,deslig,3,5222.0
2024,2,211210,J,adm,4,10520.0
2024,2,211210,K,adm,1,16500.0
2024,2,211210,L,adm,1,13000.0
2024,2,211210,M,adm,8,12237.5
2024,2,211210,M,deslig,1,15770.0
2024,2,211210,N,adm,1,18000.0
2024,2,211210,Q,deslig,1,8588.2
2024,2,211210,S,deslig,1,2550.0
2024,2,211220,C,adm,1,3000.0
2024,2,211220,F,adm,1,2405.06
2024,2,211220,G,adm,1,7000.0
2024,2,211220,H,adm,1,3000.0
2024,2,211220,J,adm,1,7200.0
2024,2,211220,J,deslig,9,13791.19
2024,2,211220,K,adm,2,11500.0
2024,2,211220,M,adm,5,9360.0
2024,2,211220,M,deslig,1,5736.5
2024,2,211220,N,adm,2,9750.0
2024,2,211220,N,deslig,1,6105.47
2024,2,211220,R,adm,1,8500.0
2024,2,212205,C,adm,4,13543.4
2024,2,212205,C,deslig,3,12084.23
2024,2,212205,D,adm,1,15000.0
2024,2,212205,G,adm,8,13463.75
2024,2,212205,G,deslig,7,19764.09
2024,2,212205,J,adm,39,14357.75
2024,2,212205,J,deslig,62,14683.68
2024,2,212205,K,adm,3,10800.0
2024,2,212205,K,deslig,6,11405.66
2024,2,212205,M,adm,36,16536.34
2024,2,212205,M,deslig,20,12187.66
2024,2,212205,N,adm,8,31126.76
2024,2,212205,N,deslig,9,20187.12
2024,2,212210,C,adm,2,10772.44
2024,2,212210,G,adm,1,23240.0
2024,2,212210,G,deslig,1,14072.98
2024,2,212210,J,adm,6,11482.46
2024,2,212210,J,deslig,4,9457.27
2024,2,212210,M,adm,17,15414.65
2024,2,212210,M,deslig,2,17350.26
2024,2,212210,N,deslig,2,7592.03
2024,2,212215,C,adm,4,11877.0
2024,2,212215,C,deslig,3,13442.06
2024,2,212215,G,adm,2,6750.0
2024,2,212215,G,deslig,6,21000.32
2024,2,212215,H,deslig,1,11000.0
2024,2,212215,J,adm,85,14575.14
2024,2,212215,J,deslig,87,11887.17
2024,2,212215,K,adm,14,14434.39
2024,2,212215,K,deslig,29,13343.07
2024,2,212215,L,adm,1,9500.0
2024,2,212215,L,deslig,1,13225.25
2024,2,212215,M,adm,10,18342.53
2024,2,212215,M,deslig,9,19668.98
2024,2,212215,N,adm,34,19257.6
2024,2,212215,N,deslig,25,34632.92
2024,2,212215,Q,adm,2,12125.73
2024,2,212215,Q,deslig,1,9000.0
2024,2,212215,R,deslig,1,12696.55
2024,2,212305,A,deslig,1,13664.04
2024,2,212305,C,adm,1,16400.0
2024,2,212305,C,deslig,5,10762.85
2024,2,212305,F,adm,4,6440.0
2024,2,212305,F,deslig,1,10400.0
2024,2,212305,G,adm,6,7476.67
2024,2,212305,G,deslig,9,11157.22
2024,2,212305,H,adm,1,6000.0
2024,2,212305,H,deslig,1,7500.0
2024,2,212305,J,adm,49,9605.59
2024,2,212305,J,deslig,62,9066.64
2024,2,212305,K,adm,10,9512.16
2024,2,212305,K,deslig,9,11329.14
2024,2,212305,L,adm,1,11100.0
2024,2,212305,L,deslig,1,12989.41
2024,2,212305,M,adm,10,10396.38
2024,2,212305,M,deslig,18,7434.34
2024,2,212305,N,adm,19,14644.16
2024,2,212305,N,deslig,18,9277.46
2024,2,212305,P,adm,2,8693.0
2024,2,212305,P,deslig,1,4000.0
2024,2,212305,Q,adm,1,6000.0
2024,2,212305,Q,deslig,2,1550.0
2024,2,212305,S,deslig,2,4743.6
2024,2,212405,A,adm,1,3200.0
2024,2,212405,A,deslig,2,2688.34
2024,2,212405,C,adm,102,7760.63
2024,2,212405,C,deslig,128,8033.47
2024,2,212405,D,adm,2,6750.0
2024,2,212405,D,deslig,4,10407.58
2024,2,212405,E,adm,1,2959.59
2024,2,212405,E,deslig,2,13595.27
2024,2,212405,F,adm,25,4758.94
2024,2,212405,F,deslig,14,5521.98
2024,2,212405,G,adm,150,6450.49
2024,2,212405,G,deslig,135,6242.5
2024,2,212405,H,adm,16,5354.06
2024,2,212405,H,deslig,21,8450.01
2024,2,212405,I,adm,5,6500.0
2024,2,212405,J,adm,1291,8009.11
2024,2,212405,J,deslig,1550,7990.79
2024,2,212405,K,adm,305,9780.47
2024,2,212405,K,deslig,335,10471.74
2024,2,212405,L,adm,3,11500.0
2024,2,212405,L,deslig,10,10830.39
2024,2,212405,M,adm,235,8470.45
2024,2,212405,M,deslig,270,8174.55
2024,2,212405,N,adm,167,7508.81
2024,2,212405,N,deslig,191,6590.89
2024,2,212405,O,deslig,3,7501.84
2024,2,212405,P,adm,19,7006.17
2024,2,212405,P,deslig,29,5130.34
2024,2,212405,Q,adm,35,8917.29
2024,2,212405,Q,deslig,31,7784.25
2024,2,212405,R,adm,3,5649.8
2024,2,212405,S,adm,12,6982.56
2024,2,212405,S,deslig,16,6355.26
2024,2,212410,A,adm,1,9000.0
2024,2,212410,A,deslig,2,4900.0
2024,2,212410,C,adm,20,4360.81
2024,2,212410,C,deslig,20,6319.15
2024,2,212410,D,adm,1,20500.0
2024,2,212410,E,adm,1,2109.4
2024,2,212410,F,adm,11,4619.26
2024,2,212410,F,deslig,9,3489.76
2024,2,212410,G,adm,47,5431.91
2024,2,212410,G,deslig,71,4512.04
2024,2,212410,H,adm,6,5001.33
2024,2,212410,H,deslig,6,4285.31
2024,2,212410,I,adm,3,5044.98
2024,2,212410,I,deslig,2,2850.0
2024,2,212410,J,adm,168,5707.91
2024,2,212410,J,deslig,196,5660.85
2024,2,212410,K,adm,23,6750.46
2024,2,212410,K,deslig,36,8703.9
2024,2,212410,L,adm,1,2200.0
2024,2,212410,L,deslig,4,4106.78
2024,2,212410,M,adm,60,6975.55
2024,2,212410,M,deslig,46,5843.03
2024,2,212410,N,adm,52,6040.11
2024,2,212410,N,deslig,57,5056.47
2024,2,212410,P,adm,12,3564.21
2024,2,212410,P,deslig,13,3824.05
2024,2,212410,Q,deslig,6,4924.98
2024,2,212410,R,adm,1,6505.0
2024,2,212410,R,deslig,3,5157.97
2024,2,212410,S,adm,8,5121.31
2024,2,212410,S,deslig,10,4300.55
2024,2,212425,C,adm,3,15000.0
2024,2,212425,C,deslig,3,13486.14
2024,2,212425,F,adm,1,5331.63
2024,2,212425,G,adm,4,17825.0
2024,2,212425,G,deslig,2,18798.55
2024,2,212425,J,adm,28,16183.06
2024,2,212425,J,deslig,32,14659.4
2024,2,212425,K,adm,8,15048.5
2024,2,212425,K,deslig,2,13896.73
2024,2,212425,M,adm,36,35601.99
2024,2,212425,M,deslig,2,19600.85
2024,2,212425,N,adm,3,13666.67
2024,2,212425,N,deslig,2,13375.0
2024,2,212425,S,deslig,1,16605.08
2024,3,203105,C,adm,8,11475.77
2024,3,203105,C,deslig,5,9627.53
2024,3,203105,F,deslig,1,4417.0
2024,3,203105,G,deslig,4,14923.26
2024,3,203105,H,adm,2,9000.0
2024,3,203105,J,adm,16,7970.06
2024,3,203105,J,deslig,11,7379.59
2024,3,203105,K,adm,4,8076.56
2024,3,203105,K,deslig,1,8545.05
2024,3,203105,M,adm,15,8201.47
2024,3,203105,M,deslig,12,11088.25
2024,3,203105,N,adm,3,14333.33
2024,3,203105,N,deslig,2,4361.5
2024,3,203105,P,deslig,1,8287.76
2024,3,203105,Q,deslig,1,3785.0
2024,3,203105,S,adm,1,8500.0
2024,3,211205,C,deslig,1,2997.81
2024,3,211205,G,adm,1,10000.0
2024,3,211205,G,deslig,5,8813.92
2024,3,211205,H,deslig,2,4110.56
2024,3,211205,J,adm,4,6875.0
2024,3,211205,J,deslig,9,12025.36
2024,3,211205,K,adm,5,13743.68
2024,3,211205,K,deslig,18,14535.38
2024,3,211205,M,adm,5,2862.65
2024,3,211205,M,deslig,7,10662.05
2024,3,211205,N,adm,1,3500.0
2024,3,211205,N,deslig,3,14008.81
2024,3,211205,Q,adm,2,5362.26
2024,3,211205,Q,deslig,1,7349.13
2024,3,211205,R,deslig,3,6773.0
2024,3,211210,G,adm,1,4000.0
2024,3,211210,H,deslig,1,3966.38
2024,3,211210,J,adm,1,9760.0
2024,3,211210,J,deslig,1,7470.33
2024,3,211210,M,adm,1,20000.0
2024,3,211210,M,deslig,1,6853.0
2024,3,211210,N,deslig,1,5500.0
2024,3,211215,M,adm,1,14830.77
2024,3,211220,C,deslig,1,4749.8
2024,3,211220,D,adm,1,7600.0
2024,3,211220,F,adm,1,6000.0
2024,3,211220,G,adm,2,12250.0
2024,3,211220,J,adm,5,11521.79
2024,3,211220,J,deslig,9,12655.2
2024,3,211220,K,adm,2,9750.0
2024,3,211220,M,adm,4,11132.5
2024,3,211220,M,deslig,3,15079.0
2024,3,211220,N,deslig,1,13692.83
2024,3,212205,C,adm,1,10028.51
2024,3,212205,C,deslig,4,12290.02
2024,3,212205,G,adm,7,16729.71
2024,3,212205,G,deslig,6,9652.66
2024,3,212205,J,adm,60,13587.79
2024,3,212205,J,deslig,72,11711.73
2024,3,212205,K,adm,8,13117.22
2024,3,212205,K,deslig,15,12627.97
2024,3,212205,M,adm,34,17452.48
2024,3,212205,M,deslig,38,14390.09
2024,3,212205,N,adm,15,19113.96
2024,3,212205,N,deslig,8,13693.73
2024,3,212205,Q,deslig,1,7251.89
2024,3,212210,D,deslig,1,17400.0
2024,3,212210,G,adm,2,13370.5
2024,3,212210,G,deslig,1,23240.0
2024,3,212210,J,adm,4,16787.06
2024,3,212210,J,deslig,8,8267.52
2024,3,212210,M,deslig,5,8470.2
2024,3,212210,N,adm,5,16000.0
2024,3,212210,N,deslig,1,16880.0
2024,3,212215,C,adm,3,12097.33
2024,3,212215,C,deslig,3,11509.92
2024,3,212215,G,deslig,2,7498.12
2024,3,212215,J,adm,96,13734.68
2024,3,212215,J,deslig,87,13596.13
2024,3,212215,K,adm,11,11696.67
2024,3,212215,K,deslig,39,15306.86
2024,3,212215,M,adm,20,23898.79
2024,3,212215,M,deslig,19,17145.83
2024,3,212215,N,adm,38,23154.59
2024,3,212215,N,deslig,21,25641.71
2024,3,212215,P,adm,1,12798.74
2024,3,212215,P,deslig,1,3500.0
2024,3,212215,Q,adm,2,8000.0
2024,3,212215,Q,deslig,1,20500.0
2024,3,212215,S,deslig,2,11341.12
2024,3,212305,C,adm,6,7326.33
2024,3,212305,C,deslig,4,8787.48
2024,3,212305,G,adm,9,6734.28
2024,3,212305,G,deslig,4,10440.79
2024,3,212305,H,adm,2,9365.5
2024,3,212305,J,adm,55,8966.75
2024,3,212305,J,deslig,56,8880.2
2024,3,212305,K,adm,12,9426.18
2024,3,212305,K,deslig,17,10663.07
2024,3,212305,L,adm,4,16250.0
2024,3,212305,L,deslig,2,11637.58
2024,3,212305,M,adm,12,14015.21
2024,3,212305,M,deslig,19,9735.02
2024,3,212305,N,adm,15,8603.75
2024,3,212305,N,deslig,13,6745.86
2024,3,212305,P,adm,1,4000.0
2024,3,212305,P,deslig,1,6000.0
2024,3,212305,Q,adm,1,2200.0
2024,3,212305,Q,deslig,1,7994.91
2024,3,212405,A,adm,3,5490.45
2024,3,212405,A,deslig,2,6684.36
2024,3,212405,B,deslig,1,5579.31
2024,3,212405,C,adm,119,7914.27
2024,3,212405,C,deslig,96,9342.18
2024,3,212405,D,adm,1,5388.26
2024,3,212405,D,deslig,7,10319.48
2024,3,212405,E,deslig,3,14773.89
2024,3,212405,F,adm,23,5298.43
2024,3,212405,F,deslig,19,4554.77
2024,3,212405,G,adm,174,7052.54
2024,3,212405,G,deslig,150,7340.47
2024,3,212405,H,adm,21,5336.47
2024,3,212405,H,deslig,15,8676.21
2024,3,212405,I,adm,5,5902.0
2024,3,212405,I,deslig,7,6002.14
2024,3,212405,J,adm,1546,7922.23
2024,3,212405,J,deslig,1514,8034.72
2024,3,212405,K,adm,379,9808.96
2024,3,212405,K,deslig,341,10446.76
2024,3,212405,L,adm,2,31120.0
2024,3,212405,L,deslig,16,9836.52
2024,3,212405,M,adm,248,7577.63
2024,3,212405,M,deslig,322,8317.94
2024,3,212405,N,adm,218,7165.16
2024,3,212405,N,deslig,235,6245.87
2024,3,212405,P,adm,24,7667.32
2024,3,212405,P,deslig,26,6590.53
2024,3,212405,Q,adm,32,8404.31
2024,3,212405,Q,deslig,32,9604.55
2024,3,212405,R,adm,4,5117.82
2024,3,212405,R,deslig,1,2053.92
2024,3,212405,S,adm,14,5957.16
2024,3,212405,S,deslig,21,4839.27
2024,3,212410,A,deslig,1,9260.0
2024,3,212410,C,adm,23,4695.59
2024,3,212410,C,deslig,12,5075.89
2024,3,212410,D,adm,2,6052.5
2024,3,212410,D,deslig,1,8268.3
2024,3,212410,F,adm,16,4285.14
2024,3,212410,F,deslig,5,3829.57
2024,3,212410,G,adm,47,5450.77
2024,3,212410,G,deslig,59,6049.87
2024,3,212410,H,adm,4,5375.0
2024,3,212410,H,deslig,8,4133.14
2024,3,212410,J,adm,219,5238.58
2024,3,212410,J,deslig,249,6189.27
2024,3,212410,K,adm,35,9036.47
2024,3,212410,K,deslig,43,9746.04
2024,3,212410,L,adm,1,4000.0
2024,3,212410,L,deslig,2,7345.02
2024,3,212410,M,adm,55,5576.31
2024,3,212410,M,deslig,66,5464.68
2024,3,212410,N,adm,62,4649.18
2024,3,212410,N,deslig,61,5346.03
2024,3,212410,P,adm,22,5703.35
2024,3,212410,P,deslig,5,3086.53
2024,3,212410,Q,adm,5,5627.36
2024,3,212410,Q,deslig,7,4306.85
2024,3,212410,R,adm,1,2407.9
2024,3,212410,R,deslig,4,3950.82
2024,3,212410,S,adm,13,3965.27
2024,3,212410,S,deslig,14,4067.39
2024,3,212410,U,adm,1,6859.54
2024,3,212425,C,adm,3,15466.67
2024,3,212425,C,deslig,1,16000.0
2024,3,212425,G,adm,7,9419.0
2024,3,212425,G,deslig,5,12629.09
2024,3,212425,J,adm,25,12752.6
2024,3,212425,J,deslig,40,14713.98
2024,3,212425,K,adm,8,9654.41
2024,3,212425,K,deslig,8,13487.98
2024,3,212425,M,adm,9,18222.22
2024,3,212425,M,deslig,8,13585.29
2024,3,212425,N,adm,6,16666.67
2024,3,212425,N,deslig,7,16401.77
2024,4,203105,C,adm,4,9680.3
2024,4,203105,C,deslig,4,10819.03
2024,4,203105,G,adm,3,12700.0
2024,4,203105,G,deslig,3,10408.73
2024,4,203105,J,adm,10,9862.87
2024,4,203105,J,deslig,13,8261.88
2024,4,203105,K,adm,5,7635.55
2024,4,203105,K,deslig,3,15439.41
2024,4,203105,M,adm,9,11562.82
2024,4,203105,M,deslig,8,8680.23
2024,4,203105,N,adm,2,13000.0
2024,4,203105,N,deslig,3,12662.02
2024,4,203105,P,adm,1,6867.0
2024,4,211205,G,adm,2,17000.0
2024,4,211205,G,deslig,1,23681.78
2024,4,211205,H,adm,3,5342.74
2024,4,211205,H,deslig,1,12066.43
2024,4,211205,I,deslig,1,4204.86
2024,4,211205,J,adm,7,5014.29
2024,4,211205,J,deslig,12,8020.48
2024,4,211205,K,adm,21,12011.54
2024,4,211205,K,deslig,10,12035.73
2024,4,211205,M,adm,3,7623.33
2024,4,211205,M,deslig,7,7265.55
2024,4,211205,N,adm,2,12750.0
2024,4,211205,N,deslig,1,9915.05
2024,4,211205,P,adm,1,12500.0
2024,4,211205,Q,adm,7,6047.52
2024,4,211205,Q,deslig,3,9050.1
2024,4,211205,R,adm,2,8138.21
2024,4,211210,C,adm,1,6000.0
2024,4,211210,G,deslig,1,15513.45
2024,4,211210,J,deslig,1,7450.0
2024,4,211210,K,adm,1,15780.01
2024,4,211210,L,deslig,1,5300.0
2024,4,211210,M,adm,1,8000.0
2024,4,211210,M,deslig,1,15696.0
2024,4,211210,N,adm,2,4000.0
2024,4,211210,Q,adm,1,8257.89
2024,4,211220,C,adm,1,5500.0
2024,4,211220,D,adm,2,12614.0
2024,4,211220,H,deslig,2,3000.0
2024,4,211220,J,adm,7,10548.32
2024,4,211220,J,deslig,8,10695.5
2024,4,211220,K,adm,5,9920.93
2024,4,211220,M,adm,6,12049.33
2024,4,211220,M,deslig,4,13564.44
2024,4,211220,N,adm,7,18077.62
2024,4,211220,N,deslig,1,15750.0
2024,4,211220,P,adm,1,9678.25
2024,4,211220,Q,adm,1,16000.0
2024,4,211220,S,adm,4,6165.43
2024,4,212205,C,adm,1,2500.0
2024,4,212205,C,deslig,2,10325.55
2024,4,212205,G,adm,6,12862.67
2024,4,212205,G,deslig,10,13863.25
2024,4,212205,J,adm,53,13674.37
2024,4,212205,J,deslig,52,15632.94
2024,4,212205,K,adm,14,13820.71
2024,4,212205,K,deslig,8,13591.97
2024,4,212205,M,adm,38,16148.3
2024,4,212205,M,deslig,44,14945.05
2024,4,212205,N,adm,12,25282.94
2024,4,212205,N,deslig,11,11951.06
2024,4,212205,Q,adm,1,17000.0
2024,4,212205,Q,deslig,1,11022.22
2024,4,212210,C,deslig,1,10953.22
2024,4,212210,D,deslig,1,16000.0
2024,4,212210,G,adm,3,14413.67
2024,4,212210,G,deslig,1,19743.1
2024,4,212210,J,adm,6,9483.33
2024,4,212210,J,deslig,3,7240.72
2024,4,212210,M,adm,1,15000.0
2024,4,212210,M,deslig,1,13500.0
2024,4,212210,N,adm,5,12400.0
2024,4,212215,C,adm,2,11500.0
2024,4,212215,C,deslig,2,14781.94
2024,4,212215,G,adm,2,9347.48
2024,4,212215,G,deslig,2,13552.07
2024,4,212215,H,adm,3,11900.0
2024,4,212215,J,adm,101,13367.91
2024,4,212215,J,deslig,88,11324.35
2024,4,212215,K,adm,33,12692.15
2024,4,212215,K,deslig,35,13368.88
2024,4,212215,L,deslig,1,9500.0
2024,4,212215,M,adm,25,20658.45
2024,4,212215,M,deslig,13,16546.01
2024,4,212215,N,adm,34,20516.73
2024,4,212215,N,deslig,27,24841.23
2024,4,212215,Q,adm,1,10890.0
2024,4,212215,Q,deslig,1,14054.49
2024,4,212215,R,adm,1,11500.0
2024,4,212305,C,adm,6,5721.72
2024,4,212305,C,deslig,3,4347.5
2024,4,212305,F,deslig,1,7708.75
2024,4,212305,G,adm,6,13096.81
2024,4,212305,G,deslig,6,8759.55
2024,4,212305,H,adm,1,1552.03
2024,4,212305,H,deslig,1,8731.0
2024,4,212305,J,adm,47,8546.87
2024,4,212305,J,deslig,47,8495.42
2024,4,212305,K,adm,17,10009.0
2024,4,212305,K,deslig,10,12926.19
2024,4,212305,L,adm,1,14560.0
2024,4,212305,M,adm,16,11512.5
2024,4,212305,M,deslig,20,10657.56
2024,4,212305,N,adm,20,8831.06
2024,4,212305,N,deslig,11,7621.05
2024,4,212305,P,adm,1,10500.0
2024,4,212305,P,deslig,4,4009.14
2024,4,212305,Q,adm,1,7000.0
2024,4,212305,Q,deslig,2,4470.22
2024,4,212305,S,adm,1,5145.16
2024,4,212305,S,deslig,1,3601.31
2024,4,212405,A,adm,2,4150.68
2024,4,212405,A,deslig,9,7796.56
2024,4,212405,C,adm,139,8217.02
2024,4,212405,C,deslig,129,7515.54
2024,4,212405,D,adm,5,7367.16
2024,4,212405,D,deslig,6,7643.88
2024,4,212405,F,adm,13,4576.25
2024,4,212405,F,deslig,16,5102.9
2024,4,212405,G,adm,165,7465.89
2024,4,212405,G,deslig,167,6509.56
2024,4,212405,H,adm,21,6629.56
2024,4,212405,H,deslig,29,6467.0
2024,4,212405,I,adm,5,3261.02
2024,4,212405,I,deslig,2,3252.18
2024,4,212405,J,adm,1556,8150.6
2024,4,212405,J,deslig,1567,8053.34
2024,4,212405,K,adm,581,10228.93
2024,4,212405,K,deslig,387,10244.07
2024,4,212405,L,adm,5,6757.7
2024,4,212405,L,deslig,12,10185.08
2024,4,212405,M,adm,304,8080.19
2024,4,212405,M,deslig,305,8775.49
2024,4,212405,N,adm,283,5773.21
2024,4,212405,N,deslig,234,6504.52
2024,4,212405,O,adm,3,5094.59
2024,4,212405,P,adm,27,6690.1
2024,4,212405,P,deslig,25,5338.79
2024,4,212405,Q,adm,33,8422.73
2024,4,212405,Q,deslig,36,7278.0
2024,4,212405,R,adm,2,7671.5
2024,4,212405,R,deslig,2,9125.31
2024,4,212405,S,adm,19,5705.75
2024,4,212405,S,deslig,21,5964.75
2024,4,212410,A,adm,1,2204.72
2024,4,212410,C,adm,45,5047.35
2024,4,212410,C,deslig,21,5655.43
2024,4,212410,D,adm,1,4105.0
2024,4,212410,D,deslig,2,8787.23
2024,4,212410,E,adm,1,3771.16
2024,4,212410,E,deslig,1,4224.0
2024,4,212410,F,adm,8,3645.64
2024,4,212410,F,deslig,14,3768.92
2024,4,212410,G,adm,62,5512.15
2024,4,212410,G,deslig,57,5772.69
2024,4,212410,H,adm,6,3267.78
2024,4,212410,H,deslig,4,7792.88
2024,4,212410,I,adm,5,3320.0
2024,4,212410,I,deslig,1,2826.36
2024,4,212410,J,adm,210,5854.28
2024,4,212410,J,deslig,204,5911.44
2024,4,212410,K,adm,57,9576.27
2024,4,212410,K,deslig,47,11823.5
2024,4,212410,L,adm,2,4750.0
2024,4,212410,M,adm,71,6130.16
2024,4,212410,M,deslig,88,6092.39
2024,4,212410,N,adm,42,5252.82
2024,4,212410,N,deslig,38,4224.41
2024,4,212410,P,adm,10,4582.51
2024,4,212410,P,deslig,10,4976.76
2024,4,212410,Q,adm,2,2618.66
2024,4,212410,Q,deslig,5,4504.65
2024,4,212410,R,adm,3,8666.96
2024,4,212410,R,deslig,1,3954.29
2024,4,212410,S,adm,12,4640.16
2024,4,212410,S,deslig,12,5519.36
2024,4,212425,C,adm,1,16000.0
2024,4,212425,D,adm,1,17000.0
2024,4,212425,F,adm,1,9500.0
2024,4,212425,G,adm,2,4250.0
2024,4,212425,G,deslig,3,10144.35
2024,4,212425,H,adm,1,21000.0
2024,4,212425,J,adm,32,17318.25
2024,4,212425,J,deslig,26,13338.71
2024,4,212425,K,adm,16,14504.24
2024,4,212425,K,deslig,6,13480.23
2024,4,212425,M,adm,3,25553.85
2024,4,212425,M,deslig,8,16564.9
2024,4,212425,N,adm,3,20133.33
2024,4,212425,P,deslig,1,3166.94
2024,4,212425,Q,deslig,2,12250.0
2024,5,203105,C,adm,7,11293.68
2024,5,203105,C,deslig,2,10359.6
2024,5,203105,G,deslig,4,13585.51
2024,5,203105,H,adm,2,11750.0
2024,5,203105,H,deslig,1,6877.63
2024,5,203105,J,adm,10,10902.0
2024,5,203105,J,deslig,16,9953.26
2024,5,203105,K,adm,3,10100.0
2024,5,203105,K,deslig,3,9997.01
2024,5,203105,M,adm,16,8927.01
2024,5,203105,M,deslig,12,15208.68
2024,5,203105,N,adm,12,8585.42
2024,5,203105,N,deslig,4,5512.33
2024,5,203105,P,adm,1,7455.81
2024,5,203105,Q,deslig,1,4593.6
2024,5,211205,C,adm,6,6962.23
2024,5,211205,C,deslig,2,4949.5
2024,5,211205,G,adm,4,3655.0
2024,5,211205,G,deslig,1,6897.3
2024,5,211205,J,adm,13,8380.54
2024,5,211205,J,deslig,3,10054.46
2024,5,211205,K,adm,21,9831.24
2024,5,211205,K,deslig,7,11346.7
2024,5,211205,L,deslig,1,3500.0
2024,5,211205,M,adm,6,7478.33
2024,5,211205,M,deslig,9,8502.96
2024,5,211205,N,adm,2,9300.0
2024,5,211205,N,deslig,3,14125.46
2024,5,211205,Q,adm,3,8574.12
2024,5,211205,Q,deslig,2,4464.76
2024,5,211205,R,adm,3,2870.2
2024,5,211210,C,adm,1,10500.0
2024,5,211210,H,adm,1,3950.0
2024,5,211210,H,deslig,1,7385.7
2024,5,211210,J,adm,1,16800.0
2024,5,211210,J,deslig,2,7929.81
2024,5,211210,K,adm,1,3978.11
2024,5,211210,M,adm,1,8200.0
2024,5,211210,N,adm,4,5218.51
2024,5,211210,S,deslig,1,3644.0
2024,5,211215,N,deslig,1,3887.0
2024,5,211220,D,adm,1,14000.0
2024,5,211220,E,adm,1,4000.0
2024,5,211220,J,adm,11,10552.47
2024,5,211220,J,deslig,6,11358.1
2024,5,211220,K,adm,4,12375.0
2024,5,211220,K,deslig,3,13914.0
2024,5,211220,M,adm,3,8166.67
2024,5,211220,M,deslig,4,19525.73
2024,5,211220,N,adm,2,8457.56
2024,5,211220,N,deslig,3,9397.93
2024,5,212205,C,adm,8,12568.75
2024,5,212205,C,deslig,7,8717.82
2024,5,212205,G,adm,4,12346.04
2024,5,212205,G,deslig,10,14225.58
2024,5,212205,J,adm,63,14668.58
2024,5,212205,J,deslig,69,15487.16
2024,5,212205,K,adm,11,15286.3
2024,5,212205,K,deslig,9,12193.37
2024,5,212205,M,adm,44,15649.56
2024,5,212205,M,deslig,33,16078.41
2024,5,212205,N,adm,21,23301.02
2024,5,212205,N,deslig,8,16454.21
2024,5,212205,P,adm,1,8500.0
2024,5,212205,P,deslig,1,5509.69
2024,5,212205,Q,deslig,2,13204.92
2024,5,212210,C,adm,1,9800.0
2024,5,212210,G,deslig,8,13166.98
2024,5,212210,J,adm,4,18392.08
2024,5,212210,J,deslig,3,9916.67
2024,5,212210,M,deslig,2,18353.23
2024,5,212210,N,adm,3,15333.33
2024,5,212215,C,adm,3,10858.33
2024,5,212215,F,deslig,1,7233.33
2024,5,212215,G,adm,6,13687.81
2024,5,212215,G,deslig,4,13553.31
2024,5,212215,J,adm,124,11896.05
2024,5,212215,J,deslig,84,13032.18
2024,5,212215,K,adm,25,15311.93
2024,5,212215,K,deslig,36,12361.21
2024,5,212215,M,adm,22,17602.15
2024,5,212215,M,deslig,20,21203.0
2024,5,212215,N,adm,23,19435.3
2024,5,212215,N,deslig,20,20221.93
2024,5,212215,P,deslig,3,16894.84
2024,5,212215,Q,adm,1,12000.0
2024,5,212305,B,deslig,1,1999.8
2024,5,212305,C,adm,2,5199.6
2024,5,212305,C,deslig,4,5743.08
2024,5,212305,D,deslig,1,11000.0
2024,5,212305,G,adm,5,7239.01
2024,5,212305,G,deslig,3,14450.26
2024,5,212305,H,deslig,2,7601.62
2024,5,212305,J,adm,54,9012.0
2024,5,212305,J,deslig,60,8589.59
2024,5,212305,K,adm,21,9518.96
2024,5,212305,K,deslig,14,9901.31
2024,5,212305,L,adm,3,35066.67
2024,5,212305,L,deslig,1,19108.12
2024,5,212305,M,adm,16,10595.25
2024,5,212305,M,deslig,18,10090.01
2024,5,212305,N,adm,28,6897.59
2024,5,212305,N,deslig,14,9263.71
2024,5,212305,P,adm,1,13000.0
2024,5,212305,S,deslig,1,6297.96
2024,5,212405,A,adm,4,4482.96
2024,5,212405,B,adm,1,5772.23
2024,5,212405,C,adm,124,7741.65
2024,5,212405,C,deslig,112,8972.34
2024,5,212405,D,adm,5,9267.25
2024,5,212405,D,deslig,5,10297.44
2024,5,212405,E,adm,1,2650.0
2024,5,212405,E,deslig,1,8892.34
2024,5,212405,F,adm,20,4652.62
2024,5,212405,F,deslig,19,5478.4
2024,5,212405,G,adm,152,6830.6
2024,5,212405,G,deslig,161,6760.92
2024,5,212405,H,adm,18,5105.42
2024,5,212405,H,deslig,29,6117.84
2024,5,212405,I,adm,1,8000.0
2024,5,212405,I,deslig,1,14646.85
2024,5,212405,J,adm,1645,8000.54
2024,5,212405,J,deslig,1723,8232.02
2024,5,212405,K,adm,581,10845.04
2024,5,212405,K,deslig,355,10345.98
2024,5,212405,L,adm,8,13711.06
2024,5,212405,L,deslig,17,9098.18
2024,5,212405,M,adm,347,8629.42
2024,5,212405,M,deslig,302,8250.33
2024,5,212405,N,adm,194,8047.05
2024,5,212405,N,deslig,256,6035.62
2024,5,212405,O,adm,1,7101.06
2024,5,212405,O,deslig,2,11465.32
2024,5,212405,P,adm,40,7527.28
2024,5,212405,P,deslig,13,5943.66
2024,5,212405,Q,adm,40,8264.14
2024,5,212405,Q,deslig,51,9104.2
2024,5,212405,R,adm,1,6500.0
2024,5,212405,S,adm,16,5804.8
2024,5,212405,S,deslig,19,6917.32
2024,5,212405,U,deslig,1,4852.56
2024,5,212410,A,deslig,1,2037.2
2024,5,212410,B,adm,2,4500.0
2024,5,212410,C,adm,24,4758.5
2024,5,212410,C,deslig,22,4486.03
2024,5,212410,D,deslig,1,6913.05
2024,5,212410,E,adm,1,2430.66
2024,5,212410,F,adm,12,4299.31
2024,5,212410,F,deslig,19,4844.04
2024,5,212410,G,adm,65,6111.63
2024,5,212410,G,deslig,49,4359.45
2024,5,212410,H,deslig,9,3493.98
2024,5,212410,I,adm,4,3783.64
2024,5,212410,I,deslig,3,4068.12
2024,5,212410,J,adm,220,7756.62
2024,5,212410,J,deslig,245,5796.4
2024,5,212410,K,adm,39,10152.79
2024,5,212410,K,deslig,37,9060.28
2024,5,212410,L,adm,1,2400.0
2024,5,212410,L,deslig,3,6452.79
2024,5,212410,M,adm,55,5428.66
2024,5,212410,M,deslig,55,6332.99
2024,5,212410,N,adm,57,5903.74
2024,5,212410,N,deslig,54,5397.69
2024,5,212410,P,adm,13,6124.47
2024,5,212410,P,deslig,11,4588.43
2024,5,212410,Q,adm,7,5161.06
2024,5,212410,Q,deslig,8,5883.29
2024,5,212410,R,adm,2,6550.0
2024,5,212410,S,adm,18,4880.46
2024,5,212410,S,deslig,13,4177.23
2024,5,212425,C,adm,4,13072.65
2024,5,212425,C,deslig,3,17020.82
2024,5,212425,D,adm,1,22500.0
2024,5,212425,D,deslig,1,8500.0
2024,5,212425,G,adm,11,16172.62
2024,5,212425,G,deslig,5,11277.7
2024,5,212425,H,adm,1,4274.35
2024,5,212425,H,deslig,1,10240.0
2024,5,212425,J,adm,34,15833.81
2024,5,212425,J,deslig,43,11783.67
2024,5,212425,K,adm,10,17650.0
2024,5,212425,K,deslig,9,12725.9
2024,5,212425,L,adm,1,12000.0
2024,5,212425,L,deslig,3,9676.51
2024,5,212425,M,adm,6,19616.67
2024,5,212425,M,deslig,6,13118.61
2024,5,212425,N,adm,6,14266.39
2024,5,212425,N,deslig,5,3949.1
2024,5,212425,Q,deslig,1,3000.0
2024,5,212425,S,adm,1,14262.0
2024,6,203105,C,adm,3,9300.33
2024,6,203105,C,deslig,2,9157.52
2024,6,203105,G,adm,1,31365.08
2024,6,203105,G,deslig,3,11781.17
2024,6,203105,J,adm,14,10254.78
2024,6,203105,J,deslig,10,6351.65
2024,6,203105,K,adm,2,7367.97
2024,6,203105,K,deslig,4,11430.5
2024,6,203105,M,adm,19,9425.91
2024,6,203105,M,deslig,9,11282.83
2024,6,203105,N,adm,12,11978.92
2024,6,203105,N,deslig,6,12527.95
2024,6,203105,P,deslig,1,10589.91
2024,6,203105,Q,adm,2,5295.33
2024,6,211205,C,adm,1,8279.0
2024,6,211205,C,deslig,1,3000.0
2024,6,211205,F,deslig,1,2926.0
2024,6,211205,G,adm,1,5000.0
2024,6,211205,G,deslig,4,7238.45
2024,6,211205,J,adm,11,7030.81
2024,6,211205,J,deslig,8,11305.85
2024,6,211205,K,adm,11,9399.16
2024,6,211205,K,deslig,6,10610.93
2024,6,211205,M,adm,10,6796.74
2024,6,211205,M,deslig,8,7163.06
2024,6,211205,N,adm,4,5746.11
2024,6,211205,N,deslig,1,5496.55
2024,6,211205,P,deslig,2,2714.53
2024,6,211205,Q,adm,4,6982.88
2024,6,211205,Q,deslig,4,8328.45
2024,6,211205,S,deslig,1,9154.0
2024,6,211210,C,adm,1,13500.0
2024,6,211210,J,adm,1,21000.0
2024,6,211210,K,adm,1,2100.0
2024,6,211210,K,deslig,1,16500.0
2024,6,211210,M,deslig,1,5500.0
2024,6,211210,N,adm,2,4052.0
2024,6,211210,N,deslig,2,5332.02
2024,6,211215,P,adm,1,3000.0
2024,6,211220,C,adm,2,2895.14
2024,6,211220,C,deslig,1,14473.55
2024,6,211220,G,adm,1,18500.0
2024,6,211220,G,deslig,1,13799.0
2024,6,211220,J,adm,11,13080.09
2024,6,211220,J,deslig,9,11630.57
2024,6,211220,K,adm,2,7600.0
2024,6,211220,K,deslig,2,17379.6
2024,6,211220,M,adm,2,7200.0
2024,6,211220,M,deslig,2,15091.57
2024,6,211220,N,adm,5,13992.0
2024,6,211220,N,deslig,3,11741.45
2024,6,212205,C,adm,1,11200.0
2024,6,212205,C,deslig,2,10916.49
2024,6,212205,G,adm,9,10523.32
2024,6,212205,G,deslig,8,12511.9
2024,6,212205,J,adm,59,13876.75
2024,6,212205,J,deslig,45,13272.54
2024,6,212205,K,adm,11,18814.39
2024,6,212205,K,deslig,9,13825.74
2024,6,212205,M,adm,54,14322.87
2024,6,212205,M,deslig,34,14117.84
2024,6,212205,N,adm,20,16224.76
2024,6,212205,N,deslig,9,25027.8
2024,6,212205,P,deslig,2,14110.03
2024,6,212210,C,adm,1,8000.0
2024,6,212210,C,deslig,1,10000.0
2024,6,212210,D,adm,1,11156.0
2024,6,212210,G,deslig,9,12463.37
2024,6,212210,J,deslig,3,9313.33
2024,6,212210,M,deslig,1,11554.0
2024,6,212210,N,adm,1,17000.0
2024,6,212210,N,deslig,7,16005.55
2024,6,212215,C,adm,2,13400.0
2024,6,212215,C,deslig,1,16545.46
2024,6,212215,G,adm,3,7051.28
2024,6,212215,G,deslig,5,11447.61
2024,6,212215,J,adm,118,11145.38
2024,6,212215,J,deslig,86,12663.1
2024,6,212215,K,adm,22,11960.65
2024,6,212215,K,deslig,28,14555.14
2024,6,212215,M,adm,22,19890.07
2024,6,212215,M,deslig,26,17748.68
2024,6,212215,N,adm,24,18231.08
2024,6,212215,N,deslig,26,19320.09
2024,6,212215,O,adm,1,8654.96
2024,6,212215,S,adm,2,9345.09
2024,6,212305,C,adm,7,5761.91
2024,6,212305,C,deslig,2,6042.28
2024,6,212305,G,adm,7,9161.43
2024,6,212305,G,deslig,5,9682.55
2024,6,212305,H,deslig,1,6004.0
2024,6,212305,J,adm,56,8718.06
2024,6,212305,J,deslig,60,9904.25
2024,6,212305,K,adm,17,10685.59
2024,6,212305,K,deslig,21,12870.58
2024,6,212305,L,adm,1,24000.0
2024,6,212305,M,adm,22,9875.5
2024,6,212305,M,deslig,10,8264.73
2024,6,212305,N,adm,14,8218.06
2024,6,212305,N,deslig,14,7587.29
2024,6,212305,P,adm,1,14200.0
2024,6,212305,P,deslig,3,12569.21
2024,6,212305,Q,adm,2,5410.78
2024,6,212305,Q,deslig,1,6000.0
2024,6,212305,S,deslig,1,5248.0
2024,6,212405,A,adm,1,13195.0
2024,6,212405,A,deslig,1,9092.72
2024,6,212405,C,adm,129,8709.48
2024,6,212405,C,deslig,103,8835.98
2024,6,212405,D,adm,2,4818.5
2024,6,212405,D,deslig,3,13244.67
2024,6,212405,E,deslig,4,12287.35
2024,6,212405,F,adm,12,5100.89
2024,6,212405,F,deslig,14,3668.54
2024,6,212405,G,adm,157,6479.87
2024,6,212405,G,deslig,225,6911.25
2024,6,212405,H,adm,19,7639.81
2024,6,212405,H,deslig,28,5695.47
2024,6,212405,I,adm,3,4293.44
2024,6,212405,I,deslig,2,5077.5
2024,6,212405,J,adm,1715,8313.67
2024,6,212405,J,deslig,1496,8099.81
2024,6,212405,K,adm,484,10381.58
2024,6,212405,K,deslig,331,10250.28
2024,6,212405,L,adm,10,11508.35
2024,6,212405,L,deslig,14,10432.1
2024,6,212405,M,adm,294,8725.56
2024,6,212405,M,deslig,283,8777.1
2024,6,212405,N,adm,191,7742.07
2024,6,212405,N,deslig,255,5585.06
2024,6,212405,O,adm,4,6497.7
2024,6,212405,O,deslig,1,4691.88
2024,6,212405,P,adm,18,7592.85
2024,6,212405,P,deslig,28,7184.71
2024,6,212405,Q,adm,32,9379.91
2024,6,212405,Q,deslig,34,8657.74
2024,6,212405,R,adm,2,6917.85
2024,6,212405,S,adm,16,7171.6
2024,6,212405,S,deslig,17,6058.38
2024,6,212410,C,adm,27,4481.51
2024,6,212410,C,deslig,26,5642.89
2024,6,212410,D,adm,2,12000.0
2024,6,212410,F,adm,11,3535.74
2024,6,212410,F,deslig,9,3396.52
2024,6,212410,G,adm,54,4819.84
2024,6,212410,G,deslig,56,5555.26
2024,6,212410,H,adm,6,3656.88
2024,6,212410,H,deslig,8,4606.46
2024,6,212410,I,adm,1,5710.0
2024,6,212410,I,deslig,2,3844.57
2024,6,212410,J,adm,207,5766.71
2024,6,212410,J,deslig,215,6030.95
2024,6,212410,K,adm,61,10256.7
2024,6,212410,K,deslig,33,10932.24
2024,6,212410,L,deslig,2,4216.7
2024,6,212410,M,adm,48,5090.41
2024,6,212410,M,deslig,60,6382.0
2024,6,212410,N,adm,43,5116.38
2024,6,212410,N,deslig,38,4727.58
2024,6,212410,O,adm,2,4590.41
2024,6,212410,P,adm,13,5344.08
2024,6,212410,P,deslig,15,5068.22
2024,6,212410,Q,adm,10,3934.94
2024,6,212410,Q,deslig,4,4840.99
2024,6,212410,R,adm,2,5500.0
2024,6,212410,R,deslig,2,5049.26
2024,6,212410,S,adm,17,4798.72
2024,6,212410,S,deslig,9,7668.63
2024,6,212425,C,adm,3,15083.86
2024,6,212425,C,deslig,2,16938.28
2024,6,212425,G,adm,4,10436.25
2024,6,212425,G,deslig,1,15348.27
2024,6,212425,J,adm,41,14792.5
2024,6,212425,J,deslig,44,13767.83
2024,6,212425,K,adm,13,14272.68
2024,6,212425,K,deslig,10,14622.72
2024,6,212425,L,deslig,1,12000.0
2024,6,212425,M,adm,11,16267.73
2024,6,212425,M,deslig,17,14908.23
2024,6,212425,N,adm,9,24351.03
2024,6,212425,N,deslig,9,13276.3
2024,7,203105,C,adm,3,10680.96
2024,7,203105,C,deslig,3,9135.19
2024,7,203105,F,adm,1,4185.0
2024,7,203105,G,deslig,1,13000.0
2024,7,203105,H,adm,2,9000.0
2024,7,203105,J,adm,17,11335.13
2024,7,203105,J,deslig,9,10880.1
2024,7,203105,K,adm,2,13000.0
2024,7,203105,K,deslig,1,14000.0
2024,7,203105,M,adm,16,8170.47
2024,7,203105,M,deslig,10,15384.63
2024,7,203105,N,adm,6,9183.33
2024,7,203105,N,deslig,4,15450.0
2024,7,203105,Q,adm,1,5295.33
2024,7,203105,Q,deslig,1,7758.04
2024,7,211205,C,adm,3,4171.88
2024,7,211205,C,deslig,1,5815.0
2024,7,211205,F,adm,1,2794.49
2024,7,211205,G,adm,5,3904.99
2024,7,211205,H,adm,1,2245.54
2024,7,211205,J,adm,14,7342.86
2024,7,211205,J,deslig,7,9146.92
2024,7,211205,K,adm,6,13243.87
2024,7,211205,K,deslig,9,8079.9
2024,7,211205,M,adm,6,8201.28
2024,7,211205,M,deslig,5,8638.56
2024,7,211205,N,adm,2,5148.27
2024,7,211205,N,deslig,2,8613.08
2024,7,211205,P,adm,2,6644.35
2024,7,211205,Q,adm,11,7028.43
2024,7,211205,Q,deslig,2,8629.7
2024,7,211205,R,deslig,1,33000.0
2024,7,211205,S,adm,2,6615.0
2024,7,211210,C,deslig,1,9000.0
2024,7,211210,H,adm,1,10000.0
2024,7,211210,H,deslig,1,4187.0
2024,7,211210,J,adm,2,11730.01
2024,7,211210,K,adm,1,13500.0
2024,7,211210,K,deslig,1,5200.0
2024,7,211210,M,adm,1,3399.0
2024,7,211210,N,adm,6,2836.0
2024,7,211210,N,deslig,2,6607.71
2024,7,211210,S,adm,2,3550.0
2024,7,211220,G,adm,2,3216.0
2024,7,211220,G,deslig,3,4817.12
2024,7,211220,J,adm,9,10548.89
2024,7,211220,J,deslig,7,13493.92
2024,7,211220,K,adm,2,6750.0
2024,7,211220,K,deslig,4,8063.56
2024,7,211220,M,adm,9,9871.76
2024,7,211220,M,deslig,4,12959.83
2024,7,211220,N,adm,3,15972.22
2024,7,211220,N,deslig,3,8237.09
2024,7,211220,P,adm,1,13509.06
2024,7,211220,Q,adm,1,16000.0
2024,7,211220,Q,deslig,1,9190.3
2024,7,211220,S,adm,2,8371.28
2024,7,212205,C,adm,5,14287.12
2024,7,212205,C,deslig,3,17718.92
2024,7,212205,G,adm,9,11531.62
2024,7,212205,G,deslig,7,9392.38
2024,7,212205,J,adm,69,16218.74
2024,7,212205,J,deslig,62,14954.83
2024,7,212205,K,adm,11,14012.12
2024,7,212205,K,deslig,12,14508.04
2024,7,212205,M,adm,42,14937.88
2024,7,212205,M,deslig,40,16898.0
2024,7,212205,N,adm,24,13163.47
2024,7,212205,N,deslig,5,12220.74
2024,7,212205,P,deslig,2,10272.05
2024,7,212205,Q,deslig,1,14494.12
2024,7,212205,S,deslig,1,8824.5
2024,7,212210,C,adm,2,8514.1
2024,7,212210,C,deslig,1,14232.93
2024,7,212210,D,deslig,1,18000.0
2024,7,212210,G,deslig,2,16215.78
2024,7,212210,J,adm,9,17273.68
2024,7,212210,J,deslig,7,7004.38
2024,7,212210,M,adm,2,13000.0
2024,7,212210,M,deslig,2,19245.49
2024,7,212210,N,adm,1,18000.0
2024,7,212210,N,deslig,8,15254.5
2024,7,212215,C,adm,1,13000.0
2024,7,212215,C,deslig,1,18000.0
2024,7,212215,E,deslig,1,9926.7
2024,7,212215,G,adm,13,13106.67
2024,7,212215,G,deslig,2,16030.37
2024,7,212215,J,adm,116,13897.4
2024,7,212215,J,deslig,71,12828.41
2024,7,212215,K,adm,22,12219.97
2024,7,212215,K,deslig,20,14622.4
2024,7,212215,L,deslig,1,11110.53
2024,7,212215,M,adm,28,16742.75
2024,7,212215,M,deslig,15,18881.08
2024,7,212215,N,adm,14,15910.71
2024,7,212215,N,deslig,17,22593.25
2024,7,212215,P,adm,1,12020.0
2024,7,212215,Q,deslig,1,7500.0
2024,7,212305,C,deslig,4,5612.87
2024,7,212305,F,adm,2,5250.0
2024,7,212305,F,deslig,2,9745.97
2024,7,212305,G,adm,7,9428.57
2024,7,212305,G,deslig,9,11339.42
2024,7,212305,H,adm,1,5000.0
2024,7,212305,J,adm,72,7585.44
2024,7,212305,J,deslig,62,8618.11
2024,7,212305,K,adm,30,8577.02
2024,7,212305,K,deslig,7,9593.68
2024,7,212305,L,adm,2,23000.0
2024,7,212305,L,deslig,3,17127.53
2024,7,212305,M,adm,24,7808.1
2024,7,212305,M,deslig,16,9326.64
2024,7,212305,N,adm,11,8517.57
2024,7,212305,N,deslig,21,8237.79
2024,7,212305,P,adm,1,3000.0
2024,7,212305,P,deslig,2,9993.93
2024,7,212305,Q,deslig,1,2745.88
2024,7,212305,S,adm,2,7846.8
2024,7,212305,S,deslig,2,7660.6
2024,7,212405,A,adm,6,11916.49
2024,7,212405,A,deslig,2,5512.27
2024,7,212405,C,adm,123,7629.39
2024,7,212405,C,deslig,109,9170.34
2024,7,212405,D,adm,7,15928.57
2024,7,212405,D,deslig,8,7628.44
2024,7,212405,E,adm,1,5277.0
2024,7,212405,F,adm,17,3568.56
2024,7,212405,F,deslig,22,4916.47
2024,7,212405,G,adm,145,7614.36
2024,7,212405,G,deslig,151,7559.55
2024,7,212405,H,adm,24,7322.25
2024,7,212405,H,deslig,14,6171.18
2024,7,212405,I,adm,2,3950.0
2024,7,212405,I,deslig,2,4991.74
2024,7,212405,J,adm,1912,7996.41
2024,7,212405,J,deslig,1540,8164.28
2024,7,212405,K,adm,605,10371.27
2024,7,212405,K,deslig,305,10730.64
2024,7,212405,L,adm,8,16835.0
2024,7,212405,L,deslig,11,11163.88
2024,7,212405,M,adm,338,8881.1
2024,7,212405,M,deslig,261,8084.99
2024,7,212405,N,adm,220,7986.83
2024,7,212405,N,deslig,218,7493.1
2024,7,212405,O,adm,2,4897.83
2024,7,212405,O,deslig,1,9674.41
2024,7,212405,P,adm,21,7825.76
2024,7,212405,P,deslig,22,7041.06
2024,7,212405,Q,adm,39,8013.74
2024,7,212405,Q,deslig,45,7607.03
2024,7,212405,R,adm,1,8000.0
2024,7,212405,R,deslig,2,9974.94
2024,7,212405,S,adm,26,5775.99
2024,7,212405,S,deslig,19,5478.02
2024,7,212405,U,adm,1,4852.56
2024,7,212410,A,adm,2,2946.03
2024,7,212410,A,deslig,1,6213.1
2024,7,212410,C,adm,44,5401.99
2024,7,212410,C,deslig,26,5799.71
2024,7,212410,D,adm,1,7000.0
2024,7,212410,D,deslig,2,6215.65
2024,7,212410,F,adm,6,4237.05
2024,7,212410,F,deslig,12,3489.29
2024,7,212410,G,adm,58,5396.72
2024,7,212410,G,deslig,54,5939.8
2024,7,212410,H,adm,15,5300.96
2024,7,212410,H,deslig,10,5379.4
2024,7,212410,I,adm,1,3000.0
2024,7,212410,I,deslig,3,5003.85
2024,7,212410,J,adm,219,6299.77
2024,7,212410,J,deslig,204,6096.93
2024,7,212410,K,adm,74,8854.34
2024,7,212410,K,deslig,41,11906.7
2024,7,212410,L,adm,2,2200.0
2024,7,212410,L,deslig,1,6447.97
2024,7,212410,M,adm,53,7344.69
2024,7,212410,M,deslig,48,6544.04
2024,7,212410,N,adm,51,5545.37
2024,7,212410,N,deslig,61,5311.09
2024,7,212410,P,adm,7,3915.3
2024,7,212410,P,deslig,10,4774.73
2024,7,212410,Q,adm,8,5870.25
2024,7,212410,Q,deslig,6,5495.78
2024,7,212410,R,adm,3,5666.67
2024,7,212410,R,deslig,1,15072.87
2024,7,212410,S,adm,12,4946.43
2024,7,212410,S,deslig,11,5442.77
2024,7,212425,C,adm,4,12875.0
2024,7,212425,C,deslig,1,17000.0
2024,7,212425,D,adm,2,19250.0
2024,7,212425,G,adm,3,12934.79
2024,7,212425,G,deslig,2,9005.06
2024,7,212425,H,adm,1,18500.0
2024,7,212425,J,adm,47,15559.18
2024,7,212425,J,deslig,37,15420.9
2024,7,212425,K,adm,8,17916.25
2024,7,212425,K,deslig,11,13777.97
2024,7,212425,L,adm,1,16000.0
2024,7,212425,M,adm,15,17512.55
2024,7,212425,M,deslig,5,15146.76
2024,7,212425,N,adm,3,13905.23
2024,7,212425,N,deslig,6,9837.65
2024,8,203105,C,adm,3,8005.19
2024,8,203105,C,deslig,5,6830.28
2024,8,203105,G,deslig,1,13326.9
2024,8,203105,H,adm,1,12000.0
2024,8,203105,J,adm,2,12600.0
2024,8,203105,J,deslig,13,8583.74
2024,8,203105,K,adm,3,7471.67
2024,8,203105,K,deslig,3,9833.33
2024,8,203105,M,adm,18,12868.9
2024,8,203105,M,deslig,14,8980.88
2024,8,203105,N,adm,4,11150.0
2024,8,203105,N,deslig,3,6813.7
2024,8,203105,P,adm,3,10383.33
2024,8,203105,P,deslig,1,8487.2
2024,8,203105,Q,adm,1,10248.49
2024,8,203105,Q,deslig,2,7915.69
2024,8,211205,C,adm,2,5026.18
2024,8,211205,G,adm,1,1876.0
2024,8,211205,G,deslig,1,4000.0
2024,8,211205,H,adm,2,3121.37
2024,8,211205,J,adm,14,9987.14
2024,8,211205,J,deslig,9,10622.27
2024,8,211205,K,adm,11,11039.99
2024,8,211205,K,deslig,2,6143.2
2024,8,211205,M,adm,13,6475.08
2024,8,211205,M,deslig,5,6356.11
2024,8,211205,N,adm,2,7143.0
2024,8,211205,N,deslig,2,14010.26
2024,8,211205,P,deslig,1,5200.0
2024,8,211205,Q,adm,3,20100.35
2024,8,211205,Q,deslig,1,6934.85
2024,8,211205,S,adm,1,6743.0
2024,8,211210,G,deslig,1,7960.46
2024,8,211210,H,deslig,2,6566.69
2024,8,211210,K,adm,1,5000.0
2024,8,211210,M,deslig,1,15160.92
2024,8,211210,N,adm,3,7906.26
2024,8,211210,N,deslig,2,4189.06
2024,8,211215,J,adm,1,3000.0
2024,8,211220,C,deslig,1,6660.37
2024,8,211220,G,adm,1,18000.0
2024,8,211220,G,deslig,2,9541.67
2024,8,211220,H,adm,1,6000.0
2024,8,211220,J,adm,7,10249.05
2024,8,211220,J,deslig,7,14719.16
2024,8,211220,K,adm,7,14680.57
2024,8,211220,K,deslig,5,10330.98
2024,8,211220,M,adm,6,10838.67
2024,8,211220,M,deslig,3,13418.32
2024,8,211220,N,adm,4,10050.0
2024,8,211220,P,adm,1,11474.82
2024,8,211220,S,adm,1,4500.0
2024,8,212205,C,adm,6,12870.32
2024,8,212205,C,deslig,6,10503.65
2024,8,212205,G,adm,6,13659.17
2024,8,212205,G,deslig,7,15368.3
2024,8,212205,J,adm,73,15726.06
2024,8,212205,J,deslig,74,16092.84
2024,8,212205,K,adm,12,14625.97
2024,8,212205,K,deslig,9,16815.96
2024,8,212205,M,adm,63,13895.08
2024,8,212205,M,deslig,27,13585.81
2024,8,212205,N,adm,24,21539.98
2024,8,212205,N,deslig,10,12678.59
2024,8,212205,P,adm,1,10000.0
2024,8,212205,P,deslig,1,17100.0
2024,8,212205,S,adm,2,7912.25
2024,8,212210,C,adm,2,4560.57
2024,8,212210,G,adm,1,14241.0
2024,8,212210,G,deslig,1,19125.69
2024,8,212210,J,adm,2,35576.93
2024,8,212210,J,deslig,6,13774.09
2024,8,212210,M,deslig,1,7280.0
2024,8,212210,N,adm,1,14000.0
2024,8,212210,N,deslig,1,21000.0
2024,8,212215,C,adm,3,14430.67
2024,8,212215,C,deslig,2,12849.85
2024,8,212215,G,adm,5,12660.0
2024,8,212215,G,deslig,3,6095.67
2024,8,212215,J,adm,129,15655.56
2024,8,212215,J,deslig,96,12297.27
2024,8,212215,K,adm,22,12339.52
2024,8,212215,K,deslig,34,13461.25
2024,8,212215,M,adm,23,17476.48
2024,8,212215,M,deslig,25,26606.68
2024,8,212215,N,adm,24,19102.99
2024,8,212215,N,deslig,31,21140.86
2024,8,212215,O,deslig,1,5278.76
2024,8,212215,P,deslig,1,6656.0
2024,8,212215,Q,deslig,1,10890.0
2024,8,212305,C,adm,1,3300.0
2024,8,212305,C,deslig,6,9608.19
2024,8,212305,F,adm,5,3792.75
2024,8,212305,G,adm,9,10391.79
2024,8,212305,G,deslig,10,10251.75
2024,8,212305,H,deslig,1,8645.0
2024,8,212305,J,adm,71,9325.33
2024,8,212305,J,deslig,59,9934.15
2024,8,212305,K,adm,27,11149.07
2024,8,212305,K,deslig,16,8339.73
2024,8,212305,L,deslig,2,15046.83
2024,8,212305,M,adm,27,10776.16
2024,8,212305,M,deslig,15,15534.8
2024,8,212305,N,adm,12,8369.16
2024,8,212305,N,deslig,18,9721.59
2024,8,212305,P,adm,2,8525.0
2024,8,212305,P,deslig,1,4790.24
2024,8,212305,Q,adm,1,6000.0
2024,8,212305,Q,deslig,1,6139.02
2024,8,212305,S,adm,3,4699.32
2024,8,212305,S,deslig,2,7200.57
2024,8,212405,A,adm,2,6158.08
2024,8,212405,A,deslig,2,3660.1
2024,8,212405,B,adm,1,13500.0
2024,8,212405,B,deslig,1,12181.2
2024,8,212405,C,adm,142,8952.47
2024,8,212405,C,deslig,134,11196.87
2024,8,212405,D,adm,9,10561.17
2024,8,212405,D,deslig,3,10903.65
2024,8,212405,E,deslig,2,11769.55
2024,8,212405,F,adm,13,4624.75
2024,8,212405,F,deslig,15,5672.18
2024,8,212405,G,adm,143,7689.59
2024,8,212405,G,deslig,157,7573.29
2024,8,212405,H,adm,26,7698.34
2024,8,212405,H,deslig,21,7433.09
2024,8,212405,I,adm,2,5709.77
2024,8,212405,I,deslig,3,4905.63
2024,8,212405,J,adm,1993,7856.85
2024,8,212405,J,deslig,1677,8486.16
2024,8,212405,K,adm,593,10729.17
2024,8,212405,K,deslig,358,10800.88
2024,8,212405,L,adm,5,13920.0
2024,8,212405,L,deslig,10,9476.78
2024,8,212405,M,adm,399,9294.32
2024,8,212405,M,deslig,326,7795.8
2024,8,212405,N,adm,201,7061.68
2024,8,212405,N,deslig,215,7863.37
2024,8,212405,O,adm,5,7751.78
2024,8,212405,O,deslig,1,5245.7
2024,8,212405,P,adm,37,6951.14
2024,8,212405,P,deslig,21,7086.58
2024,8,212405,Q,adm,35,7875.7
2024,8,212405,Q,deslig,35,7807.38
2024,8,212405,R,adm,2,4610.44
2024,8,212405,R,deslig,4,6377.49
2024,8,212405,S,adm,21,5867.4
2024,8,212405,S,deslig,31,5397.71
2024,8,212410,A,adm,1,4000.0
2024,8,212410,C,adm,22,4799.17
2024,8,212410,C,deslig,23,5537.61
2024,8,212410,D,deslig,1,21878.61
2024,8,212410,F,adm,7,3813.5
2024,8,212410,F,deslig,7,3480.5
2024,8,212410,G,adm,56,5984.21
2024,8,212410,G,deslig,43,4330.16
2024,8,212410,H,adm,7,3593.58
2024,8,212410,H,deslig,9,4989.19
2024,8,212410,I,adm,2,5550.0
2024,8,212410,J,adm,209,5693.97
2024,8,212410,J,deslig,224,6413.89
2024,8,212410,K,adm,87,6714.29
2024,8,212410,K,deslig,43,10752.31
2024,8,212410,L,adm,4,5351.25
2024,8,212410,L,deslig,4,2668.99
2024,8,212410,M,adm,66,5495.09
2024,8,212410,M,deslig,62,5941.15
2024,8,212410,N,adm,64,5651.92
2024,8,212410,N,deslig,64,4610.46
2024,8,212410,P,adm,16,4750.82
2024,8,212410,P,deslig,10,6644.96
2024,8,212410,Q,adm,8,4650.98
2024,8,212410,Q,deslig,2,5580.56
2024,8,212410,R,adm,3,10779.1
2024,8,212410,R,deslig,1,6327.0
2024,8,212410,S,adm,8,4243.75
2024,8,212410,S,deslig,7,6274.35
2024,8,212425,C,adm,3,14300.0
2024,8,212425,C,deslig,2,15325.49
2024,8,212425,D,adm,1,18024.0
2024,8,212425,G,adm,7,17167.1
2024,8,212425,G,deslig,6,11821.47
2024,8,212425,H,adm,1,7000.0
2024,8,212425,H,deslig,1,3459.69
2024,8,212425,J,adm,54,15773.33
2024,8,212425,J,deslig,34,14022.27
2024,8,212425,K,adm,12,13375.33
2024,8,212425,K,deslig,10,11970.24
2024,8,212425,M,adm,5,13919.71
2024,8,212425,M,deslig,9,12750.5
2024,8,212425,N,adm,7,11226.39
2024,8,212425,N,deslig,5,15056.0
2024,8,212425,P,adm,1,10865.6
2024,8,212425,Q,deslig,1,15391.5
2024,9,203105,C,adm,4,7736.86
2024,9,203105,C,deslig,2,10646.52
2024,9,203105,G,deslig,6,11179.54
2024,9,203105,H,adm,1,11000.0
2024,9,203105,H,deslig,1,10600.0
2024,9,203105,J,adm,12,11005.0
2024,9,203105,J,deslig,8,9292.29
2024,9,203105,K,adm,3,6900.0
2024,9,203105,K,deslig,5,8488.24
2024,9,203105,M,adm,11,9654.99
2024,9,203105,M,deslig,12,10634.76
2024,9,203105,N,adm,6,12733.33
2024,9,203105,N,deslig,6,13739.55
2024,9,203105,P,adm,2,10192.0
2024,9,203105,Q,deslig,1,8268.0
2024,9,211205,C,adm,3,6745.77
2024,9,211205,C,deslig,1,2400.0
2024,9,211205,G,adm,1,6240.0
2024,9,211205,G,deslig,1,13140.18
2024,9,211205,H,deslig,2,2807.18
2024,9,211205,J,adm,6,9087.71
2024,9,211205,J,deslig,6,14563.54
2024,9,211205,K,adm,7,5666.55
2024,9,211205,K,deslig,6,12757.26
2024,9,211205,L,deslig,1,5051.01
2024,9,211205,M,adm,8,8387.5
2024,9,211205,M,deslig,12,9649.29
2024,9,211205,N,adm,2,6600.0
2024,9,211205,N,deslig,1,5500.0
2024,9,211205,Q,adm,5,8019.11
2024,9,211205,Q,deslig,8,8092.6
2024,9,211205,R,adm,1,9000.0
2024,9,211205,R,deslig,1,1500.0
2024,9,211205,S,deslig,3,9070.0
2024,9,211210,C,deslig,1,3678.0
2024,9,211210,H,adm,2,4513.06
2024,9,211210,J,deslig,1,4443.01
2024,9,211210,K,deslig,2,14488.32
2024,9,211210,M,adm,1,7500.0
2024,9,211210,M,deslig,3,12148.48
2024,9,211210,N,adm,1,5000.0
2024,9,211210,N,deslig,1,4075.46
2024,9,211215,N,deslig,1,5504.58
2024,9,211220,C,adm,3,7967.67
2024,9,211220,C,deslig,1,1600.0
2024,9,211220,D,adm,1,17500.0
2024,9,211220,G,adm,3,14133.33
2024,9,211220,G,deslig,2,4066.0
2024,9,211220,J,adm,16,20316.25
2024,9,211220,J,deslig,11,12105.62
2024,9,211220,K,adm,10,9075.97
2024,9,211220,K,deslig,5,9521.65
2024,9,211220,M,adm,5,14977.19
2024,9,211220,M,deslig,5,10718.86
2024,9,211220,N,adm,3,18466.67
2024,9,211220,N,deslig,1,4241.0
2024,9,211220,P,adm,2,8181.49
2024,9,211220,S,adm,2,6500.0
2024,9,212205,C,adm,6,10557.18
2024,9,212205,C,deslig,2,7584.64
2024,9,212205,G,adm,10,12962.39
2024,9,212205,G,deslig,9,18153.71
2024,9,212205,H,deslig,1,9824.09
2024,9,212205,J,adm,102,15698.4
2024,9,212205,J,deslig,55,14449.41
2024,9,212205,K,adm,16,14836.11
2024,9,212205,K,deslig,15,13899.16
2024,9,212205,M,adm,60,13577.06
2024,9,212205,M,deslig,29,14743.64
2024,9,212205,N,adm,13,14541.11
2024,9,212205,N,deslig,12,20673.09
2024,9,212205,S,adm,1,9618.0
2024,9,212205,S,deslig,1,12668.0
2024,9,212210,C,adm,1,11000.0
2024,9,212210,G,deslig,4,14745.82
2024,9,212210,J,adm,3,9666.67
2024,9,212210,J,deslig,6,24176.41
2024,9,212210,M,adm,2,14751.45
2024,9,212210,M,deslig,1,5506.0
2024,9,212210,N,adm,2,12750.0
2024,9,212210,N,deslig,2,8816.2
2024,9,212215,C,adm,2,9695.5
2024,9,212215,C,deslig,2,13574.1
2024,9,212215,G,adm,4,15221.29
2024,9,212215,G,deslig,2,11406.25
2024,9,212215,H,adm,1,21542.0
2024,9,212215,J,adm,150,14164.04
2024,9,212215,J,deslig,98,14332.27
2024,9,212215,K,adm,34,10349.38
2024,9,212215,K,deslig,29,11757.36
2024,9,212215,M,adm,15,17588.81
2024,9,212215,M,deslig,20,18801.65
2024,9,212215,N,adm,27,20579.96
2024,9,212215,N,deslig,15,16666.96
2024,9,212215,Q,adm,1,13410.0
2024,9,212215,Q,deslig,2,14875.82
2024,9,212305,C,adm,1,7999.2
2024,9,212305,C,deslig,2,9631.7
2024,9,212305,F,adm,1,7000.0
2024,9,212305,F,deslig,3,7185.33
2024,9,212305,G,adm,3,19966.67
2024,9,212305,G,deslig,11,7296.67
2024,9,212305,H,deslig,2,6778.34
2024,9,212305,J,adm,74,8701.01
2024,9,212305,J,deslig,59,8626.05
2024,9,212305,K,adm,16,10321.8
2024,9,212305,K,deslig,19,14765.37
2024,9,212305,L,adm,2,22110.0
2024,9,212305,M,adm,28,14970.66
2024,9,212305,M,deslig,9,12262.69
2024,9,212305,N,adm,19,11177.58
2024,9,212305,N,deslig,20,7162.29
2024,9,212305,O,adm,1,8257.4
2024,9,212305,P,adm,1,2709.44
2024,9,212305,P,deslig,1,4589.08
2024,9,212305,Q,deslig,1,1640.0
2024,9,212305,S,deslig,1,3800.0
2024,9,212405,A,adm,3,4562.0
2024,9,212405,A,deslig,1,4563.93
2024,9,212405,B,adm,1,2865.53
2024,9,212405,B,deslig,2,4250.0
2024,9,212405,C,adm,125,8278.83
2024,9,212405,C,deslig,100,23878.39
2024,9,212405,D,adm,6,10227.58
2024,9,212405,D,deslig,8,9474.76
2024,9,212405,F,adm,17,5534.0
2024,9,212405,F,deslig,22,5993.1
2024,9,212405,G,adm,179,7281.91
2024,9,212405,G,deslig,163,7580.07
2024,9,212405,H,adm,18,7148.13
2024,9,212405,H,deslig,24,6725.05
2024,9,212405,I,adm,2,4521.0
2024,9,212405,I,deslig,1,3598.32
2024,9,212405,J,adm,1988,8158.6
2024,9,212405,J,deslig,1581,8078.66
2024,9,212405,K,adm,575,10611.93
2024,9,212405,K,deslig,376,10996.72
2024,9,212405,L,adm,10,20990.0
2024,9,212405,L,deslig,13,9888.97
2024,9,212405,M,adm,404,9645.44
2024,9,212405,M,deslig,306,8264.08
2024,9,212405,N,adm,190,7784.08
2024,9,212405,N,deslig,205,7790.14
2024,9,212405,O,adm,1,5245.7
2024,9,212405,O,deslig,2,5258.27
2024,9,212405,P,adm,32,6408.3
2024,9,212405,P,deslig,23,6097.79
2024,9,212405,Q,adm,44,7835.02
2024,9,212405,Q,deslig,38,7991.0
2024,9,212405,R,deslig,2,7644.53
2024,9,212405,S,adm,14,7097.68
2024,9,212405,S,deslig,22,6980.98
2024,9,212410,A,adm,1,2139.06
2024,9,212410,A,deslig,2,9047.0
2024,9,212410,C,adm,26,4246.88
2024,9,212410,C,deslig,12,4347.23
2024,9,212410,D,deslig,1,8175.92
2024,9,212410,E,adm,1,3500.0
2024,9,212410,F,adm,8,3638.72
2024,9,212410,F,deslig,7,4162.24
2024,9,212410,G,adm,63,5176.25
2024,9,212410,G,deslig,45,6165.21
2024,9,212410,H,adm,10,5350.0
2024,9,212410,H,deslig,6,6054.71
2024,9,212410,I,adm,1,4500.0
2024,9,212410,I,deslig,4,4968.97
2024,9,212410,J,adm,218,5883.56
2024,9,212410,J,deslig,219,5764.64
2024,9,212410,K,adm,64,9877.79
2024,9,212410,K,deslig,32,8193.59
2024,9,212410,L,adm,1,2200.0
2024,9,212410,L,deslig,1,2370.49
2024,9,212410,M,adm,59,6185.65
2024,9,212410,M,deslig,113,4598.18
2024,9,212410,N,adm,66,5162.13
2024,9,212410,N,deslig,56,4537.65
2024,9,212410,P,adm,12,5812.97
2024,9,212410,P,deslig,12,4325.57
2024,9,212410,Q,adm,4,5361.99
2024,9,212410,Q,deslig,8,4152.99
2024,9,212410,R,adm,3,4544.33
2024,9,212410,S,adm,11,3884.43
2024,9,212410,S,deslig,11,5114.51
2024,9,212425,C,adm,4,12426.66
2024,9,212425,D,adm,1,9000.0
2024,9,212425,D,deslig,1,22574.25
2024,9,212425,G,adm,5,16384.91
2024,9,212425,G,deslig,4,13456.73
2024,9,212425,H,adm,1,24000.0
2024,9,212425,H,deslig,1,22462.0
2024,9,212425,J,adm,79,22480.87
2024,9,212425,J,deslig,46,15481.02
2024,9,212425,K,adm,12,16535.0
2024,9,212425,K,deslig,13,17156.99
2024,9,212425,M,adm,19,15947.37
2024,9,212425,M,deslig,4,12826.97
2024,9,212425,N,adm,6,32505.45
2024,9,212425,N,deslig,4,18534.02
2024,10,203105,C,adm,4,6750.48
2024,10,203105,C,deslig,3,11005.07
2024,10,203105,G,adm,1,7650.0
2024,10,203105,G,deslig,3,14916.16
2024,10,203105,H,deslig,1,7708.39
2024,10,203105,J,adm,15,14894.56
2024,10,203105,J,deslig,17,10240.52
2024,10,203105,K,adm,4,15351.7
2024,10,203105,M,adm,18,11446.5
2024,10,203105,M,deslig,9,11888.52
2024,10,203105,N,adm,5,11992.5
2024,10,203105,N,deslig,2,9306.24
2024,10,203105,Q,deslig,2,10118.01
2024,10,203105,R,adm,1,9000.0
2024,10,211205,C,adm,1,1700.0
2024,10,211205,C,deslig,1,1860.37
2024,10,211205,F,adm,2,2941.99
2024,10,211205,G,adm,1,1876.0
2024,10,211205,G,deslig,4,7120.75
2024,10,211205,H,adm,3,6753.62
2024,10,211205,H,deslig,1,3045.84
2024,10,211205,J,adm,7,7881.14
2024,10,211205,J,deslig,12,8403.41
2024,10,211205,K,adm,11,6697.24
2024,10,211205,K,deslig,11,9960.94
2024,10,211205,M,adm,13,8381.04
2024,10,211205,M,deslig,8,8234.73
2024,10,211205,N,adm,4,6250.0
2024,10,211205,N,deslig,1,5662.73
2024,10,211205,P,adm,1,6724.34
2024,10,211205,Q,adm,8,6262.68
2024,10,211205,Q,deslig,1,4833.65
2024,10,211205,R,deslig,2,8875.5
2024,10,211205,S,deslig,1,26347.76
2024,10,211210,J,adm,3,5588.44
2024,10,211210,J,deslig,2,7229.26
2024,10,211210,K,deslig,1,2536.18
2024,10,211210,M,deslig,1,8955.12
2024,10,211210,N,adm,2,3470.85
2024,10,211210,N,deslig,2,7933.22
2024,10,211220,C,adm,2,6750.0
2024,10,211220,C,deslig,1,16352.5
2024,10,211220,D,deslig,1,14177.8
2024,10,211220,E,deslig,1,4000.0
2024,10,211220,G,adm,3,6842.5
2024,10,211220,G,deslig,1,17000.0
2024,10,211220,H,deslig,1,3000.0
2024,10,211220,J,adm,19,11326.31
2024,10,211220,J,deslig,14,8531.43
2024,10,211220,K,adm,6,10373.02
2024,10,211220,K,deslig,5,11789.63
2024,10,211220,M,adm,10,10572.03
2024,10,211220,M,deslig,3,9559.26
2024,10,211220,N,adm,7,17994.49
2024,10,211220,N,deslig,1,23017.77
2024,10,211220,P,adm,2,12915.9
2024,10,211220,P,deslig,1,8450.0
2024,10,211220,Q,adm,1,8563.43
2024,10,211220,Q,deslig,1,10182.45
2024,10,211220,S,adm,2,1500.0
2024,10,212205,C,adm,4,16151.33
2024,10,212205,C,deslig,5,9708.72
2024,10,212205,G,adm,7,11338.93
2024,10,212205,G,deslig,6,17141.96
2024,10,212205,H,adm,1,14500.0
2024,10,212205,J,adm,94,14144.68
2024,10,212205,J,deslig,44,14903.2
2024,10,212205,K,adm,19,18120.58
2024,10,212205,K,deslig,12,12290.9
2024,10,212205,M,adm,65,15977.11
2024,10,212205,M,deslig,47,15089.13
2024,10,212205,N,adm,25,16782.85
2024,10,212205,N,deslig,8,16244.03
2024,10,212210,D,adm,1,18000.0
2024,10,212210,G,deslig,1,13106.97
2024,10,212210,J,adm,1,14000.0
2024,10,212210,M,adm,2,14033.31
2024,10,212210,M,deslig,1,9919.43
2024,10,212210,N,adm,3,13666.67
2024,10,212210,N,deslig,1,2766.05
2024,10,212215,C,adm,3,11890.38
2024,10,212215,C,deslig,1,11600.0
2024,10,212215,F,deslig,1,9722.22
2024,10,212215,G,adm,11,11974.27
2024,10,212215,G,deslig,1,12647.88
2024,10,212215,J,adm,117,13692.2
2024,10,212215,J,deslig,84,13031.14
2024,10,212215,K,adm,50,11040.83
2024,10,212215,K,deslig,28,12140.22
2024,10,212215,M,adm,27,20412.62
2024,10,212215,M,deslig,11,17192.35
2024,10,212215,N,adm,10,20013.41
2024,10,212215,N,deslig,22,29441.62
2024,10,212215,P,adm,1,3684.0
2024,10,212215,P,deslig,1,13047.48
2024,10,212305,A,deslig,1,4579.6
2024,10,212305,G,adm,4,9425.0
2024,10,212305,G,deslig,9,7831.55
2024,10,212305,H,adm,2,5134.72
2024,10,212305,H,deslig,1,4560.0
2024,10,212305,J,adm,72,8545.06
2024,10,212305,J,deslig,52,9583.42
2024,10,212305,K,adm,20,9045.32
2024,10,212305,K,deslig,11,12195.0
2024,10,212305,L,adm,2,22202.65
2024,10,212305,L,deslig,1,19587.29
2024,10,212305,M,adm,30,11132.1
2024,10,212305,M,deslig,15,8584.2
2024,10,212305,N,adm,7,8512.29
2024,10,212305,N,deslig,12,8308.78
2024,10,212305,P,deslig,1,15215.0
2024,10,212305,Q,adm,1,27000.0
2024,10,212305,Q,deslig,2,10342.51
2024,10,212305,S,adm,2,8635.14
2024,10,212305,S,deslig,1,6297.96
2024,10,212405,A,adm,3,3139.51
2024,10,212405,A,deslig,4,4363.13
2024,10,212405,B,adm,1,3339.0
2024,10,212405,C,adm,128,8045.08
2024,10,212405,C,deslig,137,8883.37
2024,10,212405,D,adm,3,4000.0
2024,10,212405,D,deslig,6,9981.0
2024,10,212405,E,deslig,2,2945.35
2024,10,212405,F,adm,9,4627.09
2024,10,212405,F,deslig,22,4788.04
2024,10,212405,G,adm,183,7637.22
2024,10,212405,G,deslig,166,7009.31
2024,10,212405,H,adm,26,6656.44
2024,10,212405,H,deslig,23,7432.54
2024,10,212405,I,adm,2,4730.5
2024,10,212405,I,deslig,3,3623.21
2024,10,212405,J,adm,1943,8431.59
2024,10,212405,J,deslig,1710,8373.06
2024,10,212405,K,adm,650,11523.39
2024,10,212405,K,deslig,335,10216.71
2024,10,212405,L,adm,13,11357.58
2024,10,212405,L,deslig,7,15466.7
2024,10,212405,M,adm,414,9272.1
2024,10,212405,M,deslig,285,8019.58
2024,10,212405,N,adm,177,8787.43
2024,10,212405,N,deslig,208,6829.72
2024,10,212405,O,adm,3,7920.32
2024,10,212405,O,deslig,2,5453.46
2024,10,212405,P,adm,19,6388.94
2024,10,212405,P,deslig,24,6612.69
2024,10,212405,Q,adm,50,6799.64
2024,10,212405,Q,deslig,38,7979.02
2024,10,212405,R,adm,3,5064.0
2024,10,212405,R,deslig,2,5208.21
2024,10,212405,S,adm,19,5648.24
2024,10,212405,S,deslig,13,5929.3
2024,10,212410,C,adm,20,4696.36
2024,10,212410,C,deslig,23,4734.02
2024,10,212410,E,adm,1,2681.57
2024,10,212410,F,adm,11,3481.75
2024,10,212410,F,deslig,3,3290.28
2024,10,212410,G,adm,55,5485.37
2024,10,212410,G,deslig,56,6005.93
2024,10,212410,H,adm,12,4552.5
2024,10,212410,H,deslig,5,5159.26
2024,10,212410,I,adm,2,2596.45
2024,10,212410,I,deslig,2,2808.76
2024,10,212410,J,adm,194,5121.69
2024,10,212410,J,deslig,272,6093.79
2024,10,212410,K,adm,45,9351.14
2024,10,212410,K,deslig,40,10333.83
2024,10,212410,L,adm,6,2545.91
2024,10,212410,M,adm,63,6092.88
2024,10,212410,M,deslig,54,6126.81
2024,10,212410,N,adm,48,6103.3
2024,10,212410,N,deslig,53,5357.33
2024,10,212410,P,adm,3,6892.58
2024,10,212410,P,deslig,10,5385.13
2024,10,212410,Q,adm,4,4732.33
2024,10,212410,Q,deslig,4,7550.63
2024,10,212410,R,adm,1,11166.66
2024,10,212410,R,deslig,4,6112.18
2024,10,212410,S,adm,7,4586.03
2024,10,212410,S,deslig,8,5367.52
2024,10,212425,A,deslig,1,21480.38
2024,10,212425,C,deslig,6,13881.36
2024,10,212425,D,deslig,1,6864.41
2024,10,212425,G,adm,4,18625.0
2024,10,212425,G,deslig,6,13756.65
2024,10,212425,H,adm,1,2785.0
2024,10,212425,J,adm,55,14736.7
2024,10,212425,J,deslig,60,13932.05
2024,10,212425,K,adm,11,13964.62
2024,10,212425,K,deslig,3,12116.72
2024,10,212425,M,adm,12,19736.11
2024,10,212425,M,deslig,10,13802.29
2024,10,212425,N,adm,2,42366.67
2024,10,212425,N,deslig,1,21424.5
2024,10,212425,Q,adm,1,15391.0
2024,11,203105,C,adm,4,7586.62
2024,11,203105,C,deslig,3,6283.82
2024,11,203105,G,deslig,1,20368.93
2024,11,203105,H,adm,1,13000.0
2024,11,203105,H,deslig,1,9150.0
2024,11,203105,J,adm,19,13869.56
2024,11,203105,J,deslig,3,8483.99
2024,11,203105,K,adm,2,18500.0
2024,11,203105,K,deslig,4,9867.78
2024,11,203105,M,adm,10,11222.42
2024,11,203105,M,deslig,11,11453.3
2024,11,203105,N,adm,4,6425.0
2024,11,203105,N,deslig,3,10743.17
2024,11,203105,P,adm,5,8696.61
2024,11,203105,Q,adm,1,9000.0
2024,11,203105,Q,deslig,2,10487.68
2024,11,203105,S,adm,1,12150.0
2024,11,203105,S,deslig,1,2718.0
2024,11,211205,C,adm,2,4390.0
2024,11,211205,C,deslig,1,8279.0
2024,11,211205,G,deslig,1,9017.3
2024,11,211205,H,deslig,1,3500.0
2024,11,211205,J,adm,7,10314.29
2024,11,211205,J,deslig,9,8042.85
2024,11,211205,K,adm,15,6378.61
2024,11,211205,K,deslig,4,11603.41
2024,11,211205,M,adm,5,9780.0
2024,11,211205,M,deslig,8,8764.81
2024,11,211205,N,adm,1,5500.0
2024,11,211205,N,deslig,2,5585.91
2024,11,211205,Q,deslig,1,9979.5
2024,11,211210,G,adm,2,6360.0
2024,11,211210,J,adm,1,7500.0
2024,11,211210,K,adm,1,18000.0
2024,11,211210,M,adm,2,13500.0
2024,11,211210,M,deslig,2,6000.0
2024,11,211210,N,adm,3,9004.64
2024,11,211210,N,deslig,3,7413.3
2024,11,211215,J,deslig,1,10287.0
2024,11,211220,C,adm,4,6425.0
2024,11,211220,G,adm,5,9160.0
2024,11,211220,G,deslig,1,7620.0
2024,11,211220,H,deslig,1,3000.0
2024,11,211220,J,adm,13,13292.3
2024,11,211220,J,deslig,3,12767.83
2024,11,211220,K,adm,13,13144.2
2024,11,211220,K,deslig,7,12685.15
2024,11,211220,M,adm,6,13166.67
2024,11,211220,M,deslig,5,9576.62
2024,11,211220,N,adm,6,10000.0
2024,11,211220,N,deslig,2,8677.13
2024,11,211220,P,adm,2,11014.22
2024,11,211220,P,deslig,1,5816.19
2024,11,212205,C,adm,1,10000.0
2024,11,212205,C,deslig,9,10813.36
2024,11,212205,G,adm,4,7443.88
2024,11,212205,G,deslig,5,11126.04
2024,11,212205,J,adm,66,14071.52
2024,11,212205,J,deslig,39,14662.55
2024,11,212205,K,adm,15,17104.57
2024,11,212205,K,deslig,5,10919.85
2024,11,212205,M,adm,63,14149.37
2024,11,212205,M,deslig,27,12972.9
2024,11,212205,N,adm,19,25221.31
2024,11,212205,N,deslig,13,19599.45
2024,11,212205,S,deslig,1,6500.0
2024,11,212210,C,adm,1,14464.0
2024,11,212210,C,deslig,2,9020.0
2024,11,212210,G,adm,2,14697.0
2024,11,212210,G,deslig,2,22307.35
2024,11,212210,J,adm,4,16999.0
2024,11,212210,J,deslig,1,8900.0
2024,11,212210,M,adm,1,10000.0
2024,11,212210,M,deslig,9,19489.28
2024,11,212210,N,adm,5,10400.0
2024,11,212210,R,adm,1,13000.0
2024,11,212215,C,adm,2,13166.95
2024,11,212215,C,deslig,2,11628.1
2024,11,212215,D,deslig,1,6368.24
2024,11,212215,G,adm,5,8933.4
2024,11,212215,G,deslig,6,8097.81
2024,11,212215,H,adm,1,3000.0
2024,11,212215,J,adm,120,14121.09
2024,11,212215,J,deslig,74,14075.78
2024,11,212215,K,adm,47,9850.68
2024,11,212215,K,deslig,17,15112.88
2024,11,212215,M,adm,22,19417.25
2024,11,212215,M,deslig,15,17675.15
2024,11,212215,N,adm,24,28820.2
2024,11,212215,N,deslig,37,27096.35
2024,11,212215,P,adm,1,7073.9
2024,11,212215,Q,deslig,1,12579.84
2024,11,212215,R,deslig,1,8484.98
2024,11,212305,C,adm,2,2385.78
2024,11,212305,C,deslig,2,11566.03
2024,11,212305,F,deslig,1,5750.0
2024,11,212305,G,adm,4,10473.75
2024,11,212305,G,deslig,6,12379.54
2024,11,212305,H,deslig,2,5004.25
2024,11,212305,I,deslig,1,14399.78
2024,11,212305,J,adm,50,9726.9
2024,11,212305,J,deslig,48,8635.29
2024,11,212305,K,adm,23,10736.42
2024,11,212305,K,deslig,15,11485.66
2024,11,212305,L,deslig,1,12129.48
2024,11,212305,M,adm,30,11669.46
2024,11,212305,M,deslig,17,11819.52
2024,11,212305,N,adm,17,8359.23
2024,11,212305,N,deslig,8,11419.85
2024,11,212305,P,deslig,1,6250.2
2024,11,212305,Q,adm,1,5389.04
2024,11,212305,Q,deslig,1,6000.0
2024,11,212305,S,adm,1,6297.96
2024,11,212405,A,adm,6,5860.93
2024,11,212405,A,deslig,7,6829.35
2024,11,212405,B,adm,2,5164.39
2024,11,212405,B,deslig,1,2865.53
2024,11,212405,C,adm,130,9058.92
2024,11,212405,C,deslig,98,7966.11
2024,11,212405,D,adm,6,10844.38
2024,11,212405,D,deslig,8,12268.45
2024,11,212405,E,adm,2,10350.0
2024,11,212405,E,deslig,3,15189.9
2024,11,212405,F,adm,12,5811.4
2024,11,212405,F,deslig,10,6388.92
2024,11,212405,G,adm,158,7758.66
2024,11,212405,G,deslig,161,7574.18
2024,11,212405,H,adm,19,6239.12
2024,11,212405,H,deslig,31,6936.27
2024,11,212405,I,adm,4,3455.31
2024,11,212405,I,deslig,4,2987.05
2024,11,212405,J,adm,1667,8224.9
2024,11,212405,J,deslig,1340,8546.2
2024,11,212405,K,adm,442,10484.44
2024,11,212405,K,deslig,293,10355.34
2024,11,212405,L,adm,13,12801.54
2024,11,212405,L,deslig,9,12677.75
2024,11,212405,M,adm,311,8793.61
2024,11,212405,M,deslig,258,8451.03
2024,11,212405,N,adm,167,7728.95
2024,11,212405,N,deslig,162,7417.17
2024,11,212405,O,adm,1,3580.08
2024,11,212405,P,adm,13,7353.23
2024,11,212405,P,deslig,19,7588.8
2024,11,212405,Q,adm,27,9307.3
2024,11,212405,Q,deslig,34,7695.79
2024,11,212405,R,adm,3,5833.33
2024,11,212405,R,deslig,1,6877.3
2024,11,212405,S,adm,23,4797.74
2024,11,212405,S,deslig,16,4409.74
2024,11,212410,A,adm,1,13000.0
2024,11,212410,C,adm,21,5485.99
2024,11,212410,C,deslig,21,5950.76
2024,11,212410,D,deslig,5,11607.63
2024,11,212410,F,adm,12,3706.66
2024,11,212410,F,deslig,3,3768.22
2024,11,212410,G,adm,63,5435.29
2024,11,212410,G,deslig,60,5977.7
2024,11,212410,H,adm,8,4870.25
2024,11,212410,H,deslig,12,4846.47
2024,11,212410,I,adm,2,7250.0
2024,11,212410,J,adm,184,6581.59
2024,11,212410,J,deslig,211,6269.86
2024,11,212410,K,adm,42,8264.84
2024,11,212410,K,deslig,27,10929.5
2024,11,212410,L,deslig,1,7425.0
2024,11,212410,M,adm,48,7661.01
2024,11,212410,M,deslig,42,5028.0
2024,11,212410,N,adm,61,5216.97
2024,11,212410,N,deslig,62,5362.63
2024,11,212410,P,adm,10,3430.0
2024,11,212410,P,deslig,13,5064.98
2024,11,212410,Q,adm,5,4865.47
2024,11,212410,Q,deslig,7,3370.03
2024,11,212410,R,adm,1,2800.0
2024,11,212410,R,deslig,2,5406.71
2024,11,212410,S,adm,12,6053.51
2024,11,212410,S,deslig,10,5626.23
2024,11,212425,C,adm,1,18800.0
2024,11,212425,C,deslig,4,14752.41
2024,11,212425,D,deslig,1,10916.08
2024,11,212425,G,adm,4,7332.5
2024,11,212425,G,deslig,3,18109.91
2024,11,212425,J,adm,60,14602.09
2024,11,212425,J,deslig,43,15501.51
2024,11,212425,K,adm,13,16949.54
2024,11,212425,K,deslig,6,9111.28
2024,11,212425,M,adm,11,16581.82
2024,11,212425,M,deslig,9,13280.91
2024,11,212425,N,adm,9,21962.29
2024,11,212425,N,deslig,3,15749.68
2024,12,203105,C,adm,2,8451.76
2024,12,203105,C,deslig,1,10061.52
2024,12,203105,G,deslig,2,10990.93
2024,12,203105,J,adm,5,13822.3
2024,12,203105,J,deslig,8,8019.81
2024,12,203105,K,adm,2,5731.0
2024,12,203105,K,deslig,4,8897.41
2024,12,203105,M,adm,7,10696.7
2024,12,203105,M,deslig,8,19576.43
2024,12,203105,N,adm,2,5000.0
2024,12,203105,N,deslig,5,9337.72
2024,12,203105,Q,adm,1,8145.94
2024,12,211205,C,adm,1,1620.0
2024,12,211205,C,deslig,2,13095.75
2024,12,211205,G,deslig,1,5707.57
2024,12,211205,H,adm,1,2215.01
2024,12,211205,H,deslig,1,2215.01
2024,12,211205,J,adm,2,4250.0
2024,12,211205,J,deslig,6,10668.88
2024,12,211205,K,adm,2,5786.32
2024,12,211205,K,deslig,5,15072.96
2024,12,211205,M,deslig,6,6832.61
2024,12,211205,N,deslig,2,9476.4
2024,12,211205,Q,adm,3,6610.71
2024,12,211205,Q,deslig,3,8839.15
2024,12,211205,R,adm,1,2405.0
2024,12,211210,C,deslig,3,13236.15
2024,12,211210,K,deslig,1,8080.0
2024,12,211210,N,deslig,4,5947.47
2024,12,211215,N,deslig,1,4833.0
2024,12,211220,A,adm,1,3100.0
2024,12,211220,C,adm,1,5780.5
2024,12,211220,C,deslig,3,11418.87
2024,12,211220,G,adm,4,9125.0
2024,12,211220,G,deslig,1,5000.0
2024,12,211220,H,adm,1,3030.0
2024,12,211220,J,adm,11,8890.91
2024,12,211220,J,deslig,8,12304.32
2024,12,211220,K,adm,11,13055.78
2024,12,211220,K,deslig,6,9513.51
2024,12,211220,M,adm,6,13527.78
2024,12,211220,M,deslig,3,8427.39
2024,12,211220,N,adm,3,8487.18
2024,12,211220,N,deslig,4,15250.74
2024,12,211220,P,adm,1,12000.0
2024,12,211220,P,deslig,1,11610.09
2024,12,212205,C,adm,3,7557.86
2024,12,212205,C,deslig,4,13616.03
2024,12,212205,G,adm,9,18043.59
2024,12,212205,G,deslig,4,7829.47
2024,12,212205,J,adm,63,16124.51
2024,12,212205,J,deslig,58,15546.96
2024,12,212205,K,adm,12,13053.33
2024,12,212205,K,deslig,2,8100.0
2024,12,212205,M,adm,63,16413.34
2024,12,212205,M,deslig,21,17121.9
2024,12,212205,N,adm,11,17050.76
2024,12,212205,N,deslig,10,16448.84
2024,12,212210,C,adm,1,10500.0
2024,12,212210,J,deslig,2,6494.48
2024,12,212210,M,deslig,2,17903.39
2024,12,212210,N,adm,1,11000.0
2024,12,212210,N,deslig,1,13500.3
2024,12,212215,C,adm,1,14000.0
2024,12,212215,C,deslig,1,12565.2
2024,12,212215,F,adm,2,9131.94
2024,12,212215,G,adm,1,5000.0
2024,12,212215,G,deslig,1,6722.82
2024,12,212215,H,deslig,1,12800.0
2024,12,212215,J,adm,71,12652.75
2024,12,212215,J,deslig,89,14122.03
2024,12,212215,K,adm,9,22023.17
2024,12,212215,K,deslig,17,12521.98
2024,12,212215,M,adm,16,21013.59
2024,12,212215,M,deslig,15,25588.07
2024,12,212215,N,adm,16,24614.29
2024,12,212215,N,deslig,27,18136.55
2024,12,212215,Q,adm,2,16250.0
2024,12,212215,S,deslig,2,9619.25
2024,12,212305,F,deslig,1,7000.0
2024,12,212305,G,adm,3,6915.0
2024,12,212305,G,deslig,4,6527.65
2024,12,212305,H,adm,1,1557.44
2024,12,212305,I,deslig,1,5703.5
2024,12,212305,J,adm,39,9896.64
2024,12,212305,J,deslig,35,10077.71
2024,12,212305,K,adm,18,12803.24
2024,12,212305,K,deslig,9,9026.42
2024,12,212305,L,adm,2,25000.0
2024,12,212305,L,deslig,1,22716.02
2024,12,212305,M,adm,17,13914.18
2024,12,212305,M,deslig,9,9447.43
2024,12,212305,N,adm,9,9288.04
2024,12,212305,N,deslig,19,7604.54
2024,12,212305,P,deslig,3,9049.91
2024,12,212305,Q,adm,1,2640.31
2024,12,212305,Q,deslig,2,9779.81
2024,12,212405,A,adm,4,3325.0
2024,12,212405,A,deslig,2,13517.73
2024,12,212405,C,adm,83,8402.08
2024,12,212405,C,deslig,93,9466.41
2024,12,212405,D,adm,4,9004.76
2024,12,212405,D,deslig,2,14062.13
2024,12,212405,E,adm,1,4400.0
2024,12,212405,F,adm,8,5750.95
2024,12,212405,F,deslig,13,4567.24
2024,12,212405,G,adm,129,8201.46
2024,12,212405,G,deslig,133,6806.69
2024,12,212405,H,adm,10,5868.93
2024,12,212405,H,deslig,15,4989.19
2024,12,212405,I,adm,4,4224.34
2024,12,212405,I,deslig,2,4069.82
2024,12,212405,J,adm,1296,8240.45
2024,12,212405,J,deslig,1196,8777.59
2024,12,212405,K,adm,294,10365.67
2024,12,212405,K,deslig,239,10589.46
2024,12,212405,L,adm,8,17553.12
2024,12,212405,L,deslig,6,12145.05
2024,12,212405,M,adm,192,8948.3
2024,12,212405,M,deslig,218,9226.97
2024,12,212405,N,adm,106,9427.59
2024,12,212405,N,deslig,113,6780.23
2024,12,212405,P,adm,13,5875.95
2024,12,212405,P,deslig,12,4372.08
2024,12,212405,Q,adm,29,8053.26
2024,12,212405,Q,deslig,31,8852.95
2024,12,212405,R,deslig,1,7095.3
2024,12,212405,S,adm,8,4063.46
2024,12,212405,S,deslig,18,5537.3
2024,12,212410,A,deslig,1,10567.0
2024,12,212410,C,adm,9,4963.92
2024,12,212410,C,deslig,20,4717.16
2024,12,212410,D,deslig,2,8031.48
2024,12,212410,F,adm,2,4012.95
2024,12,212410,F,deslig,5,3793.49
2024,12,212410,G,adm,44,7778.54
2024,12,212410,G,deslig,36,6728.38
2024,12,212410,H,adm,13,7692.73
2024,12,212410,H,deslig,8,6181.12
2024,12,212410,I,adm,3,5516.67
2024,12,212410,I,deslig,1,2480.5
2024,12,212410,J,adm,146,7029.07
2024,12,212410,J,deslig,164,5679.12
2024,12,212410,K,adm,40,8621.24
2024,12,212410,K,deslig,25,8979.36
2024,12,212410,L,adm,1,3034.6
2024,12,212410,M,adm,33,7835.58
2024,12,212410,M,deslig,52,7412.23
2024,12,212410,N,adm,52,5408.36
2024,12,212410,N,deslig,46,5180.26
2024,12,212410,P,adm,4,4736.19
2024,12,212410,P,deslig,7,5324.65
2024,12,212410,Q,adm,4,5723.92
2024,12,212410,Q,deslig,4,4080.31
2024,12,212410,R,adm,2,8000.0
2024,12,212410,S,adm,9,4394.44
2024,12,212410,S,deslig,11,6383.17
2024,12,212425,C,adm,1,25000.0
2024,12,212425,C,deslig,4,16370.09
2024,12,212425,D,adm,1,14419.78
2024,12,212425,G,adm,4,13625.0
2024,12,212425,G,deslig,3,19161.06
2024,12,212425,H,adm,2,19100.0
2024,12,212425,J,adm,38,16948.11
2024,12,212425,J,deslig,48,16863.8
2024,12,212425,K,adm,6,14006.17
2024,12,212425,K,deslig,4,14040.8
2024,12,212425,M,adm,2,23958.33
2024,12,212425,M,deslig,6,9013.43
2024,12,212425,N,adm,6,32570.21
2025,1,203105,C,adm,3,9181.98
2025,1,203105,C,deslig,5,10399.6
2025,1,203105,G,adm,1,16000.0
2025,1,203105,G,deslig,2,5672.62
2025,1,203105,H,adm,3,9719.33
2025,1,203105,J,adm,14,17077.38
2025,1,203105,J,deslig,5,7156.87
2025,1,203105,K,adm,2,12488.5
2025,1,203105,K,deslig,3,9603.65
2025,1,203105,M,adm,17,7610.93
2025,1,203105,M,deslig,7,12546.9
2025,1,203105,N,adm,3,9500.0
2025,1,203105,N,deslig,1,8586.36
2025,1,203105,Q,deslig,1,10248.49
2025,1,211205,C,adm,2,3615.47
2025,1,211205,E,adm,1,3000.0
2025,1,211205,G,adm,2,10050.0
2025,1,211205,G,deslig,1,10274.03
2025,1,211205,H,adm,3,7779.35
2025,1,211205,J,adm,9,7167.96
2025,1,211205,J,deslig,3,8758.62
2025,1,211205,K,adm,7,12035.04
2025,1,211205,K,deslig,7,13980.92
2025,1,211205,M,adm,9,7723.11
2025,1,211205,M,deslig,16,8618.67
2025,1,211205,N,adm,3,3238.67
2025,1,211205,P,deslig,1,3000.0
2025,1,211205,Q,adm,3,7711.15
2025,1,211205,Q,deslig,2,7432.53
2025,1,211205,R,deslig,1,6425.0
2025,1,211205,S,adm,1,13000.0
2025,1,211210,C,adm,1,4818.7
2025,1,211210,G,adm,2,5400.0
2025,1,211210,J,adm,2,6332.26
2025,1,211210,J,deslig,2,10988.9
2025,1,211210,K,adm,1,7290.33
2025,1,211210,K,deslig,2,15741.7
2025,1,211210,M,adm,1,9595.0
2025,1,211210,N,adm,1,15000.0
2025,1,211210,N,deslig,1,4104.0
2025,1,211210,P,deslig,1,0.0
2025,1,211210,Q,deslig,1,6150.44
2025,1,211215,J,adm,2,7451.0
2025,1,211215,J,deslig,1,13618.64
2025,1,211215,N,adm,2,6575.0
2025,1,211220,C,adm,3,6001.36
2025,1,211220,C,deslig,2,9164.0
2025,1,211220,G,adm,6,13786.33
2025,1,211220,G,deslig,2,13683.58
2025,1,211220,H,adm,1,2488.0
2025,1,211220,J,adm,10,11299.97
2025,1,211220,J,deslig,7,11239.61
2025,1,211220,K,adm,4,11991.93
2025,1,211220,K,deslig,6,11095.89
2025,1,211220,M,adm,7,12173.81
2025,1,211220,M,deslig,5,14157.52
2025,1,211220,N,adm,6,22237.18
2025,1,211220,N,deslig,8,15794.18
2025,1,211220,P,adm,1,5760.49
2025,1,211220,Q,adm,1,8804.0
2025,1,211220,S,adm,1,8371.28
2025,1,212205,C,adm,1,9500.0
2025,1,212205,F,deslig,1,16548.62
2025,1,212205,G,adm,3,9779.97
2025,1,212205,G,deslig,4,14128.29
2025,1,212205,J,adm,57,16247.53
2025,1,212205,J,deslig,38,12922.79
2025,1,212205,K,adm,10,19839.57
2025,1,212205,K,deslig,10,8081.82
2025,1,212205,M,adm,82,14446.63
2025,1,212205,M,deslig,26,16771.25
2025,1,212205,N,adm,12,18634.17
2025,1,212205,N,deslig,9,26669.64
2025,1,212205,P,deslig,2,12500.0
2025,1,212205,R,adm,2,17500.0
2025,1,212210,C,deslig,1,8170.67
2025,1,212210,D,adm,1,19400.0
2025,1,212210,G,adm,1,10675.94
2025,1,212210,G,deslig,1,14697.0
2025,1,212210,J,adm,4,6750.0
2025,1,212210,J,deslig,6,7719.61
2025,1,212210,M,adm,1,6151.73
2025,1,212210,M,deslig,3,12634.01
2025,1,212210,N,deslig,3,15325.66
2025,1,212210,R,adm,3,8000.0
2025,1,212215,C,deslig,2,7174.45
2025,1,212215,F,deslig,1,7416.48
2025,1,212215,G,adm,2,13500.0
2025,1,212215,G,deslig,2,7961.62
2025,1,212215,H,deslig,1,3000.0
2025,1,212215,J,adm,102,14561.99
2025,1,212215,J,deslig,113,12284.48
2025,1,212215,K,adm,18,16362.96
2025,1,212215,K,deslig,24,18081.27
2025,1,212215,M,adm,25,29256.28
2025,1,212215,M,deslig,36,19222.35
2025,1,212215,N,adm,38,25583.31
2025,1,212215,N,deslig,26,23603.55
2025,1,212215,P,adm,1,2500.0
2025,1,212215,P,deslig,1,5183.0
2025,1,212215,Q,deslig,2,14000.0
2025,1,212215,R,adm,6,10833.33
2025,1,212215,R,deslig,1,18802.24
2025,1,212305,A,deslig,1,11000.0
2025,1,212305,C,adm,3,11131.67
2025,1,212305,C,deslig,6,13638.52
2025,1,212305,D,deslig,1,11151.83
2025,1,212305,F,adm,1,10073.0
2025,1,212305,G,adm,6,11104.33
2025,1,212305,G,deslig,7,12722.74
2025,1,212305,H,adm,1,7378.64
2025,1,212305,J,adm,52,8899.53
2025,1,212305,J,deslig,58,10610.5
2025,1,212305,K,adm,14,12742.86
2025,1,212305,K,deslig,21,9101.41
2025,1,212305,L,adm,3,29733.33
2025,1,212305,L,deslig,2,12755.38
2025,1,212305,M,adm,25,10822.96
2025,1,212305,M,deslig,17,11006.19
2025,1,212305,N,adm,18,8393.28
2025,1,212305,N,deslig,18,8173.19
2025,1,212305,Q,adm,3,8539.88
2025,1,212305,Q,deslig,1,10339.0
2025,1,212305,S,adm,1,2600.0
2025,1,212405,A,adm,4,7228.42
2025,1,212405,A,deslig,2,4111.93
2025,1,212405,B,deslig,1,4300.0
2025,1,212405,C,adm,186,8367.82
2025,1,212405,C,deslig,116,8843.25
2025,1,212405,D,adm,5,9098.17
2025,1,212405,D,deslig,10,11205.78
2025,1,212405,E,adm,2,4693.0
2025,1,212405,E,deslig,1,9390.99
2025,1,212405,F,adm,28,6282.95
2025,1,212405,F,deslig,20,6357.49
2025,1,212405,G,adm,150,7752.42
2025,1,212405,G,deslig,154,7417.56
2025,1,212405,H,adm,26,7817.14
2025,1,212405,H,deslig,18,6045.17
2025,1,212405,I,adm,2,4850.0
2025,1,212405,I,deslig,5,4368.39
2025,1,212405,J,adm,1616,7540.58
2025,1,212405,J,deslig,1643,8353.48
2025,1,212405,K,adm,543,9806.66
2025,1,212405,K,deslig,393,10450.13
2025,1,212405,L,adm,23,20089.57
2025,1,212405,L,deslig,9,16088.66
2025,1,212405,M,adm,339,8671.62
2025,1,212405,M,deslig,371,8572.44
2025,1,212405,N,adm,163,7499.98
2025,1,212405,N,deslig,175,7542.28
2025,1,212405,P,adm,20,4283.68
2025,1,212405,P,deslig,26,6083.38
2025,1,212405,Q,adm,43,6605.65
2025,1,212405,Q,deslig,35,7511.73
2025,1,212405,R,adm,12,13882.37
2025,1,212405,R,deslig,1,6300.0
2025,1,212405,S,adm,17,5284.49
2025,1,212405,S,deslig,13,4480.5
2025,1,212410,A,adm,1,5000.0
2025,1,212410,A,deslig,2,4777.03
2025,1,212410,C,adm,24,5896.18
2025,1,212410,C,deslig,13,4902.94
2025,1,212410,D,adm,2,15250.0
2025,1,212410,F,adm,6,4300.49
2025,1,212410,F,deslig,20,4213.33
2025,1,212410,G,adm,65,4524.55
2025,1,212410,G,deslig,36,4802.44
2025,1,212410,H,adm,8,6085.65
2025,1,212410,H,deslig,6,3101.92
2025,1,212410,I,adm,5,5394.0
2025,1,212410,I,deslig,1,2334.78
2025,1,212410,J,adm,226,5956.44
2025,1,212410,J,deslig,215,6006.63
2025,1,212410,K,adm,45,8600.42
2025,1,212410,K,deslig,31,9657.46
2025,1,212410,L,adm,2,6000.0
2025,1,212410,L,deslig,2,2643.75
2025,1,212410,M,adm,82,8537.09
2025,1,212410,M,deslig,58,6855.35
2025,1,212410,N,adm,71,5593.55
2025,1,212410,N,deslig,64,5064.68
2025,1,212410,P,adm,12,4935.62
2025,1,212410,P,deslig,10,4510.56
2025,1,212410,Q,adm,4,3888.41
2025,1,212410,Q,deslig,6,3189.09
2025,1,212410,R,adm,6,5570.62
2025,1,212410,S,adm,16,4709.53
2025,1,212410,S,deslig,7,4305.01
2025,1,212425,C,adm,4,13589.71
2025,1,212425,C,deslig,6,18352.09
2025,1,212425,G,adm,6,17646.5
2025,1,212425,G,deslig,11,10997.71
2025,1,212425,H,adm,1,3500.0
2025,1,212425,H,deslig,1,21306.25
2025,1,212425,J,adm,44,16700.53
2025,1,212425,J,deslig,74,16497.64
2025,1,212425,K,adm,11,10667.64
2025,1,212425,K,deslig,3,14266.37
2025,1,212425,M,adm,35,14248.63
2025,1,212425,M,deslig,10,17357.79
2025,1,212425,N,adm,5,16446.57
2025,1,212425,N,deslig,3,34066.85
2025,2,203105,C,adm,20,551296.28
2025,2,203105,C,deslig,6,9607.83
2025,2,203105,G,deslig,1,6417.35
2025,2,203105,H,adm,1,7200.0
2025,2,203105,J,adm,16,14490.64
2025,2,203105,J,deslig,13,12209.17
2025,2,203105,K,adm,3,23000.0
2025,2,203105,M,adm,13,9846.7
2025,2,203105,M,deslig,8,10379.96
2025,2,203105,N,adm,5,7714.4
2025,2,203105,N,deslig,4,11274.66
2025,2,203105,Q,deslig,2,12177.8
2025,2,211205,A,adm,1,1640.0
2025,2,211205,C,adm,1,8000.0
2025,2,211205,F,deslig,2,3282.27
2025,2,211205,G,adm,2,10750.0
2025,2,211205,G,deslig,1,12013.6
2025,2,211205,I,deslig,1,3500.0
2025,2,211205,J,adm,3,7333.33
2025,2,211205,J,deslig,10,9093.75
2025,2,211205,K,adm,12,7037.31
2025,2,211205,K,deslig,6,9514.26
2025,2,211205,M,adm,7,7720.6
2025,2,211205,M,deslig,10,7336.72
2025,2,211205,N,adm,1,7000.0
2025,2,211205,N,deslig,4,14842.03
2025,2,211205,Q,adm,5,6324.78
2025,2,211205,Q,deslig,1,5100.2
2025,2,211205,R,adm,1,8412.0
2025,2,211210,G,adm,2,2750.0
2025,2,211210,H,deslig,2,7250.0
2025,2,211210,J,adm,1,8660.0
2025,2,211210,J,deslig,1,16800.0
2025,2,211210,N,adm,3,6078.21
2025,2,211210,N,deslig,4,6405.72
2025,2,211220,C,adm,2,11250.0
2025,2,211220,C,deslig,4,6604.6
2025,2,211220,G,adm,3,17397.25
2025,2,211220,G,deslig,1,2300.0
2025,2,211220,H,deslig,1,3030.0
2025,2,211220,J,adm,22,9267.83
2025,2,211220,J,deslig,9,11315.35
2025,2,211220,K,adm,7,14010.95
2025,2,211220,K,deslig,1,8000.0
2025,2,211220,M,adm,6,14012.38
2025,2,211220,M,deslig,3,13626.0
2025,2,211220,N,adm,11,9666.82
2025,2,211220,N,deslig,7,12232.06
2025,2,211220,P,deslig,1,14471.84
2025,2,211220,Q,deslig,1,16000.0
2025,2,211220,R,adm,2,12000.0
2025,2,211220,R,deslig,1,24098.0
2025,2,211220,S,deslig,1,4535.37
2025,2,212205,C,adm,3,7793.75
2025,2,212205,C,deslig,2,9087.67
2025,2,212205,G,adm,8,9562.0
2025,2,212205,G,deslig,7,15705.34
2025,2,212205,H,deslig,1,14235.73
2025,2,212205,J,adm,55,12178.43
2025,2,212205,J,deslig,55,13988.42
2025,2,212205,K,adm,7,15514.05
2025,2,212205,K,deslig,9,13203.64
2025,2,212205,L,deslig,1,9544.12
2025,2,212205,M,adm,63,16074.34
2025,2,212205,M,deslig,21,17297.6
2025,2,212205,N,adm,52,29657.57
2025,2,212205,N,deslig,13,18177.71
2025,2,212205,S,adm,1,2025.0
2025,2,212210,C,adm,1,15240.58
2025,2,212210,D,deslig,1,20945.58
2025,2,212210,J,adm,3,31414.81
2025,2,212210,J,deslig,2,12949.33
2025,2,212210,M,deslig,3,18206.95
2025,2,212210,N,adm,2,26000.0
2025,2,212210,N,deslig,2,19337.01
2025,2,212215,C,adm,4,13925.38
2025,2,212215,F,adm,1,4420.35
2025,2,212215,G,adm,1,20000.0
2025,2,212215,G,deslig,3,10443.64
2025,2,212215,H,deslig,1,17198.33
2025,2,212215,J,adm,166,11118.9
2025,2,212215,J,deslig,71,13699.53
2025,2,212215,K,adm,13,11124.69
2025,2,212215,K,deslig,22,15704.42
2025,2,212215,L,deslig,3,13536.43
2025,2,212215,M,adm,24,18644.19
2025,2,212215,M,deslig,12,17966.75
2025,2,212215,N,adm,20,21944.3
2025,2,212215,N,deslig,22,23396.32
2025,2,212215,P,adm,1,6624.0
2025,2,212215,R,adm,8,10517.75
2025,2,212215,R,deslig,4,11846.52
2025,2,212305,B,adm,1,18500.0
2025,2,212305,C,adm,2,5679.69
2025,2,212305,C,deslig,3,7671.33
2025,2,212305,D,adm,1,5214.32
2025,2,212305,D,deslig,1,6625.39
2025,2,212305,G,adm,7,7269.67
2025,2,212305,G,deslig,5,12437.98
2025,2,212305,H,deslig,2,10711.72
2025,2,212305,J,adm,78,8697.55
2025,2,212305,J,deslig,45,8927.61
2025,2,212305,K,adm,16,10711.83
2025,2,212305,K,deslig,13,11199.76
2025,2,212305,L,adm,1,32000.0
2025,2,212305,L,deslig,2,25405.12
2025,2,212305,M,adm,16,12297.44
2025,2,212305,M,deslig,22,9997.13
2025,2,212305,N,adm,15,11156.09
2025,2,212305,N,deslig,23,8161.7
2025,2,212305,P,adm,3,8366.67
2025,2,212305,P,deslig,1,2800.0
2025,2,212305,Q,adm,1,6000.0
2025,2,212305,S,deslig,1,1518.0
2025,2,212405,A,adm,5,5139.94
2025,2,212405,A,deslig,4,3672.0
2025,2,212405,B,adm,2,3013.0
2025,2,212405,C,adm,189,25682.22
2025,2,212405,C,deslig,104,8227.93
2025,2,212405,D,adm,5,9969.17
2025,2,212405,D,deslig,5,11511.49
2025,2,212405,E,adm,1,4012.8
2025,2,212405,E,deslig,17,15135.67
2025,2,212405,F,adm,15,6589.44
2025,2,212405,F,deslig,16,6688.58
2025,2,212405,G,adm,135,7580.42
2025,2,212405,G,deslig,188,8185.28
2025,2,212405,H,adm,33,6581.45
2025,2,212405,H,deslig,40,6886.98
2025,2,212405,I,adm,3,5169.07
2025,2,212405,I,deslig,1,2800.0
2025,2,212405,J,adm,1658,8240.51
2025,2,212405,J,deslig,1514,8617.8
2025,2,212405,K,adm,402,10750.51
2025,2,212405,K,deslig,388,10728.74
2025,2,212405,L,adm,21,18242.38
2025,2,212405,L,deslig,6,10893.06
2025,2,212405,M,adm,258,8892.78
2025,2,212405,M,deslig,337,8925.63
2025,2,212405,N,adm,154,7575.06
2025,2,212405,N,deslig,183,8337.57
2025,2,212405,O,adm,3,5326.96
2025,2,212405,P,adm,20,8971.44
2025,2,212405,P,deslig,17,5593.68
2025,2,212405,Q,adm,49,8084.07
2025,2,212405,Q,deslig,34,7817.28
2025,2,212405,R,adm,4,6690.55
2025,2,212405,R,deslig,5,9155.57
2025,2,212405,S,adm,27,5156.27
2025,2,212405,S,deslig,16,5757.52
2025,2,212410,A,deslig,1,7926.0
2025,2,212410,C,adm,33,5328.32
2025,2,212410,C,deslig,24,5365.13
2025,2,212410,D,adm,1,11220.0
2025,2,212410,F,adm,13,5248.64
2025,2,212410,F,deslig,12,3237.87
2025,2,212410,G,adm,64,4764.4
2025,2,212410,G,deslig,63,4827.03
2025,2,212410,H,adm,14,5388.56
2025,2,212410,H,deslig,7,5938.37
2025,2,212410,I,adm,3,2430.0
2025,2,212410,I,deslig,2,6765.65
2025,2,212410,J,adm,255,5356.83
2025,2,212410,J,deslig,168,5571.05
2025,2,212410,K,adm,47,10210.26
2025,2,212410,K,deslig,29,11713.31
2025,2,212410,L,deslig,1,3184.3
2025,2,212410,M,adm,88,6967.62
2025,2,212410,M,deslig,73,5417.67
2025,2,212410,N,adm,79,4894.14
2025,2,212410,N,deslig,64,5929.98
2025,2,212410,P,adm,6,5614.14
2025,2,212410,P,deslig,12,4831.43
2025,2,212410,Q,adm,5,8454.44
2025,2,212410,Q,deslig,5,5485.56
2025,2,212410,R,adm,1,3800.0
2025,2,212410,R,deslig,2,5199.52
2025,2,212410,S,adm,15,3920.6
2025,2,212410,S,deslig,7,6060.26
2025,2,212425,C,adm,1,2186.28
2025,2,212425,C,deslig,5,17964.28
2025,2,212425,G,adm,4,10879.0
2025,2,212425,G,deslig,8,16345.67
2025,2,212425,H,adm,1,2000.0
2025,2,212425,H,deslig,1,2785.0
2025,2,212425,J,adm,63,18576.33
2025,2,212425,J,deslig,47,14295.7
2025,2,212425,K,adm,5,15727.31
2025,2,212425,K,deslig,3,15157.61
2025,2,212425,L,deslig,1,16000.0
2025,2,212425,M,adm,24,16927.79
2025,2,212425,M,deslig,13,15994.22
2025,2,212425,N,adm,7,17457.14
2025,2,212425,N,deslig,3,16294.0
2025,2,212425,P,adm,1,12000.0
2025,3,203105,C,adm,5,11136.04
2025,3,203105,C,deslig,2,11045.93
2025,3,203105,G,deslig,1,4731.69
2025,3,203105,H,adm,1,11000.0
2025,3,203105,H,deslig,1,10050.0
2025,3,203105,J,adm,18,10923.29
2025,3,203105,J,deslig,16,10045.14
2025,3,203105,K,adm,1,11000.0
2025,3,203105,K,deslig,3,7453.26
2025,3,203105,M,adm,14,13159.65
2025,3,203105,M,deslig,8,13580.57
2025,3,203105,N,adm,2,7367.5
2025,3,203105,N,deslig,3,9717.45
2025,3,203105,P,adm,2,9643.99
2025,3,203105,P,deslig,1,7600.0
2025,3,203105,Q,adm,2,9014.15
2025,3,203105,S,adm,1,14413.0
2025,3,211205,C,adm,2,5850.0
2025,3,211205,E,adm,1,3000.0
2025,3,211205,G,adm,1,4800.6
2025,3,211205,G,deslig,1,3023.55
2025,3,211205,H,adm,1,5000.0
2025,3,211205,J,adm,2,8887.3
2025,3,211205,J,deslig,7,8528.29
2025,3,211205,K,adm,13,10818.82
2025,3,211205,K,deslig,9,14134.34
2025,3,211205,L,adm,1,5070.0
2025,3,211205,M,adm,9,7752.02
2025,3,211205,M,deslig,6,5954.31
2025,3,211205,N,deslig,2,4207.01
2025,3,211205,Q,adm,6,6683.91
2025,3,211205,S,deslig,1,5907.73
2025,3,211210,C,adm,1,2409.74
2025,3,211210,C,deslig,2,7912.89
2025,3,211210,J,adm,1,17500.0
2025,3,211210,J,deslig,2,5306.61
2025,3,211210,L,adm,1,7654.0
2025,3,211210,M,deslig,1,20266.85
2025,3,211210,N,deslig,4,7252.58
2025,3,211210,Q,adm,1,6150.44
2025,3,211215,M,adm,2,7000.0
2025,3,211220,C,adm,1,12500.0
2025,3,211220,C,deslig,1,6243.77
2025,3,211220,G,adm,6,8420.0
2025,3,211220,G,deslig,3,9613.43
2025,3,211220,H,adm,1,3081.76
2025,3,211220,H,deslig,1,3640.0
2025,3,211220,J,adm,15,10391.5
2025,3,211220,J,deslig,11,9701.8
2025,3,211220,K,adm,11,16043.73
2025,3,211220,K,deslig,7,11660.11
2025,3,211220,M,adm,8,13917.67
2025,3,211220,M,deslig,4,16514.82
2025,3,211220,N,adm,12,11906.67
2025,3,211220,N,deslig,4,7100.27
2025,3,211220,P,adm,3,10098.55
2025,3,211220,P,deslig,1,12202.2
2025,3,211220,Q,adm,2,27000.94
2025,3,211220,Q,deslig,4,12119.23
2025,3,211220,S,adm,1,8500.0
2025,3,211220,S,deslig,1,1640.0
2025,3,212205,C,adm,2,7558.4
2025,3,212205,C,deslig,1,10477.62
2025,3,212205,G,adm,15,14804.07
2025,3,212205,G,deslig,6,12785.48
2025,3,212205,J,adm,79,16213.69
2025,3,212205,J,deslig,67,13551.33
2025,3,212205,K,adm,12,14561.54
2025,3,212205,K,deslig,15,12613.42
2025,3,212205,M,adm,75,16367.06
2025,3,212205,M,deslig,25,17480.78
2025,3,212205,N,adm,66,22339.67
2025,3,212205,N,deslig,13,19304.36
2025,3,212205,P,adm,2,12250.0
2025,3,212205,S,deslig,1,2025.0
2025,3,212210,G,adm,1,3500.0
2025,3,212210,G,deslig,2,23962.32
2025,3,212210,J,adm,3,11916.67
2025,3,212210,J,deslig,4,16256.14
2025,3,212210,M,deslig,2,19325.01
2025,3,212210,N,adm,2,42961.54
2025,3,212210,N,deslig,1,13744.9
2025,3,212210,R,deslig,1,13000.0
2025,3,212215,A,adm,1,8000.0
2025,3,212215,C,adm,2,10250.0
2025,3,212215,D,deslig,1,4264.57
2025,3,212215,G,adm,1,17426.0
2025,3,212215,G,deslig,7,10728.99
2025,3,212215,H,adm,1,25882.0
2025,3,212215,J,adm,106,14363.43
2025,3,212215,J,deslig,76,13883.88
2025,3,212215,K,adm,19,18759.92
2025,3,212215,K,deslig,49,14761.03
2025,3,212215,L,deslig,1,12695.97
2025,3,212215,M,adm,33,21347.2
2025,3,212215,M,deslig,19,18285.16
2025,3,212215,N,adm,21,22290.15
2025,3,212215,N,deslig,19,22347.24
2025,3,212215,P,adm,1,9403.0
2025,3,212215,Q,adm,1,9000.0
2025,3,212215,R,adm,3,7666.67
2025,3,212215,R,deslig,1,13000.0
2025,3,212305,C,deslig,2,6642.33
2025,3,212305,D,adm,1,12000.0
2025,3,212305,G,adm,11,10507.36
2025,3,212305,G,deslig,4,6511.79
2025,3,212305,H,adm,1,1700.0
2025,3,212305,J,adm,71,8885.23
2025,3,212305,J,deslig,43,9389.17
2025,3,212305,K,adm,9,12500.0
2025,3,212305,K,deslig,19,11460.42
2025,3,212305,L,adm,3,22133.33
2025,3,212305,L,deslig,2,28956.48
2025,3,212305,M,adm,25,10709.98
2025,3,212305,M,deslig,32,13341.16
2025,3,212305,N,adm,9,7540.44
2025,3,212305,N,deslig,10,10081.68
2025,3,212305,P,adm,1,10000.0
2025,3,212305,Q,adm,1,9901.44
2025,3,212305,Q,deslig,3,9754.68
2025,3,212305,S,adm,1,11527.31
2025,3,212305,S,deslig,1,5354.1
2025,3,212405,A,adm,4,3776.52
2025,3,212405,A,deslig,5,5806.26
2025,3,212405,B,adm,1,4729.29
2025,3,212405,C,adm,123,8699.54
2025,3,212405,C,deslig,107,8645.84
2025,3,212405,D,adm,3,12559.11
2025,3,212405,D,deslig,6,4671.76
2025,3,212405,E,adm,1,2100.0
2025,3,212405,E,deslig,7,14799.65
2025,3,212405,F,adm,13,6499.87
2025,3,212405,F,deslig,13,5209.82
2025,3,212405,G,adm,164,8250.23
2025,3,212405,G,deslig,178,7198.91
2025,3,212405,H,adm,23,8082.91
2025,3,212405,H,deslig,28,7202.79
2025,3,212405,I,adm,3,2943.33
2025,3,212405,I,deslig,1,3235.18
2025,3,212405,J,adm,1603,8251.36
2025,3,212405,J,deslig,1467,8644.54
2025,3,212405,K,adm,427,11100.65
2025,3,212405,K,deslig,393,10941.93
2025,3,212405,L,adm,9,17096.67
2025,3,212405,L,deslig,18,11527.44
2025,3,212405,M,adm,274,9306.31
2025,3,212405,M,deslig,290,9272.35
2025,3,212405,N,adm,150,7714.75
2025,3,212405,N,deslig,166,7624.65
2025,3,212405,O,adm,2,9429.41
2025,3,212405,O,deslig,1,9012.83
2025,3,212405,P,adm,17,4983.68
2025,3,212405,P,deslig,27,6954.73
2025,3,212405,Q,adm,35,7317.93
2025,3,212405,Q,deslig,40,7074.34
2025,3,212405,R,adm,4,6750.0
2025,3,212405,R,deslig,2,10080.17
2025,3,212405,S,adm,15,5070.81
2025,3,212405,S,deslig,18,5892.88
2025,3,212410,A,adm,3,3231.85
2025,3,212410,A,deslig,1,3473.89
2025,3,212410,C,adm,23,5056.61
2025,3,212410,C,deslig,26,46607.09
2025,3,212410,D,deslig,1,17616.15
2025,3,212410,E,deslig,1,9393.35
2025,3,212410,F,adm,7,3194.36
2025,3,212410,F,deslig,8,3826.64
2025,3,212410,G,adm,58,4394.35
2025,3,212410,G,deslig,60,5067.62
2025,3,212410,H,adm,6,4671.67
2025,3,212410,H,deslig,5,5448.46
2025,3,212410,I,adm,1,3500.0
2025,3,212410,I,deslig,3,3502.87
2025,3,212410,J,adm,178,5374.7
2025,3,212410,J,deslig,203,6684.56
2025,3,212410,K,adm,36,7629.86
2025,3,212410,K,deslig,40,9589.09
2025,3,212410,M,adm,58,9393.92
2025,3,212410,M,deslig,72,7885.5
2025,3,212410,N,adm,74,7434.88
2025,3,212410,N,deslig,53,4637.36
2025,3,212410,P,adm,10,4679.8
2025,3,212410,P,deslig,13,4588.21
2025,3,212410,Q,adm,5,2828.67
2025,3,212410,Q,deslig,7,5842.83
2025,3,212410,R,adm,7,6611.49
2025,3,212410,R,deslig,1,3800.0
2025,3,212410,S,adm,10,4709.02
2025,3,212410,S,deslig,15,3887.25
2025,3,212425,C,adm,2,19108.5
2025,3,212425,C,deslig,4,15573.38
2025,3,212425,D,adm,1,17000.0
2025,3,212425,G,adm,8,11562.5
2025,3,212425,G,deslig,4,7275.89
2025,3,212425,J,adm,46,15524.7
2025,3,212425,J,deslig,45,16261.14
2025,3,212425,K,adm,4,11348.5
2025,3,212425,K,deslig,8,11789.43
2025,3,212425,M,adm,16,271795.19
2025,3,212425,M,deslig,18,14674.52
2025,3,212425,N,adm,2,24168.1
2025,3,212425,N,deslig,6,13618.65
2025,3,212425,Q,adm,1,11000.0
2025,3,212425,R,adm,1,14500.0
2025,3,212425,S,adm,1,2000.0
2025,4,203105,C,adm,10,362185.05
2025,4,203105,C,deslig,5,12399.11
2025,4,203105,G,deslig,1,24185.49
2025,4,203105,H,deslig,1,12000.0
2025,4,203105,J,adm,8,10988.86
2025,4,203105,J,deslig,7,13314.67
2025,4,203105,K,adm,4,8175.0
2025,4,203105,K,deslig,2,7601.14
2025,4,203105,M,adm,6,6833.99
2025,4,203105,M,deslig,10,10975.4
2025,4,203105,N,adm,3,10635.32
2025,4,203105,N,deslig,1,22255.68
2025,4,203105,P,adm,1,12384.0
2025,4,203105,P,deslig,1,6058.32
2025,4,203105,Q,adm,2,10863.4
2025,4,211205,C,deslig,1,5624.56
2025,4,211205,E,adm,1,21000.0
2025,4,211205,G,adm,3,6508.33
2025,4,211205,G,deslig,2,8292.5
2025,4,211205,H,deslig,1,8469.03
2025,4,211205,J,adm,7,5082.87
2025,4,211205,J,deslig,11,12020.55
2025,4,211205,K,adm,12,12897.62
2025,4,211205,K,deslig,18,11528.56
2025,4,211205,L,deslig,1,5070.0
2025,4,211205,M,adm,5,4876.92
2025,4,211205,M,deslig,7,6428.63
2025,4,211205,N,adm,1,4000.0
2025,4,211205,N,deslig,3,6149.77
2025,4,211205,Q,adm,8,8415.22
2025,4,211205,Q,deslig,4,8476.67
2025,4,211210,C,adm,3,14590.0
2025,4,211210,H,adm,1,2153.26
2025,4,211210,J,adm,1,16800.0
2025,4,211210,K,adm,1,3500.0
2025,4,211210,K,deslig,1,19206.35
2025,4,211210,M,adm,1,7500.0
2025,4,211210,M,deslig,1,8599.0
2025,4,211210,S,deslig,1,14759.18
2025,4,211220,C,adm,3,6200.27
2025,4,211220,F,deslig,1,4185.0
2025,4,211220,G,adm,2,20500.0
2025,4,211220,G,deslig,2,13109.82
2025,4,211220,H,adm,1,8178.35
2025,4,211220,H,deslig,2,11142.18
2025,4,211220,J,adm,21,12551.49
2025,4,211220,J,deslig,15,11338.11
2025,4,211220,K,adm,6,6780.15
2025,4,211220,K,deslig,2,14948.1
2025,4,211220,M,adm,8,14884.88
2025,4,211220,M,deslig,7,13200.1
2025,4,211220,N,adm,10,11080.7
2025,4,211220,N,deslig,2,12907.74
2025,4,211220,P,adm,2,10101.1
2025,4,211220,P,deslig,2,14060.76
2025,4,211220,Q,adm,3,11053.97
2025,4,211220,R,deslig,1,23120.68
2025,4,211220,S,adm,2,4446.93
2025,4,211220,S,deslig,2,8810.41
2025,4,212205,C,adm,4,8812.5
2025,4,212205,C,deslig,4,12386.7
2025,4,212205,F,adm,1,10025.56
2025,4,212205,G,adm,15,13551.44
2025,4,212205,G,deslig,11,15663.49
2025,4,212205,J,adm,86,14207.33
2025,4,212205,J,deslig,54,14385.58
2025,4,212205,K,adm,25,14818.15
2025,4,212205,K,deslig,11,13976.52
2025,4,212205,M,adm,70,16919.88
2025,4,212205,M,deslig,58,14329.71
2025,4,212205,N,adm,22,17042.09
2025,4,212205,N,deslig,34,19047.87
2025,4,212205,P,adm,1,12000.0
2025,4,212205,P,deslig,1,17364.0
2025,4,212210,C,adm,1,8500.0
2025,4,212210,D,deslig,1,19400.0
2025,4,212210,G,deslig,3,18184.22
2025,4,212210,J,adm,3,10910.33
2025,4,212210,J,deslig,3,19150.17
2025,4,212210,K,adm,1,8500.0
2025,4,212210,M,adm,5,19000.53
2025,4,212210,M,deslig,1,8402.66
2025,4,212210,N,adm,1,12500.0
2025,4,212215,C,adm,1,12000.0
2025,4,212215,C,deslig,2,13347.5
2025,4,212215,G,adm,7,10901.43
2025,4,212215,G,deslig,4,19945.41
2025,4,212215,J,adm,84,14477.84
2025,4,212215,J,deslig,95,14762.07
2025,4,212215,K,adm,23,12722.52
2025,4,212215,K,deslig,38,14608.28
2025,4,212215,M,adm,25,21325.32
2025,4,212215,M,deslig,22,18651.63
2025,4,212215,N,adm,21,21172.85
2025,4,212215,N,deslig,23,19948.04
2025,4,212215,R,adm,3,12796.67
2025,4,212215,R,deslig,1,20699.71
2025,4,212305,A,adm,2,8284.77
2025,4,212305,C,adm,2,8450.0
2025,4,212305,C,deslig,5,11496.92
2025,4,212305,D,adm,1,5214.32
2025,4,212305,G,adm,10,11624.7
2025,4,212305,G,deslig,9,9786.6
2025,4,212305,H,adm,2,4350.0
2025,4,212305,H,deslig,1,4369.43
2025,4,212305,J,adm,74,8313.31
2025,4,212305,J,deslig,60,9555.13
2025,4,212305,K,adm,18,11792.1
2025,4,212305,K,deslig,11,12594.79
2025,4,212305,L,adm,2,30500.0
2025,4,212305,L,deslig,3,14701.07
2025,4,212305,M,adm,29,11021.26
2025,4,212305,M,deslig,30,11982.63
2025,4,212305,N,adm,17,10255.96
2025,4,212305,N,deslig,15,8527.04
2025,4,212305,P,adm,2,7755.24
2025,4,212305,P,deslig,1,14809.54
2025,4,212305,Q,adm,1,11920.0
2025,4,212305,R,adm,2,13500.0
2025,4,212305,S,adm,1,3500.0
2025,4,212305,S,deslig,1,2611.64
2025,4,212405,A,adm,1,3500.0
2025,4,212405,A,deslig,5,3697.1
2025,4,212405,C,adm,127,32678.4
2025,4,212405,C,deslig,120,8623.48
2025,4,212405,D,adm,14,11268.7
2025,4,212405,D,deslig,4,10272.38
2025,4,212405,E,deslig,1,18182.4
2025,4,212405,F,adm,15,6811.15
2025,4,212405,F,deslig,17,4750.35
2025,4,212405,G,adm,153,8027.13
2025,4,212405,G,deslig,192,8034.78
2025,4,212405,H,adm,32,6270.74
2025,4,212405,H,deslig,37,7148.68
2025,4,212405,I,adm,2,2650.0
2025,4,212405,I,deslig,3,6448.3
2025,4,212405,J,adm,1802,8270.2
2025,4,212405,J,deslig,1657,8806.23
2025,4,212405,K,adm,562,11087.25
2025,4,212405,K,deslig,401,10689.32
2025,4,212405,L,adm,18,17003.52
2025,4,212405,L,deslig,15,12500.4
2025,4,212405,M,adm,334,9813.66
2025,4,212405,M,deslig,293,8726.91
2025,4,212405,N,adm,192,8314.12
2025,4,212405,N,deslig,192,8537.63
2025,4,212405,O,adm,2,6682.71
2025,4,212405,P,adm,27,6125.38
2025,4,212405,P,deslig,37,8227.18
2025,4,212405,Q,adm,41,7157.9
2025,4,212405,Q,deslig,21,6751.26
2025,4,212405,R,adm,4,7031.25
2025,4,212405,R,deslig,5,7717.34
2025,4,212405,S,adm,11,6153.51
2025,4,212405,S,deslig,25,6004.03
2025,4,212410,A,adm,2,10400.0
2025,4,212410,A,deslig,3,3696.0
2025,4,212410,B,deslig,1,4192.54
2025,4,212410,C,adm,28,6280.51
2025,4,212410,C,deslig,23,5284.36
2025,4,212410,D,adm,1,5800.0
2025,4,212410,E,deslig,1,2917.2
2025,4,212410,F,adm,8,6812.18
2025,4,212410,F,deslig,14,4193.27
2025,4,212410,G,adm,63,5251.31
2025,4,212410,G,deslig,55,5636.08
2025,4,212410,H,adm,5,6727.33
2025,4,212410,H,deslig,9,4196.28
2025,4,212410,I,adm,2,3694.5
2025,4,212410,I,deslig,2,4728.73
2025,4,212410,J,adm,239,4850.68
2025,4,212410,J,deslig,227,5765.99
2025,4,212410,K,adm,46,9029.16
2025,4,212410,K,deslig,35,8856.45
2025,4,212410,L,adm,1,1905.0
2025,4,212410,M,adm,65,8946.57
2025,4,212410,M,deslig,72,7514.09
2025,4,212410,N,adm,62,6925.72
2025,4,212410,N,deslig,80,5524.45
2025,4,212410,P,adm,10,6846.9
2025,4,212410,P,deslig,9,5655.23
2025,4,212410,Q,adm,3,8604.67
2025,4,212410,Q,deslig,7,6613.61
2025,4,212410,R,adm,4,4510.0
2025,4,212410,R,deslig,1,1818.06
2025,4,212410,S,adm,6,4425.86
2025,4,212410,S,deslig,7,4930.05
2025,4,212425,C,adm,2,15318.24
2025,4,212425,C,deslig,4,10708.19
2025,4,212425,D,adm,1,18000.0
2025,4,212425,G,adm,4,15477.03
2025,4,212425,G,deslig,6,12324.61
2025,4,212425,H,deslig,1,11230.2
2025,4,212425,J,adm,51,14637.49
2025,4,212425,J,deslig,68,17702.1
2025,4,212425,K,adm,7,16442.29
2025,4,212425,K,deslig,6,15469.77
2025,4,212425,M,adm,10,20597.47
2025,4,212425,M,deslig,12,16671.48
2025,4,212425,N,adm,7,12752.57
2025,4,212425,N,deslig,2,22250.0
2025,4,212425,S,adm,1,3500.0
2025,6,203105,C,adm,4,9124.99
2025,6,203105,C,deslig,4,12177.85
2025,6,203105,G,adm,4,12815.5
2025,6,203105,G,deslig,5,9579.93
2025,6,203105,H,deslig,1,10750.0
2025,6,203105,J,adm,14,11519.69
2025,6,203105,J,deslig,18,15467.81
2025,6,203105,K,adm,3,10580.48
2025,6,203105,K,deslig,4,9754.77
2025,6,203105,M,adm,15,11148.75
2025,6,203105,M,deslig,9,10836.32
2025,6,203105,N,adm,2,12000.0
2025,6,203105,N,deslig,1,11587.4
2025,6,203105,P,adm,1,12000.0
2025,6,203105,P,deslig,2,15838.12
2025,6,211205,C,adm,1,2205.0
2025,6,211205,E,adm,3,20566.67
2025,6,211205,F,deslig,1,3604.0
2025,6,211205,G,adm,1,11500.0
2025,6,211205,G,deslig,2,2650.48
2025,6,211205,H,adm,1,8469.03
2025,6,211205,J,adm,6,8016.67
2025,6,211205,J,deslig,6,10135.62
2025,6,211205,K,adm,10,14491.62
2025,6,211205,K,deslig,11,14322.22
2025,6,211205,M,adm,9,7314.05
2025,6,211205,M,deslig,5,9289.96
2025,6,211205,N,deslig,3,16020.63
2025,6,211205,P,adm,1,2800.0
2025,6,211205,Q,adm,4,6164.22
2025,6,211205,Q,deslig,1,9711.43
2025,6,211205,R,deslig,1,21194.0
2025,6,211210,G,adm,1,1696.4
2025,6,211210,G,deslig,1,3307.5
2025,6,211210,J,deslig,1,18511.57
2025,6,211215,J,adm,2,8600.0
2025,6,211220,C,adm,1,9149.0
2025,6,211220,D,deslig,1,12781.18
2025,6,211220,F,adm,2,6450.0
2025,6,211220,G,adm,4,13787.5
2025,6,211220,G,deslig,4,5945.32
2025,6,211220,H,adm,2,6557.45
2025,6,211220,J,adm,30,17064.5
2025,6,211220,J,deslig,10,12741.84
2025,6,211220,K,adm,12,9794.52
2025,6,211220,K,deslig,8,13234.12
2025,6,211220,M,adm,10,15092.95
2025,6,211220,M,deslig,4,12830.3
2025,6,211220,N,adm,10,14806.92
2025,6,211220,N,deslig,5,10806.73
2025,6,211220,P,adm,2,10285.41
2025,6,211220,P,deslig,2,9586.61
2025,6,211220,R,deslig,1,6716.76
2025,6,211220,S,adm,3,17091.67
2025,6,211220,S,deslig,1,1640.0
2025,6,212205,C,adm,3,14573.06
2025,6,212205,C,deslig,3,7948.94
2025,6,212205,E,adm,2,15000.0
2025,6,212205,G,adm,7,9660.29
2025,6,212205,G,deslig,10,16340.51
2025,6,212205,J,adm,84,16893.22
2025,6,212205,J,deslig,55,13490.63
2025,6,212205,K,adm,14,10229.4
2025,6,212205,K,deslig,8,16899.4
2025,6,212205,M,adm,75,18789.82
2025,6,212205,M,deslig,39,15518.91
2025,6,212205,N,adm,43,18869.99
2025,6,212205,N,deslig,54,11065.43
2025,6,212205,P,deslig,1,12000.0
2025,6,212205,R,adm,1,15000.0
2025,6,212205,S,adm,2,5150.0
2025,6,212210,C,adm,2,10300.0
2025,6,212210,C,deslig,1,10500.0
2025,6,212210,G,adm,1,18438.0
2025,6,212210,J,adm,5,16642.47
2025,6,212210,J,deslig,10,12778.11
2025,6,212210,M,adm,1,10000.0
2025,6,212210,M,deslig,2,12988.31
2025,6,212210,R,deslig,1,9000.0
2025,6,212215,C,adm,2,11377.15
2025,6,212215,C,deslig,3,14634.33
2025,6,212215,E,adm,1,16000.0
2025,6,212215,F,adm,1,17693.43
2025,6,212215,G,adm,7,14950.0
2025,6,212215,G,deslig,5,11394.17
2025,6,212215,H,adm,1,10000.0
2025,6,212215,H,deslig,1,11637.6
2025,6,212215,J,adm,106,14929.41
2025,6,212215,J,deslig,71,13968.95
2025,6,212215,K,adm,31,9847.39
2025,6,212215,K,deslig,24,13349.97
2025,6,212215,M,adm,39,21337.37
2025,6,212215,M,deslig,30,21250.24
2025,6,212215,N,adm,38,28535.32
2025,6,212215,N,deslig,24,18516.24
2025,6,212215,P,deslig,2,7809.11
2025,6,212215,R,adm,1,18000.0
2025,6,212215,R,deslig,3,14596.41
2025,6,212305,C,adm,3,11777.0
2025,6,212305,C,deslig,1,3854.0
2025,6,212305,F,adm,1,3500.0
2025,6,212305,G,adm,12,9494.23
2025,6,212305,G,deslig,7,8051.17
2025,6,212305,H,adm,4,6425.0
2025,6,212305,H,deslig,1,1700.0
2025,6,212305,J,adm,81,7874.4
2025,6,212305,J,deslig,71,9617.76
2025,6,212305,K,adm,18,9161.8
2025,6,212305,K,deslig,20,11057.29
2025,6,212305,L,adm,2,21150.0
2025,6,212305,L,deslig,2,21489.67
2025,6,212305,M,adm,22,9026.95
2025,6,212305,M,deslig,17,14257.58
2025,6,212305,N,adm,14,8407.3
2025,6,212305,N,deslig,14,6242.44
2025,6,212305,P,adm,2,7430.0
2025,6,212305,Q,deslig,3,11187.8
2025,6,212305,R,adm,1,21000.0
2025,6,212305,S,deslig,1,10120.28
2025,6,212405,A,adm,2,10092.41
2025,6,212405,A,deslig,1,4786.12
2025,6,212405,B,adm,1,6140.62
2025,6,212405,C,adm,114,9262.19
2025,6,212405,C,deslig,111,8767.17
2025,6,212405,D,adm,6,7931.73
2025,6,212405,D,deslig,7,10263.95
2025,6,212405,E,adm,4,8626.5
2025,6,212405,E,deslig,2,13095.52
2025,6,212405,F,adm,20,6092.74
2025,6,212405,F,deslig,33,5939.25
2025,6,212405,G,adm,156,7538.84
2025,6,212405,G,deslig,176,8616.01
2025,6,212405,H,adm,21,6455.35
2025,6,212405,H,deslig,37,8958.14
2025,6,212405,I,adm,2,2418.78
2025,6,212405,I,deslig,2,5316.06
2025,6,212405,J,adm,1969,8833.67
2025,6,212405,J,deslig,1613,8754.5
2025,6,212405,K,adm,654,11179.16
2025,6,212405,K,deslig,344,11178.94
2025,6,212405,L,adm,15,14438.67
2025,6,212405,L,deslig,14,11858.84
2025,6,212405,M,adm,320,9311.94
2025,6,212405,M,deslig,285,9314.95
2025,6,212405,N,adm,140,9465.43
2025,6,212405,N,deslig,212,8836.48
2025,6,212405,O,deslig,3,8710.5
2025,6,212405,P,adm,16,7735.12
2025,6,212405,P,deslig,14,7003.99
2025,6,212405,Q,adm,43,7598.54
2025,6,212405,Q,deslig,34,8685.5
2025,6,212405,R,adm,5,15374.37
2025,6,212405,R,deslig,2,8500.0
2025,6,212405,S,adm,27,11597.42
2025,6,212405,S,deslig,28,7590.98
2025,6,212410,B,deslig,1,4507.77
2025,6,212410,C,adm,27,4831.14
2025,6,212410,C,deslig,36,4289.03
2025,6,212410,D,deslig,1,4346.44
2025,6,212410,E,adm,1,6500.0
2025,6,212410,F,adm,12,6789.85
2025,6,212410,F,deslig,5,4699.35
2025,6,212410,G,adm,61,6489.11
2025,6,212410,G,deslig,54,5334.3
2025,6,212410,H,adm,9,4315.64
2025,6,212410,H,deslig,7,5799.48
2025,6,212410,I,adm,3,5616.54
2025,6,212410,I,deslig,1,3500.0
2025,6,212410,J,adm,234,5382.98
2025,6,212410,J,deslig,217,6362.97
2025,6,212410,K,adm,63,9756.31
2025,6,212410,K,deslig,60,10074.67
2025,6,212410,L,deslig,3,4083.33
2025,6,212410,M,adm,84,9267.78
2025,6,212410,M,deslig,54,6980.31
2025,6,212410,N,adm,82,6543.55
2025,6,212410,N,deslig,75,4993.07
2025,6,212410,P,adm,15,6104.69
2025,6,212410,P,deslig,9,4514.03
2025,6,212410,Q,adm,6,6485.18
2025,6,212410,Q,deslig,4,5055.52
2025,6,212410,R,adm,5,7827.74
2025,6,212410,R,deslig,2,3550.0
2025,6,212410,S,adm,6,6160.33
2025,6,212410,S,deslig,10,4018.51
2025,6,212425,C,adm,1,6500.0
2025,6,212425,C,deslig,10,14282.0
2025,6,212425,D,adm,1,9500.0
2025,6,212425,G,adm,12,15810.36
2025,6,212425,G,deslig,7,14841.19
2025,6,212425,H,deslig,1,5236.4
2025,6,212425,J,adm,58,17232.32
2025,6,212425,J,deslig,53,16754.63
2025,6,212425,K,adm,7,16407.14
2025,6,212425,K,deslig,6,12630.1
2025,6,212425,M,adm,14,17277.61
2025,6,212425,M,deslig,21,16425.72
2025,6,212425,N,adm,3,13310.81
2025,6,212425,N,deslig,3,10231.59
2025,6,212425,S,adm,1,19793.0
2025,7,203105,C,adm,3,9746.74
2025,7,203105,C,deslig,4,10447.97
2025,7,203105,G,adm,3,3771.67
2025,7,203105,G,deslig,4,12651.45
2025,7,203105,H,adm,1,13000.0
2025,7,203105,J,adm,13,10847.19
2025,7,203105,J,deslig,15,12021.23
2025,7,203105,K,adm,1,5900.0
2025,7,203105,M,adm,13,7620.63
2025,7,203105,M,deslig,9,11466.67
2025,7,203105,N,adm,4,9059.61
2025,7,203105,N,deslig,3,17114.16
2025,7,203105,P,adm,1,14660.0
2025,7,203105,Q,adm,1,12944.85
2025,7,211205,C,adm,2,11250.0
2025,7,211205,C,deslig,2,6204.87
2025,7,211205,E,adm,1,18000.0
2025,7,211205,G,adm,4,8027.38
2025,7,211205,G,deslig,2,4742.88
2025,7,211205,H,adm,1,2414.36
2025,7,211205,H,deslig,2,2587.7
2025,7,211205,J,adm,7,7688.04
2025,7,211205,J,deslig,7,12456.49
2025,7,211205,K,adm,24,11164.36
2025,7,211205,K,deslig,14,9372.43
2025,7,211205,M,adm,4,4500.0
2025,7,211205,M,deslig,5,9858.3
2025,7,211205,N,adm,5,7741.8
2025,7,211205,N,deslig,2,7398.26
2025,7,211205,P,deslig,2,6689.99
2025,7,211205,Q,adm,6,7405.36
2025,7,211205,Q,deslig,4,8145.64
2025,7,211210,E,adm,1,6000.0
2025,7,211210,J,adm,2,22950.0
2025,7,211210,J,deslig,1,19781.63
2025,7,211210,K,deslig,1,3200.0
2025,7,211210,N,adm,1,5400.0
2025,7,211210,N,deslig,3,5222.74
2025,7,211215,J,adm,2,6911.5
2025,7,211215,K,adm,1,5000.0
2025,7,211220,C,adm,1,8500.0
2025,7,211220,C,deslig,1,10128.8
2025,7,211220,D,deslig,1,8930.0
2025,7,211220,E,adm,1,10000.0
2025,7,211220,G,adm,1,5600.0
2025,7,211220,G,deslig,2,7750.0
2025,7,211220,H,adm,1,3191.2
2025,7,211220,J,adm,11,11654.43
2025,7,211220,J,deslig,20,12245.55
2025,7,211220,K,adm,13,11583.3
2025,7,211220,K,deslig,7,10060.47
2025,7,211220,M,adm,6,14820.82
2025,7,211220,M,deslig,10,11993.11
2025,7,211220,N,adm,12,28405.41
2025,7,211220,N,deslig,5,10462.63
2025,7,211220,P,adm,1,8368.61
2025,7,211220,Q,adm,1,28000.0
2025,7,211220,S,adm,1,3393.87
2025,7,211220,S,deslig,1,3393.87
2025,7,212205,C,adm,3,16384.33
2025,7,212205,C,deslig,3,9282.72
2025,7,212205,G,adm,15,14720.6
2025,7,212205,G,deslig,10,11778.32
2025,7,212205,H,adm,1,13000.0
2025,7,212205,J,adm,86,15385.47
2025,7,212205,J,deslig,53,13549.65
2025,7,212205,K,adm,22,12438.48
2025,7,212205,K,deslig,12,13271.06
2025,7,212205,M,adm,105,17094.97
2025,7,212205,M,deslig,40,16403.44
2025,7,212205,N,adm,17,19420.24
2025,7,212205,N,deslig,15,16042.9
2025,7,212205,P,adm,2,16000.0
2025,7,212205,P,deslig,1,15189.0
2025,7,212205,Q,deslig,1,8000.0
2025,7,212210,C,adm,2,10500.0
2025,7,212210,G,adm,3,16166.67
2025,7,212210,J,adm,8,18173.12
2025,7,212210,J,deslig,6,8040.37
2025,7,212210,M,adm,2,25034.17
2025,7,212210,M,deslig,2,20367.18
2025,7,212210,N,adm,3,12166.67
2025,7,212210,N,deslig,1,8000.0
2025,7,212210,R,deslig,2,7500.0
2025,7,212215,C,adm,7,14142.86
2025,7,212215,C,deslig,12,17879.32
2025,7,212215,G,adm,7,16186.9
2025,7,212215,G,deslig,3,20668.95
2025,7,212215,J,adm,120,13859.78
2025,7,212215,J,deslig,93,14961.05
2025,7,212215,K,adm,53,11188.7
2025,7,212215,K,deslig,22,15519.65
2025,7,212215,M,adm,19,19935.63
2025,7,212215,M,deslig,20,19677.1
2025,7,212215,N,adm,17,19375.76
2025,7,212215,N,deslig,18,21701.1
2025,7,212215,Q,deslig,1,13410.0
2025,7,212305,C,adm,2,11762.0
2025,7,212305,C,deslig,2,14564.77
2025,7,212305,D,adm,1,19000.0
2025,7,212305,F,adm,1,11776.0
2025,7,212305,G,adm,13,11030.59
2025,7,212305,G,deslig,8,11575.54
2025,7,212305,H,adm,2,4539.32
2025,7,212305,H,deslig,1,16734.17
2025,7,212305,J,adm,71,9916.67
2025,7,212305,J,deslig,58,8535.42
2025,7,212305,K,adm,23,10478.81
2025,7,212305,K,deslig,18,10548.39
2025,7,212305,L,adm,3,22946.67
2025,7,212305,L,deslig,4,18444.1
2025,7,212305,M,adm,28,10695.86
2025,7,212305,M,deslig,17,10845.29
2025,7,212305,N,adm,14,9883.0
2025,7,212305,N,deslig,19,9063.16
2025,7,212305,P,adm,2,4000.0
2025,7,212305,P,deslig,1,2263.0
2025,7,212305,Q,adm,2,11339.48
2025,7,212305,Q,deslig,2,9488.8
2025,7,212305,R,adm,2,17390.85
2025,7,212305,S,deslig,3,12131.25
2025,7,212405,A,adm,5,3360.98
2025,7,212405,A,deslig,2,4221.05
2025,7,212405,C,adm,147,8624.19
2025,7,212405,C,deslig,123,9090.01
2025,7,212405,D,adm,13,7976.63
2025,7,212405,D,deslig,7,10314.75
2025,7,212405,E,adm,1,3609.79
2025,7,212405,E,deslig,4,15631.85
2025,7,212405,F,adm,14,4830.31
2025,7,212405,F,deslig,16,60640.19
2025,7,212405,G,adm,167,8062.87
2025,7,212405,G,deslig,192,7475.51
2025,7,212405,H,adm,28,7285.33
2025,7,212405,H,deslig,29,6283.68
2025,7,212405,I,adm,4,4707.3
2025,7,212405,I,deslig,3,5194.95
2025,7,212405,J,adm,2103,9753.42
2025,7,212405,J,deslig,1677,8717.83
2025,7,212405,K,adm,615,10641.99
2025,7,212405,K,deslig,401,11219.77
2025,7,212405,L,adm,16,16678.63
2025,7,212405,L,deslig,14,15492.49
2025,7,212405,M,adm,312,8704.24
2025,7,212405,M,deslig,292,8747.3
2025,7,212405,N,adm,136,9420.03
2025,7,212405,N,deslig,187,8308.11
2025,7,212405,O,adm,1,5347.22
2025,7,212405,O,deslig,2,15810.56
2025,7,212405,P,adm,14,8825.27
2025,7,212405,P,deslig,24,7310.58
2025,7,212405,Q,adm,35,7263.15
2025,7,212405,Q,deslig,42,8551.73
2025,7,212405,R,adm,1,4000.0
2025,7,212405,R,deslig,4,17286.75
2025,7,212405,S,adm,21,6485.63
2025,7,212405,S,deslig,14,6126.84
2025,7,212405,U,deslig,1,5066.07
2025,7,212410,A,deslig,1,10940.0
2025,7,212410,C,adm,23,5025.25
2025,7,212410,C,deslig,31,6437.36
2025,7,212410,E,adm,2,11565.44
2025,7,212410,F,adm,12,3891.4
2025,7,212410,F,deslig,7,3156.7
2025,7,212410,G,adm,58,4806.85
2025,7,212410,G,deslig,62,5909.68
2025,7,212410,H,adm,13,5407.89
2025,7,212410,H,deslig,11,6613.12
2025,7,212410,I,adm,14,11164.29
2025,7,212410,I,deslig,1,5838.05
2025,7,212410,J,adm,225,6373.85
2025,7,212410,J,deslig,227,5712.73
2025,7,212410,K,adm,53,10675.08
2025,7,212410,K,deslig,46,10041.52
2025,7,212410,L,adm,2,2235.0
2025,7,212410,L,deslig,2,9512.91
2025,7,212410,M,adm,183,5122.92
2025,7,212410,M,deslig,54,6268.05
2025,7,212410,N,adm,75,5708.15
2025,7,212410,N,deslig,75,5945.98
2025,7,212410,P,adm,16,4806.08
2025,7,212410,P,deslig,12,6535.44
2025,7,212410,Q,adm,6,2974.27
2025,7,212410,Q,deslig,2,7697.0
2025,7,212410,R,adm,4,7914.68
2025,7,212410,S,adm,8,5193.36
2025,7,212410,S,deslig,7,4055.5
2025,7,212410,U,deslig,1,7161.36
2025,7,212425,C,deslig,5,13824.13
2025,7,212425,G,adm,6,10473.4
2025,7,212425,G,deslig,5,12278.47
2025,7,212425,H,adm,1,5520.0
2025,7,212425,H,deslig,1,18500.0
2025,7,212425,J,adm,56,16102.79
2025,7,212425,J,deslig,63,15686.74
2025,7,212425,K,adm,5,15249.91
2025,7,212425,K,deslig,7,14705.77
2025,7,212425,M,adm,11,14882.27
2025,7,212425,M,deslig,7,13972.74
2025,7,212425,N,adm,3,39705.67
2025,7,212425,N,deslig,9,15691.38
2025,8,203105,C,adm,11,9204.84
2025,8,203105,C,deslig,9,8783.23
2025,8,203105,G,adm,3,12685.33
2025,8,203105,G,deslig,1,7455.46
2025,8,203105,H,adm,5,9820.0
2025,8,203105,H,deslig,2,9170.0
2025,8,203105,J,adm,11,10387.48
2025,8,203105,J,deslig,13,11514.69
2025,8,203105,K,adm,2,12250.0
2025,8,203105,K,deslig,3,12903.92
2025,8,203105,M,adm,12,9946.93
2025,8,203105,M,deslig,14,10624.57
2025,8,203105,N,adm,7,10271.43
2025,8,203105,N,deslig,2,11404.91
2025,8,203105,P,adm,1,11200.0
2025,8,203105,Q,adm,1,5295.33
2025,8,203105,Q,deslig,1,5033.64
2025,8,203105,S,adm,1,13500.0
2025,8,203105,S,deslig,1,12758.0
2025,8,211205,C,adm,1,10500.0
2025,8,211205,C,deslig,1,22842.46
2025,8,211205,G,adm,1,5041.0
2025,8,211205,G,deslig,3,8312.6
2025,8,211205,H,deslig,1,5857.95
2025,8,211205,J,adm,5,8719.0
2025,8,211205,J,deslig,6,8900.16
2025,8,211205,K,adm,10,12850.9
2025,8,211205,K,deslig,9,9288.93
2025,8,211205,M,adm,5,6349.64
2025,8,211205,M,deslig,2,6925.98
2025,8,211205,N,adm,3,10333.33
2025,8,211205,N,deslig,5,6648.85
2025,8,211205,P,adm,1,11000.0
2025,8,211205,Q,adm,5,6551.53
2025,8,211205,Q,deslig,2,6503.18
2025,8,211205,R,adm,1,12000.0
2025,8,211205,S,deslig,1,6511.0
2025,8,211210,C,deslig,1,20989.41
2025,8,211210,G,deslig,1,2500.0
2025,8,211210,J,adm,1,18900.0
2025,8,211210,J,deslig,2,4313.2
2025,8,211210,M,adm,1,9800.0
2025,8,211210,M,deslig,1,9227.7
2025,8,211210,N,deslig,1,3161.96
2025,8,211210,S,deslig,1,7875.35
2025,8,211215,G,adm,1,2800.0
2025,8,211220,C,adm,2,9362.55
2025,8,211220,C,deslig,4,6624.02
2025,8,211220,D,deslig,1,13282.41
2025,8,211220,G,adm,2,19000.0
2025,8,211220,G,deslig,2,4925.51
2025,8,211220,H,adm,1,12585.31
2025,8,211220,H,deslig,1,14283.77
2025,8,211220,J,adm,20,11006.95
2025,8,211220,J,deslig,10,9132.15
2025,8,211220,K,adm,1,6750.0
2025,8,211220,K,deslig,6,10378.17
2025,8,211220,M,adm,14,12280.32
2025,8,211220,M,deslig,9,15612.73
2025,8,211220,N,adm,10,10785.65
2025,8,211220,N,deslig,1,3000.0
2025,8,211220,P,deslig,1,2200.0
2025,8,211220,Q,adm,2,8116.5
2025,8,211220,S,adm,2,6620.0
2025,8,212205,C,adm,5,7320.03
2025,8,212205,G,adm,13,15989.94
2025,8,212205,G,deslig,3,12697.99
2025,8,212205,H,deslig,1,14500.0
2025,8,212205,J,adm,70,12679.17
2025,8,212205,J,deslig,71,16428.92
2025,8,212205,K,adm,19,15339.54
2025,8,212205,K,deslig,7,16463.17
2025,8,212205,M,adm,108,12787.14
2025,8,212205,M,deslig,40,15355.3
2025,8,212205,N,adm,41,20914.73
2025,8,212205,N,deslig,8,25373.44
2025,8,212205,P,adm,1,5242.0
2025,8,212205,P,deslig,1,12728.7
2025,8,212205,Q,deslig,1,9721.68
2025,8,212210,C,deslig,1,13662.0
2025,8,212210,G,adm,4,11738.5
2025,8,212210,G,deslig,1,15154.23
2025,8,212210,J,adm,5,14900.0
2025,8,212210,J,deslig,2,3406.21
2025,8,212210,M,deslig,1,11806.0
2025,8,212210,N,deslig,3,10718.83
2025,8,212215,C,adm,5,15175.0
2025,8,212215,C,deslig,1,23928.7
2025,8,212215,G,adm,3,14033.33
2025,8,212215,G,deslig,4,17509.75
2025,8,212215,J,adm,110,14069.75
2025,8,212215,J,deslig,111,15817.57
2025,8,212215,K,adm,35,12790.57
2025,8,212215,K,deslig,33,18254.46
2025,8,212215,M,adm,19,20706.94
2025,8,212215,M,deslig,22,18955.15
2025,8,212215,N,adm,32,25751.42
2025,8,212215,N,deslig,23,39227.94
2025,8,212215,P,adm,2,6200.0
2025,8,212215,R,adm,3,7666.67
2025,8,212215,R,deslig,2,21779.29
2025,8,212305,C,adm,3,9798.37
2025,8,212305,C,deslig,6,6221.66
2025,8,212305,D,deslig,2,7804.85
2025,8,212305,F,adm,4,5146.75
2025,8,212305,F,deslig,1,3658.0
2025,8,212305,G,adm,12,12334.32
2025,8,212305,G,deslig,7,10158.27
2025,8,212305,H,adm,4,12475.0
2025,8,212305,H,deslig,4,7383.0
2025,8,212305,J,adm,62,8840.43
2025,8,212305,J,deslig,73,10069.52
2025,8,212305,K,adm,20,10396.51
2025,8,212305,K,deslig,13,9841.71
2025,8,212305,L,adm,2,31500.0
2025,8,212305,L,deslig,3,25877.24
2025,8,212305,M,adm,29,11112.03
2025,8,212305,M,deslig,22,12497.41
2025,8,212305,N,adm,21,8491.01
2025,8,212305,N,deslig,19,7965.79
2025,8,212305,P,adm,3,7157.45
2025,8,212305,Q,adm,1,5318.0
2025,8,212305,R,adm,1,8283.0
2025,8,212405,A,adm,2,6411.5
2025,8,212405,A,deslig,2,3951.5
2025,8,212405,C,adm,117,8584.35
2025,8,212405,C,deslig,146,9636.73
2025,8,212405,D,adm,12,8521.94
2025,8,212405,D,deslig,6,12891.36
2025,8,212405,E,deslig,1,20132.57
2025,8,212405,F,adm,14,75141.68
2025,8,212405,F,deslig,20,5335.59
2025,8,212405,G,adm,128,7250.34
2025,8,212405,G,deslig,200,8954.57
2025,8,212405,H,adm,30,6489.01
2025,8,212405,H,deslig,24,6639.67
2025,8,212405,I,adm,3,4951.12
2025,8,212405,I,deslig,3,9576.66
2025,8,212405,J,adm,2263,8057.1
2025,8,212405,J,deslig,1913,8795.0
2025,8,212405,K,adm,600,11667.21
2025,8,212405,K,deslig,392,11094.38
2025,8,212405,L,adm,13,15815.96
2025,8,212405,L,deslig,24,14867.44
2025,8,212405,M,adm,371,9744.98
2025,8,212405,M,deslig,362,8740.12
2025,8,212405,N,adm,130,8009.98
2025,8,212405,N,deslig,152,9013.92
2025,8,212405,P,adm,27,7522.96
2025,8,212405,P,deslig,20,8150.05
2025,8,212405,Q,adm,42,8326.45
2025,8,212405,Q,deslig,46,7481.45
2025,8,212405,R,adm,3,13333.33
2025,8,212405,R,deslig,4,15093.25
2025,8,212405,S,adm,21,8273.82
2025,8,212405,S,deslig,19,7175.73
2025,8,212410,A,adm,3,2630.73
2025,8,212410,C,adm,29,5034.58
2025,8,212410,C,deslig,26,5874.5
2025,8,212410,D,deslig,2,7370.78
2025,8,212410,E,adm,3,9145.97
2025,8,212410,F,adm,9,3550.56
2025,8,212410,F,deslig,12,4122.64
2025,8,212410,G,adm,43,5581.43
2025,8,212410,G,deslig,44,6383.21
2025,8,212410,H,adm,16,4849.1
2025,8,212410,H,deslig,11,5057.36
2025,8,212410,I,adm,3,4166.67
2025,8,212410,I,deslig,15,2677.73
2025,8,212410,J,adm,221,6279.08
2025,8,212410,J,deslig,239,6289.22
2025,8,212410,K,adm,59,10175.67
2025,8,212410,K,deslig,54,11782.72
2025,8,212410,L,adm,4,2542.5
2025,8,212410,L,deslig,4,2913.04
2025,8,212410,M,adm,120,7823.01
2025,8,212410,M,deslig,70,8024.42
2025,8,212410,N,adm,87,5331.32
2025,8,212410,N,deslig,72,5211.59
2025,8,212410,O,adm,1,5544.08
2025,8,212410,O,deslig,1,5291.67
2025,8,212410,P,adm,10,4233.8
2025,8,212410,P,deslig,12,6967.19
2025,8,212410,Q,adm,10,4866.28
2025,8,212410,Q,deslig,4,4656.42
2025,8,212410,R,adm,3,6264.98
2025,8,212410,R,deslig,2,6271.58
2025,8,212410,S,adm,8,3737.96
2025,8,212410,S,deslig,7,6250.5
2025,8,212425,C,adm,4,14897.97
2025,8,212425,C,deslig,5,15153.45
2025,8,212425,D,adm,1,19827.19
2025,8,212425,F,adm,1,4000.0
2025,8,212425,G,adm,3,12201.46
2025,8,212425,G,deslig,1,3900.0
2025,8,212425,J,adm,78,16199.86
2025,8,212425,J,deslig,55,14710.18
2025,8,212425,K,adm,8,22284.1
2025,8,212425,K,deslig,9,14963.25
2025,8,212425,M,adm,8,15403.75
2025,8,212425,M,deslig,11,11760.64
2025,8,212425,N,adm,4,13808.71
2025,8,212425,N,deslig,2,14668.0
2025,9,203105,C,adm,5,11246.73
2025,9,203105,C,deslig,2,10737.34
2025,9,203105,G,adm,4,7276.0
2025,9,203105,G,deslig,2,27088.65
2025,9,203105,H,adm,4,7610.0
2025,9,203105,H,deslig,1,8970.0
2025,9,203105,J,adm,11,13822.28
2025,9,203105,J,deslig,9,18477.26
2025,9,203105,K,adm,2,15250.0
2025,9,203105,K,deslig,2,15105.9
2025,9,203105,M,adm,16,10016.94
2025,9,203105,M,deslig,14,10405.95
2025,9,203105,N,adm,5,12920.55
2025,9,203105,N,deslig,2,11567.93
2025,9,203105,P,deslig,1,8200.0
2025,9,211205,C,adm,3,8369.86
2025,9,211205,C,deslig,4,7098.98
2025,9,211205,E,deslig,1,3000.0
2025,9,211205,F,deslig,1,4461.39
2025,9,211205,G,adm,5,6910.91
2025,9,211205,G,deslig,2,6973.69
2025,9,211205,J,adm,7,5394.1
2025,9,211205,J,deslig,13,9748.38
2025,9,211205,K,adm,9,10943.37
2025,9,211205,K,deslig,18,12619.12
2025,9,211205,M,adm,5,5062.92
2025,9,211205,M,deslig,10,7471.38
2025,9,211205,N,adm,1,3500.0
2025,9,211205,N,deslig,7,7335.51
2025,9,211205,Q,adm,7,7700.53
2025,9,211205,Q,deslig,2,6495.99
2025,9,211205,R,deslig,1,2544.0
2025,9,211210,C,adm,1,14900.0
2025,9,211210,G,adm,1,3000.0
2025,9,211210,G,deslig,2,2900.0
2025,9,211210,J,adm,3,7968.52
2025,9,211210,J,deslig,1,7658.56
2025,9,211210,K,deslig,2,5150.76
2025,9,211210,L,adm,1,4393.0
2025,9,211210,M,deslig,1,8424.0
2025,9,211220,C,adm,2,6250.0
2025,9,211220,C,deslig,1,12416.0
2025,9,211220,D,adm,1,13477.0
2025,9,211220,D,deslig,1,9701.33
2025,9,211220,G,adm,7,11463.04
2025,9,211220,G,deslig,2,12541.67
2025,9,211220,H,deslig,1,3132.0
2025,9,211220,J,adm,20,12389.98
2025,9,211220,J,deslig,14,10738.81
2025,9,211220,K,adm,7,13642.86
2025,9,211220,K,deslig,10,11011.81
2025,9,211220,M,adm,12,12850.86
2025,9,211220,M,deslig,5,4856.92
2025,9,211220,N,adm,9,9627.89
2025,9,211220,N,deslig,3,26111.94
2025,9,211220,P,adm,2,7201.1
2025,9,211220,Q,adm,1,9007.02
2025,9,211220,Q,deslig,1,10794.01
2025,9,211220,R,adm,1,8000.0
2025,9,211220,R,deslig,1,35255.79
2025,9,211220,S,adm,2,8372.0
2025,9,211220,S,deslig,2,15189.0
2025,9,212205,C,adm,3,5000.0
2025,9,212205,C,deslig,6,9671.07
2025,9,212205,G,adm,14,10178.43
2025,9,212205,G,deslig,9,11640.42
2025,9,212205,J,adm,79,13686.38
2025,9,212205,J,deslig,86,17109.68
2025,9,212205,K,adm,27,14828.58
2025,9,212205,K,deslig,18,16534.72
2025,9,212205,M,adm,53,23644.05
2025,9,212205,M,deslig,23,13615.98
2025,9,212205,N,adm,27,24727.2
2025,9,212205,N,deslig,12,34664.29
2025,9,212205,P,adm,1,9150.0
2025,9,212205,Q,adm,1,9709.8
2025,9,212205,S,adm,1,18966.6
2025,9,212210,C,deslig,1,9165.81
2025,9,212210,G,adm,1,10000.0
2025,9,212210,J,adm,8,10195.62
2025,9,212210,J,deslig,3,18786.04
2025,9,212210,M,adm,5,32999.28
2025,9,212210,N,adm,2,13000.0
2025,9,212210,N,deslig,1,13297.7
2025,9,212215,C,adm,1,13000.0
2025,9,212215,E,adm,5,11264.0
2025,9,212215,F,adm,2,9898.04
2025,9,212215,G,adm,4,9500.0
2025,9,212215,G,deslig,5,9972.57
2025,9,212215,H,adm,1,10000.0
2025,9,212215,H,deslig,1,15247.17
2025,9,212215,J,adm,112,11706.52
2025,9,212215,J,deslig,104,13524.07
2025,9,212215,K,adm,45,12066.12
2025,9,212215,K,deslig,39,12238.81
2025,9,212215,M,adm,26,20153.48
2025,9,212215,M,deslig,15,17719.67
2025,9,212215,N,adm,42,31829.22
2025,9,212215,N,deslig,22,25313.29
2025,9,212215,P,deslig,2,3985.0
2025,9,212215,Q,deslig,1,8248.56
2025,9,212215,R,adm,1,7500.0
2025,9,212215,R,deslig,3,12342.41
2025,9,212215,S,deslig,1,6855.17
2025,9,212305,C,adm,1,3100.0
2025,9,212305,C,deslig,3,10397.21
2025,9,212305,D,adm,1,12000.0
2025,9,212305,G,adm,15,12213.88
2025,9,212305,G,deslig,6,11748.06
2025,9,212305,H,adm,3,8792.88
2025,9,212305,I,adm,1,3500.0
2025,9,212305,J,adm,66,10063.91
2025,9,212305,J,deslig,55,9068.24
2025,9,212305,K,adm,20,8951.49
2025,9,212305,K,deslig,26,11094.93
2025,9,212305,L,adm,2,32250.0
2025,9,212305,L,deslig,1,22326.15
2025,9,212305,M,adm,30,11205.68
2025,9,212305,M,deslig,23,11275.66
2025,9,212305,N,adm,14,10764.36
2025,9,212305,N,deslig,16,9504.99
2025,9,212305,Q,adm,1,7924.45
2025,9,212305,Q,deslig,2,10434.35
2025,9,212305,R,deslig,2,18000.0
2025,9,212305,S,adm,1,15626.76
2025,9,212305,S,deslig,1,13987.24
2025,9,212405,A,adm,5,3748.66
2025,9,212405,A,deslig,5,6215.54
2025,9,212405,B,deslig,2,5857.39
2025,9,212405,C,adm,120,9454.73
2025,9,212405,C,deslig,121,9196.65
2025,9,212405,D,adm,4,12256.25
2025,9,212405,D,deslig,8,11321.43
2025,9,212405,E,adm,5,12511.45
2025,9,212405,E,deslig,4,12720.34
2025,9,212405,F,adm,19,4370.78
2025,9,212405,F,deslig,29,5449.71
2025,9,212405,G,adm,174,7502.77
2025,9,212405,G,deslig,188,7683.84
2025,9,212405,H,adm,19,5728.93
2025,9,212405,H,deslig,30,6511.98
2025,9,212405,I,adm,6,7057.58
2025,9,212405,I,deslig,2,2844.25
2025,9,212405,J,adm,2349,8180.51
2025,9,212405,J,deslig,1677,8546.67
2025,9,212405,K,adm,548,11755.77
2025,9,212405,K,deslig,982,11720.29
2025,9,212405,L,adm,13,17025.35
2025,9,212405,L,deslig,12,11561.44
2025,9,212405,M,adm,369,9577.93
2025,9,212405,M,deslig,362,9348.81
2025,9,212405,N,adm,159,9531.27
2025,9,212405,N,deslig,180,7906.62
2025,9,212405,O,deslig,1,3776.98
2025,9,212405,P,adm,24,7474.92
2025,9,212405,P,deslig,24,6556.7
2025,9,212405,Q,adm,54,7700.42
2025,9,212405,Q,deslig,43,9098.85
2025,9,212405,R,adm,4,7850.0
2025,9,212405,R,deslig,2,6241.36
2025,9,212405,S,adm,20,9618.36
2025,9,212405,S,deslig,18,6096.49
2025,9,212410,A,deslig,6,8774.12
2025,9,212410,B,adm,1,4500.0
2025,9,212410,C,adm,23,5356.72
2025,9,212410,C,deslig,23,5454.6
2025,9,212410,D,deslig,2,11490.19
2025,9,212410,E,adm,3,10694.63
2025,9,212410,F,adm,13,5476.17
2025,9,212410,F,deslig,11,3181.54
2025,9,212410,G,adm,47,5407.35
2025,9,212410,G,deslig,46,5890.64
2025,9,212410,H,adm,5,4801.36
2025,9,212410,H,deslig,6,4227.09
2025,9,212410,I,adm,2,6786.0
2025,9,212410,I,deslig,3,4382.74
2025,9,212410,J,adm,247,6160.91
2025,9,212410,J,deslig,238,6098.59
2025,9,212410,K,adm,46,8976.03
2025,9,212410,K,deslig,117,11967.95
2025,9,212410,L,adm,3,4844.46
2025,9,212410,L,deslig,1,9231.25
2025,9,212410,M,adm,53,9705.2
2025,9,212410,M,deslig,54,6464.82
2025,9,212410,N,adm,71,6197.32
2025,9,212410,N,deslig,62,4891.1
2025,9,212410,P,adm,9,5541.82
2025,9,212410,P,deslig,14,4498.91
2025,9,212410,Q,adm,5,9211.91
2025,9,212410,Q,deslig,6,6144.07
2025,9,212410,R,adm,3,5000.0
2025,9,212410,S,adm,14,3857.7
2025,9,212410,S,deslig,4,5593.18
2025,9,212425,C,adm,4,18228.47
2025,9,212425,C,deslig,4,16341.06
2025,9,212425,D,deslig,1,14803.35
2025,9,212425,F,deslig,1,6217.28
2025,9,212425,G,adm,5,18131.57
2025,9,212425,G,deslig,4,11089.0
2025,9,212425,J,adm,48,14612.56
2025,9,212425,J,deslig,53,16228.59
2025,9,212425,K,adm,6,12088.1
2025,9,212425,K,deslig,8,12513.51
2025,9,212425,M,adm,10,15224.4
2025,9,212425,M,deslig,12,17991.74
2025,9,212425,N,adm,6,25876.94
2025,9,212425,N,deslig,3,12969.95
2025,9,212425,P,deslig,1,7280.0
2025,10,203105,C,adm,8,11920.37
2025,10,203105,C,deslig,5,10243.69
2025,10,203105,G,adm,1,6800.0
2025,10,203105,H,adm,1,8000.0
2025,10,203105,H,deslig,1,6620.0
2025,10,203105,J,adm,19,11359.92
2025,10,203105,J,deslig,16,11467.96
2025,10,203105,K,adm,3,10166.67
2025,10,203105,M,adm,23,10885.56
2025,10,203105,M,deslig,12,9163.95
2025,10,203105,N,adm,8,13706.73
2025,10,203105,N,deslig,4,16685.22
2025,10,203105,P,adm,2,9100.0
2025,10,203105,P,deslig,1,14660.0
2025,10,203105,Q,adm,1,8634.7
2025,10,203105,Q,deslig,1,5384.95
2025,10,211205,A,deslig,1,1640.0
2025,10,211205,C,adm,3,4777.79
2025,10,211205,C,deslig,3,5432.64
2025,10,211205,G,adm,4,9064.08
2025,10,211205,G,deslig,1,5000.0
2025,10,211205,J,adm,10,10115.05
2025,10,211205,J,deslig,10,10629.49
2025,10,211205,K,adm,18,12703.05
2025,10,211205,K,deslig,11,15585.06
2025,10,211205,M,adm,6,9003.04
2025,10,211205,M,deslig,6,16894.63
2025,10,211205,N,adm,9,5423.22
2025,10,211205,N,deslig,5,8386.22
2025,10,211205,Q,adm,5,8150.27
2025,10,211205,Q,deslig,3,6401.75
2025,10,211210,C,adm,3,8833.33
2025,10,211210,C,deslig,3,10581.36
2025,10,211210,F,deslig,1,3822.0
2025,10,211210,G,adm,1,4267.0
2025,10,211210,J,adm,1,8645.9
2025,10,211210,J,deslig,3,10422.25
2025,10,211210,N,adm,1,12000.0
2025,10,211215,J,adm,1,3060.0
2025,10,211220,C,adm,2,7750.0
2025,10,211220,C,deslig,4,9785.74
2025,10,211220,E,adm,2,13176.04
2025,10,211220,E,deslig,1,10000.0
2025,10,211220,F,adm,1,7000.0
2025,10,211220,F,deslig,2,11000.0
2025,10,211220,G,adm,1,12000.0
2025,10,211220,G,deslig,3,4627.4
2025,10,211220,H,adm,2,4835.0
2025,10,211220,J,adm,20,13317.56
2025,10,211220,J,deslig,19,10672.11
2025,10,211220,K,adm,8,10159.45
2025,10,211220,K,deslig,6,14456.93
2025,10,211220,M,adm,7,13497.16
2025,10,211220,M,deslig,8,11934.02
2025,10,211220,N,adm,11,11043.47
2025,10,211220,N,deslig,6,12444.05
2025,10,211220,P,deslig,2,7201.1
2025,10,211220,Q,deslig,1,7233.0
2025,10,211220,S,adm,4,11400.0
2025,10,211220,S,deslig,1,5179.0
2025,10,212205,C,adm,2,13750.0
2025,10,212205,C,deslig,2,13801.54
2025,10,212205,G,adm,13,10738.23
2025,10,212205,G,deslig,25,12697.62
2025,10,212205,J,adm,79,15649.7
2025,10,212205,J,deslig,82,12328.63
2025,10,212205,K,adm,26,8822.73
2025,10,212205,K,deslig,18,13536.57
2025,10,212205,M,adm,46,18532.39
2025,10,212205,M,deslig,51,15378.0
2025,10,212205,N,adm,24,16393.21
2025,10,212205,N,deslig,19,32033.11
2025,10,212205,P,deslig,1,8842.33
2025,10,212205,R,adm,1,15755.0
2025,10,212210,C,adm,1,18000.0
2025,10,212210,G,adm,1,40000.0
2025,10,212210,G,deslig,1,24201.51
2025,10,212210,J,adm,8,14937.7
2025,10,212210,J,deslig,5,10747.48
2025,10,212210,M,adm,1,12000.0
2025,10,212210,M,deslig,5,11312.18
2025,10,212210,N,deslig,1,14400.4
2025,10,212215,C,adm,6,11454.17
2025,10,212215,C,deslig,4,10338.62
2025,10,212215,F,adm,1,33728.18
2025,10,212215,G,adm,4,18942.75
2025,10,212215,G,deslig,3,23072.75
2025,10,212215,H,deslig,2,10117.4
2025,10,212215,J,adm,127,12700.64
2025,10,212215,J,deslig,114,13193.45
2025,10,212215,K,adm,67,9017.28
2025,10,212215,K,deslig,30,18490.91
2025,10,212215,M,adm,18,18397.16
2025,10,212215,M,deslig,18,16541.97
2025,10,212215,N,adm,28,24783.85
2025,10,212215,N,deslig,26,20276.86
2025,10,212215,P,deslig,1,10000.0
2025,10,212215,Q,adm,2,10506.5
2025,10,212215,R,adm,1,19000.0
2025,10,212215,S,deslig,1,13313.5
2025,10,212305,A,adm,1,11550.0
2025,10,212305,C,adm,3,11057.9
2025,10,212305,C,deslig,2,8949.31
2025,10,212305,F,adm,1,3658.0
2025,10,212305,F,deslig,1,2506.06
2025,10,212305,G,adm,5,6582.34
2025,10,212305,G,deslig,16,8369.9
2025,10,212305,H,adm,1,7378.64
2025,10,212305,H,deslig,1,7786.68
2025,10,212305,J,adm,82,9519.7
2025,10,212305,J,deslig,79,9830.7
2025,10,212305,K,adm,12,10266.55
2025,10,212305,K,deslig,10,13099.85
2025,10,212305,L,adm,1,25185.0
2025,10,212305,L,deslig,4,14942.02
2025,10,212305,M,adm,43,10550.14
2025,10,212305,M,deslig,24,11336.82
2025,10,212305,N,adm,13,9915.69
2025,10,212305,N,deslig,18,7615.3
2025,10,212305,O,deslig,1,9007.28
2025,10,212305,P,adm,1,5500.0
2025,10,212305,Q,adm,1,8000.0
2025,10,212305,Q,deslig,1,11972.0
2025,10,212305,S,adm,1,10740.5
2025,10,212305,S,deslig,2,9334.17
2025,10,212405,A,adm,5,4878.56
2025,10,212405,A,deslig,2,5565.61
2025,10,212405,B,deslig,1,3354.0
2025,10,212405,C,adm,115,22082.11
2025,10,212405,C,deslig,133,9009.67
2025,10,212405,D,adm,6,8595.99
2025,10,212405,D,deslig,3,13551.89
2025,10,212405,E,deslig,4,7526.73
2025,10,212405,F,adm,18,4949.03
2025,10,212405,F,deslig,15,5361.11
2025,10,212405,G,adm,148,7819.26
2025,10,212405,G,deslig,210,8190.76
2025,10,212405,H,adm,27,8287.35
2025,10,212405,H,deslig,24,4952.89
2025,10,212405,I,adm,6,5391.67
2025,10,212405,I,deslig,1,2629.5
2025,10,212405,J,adm,2113,8424.93
2025,10,212405,J,deslig,1880,8699.7
2025,10,212405,K,adm,536,11938.38
2025,10,212405,K,deslig,381,11764.89
2025,10,212405,L,adm,15,20910.67
2025,10,212405,L,deslig,14,11943.74
2025,10,212405,M,adm,394,8903.44
2025,10,212405,M,deslig,321,9425.19
2025,10,212405,N,adm,162,9173.77
2025,10,212405,N,deslig,195,8212.62
2025,10,212405,O,deslig,1,1199.59
2025,10,212405,P,adm,27,10120.15
2025,10,212405,P,deslig,28,7807.48
2025,10,212405,Q,adm,38,7797.1
2025,10,212405,Q,deslig,49,7966.48
2025,10,212405,R,adm,5,13900.0
2025,10,212405,R,deslig,5,6824.01
2025,10,212405,S,adm,25,5353.2
2025,10,212405,S,deslig,32,6904.62
2025,10,212410,A,adm,1,2800.0
2025,10,212410,B,adm,1,6000.0
2025,10,212410,C,adm,31,5426.8
2025,10,212410,C,deslig,23,6091.74
2025,10,212410,D,adm,1,7000.0
2025,10,212410,D,deslig,1,7941.65
2025,10,212410,E,adm,7,6869.43
2025,10,212410,E,deslig,1,3500.0
2025,10,212410,F,adm,12,2682.98
2025,10,212410,F,deslig,12,3704.89
2025,10,212410,G,adm,92,5121.57
2025,10,212410,G,deslig,69,5666.86
2025,10,212410,H,adm,10,4241.66
2025,10,212410,H,deslig,8,7374.72
2025,10,212410,I,adm,1,6042.0
2025,10,212410,I,deslig,3,3696.79
2025,10,212410,J,adm,234,5904.67
2025,10,212410,J,deslig,216,6081.74
2025,10,212410,K,adm,66,9727.2
2025,10,212410,K,deslig,36,11330.37
2025,10,212410,L,adm,1,10000.0
2025,10,212410,M,adm,57,9684.43
2025,10,212410,M,deslig,119,6442.8
2025,10,212410,N,adm,94,5093.64
2025,10,212410,N,deslig,83,5802.79
2025,10,212410,P,adm,14,5338.07
2025,10,212410,P,deslig,7,5909.61
2025,10,212410,Q,adm,8,4157.71
2025,10,212410,Q,deslig,12,4502.15
2025,10,212410,R,deslig,1,5000.0
2025,10,212410,S,adm,8,4457.14
2025,10,212410,S,deslig,6,7313.68
2025,10,212425,C,adm,2,10000.0
2025,10,212425,C,deslig,2,11993.84
2025,10,212425,F,adm,1,15000.0
2025,10,212425,G,adm,8,16706.93
2025,10,212425,G,deslig,8,15225.45
2025,10,212425,H,deslig,1,2200.0
2025,10,212425,J,adm,59,15323.16
2025,10,212425,J,deslig,61,16064.26
2025,10,212425,K,adm,7,13446.76
2025,10,212425,K,deslig,8,11257.95
2025,10,212425,M,adm,11,16924.65
2025,10,212425,M,deslig,21,14980.81
2025,10,212425,N,adm,3,12333.33
2025,10,212425,N,deslig,5,11127.06
2025,10,212425,P,deslig,1,14535.82
2025,10,212425,S,deslig,1,2000.0
2025,11,203105,C,adm,4,7485.22
2025,11,203105,C,deslig,5,7462.95
2025,11,203105,G,adm,1,13000.0
2025,11,203105,G,deslig,1,4110.0
2025,11,203105,H,adm,2,11600.0
2025,11,203105,H,deslig,2,14235.0
2025,11,203105,J,adm,9,12322.53
2025,11,203105,J,deslig,7,18626.8
2025,11,203105,K,adm,1,15000.0
2025,11,203105,K,deslig,2,11517.09
2025,11,203105,M,adm,15,13953.78
2025,11,203105,M,deslig,8,8471.71
2025,11,203105,N,adm,7,10122.99
2025,11,203105,N,deslig,2,12000.0
2025,11,203105,P,adm,2,14980.11
2025,11,203105,P,deslig,2,9866.15
2025,11,211205,C,adm,1,20000.0
2025,11,211205,F,adm,1,4017.36
2025,11,211205,G,adm,1,8000.0
2025,11,211205,G,deslig,1,5087.0
2025,11,211205,H,deslig,1,2871.61
2025,11,211205,J,adm,7,7662.74
2025,11,211205,J,deslig,3,19567.08
2025,11,211205,K,adm,5,10263.8
2025,11,211205,K,deslig,8,10174.48
2025,11,211205,M,adm,2,7000.0
2025,11,211205,M,deslig,3,20222.79
2025,11,211205,N,adm,1,4000.0
2025,11,211205,N,deslig,3,10150.58
2025,11,211205,P,adm,1,8500.0
2025,11,211205,Q,adm,8,7376.97
2025,11,211210,C,deslig,1,19035.06
2025,11,211210,K,deslig,1,18704.18
2025,11,211210,N,adm,2,4216.51
2025,11,211210,S,adm,1,4104.0
2025,11,211210,S,deslig,1,4104.0
2025,11,211215,M,adm,1,10283.11
2025,11,211220,C,deslig,1,6955.41
2025,11,211220,D,adm,1,9500.0
2025,11,211220,D,deslig,1,18261.18
2025,11,211220,F,adm,2,11958.66
2025,11,211220,G,adm,6,10573.27
2025,11,211220,G,deslig,4,13729.92
2025,11,211220,H,adm,2,3670.0
2025,11,211220,H,deslig,1,6000.0
2025,11,211220,J,adm,16,14374.32
2025,11,211220,J,deslig,17,10682.05
2025,11,211220,K,adm,6,11383.09
2025,11,211220,K,deslig,5,11840.16
2025,11,211220,M,adm,8,9561.54
2025,11,211220,M,deslig,4,13275.38
2025,11,211220,N,adm,9,10353.32
2025,11,211220,N,deslig,5,11188.87
2025,11,211220,P,adm,1,7500.0
2025,11,211220,P,deslig,1,2159.08
2025,11,211220,Q,adm,3,8000.0
2025,11,211220,Q,deslig,1,9367.3
2025,11,211220,S,adm,1,15000.0
2025,11,211220,S,deslig,2,9400.0
2025,11,212205,C,adm,3,16390.45
2025,11,212205,C,deslig,5,11702.61
2025,11,212205,E,adm,3,15450.69
2025,11,212205,G,adm,17,11199.94
2025,11,212205,G,deslig,21,10327.01
2025,11,212205,J,adm,63,13318.1
2025,11,212205,J,deslig,49,17413.3
2025,11,212205,K,adm,18,11852.67
2025,11,212205,K,deslig,9,12661.2
2025,11,212205,M,adm,57,19715.26
2025,11,212205,M,deslig,25,14021.53
2025,11,212205,N,adm,15,24228.92
2025,11,212205,N,deslig,9,23063.38
2025,11,212205,P,deslig,1,14457.14
2025,11,212205,R,adm,1,10000.0
2025,11,212210,G,adm,1,29000.0
2025,11,212210,G,deslig,1,25020.6
2025,11,212210,J,adm,3,13333.33
2025,11,212210,J,deslig,3,14901.21
2025,11,212210,M,adm,4,31369.04
2025,11,212210,M,deslig,3,8039.33
2025,11,212210,N,adm,1,5065.0
2025,11,212210,N,deslig,1,20379.04
2025,11,212215,C,adm,4,19884.5
2025,11,212215,E,adm,1,14000.0
2025,11,212215,G,adm,5,11941.02
2025,11,212215,G,deslig,1,20261.0
2025,11,212215,H,adm,1,15000.0
2025,11,212215,J,adm,101,13319.55
2025,11,212215,J,deslig,83,12347.51
2025,11,212215,K,adm,55,10091.34
2025,11,212215,K,deslig,28,15660.46
2025,11,212215,L,deslig,1,16915.25
2025,11,212215,M,adm,25,18863.24
2025,11,212215,M,deslig,33,14187.99
2025,11,212215,N,adm,33,25305.42
2025,11,212215,N,deslig,19,19660.73
2025,11,212215,R,adm,1,29625.0
2025,11,212215,S,deslig,1,6885.17
2025,11,212305,C,adm,1,8623.0
2025,11,212305,C,deslig,3,7125.03
2025,11,212305,F,adm,1,3180.0
2025,11,212305,F,deslig,1,8851.85
2025,11,212305,G,adm,7,14004.29
2025,11,212305,G,deslig,4,9226.68
2025,11,212305,H,adm,1,7378.64
2025,11,212305,J,adm,87,9697.91
2025,11,212305,J,deslig,55,9139.44
2025,11,212305,K,adm,16,10784.84
2025,11,212305,K,deslig,13,14255.79
2025,11,212305,L,deslig,2,26609.88
2025,11,212305,M,adm,40,10232.24
2025,11,212305,M,deslig,24,11400.93
2025,11,212305,N,adm,13,11509.6
2025,11,212305,N,deslig,16,9426.37
2025,11,212305,O,adm,1,8671.09
2025,11,212305,P,deslig,1,11119.4
2025,11,212305,Q,adm,4,11293.25
2025,11,212305,R,adm,1,26000.0
2025,11,212305,R,deslig,1,16000.0
2025,11,212305,S,deslig,1,8652.98
2025,11,212405,A,adm,2,3900.0
2025,11,212405,A,deslig,1,5697.0
2025,11,212405,B,adm,1,10842.85
2025,11,212405,C,adm,122,9409.99
2025,11,212405,C,deslig,110,9149.88
2025,11,212405,D,adm,8,8882.76
2025,11,212405,D,deslig,7,11456.55
2025,11,212405,E,adm,2,11000.0
2025,11,212405,E,deslig,4,12579.8
2025,11,212405,F,adm,15,5377.29
2025,11,212405,F,deslig,13,4628.4
2025,11,212405,G,adm,175,8594.81
2025,11,212405,G,deslig,139,7844.65
2025,11,212405,H,adm,20,7357.15
2025,11,212405,H,deslig,20,5962.67
2025,11,212405,I,adm,6,7088.26
2025,11,212405,J,adm,1908,8418.09
2025,11,212405,J,deslig,1390,8717.53
2025,11,212405,K,adm,517,11418.65
2025,11,212405,K,deslig,310,11389.02
2025,11,212405,L,adm,9,22594.44
2025,11,212405,L,deslig,12,15702.79
2025,11,212405,M,adm,365,8742.86
2025,11,212405,M,deslig,260,9051.45
2025,11,212405,N,adm,152,8829.45
2025,11,212405,N,deslig,161,8470.57
2025,11,212405,O,deslig,2,7590.79
2025,11,212405,P,adm,34,7768.13
2025,11,212405,P,deslig,13,7574.88
2025,11,212405,Q,adm,58,7247.57
2025,11,212405,Q,deslig,42,7809.01
2025,11,212405,R,adm,5,6087.4
2025,11,212405,R,deslig,3,13232.27
2025,11,212405,S,adm,16,8140.97
2025,11,212405,S,deslig,20,8037.39
2025,11,212410,A,deslig,1,4056.0
2025,11,212410,C,adm,27,6911.55
2025,11,212410,C,deslig,22,5093.51
2025,11,212410,E,adm,1,9000.0
2025,11,212410,E,deslig,1,8677.01
2025,11,212410,F,adm,6,4435.76
2025,11,212410,F,deslig,6,3380.58
2025,11,212410,G,adm,51,5666.91
2025,11,212410,G,deslig,46,6680.26
2025,11,212410,H,adm,5,5551.08
2025,11,212410,H,deslig,7,6434.31
2025,11,212410,I,deslig,1,6083.04
2025,11,212410,J,adm,205,6193.29
2025,11,212410,J,deslig,182,6553.64
2025,11,212410,K,adm,38,9449.92
2025,11,212410,K,deslig,37,12806.32
2025,11,212410,L,adm,1,5600.0
2025,11,212410,M,adm,77,8592.6
2025,11,212410,M,deslig,64,6529.51
2025,11,212410,N,adm,65,7189.38
2025,11,212410,N,deslig,64,6823.13
2025,11,212410,P,adm,10,8557.68
2025,11,212410,P,deslig,11,5593.69
2025,11,212410,Q,adm,8,4727.02
2025,11,212410,Q,deslig,4,4371.39
2025,11,212410,R,adm,3,5381.33
2025,11,212410,S,adm,7,4579.29
2025,11,212410,S,deslig,10,3993.84
2025,11,212425,C,adm,3,16533.33
2025,11,212425,C,deslig,3,10590.22
2025,11,212425,G,adm,9,15137.11
2025,11,212425,G,deslig,4,18866.88
2025,11,212425,J,adm,43,18080.8
2025,11,212425,J,deslig,35,16271.2
2025,11,212425,K,adm,11,14228.51
2025,11,212425,K,deslig,10,12436.66
2025,11,212425,M,adm,15,16814.53
2025,11,212425,M,deslig,11,14773.27
2025,11,212425,N,adm,7,24272.86
2025,11,212425,N,deslig,2,13811.65
2025,11,212425,Q,adm,1,4858.84
2025,12,203105,C,adm,3,8042.33
2025,12,203105,C,deslig,2,17790.58
2025,12,203105,G,deslig,21,23681.84
2025,12,203105,H,adm,2,12000.0
2025,12,203105,H,deslig,1,12000.0
2025,12,203105,J,adm,10,13401.5
2025,12,203105,J,deslig,5,7965.11
2025,12,203105,K,adm,1,5700.0
2025,12,203105,K,deslig,1,6336.0
2025,12,203105,M,adm,11,7875.46
2025,12,203105,M,deslig,4,16684.3
2025,12,203105,N,adm,7,12729.29
2025,12,203105,N,deslig,3,12416.97
2025,12,203105,P,adm,1,4500.0
2025,12,211205,C,adm,2,3900.0
2025,12,211205,C,deslig,1,13074.0
2025,12,211205,G,adm,2,6615.39
2025,12,211205,G,deslig,2,3885.69
2025,12,211205,H,adm,2,2729.13
2025,12,211205,J,adm,5,11331.96
2025,12,211205,J,deslig,11,10318.26
2025,12,211205,K,adm,13,10866.85
2025,12,211205,K,deslig,5,8150.84
2025,12,211205,M,adm,2,6250.0
2025,12,211205,M,deslig,6,7812.92
2025,12,211205,N,adm,5,6154.12
2025,12,211205,N,deslig,5,5070.93
2025,12,211205,Q,adm,4,7071.53
2025,12,211205,Q,deslig,3,9544.68
2025,12,211210,C,adm,3,19893.33
2025,12,211210,G,adm,1,15575.0
2025,12,211210,G,deslig,1,3500.0
2025,12,211210,H,adm,1,3710.0
2025,12,211210,J,deslig,4,7362.38
2025,12,211210,K,adm,2,3900.0
2025,12,211210,K,deslig,1,7187.5
2025,12,211210,N,adm,3,13166.67
2025,12,211210,N,deslig,1,15375.0
2025,12,211215,J,deslig,1,12758.4
2025,12,211220,A,adm,1,6500.0
2025,12,211220,C,deslig,1,7935.36
2025,12,211220,D,adm,1,27000.0
2025,12,211220,G,adm,3,15166.67
2025,12,211220,G,deslig,4,14142.45
2025,12,211220,H,deslig,1,3081.76
2025,12,211220,J,adm,15,12889.87
2025,12,211220,J,deslig,9,12707.65
2025,12,211220,K,adm,4,9999.58
2025,12,211220,K,deslig,2,14473.58
2025,12,211220,M,adm,4,17250.0
2025,12,211220,M,deslig,5,18217.5
2025,12,211220,N,adm,5,14606.56
2025,12,211220,N,deslig,1,42032.81
2025,12,211220,P,adm,1,4100.0
2025,12,211220,P,deslig,1,6200.0
2025,12,211220,Q,adm,1,16000.0
2025,12,211220,R,adm,1,14000.0
2025,12,211220,S,adm,1,21000.0
2025,12,211220,S,deslig,2,11820.0
2025,12,212205,C,adm,1,12000.0
2025,12,212205,E,adm,1,13000.0
2025,12,212205,F,adm,2,10025.56
2025,12,212205,F,deslig,1,10025.56
2025,12,212205,G,adm,28,7950.17
2025,12,212205,G,deslig,17,11990.22
2025,12,212205,J,adm,64,13331.6
2025,12,212205,J,deslig,68,14299.98
2025,12,212205,K,adm,5,18904.11
2025,12,212205,K,deslig,6,14473.96
2025,12,212205,M,adm,69,17586.56
2025,12,212205,M,deslig,19,15985.12
2025,12,212205,N,adm,6,42287.22
2025,12,212205,N,deslig,12,23084.14
2025,12,212205,P,deslig,1,8146.86
2025,12,212210,C,adm,1,12000.0
2025,12,212210,G,deslig,11,17402.25
2025,12,212210,H,deslig,1,20180.55
2025,12,212210,J,adm,2,40540.0
2025,12,212210,J,deslig,2,7026.71
2025,12,212210,N,deslig,1,13000.0
2025,12,212215,C,adm,2,22846.0
2025,12,212215,C,deslig,1,20802.7
2025,12,212215,F,deslig,1,7672.82
2025,12,212215,G,adm,5,9100.0
2025,12,212215,G,deslig,3,6513.05
2025,12,212215,J,adm,59,14051.79
2025,12,212215,J,deslig,62,13316.08
2025,12,212215,K,adm,30,10219.87
2025,12,212215,K,deslig,20,12659.17
2025,12,212215,M,adm,14,26897.29
2025,12,212215,M,deslig,16,15488.25
2025,12,212215,N,adm,30,24709.96
2025,12,212215,N,deslig,15,37788.57
2025,12,212215,R,adm,6,14437.33
2025,12,212215,R,deslig,1,11000.0
2025,12,212305,C,adm,2,9122.5
2025,12,212305,F,deslig,1,4747.5
2025,12,212305,G,adm,4,8725.0
2025,12,212305,G,deslig,12,9258.06
2025,12,212305,H,adm,1,7000.0
2025,12,212305,H,deslig,1,6000.0
2025,12,212305,J,adm,52,9331.85
2025,12,212305,J,deslig,51,9490.88
2025,12,212305,K,adm,24,10042.47
2025,12,212305,K,deslig,8,10548.98
2025,12,212305,L,adm,4,30375.0
2025,12,212305,M,adm,30,13614.12
2025,12,212305,M,deslig,15,12413.35
2025,12,212305,N,adm,12,8552.8
2025,12,212305,N,deslig,13,9784.07
2025,12,212305,P,adm,3,10500.0
2025,12,212305,P,deslig,3,5765.65
2025,12,212305,Q,adm,3,8211.57
2025,12,212305,Q,deslig,1,4000.0
2025,12,212305,S,deslig,1,14220.79
2025,12,212405,A,adm,2,2914.35
2025,12,212405,A,deslig,2,7715.47
2025,12,212405,C,adm,110,9621.39
2025,12,212405,C,deslig,73,9422.62
2025,12,212405,D,adm,5,8336.85
2025,12,212405,D,deslig,2,9716.16
2025,12,212405,E,adm,4,13954.84
2025,12,212405,E,deslig,7,14013.54
2025,12,212405,F,adm,6,6540.47
2025,12,212405,F,deslig,6,6529.78
2025,12,212405,G,adm,133,7858.2
2025,12,212405,G,deslig,138,7705.55
2025,12,212405,H,adm,8,8845.06
2025,12,212405,H,deslig,24,8076.12
2025,12,212405,I,adm,3,7333.33
2025,12,212405,I,deslig,2,9173.0
2025,12,212405,J,adm,1366,8338.52
2025,12,212405,J,deslig,1409,8992.55
2025,12,212405,K,adm,436,11102.27
2025,12,212405,K,deslig,252,10959.53
2025,12,212405,L,adm,6,22370.0
2025,12,212405,L,deslig,5,13368.79
2025,12,212405,M,adm,186,8920.78
2025,12,212405,M,deslig,223,8771.26
2025,12,212405,N,adm,91,8164.54
2025,12,212405,N,deslig,117,7341.71
2025,12,212405,O,deslig,1,5565.29
2025,12,212405,P,adm,18,7853.38
2025,12,212405,P,deslig,25,7607.48
2025,12,212405,Q,adm,19,7569.19
2025,12,212405,Q,deslig,27,8058.04
2025,12,212405,R,adm,5,8413.08
2025,12,212405,R,deslig,5,7563.56
2025,12,212405,S,adm,14,8147.9
2025,12,212405,S,deslig,52,5603.0
2025,12,212410,A,adm,1,3000.0
2025,12,212410,C,adm,15,7254.19
2025,12,212410,C,deslig,21,5286.93
2025,12,212410,E,adm,3,11887.87
2025,12,212410,E,deslig,2,8750.0
2025,12,212410,F,adm,2,3593.02
2025,12,212410,F,deslig,6,4617.13
2025,12,212410,G,adm,32,5017.49
2025,12,212410,G,deslig,50,5126.23
2025,12,212410,H,adm,5,3729.71
2025,12,212410,H,deslig,3,4100.57
2025,12,212410,I,adm,1,3440.0
2025,12,212410,J,adm,137,6707.73
2025,12,212410,J,deslig,140,6665.6
2025,12,212410,K,adm,43,10558.31
2025,12,212410,K,deslig,32,11452.88
2025,12,212410,L,adm,1,2100.0
2025,12,212410,L,deslig,1,3539.0
2025,12,212410,M,adm,27,10853.18
2025,12,212410,M,deslig,41,6505.74
2025,12,212410,N,adm,52,5723.25
2025,12,212410,N,deslig,59,6670.41
2025,12,212410,P,adm,5,5812.18
2025,12,212410,P,deslig,4,6503.32
2025,12,212410,Q,adm,8,5454.88
2025,12,212410,Q,deslig,9,4008.35
2025,12,212410,R,deslig,1,11000.0
2025,12,212410,S,adm,12,4562.53
2025,12,212410,S,deslig,5,3731.17
2025,12,212425,C,adm,5,25916.43
2025,12,212425,C,deslig,2,12237.5
2025,12,212425,D,deslig,1,9359.1
2025,12,212425,E,adm,1,18000.0
2025,12,212425,F,adm,1,2442.0
2025,12,212425,F,deslig,1,15000.0
2025,12,212425,G,adm,4,16716.69
2025,12,212425,G,deslig,3,13402.31
2025,12,212425,I,adm,1,12800.0
2025,12,212425,J,adm,26,17613.84
2025,12,212425,J,deslig,42,15913.77
2025,12,212425,K,adm,5,17233.2
2025,12,212425,K,deslig,10,12918.43
2025,12,212425,L,deslig,1,17420.78
2025,12,212425,M,adm,8,20450.0
2025,12,212425,M,deslig,12,17232.37
2025,12,212425,N,adm,4,19070.0
2025,12,212425,N,deslig,3,15605.9
2026,1,203105,C,adm,2,9064.26
2026,1,203105,C,deslig,2,12187.99
2026,1,203105,H,adm,4,9950.0
2026,1,203105,J,adm,12,17317.55
2026,1,203105,J,deslig,9,8584.61
2026,1,203105,K,adm,1,5000.0
2026,1,203105,K,deslig,2,10849.43
2026,1,203105,M,adm,13,9253.29
2026,1,203105,M,deslig,13,11728.59
2026,1,203105,N,adm,5,12884.0
2026,1,203105,N,deslig,5,19705.88
2026,1,203105,P,adm,2,11857.0
2026,1,203105,P,deslig,1,8178.0
2026,1,203105,R,deslig,1,10026.45
2026,1,211205,C,adm,1,5115.28
2026,1,211205,F,deslig,1,3149.21
2026,1,211205,G,adm,2,6490.83
2026,1,211205,J,adm,9,9403.54
2026,1,211205,J,deslig,7,8636.06
2026,1,211205,K,adm,16,9957.43
2026,1,211205,K,deslig,12,10014.55
2026,1,211205,M,adm,9,10822.6
2026,1,211205,M,deslig,6,8736.18
2026,1,211205,N,adm,3,10144.44
2026,1,211205,N,deslig,2,4088.0
2026,1,211205,P,deslig,1,4512.23
2026,1,211205,Q,adm,5,9067.96
2026,1,211205,Q,deslig,2,9221.52
2026,1,211205,R,adm,1,7800.0
2026,1,211210,H,deslig,1,3710.0
2026,1,211210,J,adm,4,7421.63
2026,1,211210,J,deslig,1,10800.0
2026,1,211210,N,adm,1,4500.0
2026,1,211210,N,deslig,1,3500.0
2026,1,211210,Q,deslig,1,9367.3
2026,1,211215,J,adm,1,12000.0
2026,1,211215,Q,deslig,1,4669.51
2026,1,211220,C,adm,3,5880.57
2026,1,211220,C,deslig,4,9145.83
2026,1,211220,D,adm,2,5858.57
2026,1,211220,F,adm,1,3001.99
2026,1,211220,G,adm,4,12536.21
2026,1,211220,G,deslig,1,9577.21
2026,1,211220,J,adm,16,12885.56
2026,1,211220,J,deslig,11,13224.67
2026,1,211220,K,adm,10,8749.94
2026,1,211220,K,deslig,6,14204.21
2026,1,211220,M,adm,8,12216.45
2026,1,211220,M,deslig,3,11046.47
2026,1,211220,N,adm,3,9957.67
2026,1,211220,N,deslig,6,16591.39
2026,1,211220,P,deslig,2,8367.91
2026,1,211220,Q,adm,2,11916.33
2026,1,211220,Q,deslig,1,13192.38
2026,1,211220,S,adm,3,8600.0
2026,1,211220,S,deslig,2,7522.98
2026,1,212205,C,adm,5,9224.17
2026,1,212205,C,deslig,5,10320.13
2026,1,212205,G,adm,8,14301.5
2026,1,212205,G,deslig,20,12677.95
2026,1,212205,H,deslig,1,8000.0
2026,1,212205,J,adm,70,12631.71
2026,1,212205,J,deslig,73,14831.65
2026,1,212205,K,adm,13,19064.67
2026,1,212205,K,deslig,21,14842.38
2026,1,212205,M,adm,58,18726.69
2026,1,212205,M,deslig,43,15996.74
2026,1,212205,N,adm,14,34365.12
2026,1,212205,N,deslig,26,19338.72
2026,1,212205,P,deslig,1,11000.0
2026,1,212205,Q,adm,1,11398.0
2026,1,212205,S,deslig,1,7139.13
2026,1,212210,C,adm,1,6000.0
2026,1,212210,C,deslig,2,8299.58
2026,1,212210,J,adm,7,12142.86
2026,1,212210,J,deslig,2,31803.01
2026,1,212210,M,adm,2,38041.67
2026,1,212210,M,deslig,4,18047.79
2026,1,212210,N,adm,5,15140.0
2026,1,212210,N,deslig,1,9604.19
2026,1,212215,C,adm,3,18461.33
2026,1,212215,C,deslig,2,12085.19
2026,1,212215,E,adm,5,13687.56
2026,1,212215,F,deslig,1,15000.0
2026,1,212215,G,adm,5,15760.0
2026,1,212215,G,deslig,6,11965.02
2026,1,212215,J,adm,97,14029.25
2026,1,212215,J,deslig,96,14301.46
2026,1,212215,K,adm,15,9860.22
2026,1,212215,K,deslig,39,16076.87
2026,1,212215,M,adm,17,19944.98
2026,1,212215,M,deslig,15,16411.79
2026,1,212215,N,adm,35,27500.39
2026,1,212215,N,deslig,20,24816.69
2026,1,212215,R,adm,6,13638.06
2026,1,212215,R,deslig,2,13343.5
2026,1,212305,C,adm,5,6357.73
2026,1,212305,C,deslig,2,12703.83
2026,1,212305,F,adm,1,5058.0
2026,1,212305,F,deslig,2,5648.51
2026,1,212305,G,adm,6,11854.0
2026,1,212305,G,deslig,5,8046.32
2026,1,212305,H,adm,3,4033.33
2026,1,212305,J,adm,68,8755.21
2026,1,212305,J,deslig,84,8633.93
2026,1,212305,K,adm,28,13209.49
2026,1,212305,K,deslig,18,10254.0
2026,1,212305,L,adm,4,10571.0
2026,1,212305,L,deslig,2,31000.0
2026,1,212305,M,adm,36,11602.18
2026,1,212305,M,deslig,23,13024.78
2026,1,212305,N,adm,6,13733.33
2026,1,212305,N,deslig,18,9255.88
2026,1,212305,P,adm,1,4400.0
2026,1,212305,P,deslig,1,13576.69
2026,1,212305,Q,adm,1,6500.0
2026,1,212305,Q,deslig,1,10321.36
2026,1,212305,S,adm,1,3417.0
2026,1,212305,S,deslig,1,3500.0
2026,1,212405,A,adm,4,2917.64
2026,1,212405,A,deslig,3,4006.42
2026,1,212405,B,deslig,1,10842.85
2026,1,212405,C,adm,224,9905.07
2026,1,212405,C,deslig,106,9347.22
2026,1,212405,D,adm,10,8710.99
2026,1,212405,D,deslig,10,10638.0
2026,1,212405,E,adm,5,7266.78
2026,1,212405,E,deslig,3,15604.26
2026,1,212405,F,adm,12,5941.54
2026,1,212405,F,deslig,16,5233.26
2026,1,212405,G,adm,138,7561.12
2026,1,212405,G,deslig,134,6919.22
2026,1,212405,H,adm,27,5777.95
2026,1,212405,H,deslig,22,6039.97
2026,1,212405,I,adm,5,4085.36
2026,1,212405,I,deslig,3,2990.71
2026,1,212405,J,adm,1712,8265.58
2026,1,212405,J,deslig,1794,9207.26
2026,1,212405,K,adm,496,9935.25
2026,1,212405,K,deslig,433,11371.57
2026,1,212405,L,adm,19,22616.32
2026,1,212405,L,deslig,23,18708.38
2026,1,212405,M,adm,319,8681.26
2026,1,212405,M,deslig,248,9183.73
2026,1,212405,N,adm,137,9532.77
2026,1,212405,N,deslig,150,8249.59
2026,1,212405,P,adm,36,7965.81
2026,1,212405,P,deslig,27,6009.48
2026,1,212405,Q,adm,31,6501.37
2026,1,212405,Q,deslig,26,7371.52
2026,1,212405,R,adm,2,8750.0
2026,1,212405,R,deslig,2,12117.65
2026,1,212405,S,adm,20,5406.89
2026,1,212405,S,deslig,11,8015.58
2026,1,212410,A,adm,1,3400.0
2026,1,212410,A,deslig,1,2800.0
2026,1,212410,B,adm,1,3655.0
2026,1,212410,C,adm,24,5955.07
2026,1,212410,C,deslig,19,5732.96
2026,1,212410,D,adm,2,12750.0
2026,1,212410,D,deslig,1,10062.09
2026,1,212410,E,adm,4,11996.77
2026,1,212410,E,deslig,1,3876.95
2026,1,212410,F,adm,4,3792.81
2026,1,212410,F,deslig,9,3771.52
2026,1,212410,G,adm,41,4415.1
2026,1,212410,G,deslig,53,5300.11
2026,1,212410,H,adm,8,4729.06
2026,1,212410,H,deslig,11,4685.46
2026,1,212410,I,adm,3,4500.0
2026,1,212410,I,deslig,2,4198.0
2026,1,212410,J,adm,183,5898.74
2026,1,212410,J,deslig,230,5577.39
2026,1,212410,K,adm,58,9058.1
2026,1,212410,K,deslig,30,8395.17
2026,1,212410,L,adm,4,5009.75
2026,1,212410,L,deslig,1,4039.77
2026,1,212410,M,adm,66,9896.79
2026,1,212410,M,deslig,59,6575.45
2026,1,212410,N,adm,77,6425.19
2026,1,212410,N,deslig,74,5099.68
2026,1,212410,P,adm,12,5450.48
2026,1,212410,P,deslig,6,5830.08
2026,1,212410,Q,adm,6,4660.98
2026,1,212410,Q,deslig,4,7749.99
2026,1,212410,R,deslig,4,5548.06
2026,1,212410,S,adm,4,4240.1
2026,1,212410,S,deslig,5,4741.83
2026,1,212425,C,adm,2,12094.82
2026,1,212425,C,deslig,8,12671.92
2026,1,212425,E,adm,2,18250.0
2026,1,212425,G,adm,2,19400.0
2026,1,212425,G,deslig,1,24800.0
2026,1,212425,H,adm,1,11746.33
2026,1,212425,H,deslig,1,12557.36
2026,1,212425,J,adm,51,16288.7
2026,1,212425,J,deslig,62,18704.0
2026,1,212425,K,adm,6,22165.88
2026,1,212425,K,deslig,6,12936.61
2026,1,212425,M,adm,16,20014.32
2026,1,212425,M,deslig,13,15795.92
2026,1,212425,N,adm,8,12946.2
2026,1,212425,N,deslig,5,10397.5
2026,1,212425,S,adm,1,15500.0
2026,2,203105,C,adm,11,10268.88
2026,2,203105,C,deslig,4,9189.56
2026,2,203105,G,deslig,1,10056.0
2026,2,203105,H,adm,1,12000.0
2026,2,203105,J,adm,3,9500.0
2026,2,203105,J,deslig,4,13200.62
2026,2,203105,K,adm,1,18000.0
2026,2,203105,M,adm,6,9216.67
2026,2,203105,M,deslig,8,8864.36
2026,2,203105,N,adm,3,16233.33
2026,2,203105,N,deslig,5,11398.87
2026,2,203105,P,deslig,1,12200.0
2026,2,211205,C,adm,1,24000.0
2026,2,211205,C,deslig,2,10894.46
2026,2,211205,G,adm,2,4772.8
2026,2,211205,G,deslig,4,9021.61
2026,2,211205,J,adm,5,6146.87
2026,2,211205,J,deslig,3,13122.38
2026,2,211205,K,adm,8,20301.61
2026,2,211205,K,deslig,11,17774.29
2026,2,211205,M,adm,4,19240.39
2026,2,211205,M,deslig,2,16968.67
2026,2,211205,N,deslig,2,8839.19
2026,2,211205,O,deslig,1,4847.09
2026,2,211205,P,deslig,2,4456.11
2026,2,211205,Q,deslig,2,8749.95
2026,2,211205,R,adm,1,5900.0
2026,2,211205,R,deslig,1,2133.0
2026,2,211210,J,deslig,2,4260.74
2026,2,211210,N,adm,1,4271.17
2026,2,211210,N,deslig,1,5125.41
2026,2,211215,F,adm,1,3500.0
2026,2,211220,C,adm,1,10500.0
2026,2,211220,D,adm,1,4880.0
2026,2,211220,F,adm,1,17000.0
2026,2,211220,F,deslig,1,15917.32
2026,2,211220,G,adm,3,18000.0
2026,2,211220,G,deslig,2,10967.95
2026,2,211220,J,adm,16,11332.16
2026,2,211220,J,deslig,10,9715.31
2026,2,211220,K,adm,14,12206.33
2026,2,211220,K,deslig,4,10457.79
2026,2,211220,M,adm,4,7575.0
2026,2,211220,M,deslig,6,13918.04
2026,2,211220,N,adm,5,10451.21
2026,2,211220,N,deslig,3,13298.38
2026,2,211220,P,adm,1,4000.0
2026,2,211220,P,deslig,2,9851.1
2026,2,211220,Q,deslig,2,16128.52
2026,2,211220,S,adm,6,8291.67
2026,2,211220,S,deslig,2,6950.0
2026,2,212205,C,adm,6,8151.39
2026,2,212205,E,adm,1,14000.0
2026,2,212205,G,adm,12,11934.92
2026,2,212205,G,deslig,16,13439.35
2026,2,212205,H,adm,2,27500.0
2026,2,212205,J,adm,51,14760.36
2026,2,212205,J,deslig,66,17002.92
2026,2,212205,K,adm,16,13345.03
2026,2,212205,K,deslig,5,13157.19
2026,2,212205,M,adm,24,15790.62
2026,2,212205,M,deslig,32,17800.91
2026,2,212205,N,adm,18,28841.27
2026,2,212205,N,deslig,15,30352.77
2026,2,212205,Q,adm,1,7647.96
2026,2,212205,R,deslig,1,47883.68
2026,2,212205,S,deslig,1,8824.5
2026,2,212210,C,adm,1,7267.43
2026,2,212210,C,deslig,1,11030.25
2026,2,212210,G,adm,1,12000.0
2026,2,212210,G,deslig,3,16359.54
2026,2,212210,J,adm,1,25666.67
2026,2,212210,J,deslig,6,15202.23
2026,2,212210,M,adm,1,37150.57
2026,2,212210,M,deslig,1,10412.0
2026,2,212210,N,adm,5,11600.0
2026,2,212210,N,deslig,2,12504.12
2026,2,212215,C,adm,4,10008.02
2026,2,212215,C,deslig,1,10902.37
2026,2,212215,E,deslig,1,8500.0
2026,2,212215,F,adm,1,13000.0
2026,2,212215,F,deslig,1,4500.0
2026,2,212215,G,adm,4,12000.0
2026,2,212215,G,deslig,4,9010.97
2026,2,212215,H,adm,1,12000.0
2026,2,212215,J,adm,81,13134.2
2026,2,212215,J,deslig,88,13099.51
2026,2,212215,K,adm,36,13270.41
2026,2,212215,K,deslig,48,16910.18
2026,2,212215,M,adm,13,28871.25
2026,2,212215,M,deslig,23,16772.64
2026,2,212215,N,adm,20,27074.32
2026,2,212215,N,deslig,19,26697.23
2026,2,212215,P,adm,1,45000.0
2026,2,212215,R,adm,2,20978.1
2026,2,212305,A,adm,1,11550.0
2026,2,212305,C,adm,3,10139.76
2026,2,212305,G,adm,4,7075.0
2026,2,212305,G,deslig,4,12305.7
2026,2,212305,H,adm,2,5100.0
2026,2,212305,H,deslig,3,9878.89
2026,2,212305,J,adm,66,9909.57
2026,2,212305,J,deslig,51,9179.85
2026,2,212305,K,adm,15,10300.82
2026,2,212305,K,deslig,15,12226.32
2026,2,212305,L,deslig,2,16083.83
2026,2,212305,M,adm,23,11073.18
2026,2,212305,M,deslig,21,8788.03
2026,2,212305,N,adm,10,7102.38
2026,2,212305,N,deslig,15,7606.22
2026,2,212305,P,adm,4,5125.0
2026,2,212305,Q,deslig,2,5472.0
2026,2,212305,S,adm,2,18370.25
2026,2,212305,S,deslig,1,2305.0
2026,2,212405,A,adm,4,4191.24
2026,2,212405,A,deslig,3,3471.32
2026,2,212405,C,adm,130,8519.57
2026,2,212405,C,deslig,104,8591.21
2026,2,212405,D,adm,6,9950.14
2026,2,212405,D,deslig,9,10405.5
2026,2,212405,E,deslig,3,8692.68
2026,2,212405,F,adm,13,9878.83
2026,2,212405,F,deslig,14,4857.73
2026,2,212405,G,adm,131,7349.9
2026,2,212405,G,deslig,155,7555.66
2026,2,212405,H,adm,18,7051.02
2026,2,212405,H,deslig,23,8386.12
2026,2,212405,I,adm,4,4749.63
2026,2,212405,I,deslig,11,7269.35
2026,2,212405,J,adm,1444,8509.49
2026,2,212405,J,deslig,1682,8874.31
2026,2,212405,K,adm,360,10317.34
2026,2,212405,K,deslig,439,11702.74
2026,2,212405,L,adm,9,18413.33
2026,2,212405,L,deslig,11,9866.1
2026,2,212405,M,adm,286,8692.35
2026,2,212405,M,deslig,295,8936.47
2026,2,212405,N,adm,138,8148.51
2026,2,212405,N,deslig,181,7894.94
2026,2,212405,O,adm,4,6369.5
2026,2,212405,O,deslig,1,18499.37
2026,2,212405,P,adm,30,6746.67
2026,2,212405,P,deslig,23,6691.75
2026,2,212405,Q,adm,43,7673.61
2026,2,212405,Q,deslig,38,7360.73
2026,2,212405,R,adm,7,6703.6
2026,2,212405,R,deslig,7,7053.94
2026,2,212405,S,adm,20,8753.47
2026,2,212405,S,deslig,17,5726.06
2026,2,212410,A,adm,3,3396.19
2026,2,212410,C,adm,23,5657.76
2026,2,212410,C,deslig,22,5843.09
2026,2,212410,D,adm,4,11436.25
2026,2,212410,D,deslig,1,4835.11
2026,2,212410,E,adm,5,7935.2
2026,2,212410,F,adm,9,3855.67
2026,2,212410,F,deslig,8,4658.96
2026,2,212410,G,adm,48,5802.29
2026,2,212410,G,deslig,44,5698.56
2026,2,212410,H,adm,7,5187.67
2026,2,212410,H,deslig,6,5651.98
2026,2,212410,I,deslig,2,6158.62
2026,2,212410,J,adm,183,6346.74
2026,2,212410,J,deslig,202,5663.28
2026,2,212410,K,adm,39,8202.02
2026,2,212410,K,deslig,34,9397.52
2026,2,212410,L,adm,1,2100.0
2026,2,212410,L,deslig,4,4477.12
2026,2,212410,M,adm,46,9781.17
2026,2,212410,M,deslig,57,5904.9
2026,2,212410,N,adm,67,4856.06
2026,2,212410,N,deslig,72,5556.71
2026,2,212410,P,adm,5,7748.02
2026,2,212410,P,deslig,9,3109.67
2026,2,212410,Q,adm,7,6094.44
2026,2,212410,Q,deslig,5,5654.39
2026,2,212410,R,adm,4,7986.86
2026,2,212410,R,deslig,2,2999.65
2026,2,212410,S,adm,11,4273.77
2026,2,212410,S,deslig,11,3738.95
2026,2,212425,C,adm,3,28081.67
2026,2,212425,C,deslig,2,12467.24
2026,2,212425,F,deslig,1,4000.0
2026,2,212425,G,adm,2,6555.39
2026,2,212425,G,deslig,3,19655.84
2026,2,212425,H,adm,1,28461.53
2026,2,212425,H,deslig,1,5520.0
2026,2,212425,J,adm,34,13685.74
2026,2,212425,J,deslig,51,17208.38
2026,2,212425,K,adm,4,21500.0
2026,2,212425,K,deslig,5,12957.26
2026,2,212425,M,adm,5,13800.0
2026,2,212425,M,deslig,9,18147.42
2026,2,212425,N,adm,2,34083.33
2026,2,212425,N,deslig,8,22557.44
2026,2,212425,R,adm,1,6000.0
2026,2,212425,S,deslig,1,15500.0
2026,3,203105,C,adm,3,10557.49
2026,3,203105,C,deslig,4,10386.96
2026,3,203105,G,adm,3,13189.42
2026,3,203105,G,deslig,4,12092.07
2026,3,203105,H,adm,3,10666.67
2026,3,203105,J,adm,12,16223.33
2026,3,203105,J,deslig,8,13781.75
2026,3,203105,K,adm,5,9854.16
2026,3,203105,K,deslig,3,19446.19
2026,3,203105,M,adm,19,8355.84
2026,3,203105,M,deslig,10,11028.25
2026,3,203105,N,adm,3,13035.67
2026,3,203105,N,deslig,5,11620.43
2026,3,203105,P,adm,1,12630.0
2026,3,203105,Q,adm,1,4761.08
2026,3,203105,Q,deslig,1,12944.85
2026,3,211205,C,adm,1,3500.0
2026,3,211205,G,adm,2,9524.01
2026,3,211205,G,deslig,1,6678.0
2026,3,211205,H,adm,1,4815.0
2026,3,211205,H,deslig,2,11284.99
2026,3,211205,J,adm,7,10812.55
2026,3,211205,J,deslig,9,11654.61
2026,3,211205,K,adm,16,11552.23
2026,3,211205,K,deslig,22,11818.53
2026,3,211205,M,adm,4,8953.4
2026,3,211205,M,deslig,4,7712.69
2026,3,211205,N,adm,5,10419.76
2026,3,211205,N,deslig,4,10504.67
2026,3,211205,O,deslig,2,8794.85
2026,3,211205,P,deslig,1,3000.0
2026,3,211205,Q,adm,4,5619.22
2026,3,211205,R,adm,2,7093.5
2026,3,211210,C,adm,1,31470.0
2026,3,211210,H,deslig,1,3710.0
2026,3,211210,J,adm,1,4000.0
2026,3,211210,J,deslig,1,21000.0
2026,3,211210,K,adm,1,18000.0
2026,3,211210,K,deslig,2,12161.8
2026,3,211210,M,adm,1,12000.0
2026,3,211210,N,adm,2,4885.59
2026,3,211210,N,deslig,4,5368.13
2026,3,211215,C,deslig,1,10555.0
2026,3,211220,C,adm,1,8600.0
2026,3,211220,C,deslig,1,10642.15
2026,3,211220,G,adm,1,7986.12
2026,3,211220,G,deslig,6,7996.42
2026,3,211220,J,adm,18,18017.56
2026,3,211220,J,deslig,13,10691.31
2026,3,211220,K,adm,13,12720.78
2026,3,211220,K,deslig,1,25391.25
2026,3,211220,M,adm,6,18961.89
2026,3,211220,M,deslig,9,12878.58
2026,3,211220,N,adm,14,16104.84
2026,3,211220,N,deslig,5,13171.19
2026,3,211220,P,deslig,1,6360.0
2026,3,211220,Q,adm,2,12040.0
2026,3,211220,Q,deslig,1,14291.42
2026,3,211220,R,adm,1,5000.0
2026,3,211220,S,adm,2,11767.68
2026,3,212205,C,adm,3,15533.33
2026,3,212205,C,deslig,4,13020.2
2026,3,212205,G,adm,11,16519.73
2026,3,212205,G,deslig,13,12623.38
2026,3,212205,J,adm,93,14343.01
2026,3,212205,J,deslig,64,14333.85
2026,3,212205,K,adm,20,16125.0
2026,3,212205,K,deslig,13,12708.64
2026,3,212205,M,adm,52,21854.13
2026,3,212205,M,deslig,34,19548.99
2026,3,212205,N,adm,30,25169.15
2026,3,212205,N,deslig,22,19610.89
2026,3,212205,P,adm,1,4300.0
2026,3,212205,P,deslig,1,9950.37
2026,3,212205,Q,adm,1,8320.0
2026,3,212205,Q,deslig,1,12333.97
2026,3,212210,C,adm,3,16333.33
2026,3,212210,G,adm,1,25000.0
2026,3,212210,J,adm,5,17876.92
2026,3,212210,J,deslig,4,9796.56
2026,3,212210,M,adm,2,41166.67
2026,3,212210,M,deslig,2,23791.67
2026,3,212210,N,adm,10,12152.67
2026,3,212215,C,adm,7,13638.14
2026,3,212215,C,deslig,4,12898.61
2026,3,212215,D,adm,1,15000.0
2026,3,212215,F,adm,1,13000.0
2026,3,212215,G,adm,2,18725.0
2026,3,212215,G,deslig,4,11909.25
2026,3,212215,J,adm,126,13525.06
2026,3,212215,J,deslig,124,12527.17
2026,3,212215,K,adm,52,10459.49
2026,3,212215,K,deslig,42,15099.99
2026,3,212215,M,adm,23,18140.51
2026,3,212215,M,deslig,15,13816.23
2026,3,212215,N,adm,36,40147.73
2026,3,212215,N,deslig,70,25614.76
2026,3,212215,P,adm,1,20000.0
2026,3,212215,R,adm,4,22614.25
2026,3,212215,R,deslig,5,21767.89
2026,3,212305,A,deslig,1,11550.0
2026,3,212305,C,adm,2,2900.0
2026,3,212305,C,deslig,3,13960.23
2026,3,212305,D,deslig,1,17292.7
2026,3,212305,F,adm,1,5297.03
2026,3,212305,G,adm,7,8552.8
2026,3,212305,G,deslig,6,10642.5
2026,3,212305,H,adm,1,9813.57
2026,3,212305,H,deslig,2,4539.32
2026,3,212305,I,deslig,1,3500.0
2026,3,212305,J,adm,48,8290.84
2026,3,212305,J,deslig,78,9273.73
2026,3,212305,K,adm,21,11008.77
2026,3,212305,K,deslig,22,11099.72
2026,3,212305,M,adm,42,12286.62
2026,3,212305,M,deslig,21,10956.31
2026,3,212305,N,adm,6,9323.26
2026,3,212305,N,deslig,5,7742.67
2026,3,212305,P,adm,2,5500.0
2026,3,212305,P,deslig,1,6624.0
2026,3,212305,Q,adm,1,13410.0
2026,3,212305,R,adm,1,2100.0
2026,3,212405,A,adm,1,2911.56
2026,3,212405,A,deslig,2,3259.28
2026,3,212405,B,deslig,1,5448.43
2026,3,212405,C,adm,117,8564.1
2026,3,212405,C,deslig,123,9401.02
2026,3,212405,D,adm,4,9942.67
2026,3,212405,D,deslig,4,12110.75
2026,3,212405,E,adm,4,5575.0
2026,3,212405,E,deslig,1,2500.0
2026,3,212405,F,adm,20,5947.8
2026,3,212405,F,deslig,17,63231.74
2026,3,212405,G,adm,172,7560.79
2026,3,212405,G,deslig,160,7860.2
2026,3,212405,H,adm,24,8406.22
2026,3,212405,H,deslig,15,7083.99
2026,3,212405,I,adm,2,4145.52
2026,3,212405,J,adm,1687,8461.69
2026,3,212405,J,deslig,1880,9260.21
2026,3,212405,K,adm,440,10692.14
2026,3,212405,K,deslig,396,12144.25
2026,3,212405,L,adm,13,22718.31
2026,3,212405,L,deslig,11,12328.05
2026,3,212405,M,adm,273,9356.82
2026,3,212405,M,deslig,292,9764.2
2026,3,212405,N,adm,166,8686.92
2026,3,212405,N,deslig,164,8419.38
2026,3,212405,P,adm,24,6640.46
2026,3,212405,P,deslig,15,7986.17
2026,3,212405,Q,adm,47,7612.11
2026,3,212405,Q,deslig,34,8214.41
2026,3,212405,R,adm,3,7513.74
2026,3,212405,S,adm,20,9450.29
2026,3,212405,S,deslig,17,5170.91
2026,3,212410,A,deslig,2,5593.86
2026,3,212410,B,deslig,1,5089.32
2026,3,212410,C,adm,27,5947.77
2026,3,212410,C,deslig,21,6876.96
2026,3,212410,D,adm,1,7400.0
2026,3,212410,D,deslig,2,13148.98
2026,3,212410,E,deslig,2,6205.0
2026,3,212410,F,adm,8,4466.18
2026,3,212410,F,deslig,5,4714.46
2026,3,212410,G,adm,57,7017.48
2026,3,212410,G,deslig,74,5952.6
2026,3,212410,H,adm,14,5125.17
2026,3,212410,H,deslig,14,4927.84
2026,3,212410,I,adm,4,7125.0
2026,3,212410,I,deslig,1,11134.7
2026,3,212410,J,adm,213,7103.3
2026,3,212410,J,deslig,232,6164.6
2026,3,212410,K,adm,52,9626.67
2026,3,212410,K,deslig,48,11716.67
2026,3,212410,L,adm,2,3821.5
2026,3,212410,M,adm,51,8325.28
2026,3,212410,M,deslig,60,6664.46
2026,3,212410,N,adm,96,6060.38
2026,3,212410,N,deslig,78,5366.25
2026,3,212410,P,adm,9,4341.63
2026,3,212410,P,deslig,24,4536.48
2026,3,212410,Q,adm,7,3833.89
2026,3,212410,Q,deslig,4,6154.46
2026,3,212410,R,adm,3,5248.08
2026,3,212410,R,deslig,2,4400.0
2026,3,212410,S,adm,11,5022.24
2026,3,212410,S,deslig,12,3761.74
2026,3,212410,U,deslig,2,7447.82
2026,3,212425,C,adm,3,14273.28
2026,3,212425,C,deslig,1,13054.19
2026,3,212425,D,adm,1,18846.65
2026,3,212425,G,adm,4,14125.0
2026,3,212425,G,deslig,4,14118.19
2026,3,212425,H,adm,1,6800.0
2026,3,212425,I,adm,1,24000.0
2026,3,212425,J,adm,32,17154.77
2026,3,212425,J,deslig,57,17241.36
2026,3,212425,K,adm,8,17141.17
2026,3,212425,K,deslig,7,15071.08
2026,3,212425,L,deslig,1,9787.73
2026,3,212425,M,adm,9,30014.78
2026,3,212425,M,deslig,8,17498.24
2026,3,212425,N,adm,5,15958.8
2026,3,212425,N,deslig,3,8695.33
2026,4,203105,C,adm,2,5671.0
2026,4,203105,G,deslig,2,14259.09
2026,4,203105,H,adm,2,7620.0
2026,4,203105,H,deslig,1,12500.0
2026,4,203105,J,adm,20,10987.5
2026,4,203105,J,deslig,14,14154.08
2026,4,203105,K,deslig,2,7890.02
2026,4,203105,L,deslig,1,15415.25
2026,4,203105,M,adm,18,11548.26
2026,4,203105,M,deslig,12,9695.51
2026,4,203105,N,adm,2,14250.0
2026,4,203105,N,deslig,3,9529.94
2026,4,203105,P,adm,2,8250.0
2026,4,203105,P,deslig,3,11388.55
2026,4,211205,C,deslig,1,4500.0
2026,4,211205,E,deslig,1,30000.0
2026,4,211205,G,adm,4,12045.83
2026,4,211205,G,deslig,2,8192.79
2026,4,211205,H,deslig,1,4815.0
2026,4,211205,J,adm,3,10833.33
2026,4,211205,J,deslig,2,8203.99
2026,4,211205,K,adm,19,12139.42
2026,4,211205,K,deslig,12,12443.87
2026,4,211205,M,adm,4,8081.77
2026,4,211205,M,deslig,6,7439.6
2026,4,211205,N,adm,2,17500.0
2026,4,211205,N,deslig,3,11322.23
2026,4,211205,P,adm,1,4600.0
2026,4,211205,Q,adm,3,7709.85
2026,4,211205,Q,deslig,3,8862.79
2026,4,211205,R,adm,1,70000.0
2026,4,211210,H,adm,1,3200.0
2026,4,211210,J,deslig,2,10315.8
2026,4,211210,K,adm,2,5167.91
2026,4,211210,M,adm,1,4000.0
2026,4,211210,M,deslig,1,28215.0
2026,4,211210,N,adm,2,4698.32
2026,4,211210,N,deslig,2,14784.5
2026,4,211210,Q,adm,1,9007.02
2026,4,211220,C,adm,3,14833.33
2026,4,211220,C,deslig,3,9092.25
2026,4,211220,D,adm,1,21000.0
2026,4,211220,G,adm,5,12900.0
2026,4,211220,G,deslig,6,7043.22
2026,4,211220,J,adm,13,17989.47
2026,4,211220,J,deslig,20,10110.53
2026,4,211220,K,adm,9,13134.18
2026,4,211220,K,deslig,10,11094.82
2026,4,211220,M,adm,13,17995.09
2026,4,211220,M,deslig,10,14419.1
2026,4,211220,N,adm,5,14167.47
2026,4,211220,N,deslig,2,14796.16
2026,4,211220,P,deslig,1,10000.0
2026,4,211220,Q,adm,2,12150.65
2026,4,211220,Q,deslig,2,12670.67
2026,4,211220,R,deslig,1,29965.79
2026,4,211220,S,adm,2,10413.67
2026,4,211220,S,deslig,1,5238.5
2026,4,212205,A,adm,2,12000.0
2026,4,212205,C,adm,15,13065.94
2026,4,212205,C,deslig,2,7892.9
2026,4,212205,D,adm,2,24500.0
2026,4,212205,G,adm,10,12421.42
2026,4,212205,G,deslig,19,10435.19
2026,4,212205,I,adm,1,20500.0
2026,4,212205,J,adm,88,15436.65
2026,4,212205,J,deslig,109,15680.1
2026,4,212205,K,adm,22,14513.29
2026,4,212205,K,deslig,16,12284.98
2026,4,212205,M,adm,52,22345.92
2026,4,212205,M,deslig,51,16891.36
2026,4,212205,N,adm,27,28090.18
2026,4,212205,N,deslig,14,30372.5
2026,4,212205,P,adm,3,15000.0
2026,4,212205,R,adm,1,24500.0
2026,4,212205,R,deslig,1,15870.0
2026,4,212210,C,adm,1,12500.0
2026,4,212210,C,deslig,1,11030.25
2026,4,212210,J,adm,6,19837.84
2026,4,212210,J,deslig,5,23850.13
2026,4,212210,M,adm,1,44403.33
2026,4,212210,M,deslig,1,12232.0
2026,4,212210,N,adm,7,16054.11
2026,4,212210,N,deslig,2,9048.75
2026,4,212210,P,deslig,1,5110.67
2026,4,212215,C,adm,1,3000.0
2026,4,212215,C,deslig,2,12984.0
2026,4,212215,G,adm,4,11875.0
2026,4,212215,G,deslig,1,7443.07
2026,4,212215,J,adm,123,16107.74
2026,4,212215,J,deslig,93,11490.16
2026,4,212215,K,adm,50,11617.79
2026,4,212215,K,deslig,49,15668.82
2026,4,212215,M,adm,18,27603.46
2026,4,212215,M,deslig,24,22185.42
2026,4,212215,N,adm,34,27038.48
2026,4,212215,N,deslig,33,24531.44
2026,4,212215,R,adm,1,19166.67
2026,4,212215,R,deslig,2,9324.99
2026,4,212305,A,deslig,1,12974.09
2026,4,212305,C,adm,4,10285.99
2026,4,212305,C,deslig,3,8176.62
2026,4,212305,G,adm,11,11438.95
2026,4,212305,G,deslig,10,14517.8
2026,4,212305,H,adm,2,4543.1
2026,4,212305,H,deslig,1,3480.0
2026,4,212305,I,adm,1,8404.0
2026,4,212305,J,adm,43,9056.79
2026,4,212305,J,deslig,61,9724.54
2026,4,212305,K,adm,22,12812.76
2026,4,212305,K,deslig,15,11865.52
2026,4,212305,L,adm,1,33840.0
2026,4,212305,L,deslig,2,32025.31
2026,4,212305,M,adm,31,9864.72
2026,4,212305,M,deslig,27,11891.37
2026,4,212305,N,adm,19,8222.31
2026,4,212305,N,deslig,22,10683.23
2026,4,212305,P,adm,2,8500.0
2026,4,212305,Q,adm,1,11200.0
2026,4,212305,Q,deslig,1,14845.57
2026,4,212305,R,adm,1,12000.0
2026,4,212405,A,adm,3,6000.0
2026,4,212405,A,deslig,3,3839.72
2026,4,212405,C,adm,132,8971.47
2026,4,212405,C,deslig,113,8747.86
2026,4,212405,D,adm,6,11355.96
2026,4,212405,D,deslig,5,7236.68
2026,4,212405,E,adm,2,6347.9
2026,4,212405,E,deslig,5,13225.38
2026,4,212405,F,adm,10,5551.73
2026,4,212405,F,deslig,20,5033.56
2026,4,212405,G,adm,135,8488.65
2026,4,212405,G,deslig,171,8587.1
2026,4,212405,H,adm,24,5915.21
2026,4,212405,H,deslig,22,7564.76
2026,4,212405,I,adm,2,5250.0
2026,4,212405,I,deslig,6,9656.0
2026,4,212405,J,adm,1733,10543.07
2026,4,212405,J,deslig,1724,9445.51
2026,4,212405,K,adm,501,11122.95
2026,4,212405,K,deslig,514,11723.82
2026,4,212405,L,adm,15,21761.97
2026,4,212405,L,deslig,25,12980.81
2026,4,212405,M,adm,344,9681.0
2026,4,212405,M,deslig,309,10045.5
2026,4,212405,N,adm,198,11231.62
2026,4,212405,N,deslig,204,7283.76
2026,4,212405,O,deslig,2,3951.53
2026,4,212405,P,adm,22,7550.17
2026,4,212405,P,deslig,16,6524.92
2026,4,212405,Q,adm,48,7007.29
2026,4,212405,Q,deslig,42,8418.57
2026,4,212405,R,adm,2,10988.49
2026,4,212405,R,deslig,4,10652.75
2026,4,212405,S,adm,13,8638.97
2026,4,212405,S,deslig,18,5349.9
2026,4,212405,U,adm,1,7447.82
2026,4,212410,A,deslig,1,5481.0
2026,4,212410,B,adm,2,5932.0
2026,4,212410,B,deslig,1,4500.0
2026,4,212410,C,adm,26,5377.55
2026,4,212410,C,deslig,28,5644.56
2026,4,212410,D,adm,2,9851.51
2026,4,212410,E,adm,2,8676.07
2026,4,212410,E,deslig,1,9000.0
2026,4,212410,F,adm,4,2849.45
2026,4,212410,F,deslig,8,3679.49
2026,4,212410,G,adm,55,5739.34
2026,4,212410,G,deslig,63,5688.14
2026,4,212410,H,adm,10,4335.92
2026,4,212410,H,deslig,6,3442.05
2026,4,212410,I,adm,1,3200.0
2026,4,212410,I,deslig,2,3414.32
2026,4,212410,J,adm,209,6160.31
2026,4,212410,J,deslig,212,5930.48
2026,4,212410,K,adm,63,8267.5
2026,4,212410,K,deslig,50,10591.22
2026,4,212410,L,deslig,2,2850.0
2026,4,212410,M,adm,51,8960.7
2026,4,212410,M,deslig,55,9962.8
2026,4,212410,N,adm,74,5333.78
2026,4,212410,N,deslig,80,4794.69
2026,4,212410,P,adm,13,5523.27
2026,4,212410,P,deslig,13,3990.47
2026,4,212410,Q,adm,8,6012.46
2026,4,212410,Q,deslig,7,7467.58
2026,4,212410,R,adm,3,10942.51
2026,4,212410,R,deslig,5,11242.42
2026,4,212410,S,adm,10,5017.8
2026,4,212410,S,deslig,9,3948.38
2026,4,212425,C,adm,2,13412.5
2026,4,212425,C,deslig,3,15493.2
2026,4,212425,G,adm,10,11810.32
2026,4,212425,G,deslig,7,13290.26
2026,4,212425,I,deslig,1,11652.48
2026,4,212425,J,adm,43,19358.63
2026,4,212425,J,deslig,60,15937.07
2026,4,212425,K,adm,11,15170.75
2026,4,212425,K,deslig,12,11355.64
2026,4,212425,M,adm,11,20234.85
2026,4,212425,M,deslig,9,15528.06
2026,4,212425,N,adm,13,17486.84
2026,4,212425,N,deslig,3,23880.76
