ano,mes,cbo6,mov,bin,n
2023,1,203105,adm,2500.0,1
2023,1,203105,adm,3000.0,2
2023,1,203105,adm,3500.0,2
2023,1,203105,adm,4000.0,2
2023,1,203105,adm,4500.0,1
2023,1,203105,adm,5000.0,2
2023,1,203105,adm,5500.0,7
2023,1,203105,adm,6000.0,1
2023,1,203105,adm,6500.0,1
2023,1,203105,adm,7000.0,4
2023,1,203105,adm,7500.0,1
2023,1,203105,adm,8000.0,5
2023,1,203105,adm,9000.0,10
2023,1,203105,adm,9500.0,1
2023,1,203105,adm,10000.0,2
2023,1,203105,adm,11000.0,1
2023,1,203105,adm,11500.0,1
2023,1,203105,adm,12000.0,1
2023,1,203105,adm,13000.0,2
2023,1,203105,adm,13500.0,2
2023,1,203105,adm,14000.0,1
2023,1,203105,adm,15000.0,1
2023,1,203105,adm,15500.0,1
2023,1,203105,adm,16000.0,1
2023,1,203105,adm,16500.0,1
2023,1,203105,adm,17000.0,1
2023,1,203105,adm,34000.0,1
2023,1,203105,deslig,2500.0,1
2023,1,203105,deslig,3000.0,1
2023,1,203105,deslig,5000.0,2
2023,1,203105,deslig,5500.0,1
2023,1,203105,deslig,6000.0,1
2023,1,203105,deslig,6500.0,1
2023,1,203105,deslig,8000.0,4
2023,1,203105,deslig,9000.0,3
2023,1,203105,deslig,9500.0,1
2023,1,203105,deslig,11000.0,1
2023,1,203105,deslig,11500.0,1
2023,1,203105,deslig,12000.0,1
2023,1,203105,deslig,13000.0,1
2023,1,203105,deslig,14000.0,1
2023,1,203105,deslig,14500.0,1
2023,1,203105,deslig,15000.0,1
2023,1,203105,deslig,18000.0,1
2023,1,203105,deslig,20000.0,2
2023,1,203105,deslig,39000.0,1
2023,1,211205,adm,1000.0,1
2023,1,211205,adm,1500.0,1
2023,1,211205,adm,2000.0,2
2023,1,211205,adm,2500.0,3
2023,1,211205,adm,3500.0,1
2023,1,211205,adm,4000.0,2
2023,1,211205,adm,4500.0,4
2023,1,211205,adm,5000.0,7
2023,1,211205,adm,5500.0,1
2023,1,211205,adm,6000.0,7
2023,1,211205,adm,6500.0,1
2023,1,211205,adm,7000.0,1
2023,1,211205,adm,7500.0,3
2023,1,211205,adm,8000.0,4
2023,1,211205,adm,8500.0,2
2023,1,211205,adm,9000.0,2
2023,1,211205,adm,9500.0,4
2023,1,211205,adm,10000.0,2
2023,1,211205,adm,10500.0,1
2023,1,211205,adm,11000.0,1
2023,1,211205,adm,11500.0,1
2023,1,211205,adm,12500.0,2
2023,1,211205,adm,13500.0,1
2023,1,211205,adm,14000.0,1
2023,1,211205,adm,15500.0,1
2023,1,211205,adm,16000.0,1
2023,1,211205,adm,16500.0,1
2023,1,211205,deslig,3500.0,3
2023,1,211205,deslig,4000.0,2
2023,1,211205,deslig,4500.0,4
2023,1,211205,deslig,5000.0,3
2023,1,211205,deslig,5500.0,3
2023,1,211205,deslig,6000.0,3
2023,1,211205,deslig,6500.0,1
2023,1,211205,deslig,7000.0,2
2023,1,211205,deslig,7500.0,1
2023,1,211205,deslig,8500.0,2
2023,1,211205,deslig,10000.0,3
2023,1,211205,deslig,10500.0,2
2023,1,211205,deslig,11000.0,2
2023,1,211205,deslig,11500.0,1
2023,1,211205,deslig,12000.0,1
2023,1,211205,deslig,12500.0,3
2023,1,211205,deslig,13000.0,2
2023,1,211205,deslig,19500.0,1
2023,1,211205,deslig,32000.0,1
2023,1,211210,adm,2000.0,1
2023,1,211210,adm,3000.0,1
2023,1,211210,adm,3500.0,2
2023,1,211210,adm,5500.0,1
2023,1,211210,adm,9500.0,1
2023,1,211210,adm,15000.0,1
2023,1,211210,deslig,0.0,1
2023,1,211210,deslig,5000.0,1
2023,1,211210,deslig,6000.0,1
2023,1,211210,deslig,8500.0,1
2023,1,211210,deslig,15000.0,1
2023,1,212205,adm,2000.0,2
2023,1,212205,adm,2500.0,1
2023,1,212205,adm,3000.0,4
2023,1,212205,adm,3500.0,7
2023,1,212205,adm,4000.0,3
2023,1,212205,adm,4500.0,2
2023,1,212205,adm,5000.0,7
2023,1,212205,adm,5500.0,5
2023,1,212205,adm,6000.0,4
2023,1,212205,adm,6500.0,12
2023,1,212205,adm,7000.0,3
2023,1,212205,adm,7500.0,2
2023,1,212205,adm,8000.0,5
2023,1,212205,adm,8500.0,4
2023,1,212205,adm,9000.0,3
2023,1,212205,adm,9500.0,2
2023,1,212205,adm,10000.0,6
2023,1,212205,adm,10500.0,1
2023,1,212205,adm,11000.0,3
2023,1,212205,adm,11500.0,1
2023,1,212205,adm,12000.0,7
2023,1,212205,adm,12500.0,1
2023,1,212205,adm,13000.0,1
2023,1,212205,adm,13500.0,5
2023,1,212205,adm,14000.0,6
2023,1,212205,adm,15000.0,4
2023,1,212205,adm,15500.0,3
2023,1,212205,adm,16000.0,2
2023,1,212205,adm,16500.0,1
2023,1,212205,adm,17000.0,5
2023,1,212205,adm,17500.0,5
2023,1,212205,adm,18000.0,4
2023,1,212205,adm,19000.0,2
2023,1,212205,adm,20000.0,1
2023,1,212205,adm,20500.0,1
2023,1,212205,adm,22000.0,4
2023,1,212205,adm,23000.0,1
2023,1,212205,adm,24000.0,3
2023,1,212205,adm,27000.0,2
2023,1,212205,adm,28000.0,1
2023,1,212205,adm,28500.0,1
2023,1,212205,adm,30500.0,1
2023,1,212205,adm,32500.0,1
2023,1,212205,adm,33500.0,1
2023,1,212205,adm,35000.0,1
2023,1,212205,adm,35500.0,1
2023,1,212205,adm,40000.0,1
2023,1,212205,deslig,1500.0,1
2023,1,212205,deslig,2500.0,1
2023,1,212205,deslig,4000.0,1
2023,1,212205,deslig,5000.0,5
2023,1,212205,deslig,6000.0,5
2023,1,212205,deslig,6500.0,3
2023,1,212205,deslig,7000.0,2
2023,1,212205,deslig,7500.0,3
2023,1,212205,deslig,8000.0,3
2023,1,212205,deslig,8500.0,6
2023,1,212205,deslig,9000.0,2
2023,1,212205,deslig,9500.0,2
2023,1,212205,deslig,10000.0,5
2023,1,212205,deslig,10500.0,4
2023,1,212205,deslig,11000.0,4
2023,1,212205,deslig,11500.0,3
2023,1,212205,deslig,12000.0,11
2023,1,212205,deslig,12500.0,2
2023,1,212205,deslig,13000.0,6
2023,1,212205,deslig,14000.0,2
2023,1,212205,deslig,14500.0,2
2023,1,212205,deslig,15500.0,2
2023,1,212205,deslig,16000.0,1
2023,1,212205,deslig,16500.0,2
2023,1,212205,deslig,17000.0,3
2023,1,212205,deslig,17500.0,3
2023,1,212205,deslig,18000.0,5
2023,1,212205,deslig,19000.0,4
2023,1,212205,deslig,19500.0,4
2023,1,212205,deslig,20000.0,2
2023,1,212205,deslig,20500.0,1
2023,1,212205,deslig,21500.0,2
2023,1,212205,deslig,22000.0,4
2023,1,212205,deslig,24500.0,1
2023,1,212205,deslig,25000.0,2
2023,1,212205,deslig,25500.0,1
2023,1,212205,deslig,26000.0,1
2023,1,212205,deslig,27000.0,1
2023,1,212205,deslig,33500.0,1
2023,1,212205,deslig,35000.0,1
2023,1,212205,deslig,36500.0,1
2023,1,212205,deslig,38500.0,1
2023,1,212205,deslig,42500.0,1
2023,1,212205,deslig,43000.0,1
2023,1,212210,adm,0.0,1
2023,1,212210,adm,4500.0,1
2023,1,212210,adm,5500.0,1
2023,1,212210,adm,6000.0,1
2023,1,212210,adm,13500.0,3
2023,1,212210,adm,17500.0,2
2023,1,212210,adm,19000.0,1
2023,1,212210,adm,20500.0,1
2023,1,212210,adm,23000.0,1
2023,1,212210,adm,24000.0,4
2023,1,212210,deslig,6500.0,1
2023,1,212210,deslig,8500.0,1
2023,1,212210,deslig,9500.0,1
2023,1,212210,deslig,10500.0,1
2023,1,212210,deslig,11000.0,1
2023,1,212210,deslig,13500.0,1
2023,1,212210,deslig,15000.0,1
2023,1,212210,deslig,16500.0,1
2023,1,212210,deslig,20000.0,2
2023,1,212210,deslig,22000.0,1
2023,1,212210,deslig,28500.0,1
2023,1,212210,deslig,29500.0,1
2023,1,212210,deslig,31500.0,1
2023,1,212210,deslig,33500.0,1
2023,1,212210,deslig,34000.0,3
2023,1,212210,deslig,36500.0,1
2023,1,212210,deslig,50000.0,1
2023,1,212215,adm,2000.0,5
2023,1,212215,adm,2500.0,1
2023,1,212215,adm,3000.0,2
2023,1,212215,adm,3500.0,2
2023,1,212215,adm,4000.0,1
2023,1,212215,adm,4500.0,2
2023,1,212215,adm,5000.0,4
2023,1,212215,adm,5500.0,4
2023,1,212215,adm,6000.0,7
2023,1,212215,adm,6500.0,3
2023,1,212215,adm,7000.0,4
2023,1,212215,adm,7500.0,7
2023,1,212215,adm,8000.0,4
2023,1,212215,adm,8500.0,3
2023,1,212215,adm,9000.0,3
2023,1,212215,adm,9500.0,4
2023,1,212215,adm,10000.0,4
2023,1,212215,adm,10500.0,5
2023,1,212215,adm,11000.0,1
2023,1,212215,adm,12000.0,6
2023,1,212215,adm,12500.0,2
2023,1,212215,adm,13000.0,8
2023,1,212215,adm,13500.0,1
2023,1,212215,adm,14000.0,2
2023,1,212215,adm,14500.0,1
2023,1,212215,adm,15000.0,4
2023,1,212215,adm,15500.0,1
2023,1,212215,adm,16000.0,3
2023,1,212215,adm,16500.0,5
2023,1,212215,adm,17000.0,1
2023,1,212215,adm,17500.0,3
2023,1,212215,adm,18000.0,2
2023,1,212215,adm,19000.0,3
2023,1,212215,adm,20000.0,3
2023,1,212215,adm,20500.0,2
2023,1,212215,adm,21000.0,3
2023,1,212215,adm,22000.0,3
2023,1,212215,adm,22500.0,2
2023,1,212215,adm,23000.0,4
2023,1,212215,adm,23500.0,1
2023,1,212215,adm,24000.0,1
2023,1,212215,adm,24500.0,1
2023,1,212215,adm,25000.0,1
2023,1,212215,adm,25500.0,1
2023,1,212215,adm,26000.0,1
2023,1,212215,adm,26500.0,1
2023,1,212215,adm,28000.0,1
2023,1,212215,adm,29500.0,2
2023,1,212215,adm,32500.0,1
2023,1,212215,adm,33000.0,4
2023,1,212215,adm,33500.0,1
2023,1,212215,adm,34000.0,1
2023,1,212215,adm,36500.0,1
2023,1,212215,adm,37500.0,1
2023,1,212215,adm,42000.0,1
2023,1,212215,adm,49500.0,1
2023,1,212215,adm,50000.0,2
2023,1,212215,deslig,0.0,2
2023,1,212215,deslig,1500.0,1
2023,1,212215,deslig,2000.0,5
2023,1,212215,deslig,2500.0,3
2023,1,212215,deslig,3000.0,1
2023,1,212215,deslig,3500.0,3
2023,1,212215,deslig,4000.0,4
2023,1,212215,deslig,4500.0,2
2023,1,212215,deslig,5000.0,3
2023,1,212215,deslig,5500.0,1
2023,1,212215,deslig,6000.0,4
2023,1,212215,deslig,6500.0,2
2023,1,212215,deslig,7000.0,5
2023,1,212215,deslig,7500.0,4
2023,1,212215,deslig,8000.0,4
2023,1,212215,deslig,8500.0,5
2023,1,212215,deslig,9000.0,5
2023,1,212215,deslig,9500.0,3
2023,1,212215,deslig,10000.0,5
2023,1,212215,deslig,10500.0,5
2023,1,212215,deslig,11000.0,5
2023,1,212215,deslig,11500.0,4
2023,1,212215,deslig,12000.0,8
2023,1,212215,deslig,12500.0,2
2023,1,212215,deslig,13000.0,3
2023,1,212215,deslig,13500.0,1
2023,1,212215,deslig,14000.0,4
2023,1,212215,deslig,14500.0,2
2023,1,212215,deslig,15000.0,4
2023,1,212215,deslig,15500.0,3
2023,1,212215,deslig,16000.0,1
2023,1,212215,deslig,16500.0,2
2023,1,212215,deslig,17500.0,1
2023,1,212215,deslig,18000.0,2
2023,1,212215,deslig,18500.0,2
2023,1,212215,deslig,19000.0,4
2023,1,212215,deslig,19500.0,3
2023,1,212215,deslig,20000.0,3
2023,1,212215,deslig,20500.0,1
2023,1,212215,deslig,21500.0,2
2023,1,212215,deslig,22500.0,1
2023,1,212215,deslig,23500.0,2
2023,1,212215,deslig,24000.0,3
2023,1,212215,deslig,25000.0,1
2023,1,212215,deslig,25500.0,1
2023,1,212215,deslig,26000.0,1
2023,1,212215,deslig,26500.0,7
2023,1,212215,deslig,29000.0,1
2023,1,212215,deslig,34500.0,1
2023,1,212215,deslig,37500.0,2
2023,1,212215,deslig,40000.0,2
2023,1,212215,deslig,40500.0,1
2023,1,212215,deslig,43500.0,2
2023,1,212215,deslig,46000.0,1
2023,1,212215,deslig,50000.0,3
2023,1,212305,adm,1000.0,5
2023,1,212305,adm,2000.0,4
2023,1,212305,adm,2500.0,5
2023,1,212305,adm,3000.0,8
2023,1,212305,adm,3500.0,5
2023,1,212305,adm,4000.0,9
2023,1,212305,adm,4500.0,5
2023,1,212305,adm,5000.0,11
2023,1,212305,adm,5500.0,6
2023,1,212305,adm,6000.0,7
2023,1,212305,adm,6500.0,11
2023,1,212305,adm,7000.0,5
2023,1,212305,adm,7500.0,5
2023,1,212305,adm,8000.0,5
2023,1,212305,adm,8500.0,8
2023,1,212305,adm,9000.0,3
2023,1,212305,adm,9500.0,6
2023,1,212305,adm,10000.0,6
2023,1,212305,adm,10500.0,4
2023,1,212305,adm,11000.0,5
2023,1,212305,adm,11500.0,5
2023,1,212305,adm,12000.0,5
2023,1,212305,adm,13000.0,3
2023,1,212305,adm,14000.0,4
2023,1,212305,adm,14500.0,3
2023,1,212305,adm,15500.0,1
2023,1,212305,adm,16000.0,1
2023,1,212305,adm,16500.0,2
2023,1,212305,adm,18000.0,2
2023,1,212305,adm,20000.0,3
2023,1,212305,adm,23000.0,1
2023,1,212305,adm,24000.0,4
2023,1,212305,adm,27000.0,1
2023,1,212305,deslig,1000.0,11
2023,1,212305,deslig,1500.0,2
2023,1,212305,deslig,2000.0,27
2023,1,212305,deslig,2500.0,6
2023,1,212305,deslig,3000.0,6
2023,1,212305,deslig,3500.0,3
2023,1,212305,deslig,4000.0,3
2023,1,212305,deslig,4500.0,6
2023,1,212305,deslig,5000.0,1
2023,1,212305,deslig,5500.0,2
2023,1,212305,deslig,6000.0,8
2023,1,212305,deslig,6500.0,6
2023,1,212305,deslig,7000.0,5
2023,1,212305,deslig,7500.0,8
2023,1,212305,deslig,8000.0,4
2023,1,212305,deslig,8500.0,1
2023,1,212305,deslig,9000.0,5
2023,1,212305,deslig,9500.0,3
2023,1,212305,deslig,10000.0,5
2023,1,212305,deslig,10500.0,4
2023,1,212305,deslig,11000.0,2
2023,1,212305,deslig,11500.0,1
2023,1,212305,deslig,12000.0,2
2023,1,212305,deslig,12500.0,6
2023,1,212305,deslig,13000.0,2
2023,1,212305,deslig,13500.0,2
2023,1,212305,deslig,14000.0,3
2023,1,212305,deslig,15000.0,1
2023,1,212305,deslig,15500.0,1
2023,1,212305,deslig,16000.0,2
2023,1,212305,deslig,16500.0,1
2023,1,212305,deslig,17500.0,1
2023,1,212305,deslig,18000.0,1
2023,1,212305,deslig,18500.0,1
2023,1,212305,deslig,22000.0,1
2023,1,212305,deslig,22500.0,1
2023,1,212305,deslig,24000.0,1
2023,1,212305,deslig,27000.0,1
2023,1,212405,adm,0.0,1
2023,1,212405,adm,1000.0,29
2023,1,212405,adm,1500.0,109
2023,1,212405,adm,2000.0,276
2023,1,212405,adm,2500.0,203
2023,1,212405,adm,3000.0,197
2023,1,212405,adm,3500.0,199
2023,1,212405,adm,4000.0,199
2023,1,212405,adm,4500.0,171
2023,1,212405,adm,5000.0,151
2023,1,212405,adm,5500.0,126
2023,1,212405,adm,6000.0,111
2023,1,212405,adm,6500.0,96
2023,1,212405,adm,7000.0,128
2023,1,212405,adm,7500.0,102
2023,1,212405,adm,8000.0,143
2023,1,212405,adm,8500.0,95
2023,1,212405,adm,9000.0,131
2023,1,212405,adm,9500.0,72
2023,1,212405,adm,10000.0,119
2023,1,212405,adm,10500.0,62
2023,1,212405,adm,11000.0,100
2023,1,212405,adm,11500.0,46
2023,1,212405,adm,12000.0,115
2023,1,212405,adm,12500.0,44
2023,1,212405,adm,13000.0,87
2023,1,212405,adm,13500.0,42
2023,1,212405,adm,14000.0,62
2023,1,212405,adm,14500.0,26
2023,1,212405,adm,15000.0,62
2023,1,212405,adm,15500.0,22
2023,1,212405,adm,16000.0,43
2023,1,212405,adm,16500.0,14
2023,1,212405,adm,17000.0,30
2023,1,212405,adm,17500.0,16
2023,1,212405,adm,18000.0,20
2023,1,212405,adm,18500.0,6
2023,1,212405,adm,19000.0,18
2023,1,212405,adm,19500.0,2
2023,1,212405,adm,20000.0,16
2023,1,212405,adm,20500.0,1
2023,1,212405,adm,21000.0,8
2023,1,212405,adm,21500.0,1
2023,1,212405,adm,22000.0,2
2023,1,212405,adm,22500.0,2
2023,1,212405,adm,23000.0,4
2023,1,212405,adm,23500.0,2
2023,1,212405,adm,24000.0,2
2023,1,212405,adm,24500.0,1
2023,1,212405,adm,25000.0,2
2023,1,212405,adm,25500.0,1
2023,1,212405,adm,26000.0,2
2023,1,212405,adm,28000.0,1
2023,1,212405,adm,28500.0,2
2023,1,212405,adm,29000.0,1
2023,1,212405,adm,30000.0,1
2023,1,212405,adm,31000.0,2
2023,1,212405,adm,32000.0,1
2023,1,212405,adm,33000.0,1
2023,1,212405,adm,40000.0,1
2023,1,212405,adm,42000.0,1
2023,1,212405,deslig,0.0,1
2023,1,212405,deslig,1000.0,11
2023,1,212405,deslig,1500.0,55
2023,1,212405,deslig,2000.0,170
2023,1,212405,deslig,2500.0,157
2023,1,212405,deslig,3000.0,145
2023,1,212405,deslig,3500.0,126
2023,1,212405,deslig,4000.0,127
2023,1,212405,deslig,4500.0,116
2023,1,212405,deslig,5000.0,117
2023,1,212405,deslig,5500.0,117
2023,1,212405,deslig,6000.0,116
2023,1,212405,deslig,6500.0,114
2023,1,212405,deslig,7000.0,122
2023,1,212405,deslig,7500.0,117
2023,1,212405,deslig,8000.0,137
2023,1,212405,deslig,8500.0,101
2023,1,212405,deslig,9000.0,108
2023,1,212405,deslig,9500.0,116
2023,1,212405,deslig,10000.0,121
2023,1,212405,deslig,10500.0,82
2023,1,212405,deslig,11000.0,83
2023,1,212405,deslig,11500.0,50
2023,1,212405,deslig,12000.0,113
2023,1,212405,deslig,12500.0,52
2023,1,212405,deslig,13000.0,70
2023,1,212405,deslig,13500.0,38
2023,1,212405,deslig,14000.0,54
2023,1,212405,deslig,14500.0,45
2023,1,212405,deslig,15000.0,66
2023,1,212405,deslig,15500.0,27
2023,1,212405,deslig,16000.0,25
2023,1,212405,deslig,16500.0,24
2023,1,212405,deslig,17000.0,23
2023,1,212405,deslig,17500.0,28
2023,1,212405,deslig,18000.0,16
2023,1,212405,deslig,18500.0,11
2023,1,212405,deslig,19000.0,16
2023,1,212405,deslig,19500.0,6
2023,1,212405,deslig,20000.0,3
2023,1,212405,deslig,20500.0,4
2023,1,212405,deslig,21000.0,11
2023,1,212405,deslig,21500.0,9
2023,1,212405,deslig,22000.0,2
2023,1,212405,deslig,22500.0,5
2023,1,212405,deslig,23000.0,4
2023,1,212405,deslig,23500.0,2
2023,1,212405,deslig,24000.0,6
2023,1,212405,deslig,24500.0,1
2023,1,212405,deslig,25000.0,1
2023,1,212405,deslig,26500.0,1
2023,1,212405,deslig,27500.0,2
2023,1,212405,deslig,29000.0,1
2023,1,212405,deslig,33000.0,1
2023,1,212405,deslig,38000.0,1
2023,1,212405,deslig,45500.0,1
2023,1,212405,deslig,50000.0,2
2023,1,212410,adm,0.0,1
2023,1,212410,adm,1000.0,25
2023,1,212410,adm,1500.0,48
2023,1,212410,adm,2000.0,65
2023,1,212410,adm,2500.0,83
2023,1,212410,adm,3000.0,58
2023,1,212410,adm,3500.0,51
2023,1,212410,adm,4000.0,61
2023,1,212410,adm,4500.0,22
2023,1,212410,adm,5000.0,36
2023,1,212410,adm,5500.0,17
2023,1,212410,adm,6000.0,23
2023,1,212410,adm,6500.0,11
2023,1,212410,adm,7000.0,18
2023,1,212410,adm,7500.0,16
2023,1,212410,adm,8000.0,13
2023,1,212410,adm,8500.0,8
2023,1,212410,adm,9000.0,7
2023,1,212410,adm,9500.0,5
2023,1,212410,adm,10000.0,8
2023,1,212410,adm,10500.0,3
2023,1,212410,adm,11000.0,9
2023,1,212410,adm,11500.0,2
2023,1,212410,adm,12000.0,8
2023,1,212410,adm,12500.0,2
2023,1,212410,adm,13000.0,5
2023,1,212410,adm,13500.0,2
2023,1,212410,adm,14000.0,6
2023,1,212410,adm,14500.0,1
2023,1,212410,adm,15000.0,4
2023,1,212410,adm,16000.0,2
2023,1,212410,adm,16500.0,1
2023,1,212410,adm,18000.0,1
2023,1,212410,adm,19000.0,2
2023,1,212410,adm,20000.0,4
2023,1,212410,adm,21000.0,1
2023,1,212410,adm,25000.0,1
2023,1,212410,adm,28000.0,1
2023,1,212410,adm,38500.0,1
2023,1,212410,deslig,1000.0,15
2023,1,212410,deslig,1500.0,39
2023,1,212410,deslig,2000.0,64
2023,1,212410,deslig,2500.0,49
2023,1,212410,deslig,3000.0,41
2023,1,212410,deslig,3500.0,30
2023,1,212410,deslig,4000.0,32
2023,1,212410,deslig,4500.0,28
2023,1,212410,deslig,5000.0,27
2023,1,212410,deslig,5500.0,19
2023,1,212410,deslig,6000.0,25
2023,1,212410,deslig,6500.0,12
2023,1,212410,deslig,7000.0,27
2023,1,212410,deslig,7500.0,14
2023,1,212410,deslig,8000.0,12
2023,1,212410,deslig,8500.0,9
2023,1,212410,deslig,9000.0,8
2023,1,212410,deslig,9500.0,7
2023,1,212410,deslig,10000.0,8
2023,1,212410,deslig,10500.0,4
2023,1,212410,deslig,11000.0,8
2023,1,212410,deslig,11500.0,3
2023,1,212410,deslig,12000.0,5
2023,1,212410,deslig,12500.0,5
2023,1,212410,deslig,13000.0,5
2023,1,212410,deslig,13500.0,3
2023,1,212410,deslig,14000.0,5
2023,1,212410,deslig,14500.0,1
2023,1,212410,deslig,15000.0,1
2023,1,212410,deslig,15500.0,3
2023,1,212410,deslig,16000.0,2
2023,1,212410,deslig,16500.0,5
2023,1,212410,deslig,17000.0,1
2023,1,212410,deslig,17500.0,1
2023,1,212410,deslig,20000.0,1
2023,1,212410,deslig,21000.0,2
2023,1,212410,deslig,22000.0,1
2023,1,212410,deslig,24500.0,1
2023,1,212410,deslig,26000.0,1
2023,1,212410,deslig,33000.0,1
2023,1,212410,deslig,44500.0,1
2023,1,212425,adm,2000.0,2
2023,1,212425,adm,4000.0,1
2023,1,212425,adm,4500.0,1
2023,1,212425,adm,5000.0,1
2023,1,212425,adm,5500.0,3
2023,1,212425,adm,6000.0,1
2023,1,212425,adm,6500.0,2
2023,1,212425,adm,7000.0,2
2023,1,212425,adm,7500.0,1
2023,1,212425,adm,8000.0,3
2023,1,212425,adm,8500.0,1
2023,1,212425,adm,9000.0,3
2023,1,212425,adm,9500.0,1
2023,1,212425,adm,10000.0,3
2023,1,212425,adm,10500.0,1
2023,1,212425,adm,11500.0,1
2023,1,212425,adm,12000.0,4
2023,1,212425,adm,13000.0,3
2023,1,212425,adm,14000.0,6
2023,1,212425,adm,14500.0,4
2023,1,212425,adm,15000.0,6
2023,1,212425,adm,15500.0,2
2023,1,212425,adm,16000.0,3
2023,1,212425,adm,17000.0,1
2023,1,212425,adm,17500.0,2
2023,1,212425,adm,18000.0,2
2023,1,212425,adm,18500.0,1
2023,1,212425,adm,19000.0,1
2023,1,212425,adm,20000.0,1
2023,1,212425,adm,21000.0,1
2023,1,212425,adm,23000.0,1
2023,1,212425,adm,24000.0,1
2023,1,212425,deslig,5000.0,1
2023,1,212425,deslig,6000.0,1
2023,1,212425,deslig,6500.0,1
2023,1,212425,deslig,7500.0,2
2023,1,212425,deslig,8500.0,1
2023,1,212425,deslig,9000.0,1
2023,1,212425,deslig,9500.0,2
2023,1,212425,deslig,10000.0,1
2023,1,212425,deslig,10500.0,1
2023,1,212425,deslig,12000.0,3
2023,1,212425,deslig,13000.0,1
2023,1,212425,deslig,14000.0,4
2023,1,212425,deslig,14500.0,1
2023,1,212425,deslig,15000.0,2
2023,1,212425,deslig,15500.0,2
2023,1,212425,deslig,16000.0,3
2023,1,212425,deslig,16500.0,1
2023,1,212425,deslig,17000.0,2
2023,1,212425,deslig,18000.0,2
2023,1,212425,deslig,19000.0,1
2023,1,212425,deslig,20000.0,2
2023,1,212425,deslig,22000.0,1
2023,1,212425,deslig,24000.0,1
2023,2,203105,adm,4000.0,2
2023,2,203105,adm,4500.0,2
2023,2,203105,adm,5000.0,2
2023,2,203105,adm,5500.0,1
2023,2,203105,adm,6000.0,3
2023,2,203105,adm,7000.0,3
2023,2,203105,adm,7500.0,3
2023,2,203105,adm,8000.0,1
2023,2,203105,adm,8500.0,2
2023,2,203105,adm,9000.0,2
2023,2,203105,adm,9500.0,3
2023,2,203105,adm,10000.0,2
2023,2,203105,adm,11000.0,1
2023,2,203105,adm,12000.0,2
2023,2,203105,adm,13000.0,1
2023,2,203105,adm,14000.0,1
2023,2,203105,adm,15000.0,1
2023,2,203105,adm,16000.0,1
2023,2,203105,adm,21000.0,1
2023,2,203105,adm,30000.0,1
2023,2,203105,deslig,2500.0,1
2023,2,203105,deslig,3500.0,1
2023,2,203105,deslig,4000.0,1
2023,2,203105,deslig,4500.0,1
2023,2,203105,deslig,5000.0,2
2023,2,203105,deslig,6500.0,2
2023,2,203105,deslig,7000.0,1
2023,2,203105,deslig,7500.0,3
2023,2,203105,deslig,8000.0,1
2023,2,203105,deslig,8500.0,5
2023,2,203105,deslig,9500.0,1
2023,2,203105,deslig,10000.0,1
2023,2,203105,deslig,10500.0,1
2023,2,203105,deslig,11000.0,1
2023,2,203105,deslig,12000.0,1
2023,2,203105,deslig,12500.0,1
2023,2,203105,deslig,14000.0,1
2023,2,203105,deslig,15000.0,1
2023,2,203105,deslig,16000.0,2
2023,2,203105,deslig,18000.0,1
2023,2,203105,deslig,19500.0,1
2023,2,203105,deslig,20000.0,1
2023,2,203105,deslig,21000.0,1
2023,2,203105,deslig,26000.0,1
2023,2,211205,adm,1500.0,1
2023,2,211205,adm,2000.0,2
2023,2,211205,adm,2500.0,1
2023,2,211205,adm,3000.0,3
2023,2,211205,adm,3500.0,1
2023,2,211205,adm,4000.0,1
2023,2,211205,adm,4500.0,3
2023,2,211205,adm,5000.0,3
2023,2,211205,adm,5500.0,1
2023,2,211205,adm,6000.0,1
2023,2,211205,adm,6500.0,2
2023,2,211205,adm,7000.0,2
2023,2,211205,adm,7500.0,1
2023,2,211205,adm,9000.0,2
2023,2,211205,adm,9500.0,1
2023,2,211205,adm,10000.0,3
2023,2,211205,adm,12000.0,2
2023,2,211205,adm,13500.0,1
2023,2,211205,adm,14500.0,1
2023,2,211205,adm,15000.0,1
2023,2,211205,adm,16000.0,1
2023,2,211205,adm,17000.0,1
2023,2,211205,deslig,2000.0,1
2023,2,211205,deslig,2500.0,2
2023,2,211205,deslig,3000.0,1
2023,2,211205,deslig,3500.0,2
2023,2,211205,deslig,4500.0,1
2023,2,211205,deslig,6000.0,2
2023,2,211205,deslig,6500.0,1
2023,2,211205,deslig,7000.0,3
2023,2,211205,deslig,7500.0,1
2023,2,211205,deslig,8000.0,1
2023,2,211205,deslig,9000.0,1
2023,2,211205,deslig,10000.0,1
2023,2,211205,deslig,10500.0,1
2023,2,211205,deslig,11500.0,1
2023,2,211205,deslig,13000.0,1
2023,2,211205,deslig,15000.0,1
2023,2,211205,deslig,15500.0,1
2023,2,211205,deslig,17500.0,1
2023,2,211205,deslig,21000.0,1
2023,2,211205,deslig,24500.0,1
2023,2,211205,deslig,47000.0,1
2023,2,211210,adm,2000.0,1
2023,2,211210,adm,5500.0,2
2023,2,211210,adm,6500.0,2
2023,2,211210,adm,9500.0,1
2023,2,211210,adm,12500.0,1
2023,2,211210,deslig,3500.0,1
2023,2,211210,deslig,4000.0,1
2023,2,211210,deslig,6500.0,1
2023,2,211210,deslig,7000.0,1
2023,2,211210,deslig,11500.0,1
2023,2,211210,deslig,12500.0,1
2023,2,211215,deslig,4000.0,1
2023,2,212205,adm,1500.0,1
2023,2,212205,adm,2000.0,2
2023,2,212205,adm,3000.0,2
2023,2,212205,adm,3500.0,1
2023,2,212205,adm,4000.0,5
2023,2,212205,adm,4500.0,5
2023,2,212205,adm,5000.0,5
2023,2,212205,adm,6000.0,4
2023,2,212205,adm,6500.0,2
2023,2,212205,adm,7000.0,4
2023,2,212205,adm,8000.0,2
2023,2,212205,adm,8500.0,3
2023,2,212205,adm,9000.0,1
2023,2,212205,adm,9500.0,2
2023,2,212205,adm,10000.0,3
2023,2,212205,adm,10500.0,1
2023,2,212205,adm,11000.0,7
2023,2,212205,adm,12000.0,2
2023,2,212205,adm,12500.0,2
2023,2,212205,adm,13000.0,4
2023,2,212205,adm,13500.0,2
2023,2,212205,adm,14000.0,6
2023,2,212205,adm,15000.0,3
2023,2,212205,adm,15500.0,3
2023,2,212205,adm,16000.0,6
2023,2,212205,adm,17000.0,1
2023,2,212205,adm,17500.0,2
2023,2,212205,adm,18000.0,3
2023,2,212205,adm,18500.0,2
2023,2,212205,adm,19000.0,1
2023,2,212205,adm,19500.0,1
2023,2,212205,adm,20000.0,2
2023,2,212205,adm,20500.0,1
2023,2,212205,adm,21000.0,4
2023,2,212205,adm,22000.0,1
2023,2,212205,adm,23000.0,2
2023,2,212205,adm,23500.0,4
2023,2,212205,adm,24000.0,1
2023,2,212205,adm,25000.0,2
2023,2,212205,adm,26500.0,2
2023,2,212205,adm,29000.0,1
2023,2,212205,adm,35000.0,2
2023,2,212205,adm,35500.0,1
2023,2,212205,adm,36000.0,1
2023,2,212205,adm,45000.0,1
2023,2,212205,adm,50000.0,2
2023,2,212205,deslig,2000.0,1
2023,2,212205,deslig,3000.0,3
2023,2,212205,deslig,3500.0,6
2023,2,212205,deslig,4000.0,2
2023,2,212205,deslig,4500.0,6
2023,2,212205,deslig,5000.0,2
2023,2,212205,deslig,5500.0,1
2023,2,212205,deslig,6000.0,5
2023,2,212205,deslig,6500.0,3
2023,2,212205,deslig,7000.0,6
2023,2,212205,deslig,7500.0,6
2023,2,212205,deslig,8000.0,6
2023,2,212205,deslig,8500.0,2
2023,2,212205,deslig,9000.0,6
2023,2,212205,deslig,9500.0,7
2023,2,212205,deslig,10000.0,7
2023,2,212205,deslig,10500.0,2
2023,2,212205,deslig,11000.0,3
2023,2,212205,deslig,11500.0,2
2023,2,212205,deslig,12000.0,4
2023,2,212205,deslig,12500.0,4
2023,2,212205,deslig,13000.0,4
2023,2,212205,deslig,13500.0,5
2023,2,212205,deslig,14000.0,2
2023,2,212205,deslig,14500.0,8
2023,2,212205,deslig,15000.0,4
2023,2,212205,deslig,15500.0,3
2023,2,212205,deslig,16000.0,3
2023,2,212205,deslig,16500.0,2
2023,2,212205,deslig,17000.0,2
2023,2,212205,deslig,17500.0,1
2023,2,212205,deslig,18500.0,1
2023,2,212205,deslig,19000.0,1
2023,2,212205,deslig,20000.0,4
2023,2,212205,deslig,20500.0,2
2023,2,212205,deslig,21000.0,2
2023,2,212205,deslig,22000.0,3
2023,2,212205,deslig,23000.0,3
2023,2,212205,deslig,23500.0,1
2023,2,212205,deslig,24000.0,2
2023,2,212205,deslig,25000.0,2
2023,2,212205,deslig,27000.0,1
2023,2,212205,deslig,30000.0,1
2023,2,212205,deslig,30500.0,2
2023,2,212205,deslig,31000.0,2
2023,2,212205,deslig,40500.0,1
2023,2,212210,adm,5500.0,1
2023,2,212210,adm,7000.0,1
2023,2,212210,adm,7500.0,1
2023,2,212210,adm,13500.0,1
2023,2,212210,adm,17000.0,1
2023,2,212210,adm,17500.0,1
2023,2,212210,adm,19000.0,8
2023,2,212210,adm,24000.0,1
2023,2,212210,adm,26000.0,1
2023,2,212210,deslig,5500.0,1
2023,2,212210,deslig,6500.0,3
2023,2,212210,deslig,7000.0,1
2023,2,212210,deslig,8500.0,1
2023,2,212210,deslig,9000.0,1
2023,2,212210,deslig,9500.0,1
2023,2,212210,deslig,10500.0,1
2023,2,212210,deslig,11500.0,2
2023,2,212210,deslig,12000.0,2
2023,2,212210,deslig,13000.0,1
2023,2,212210,deslig,13500.0,2
2023,2,212210,deslig,14000.0,2
2023,2,212210,deslig,15500.0,1
2023,2,212210,deslig,16000.0,1
2023,2,212210,deslig,17000.0,1
2023,2,212210,deslig,19000.0,1
2023,2,212210,deslig,20500.0,1
2023,2,212210,deslig,27000.0,1
2023,2,212215,adm,0.0,1
2023,2,212215,adm,1500.0,2
2023,2,212215,adm,2000.0,3
2023,2,212215,adm,3000.0,2
2023,2,212215,adm,3500.0,1
2023,2,212215,adm,4000.0,1
2023,2,212215,adm,4500.0,2
2023,2,212215,adm,5000.0,1
2023,2,212215,adm,6000.0,1
2023,2,212215,adm,6500.0,1
2023,2,212215,adm,7000.0,4
2023,2,212215,adm,7500.0,2
2023,2,212215,adm,8000.0,7
2023,2,212215,adm,8500.0,1
2023,2,212215,adm,9000.0,4
2023,2,212215,adm,9500.0,3
2023,2,212215,adm,10000.0,11
2023,2,212215,adm,10500.0,2
2023,2,212215,adm,11000.0,3
2023,2,212215,adm,11500.0,2
2023,2,212215,adm,12000.0,4
2023,2,212215,adm,12500.0,3
2023,2,212215,adm,13000.0,5
2023,2,212215,adm,13500.0,4
2023,2,212215,adm,14000.0,7
2023,2,212215,adm,14500.0,4
2023,2,212215,adm,15000.0,5
2023,2,212215,adm,15500.0,1
2023,2,212215,adm,16000.0,7
2023,2,212215,adm,16500.0,2
2023,2,212215,adm,17000.0,3
2023,2,212215,adm,17500.0,2
2023,2,212215,adm,18000.0,2
2023,2,212215,adm,18500.0,1
2023,2,212215,adm,19000.0,3
2023,2,212215,adm,21000.0,1
2023,2,212215,adm,22000.0,1
2023,2,212215,adm,22500.0,1
2023,2,212215,adm,23000.0,2
2023,2,212215,adm,24500.0,1
2023,2,212215,adm,26500.0,2
2023,2,212215,adm,28000.0,1
2023,2,212215,adm,28500.0,2
2023,2,212215,adm,31000.0,1
2023,2,212215,adm,31500.0,1
2023,2,212215,adm,33500.0,2
2023,2,212215,adm,38000.0,2
2023,2,212215,adm,38500.0,1
2023,2,212215,adm,39000.0,1
2023,2,212215,adm,45000.0,1
2023,2,212215,deslig,1500.0,1
2023,2,212215,deslig,2000.0,1
2023,2,212215,deslig,2500.0,1
2023,2,212215,deslig,3500.0,2
2023,2,212215,deslig,4000.0,2
2023,2,212215,deslig,4500.0,4
2023,2,212215,deslig,5000.0,1
2023,2,212215,deslig,5500.0,2
2023,2,212215,deslig,6000.0,3
2023,2,212215,deslig,6500.0,2
2023,2,212215,deslig,7000.0,3
2023,2,212215,deslig,7500.0,4
2023,2,212215,deslig,8000.0,3
2023,2,212215,deslig,8500.0,4
2023,2,212215,deslig,9000.0,3
2023,2,212215,deslig,9500.0,6
2023,2,212215,deslig,10000.0,8
2023,2,212215,deslig,10500.0,1
2023,2,212215,deslig,11000.0,3
2023,2,212215,deslig,11500.0,5
2023,2,212215,deslig,12000.0,4
2023,2,212215,deslig,12500.0,4
2023,2,212215,deslig,13000.0,8
2023,2,212215,deslig,13500.0,3
2023,2,212215,deslig,14000.0,2
2023,2,212215,deslig,14500.0,2
2023,2,212215,deslig,15000.0,2
2023,2,212215,deslig,15500.0,4
2023,2,212215,deslig,16000.0,4
2023,2,212215,deslig,16500.0,2
2023,2,212215,deslig,17000.0,2
2023,2,212215,deslig,17500.0,3
2023,2,212215,deslig,18000.0,2
2023,2,212215,deslig,18500.0,1
2023,2,212215,deslig,19000.0,4
2023,2,212215,deslig,19500.0,1
2023,2,212215,deslig,20000.0,1
2023,2,212215,deslig,20500.0,2
2023,2,212215,deslig,21500.0,1
2023,2,212215,deslig,22000.0,2
2023,2,212215,deslig,23500.0,2
2023,2,212215,deslig,24000.0,1
2023,2,212215,deslig,25000.0,2
2023,2,212215,deslig,25500.0,1
2023,2,212215,deslig,26500.0,1
2023,2,212215,deslig,27000.0,1
2023,2,212215,deslig,28000.0,1
2023,2,212215,deslig,28500.0,1
2023,2,212215,deslig,30000.0,1
2023,2,212215,deslig,31000.0,1
2023,2,212215,deslig,34000.0,1
2023,2,212215,deslig,35500.0,1
2023,2,212215,deslig,43000.0,1
2023,2,212215,deslig,50000.0,2
2023,2,212305,adm,1000.0,1
2023,2,212305,adm,2000.0,2
2023,2,212305,adm,2500.0,2
2023,2,212305,adm,3000.0,7
2023,2,212305,adm,3500.0,2
2023,2,212305,adm,4000.0,2
2023,2,212305,adm,4500.0,3
2023,2,212305,adm,5000.0,3
2023,2,212305,adm,5500.0,5
2023,2,212305,adm,6000.0,3
2023,2,212305,adm,6500.0,2
2023,2,212305,adm,7000.0,3
2023,2,212305,adm,7500.0,4
2023,2,212305,adm,8000.0,1
2023,2,212305,adm,8500.0,1
2023,2,212305,adm,9000.0,2
2023,2,212305,adm,9500.0,2
2023,2,212305,adm,10000.0,3
2023,2,212305,adm,10500.0,1
2023,2,212305,adm,11000.0,2
2023,2,212305,adm,11500.0,2
2023,2,212305,adm,12000.0,1
2023,2,212305,adm,12500.0,4
2023,2,212305,adm,13000.0,1
2023,2,212305,adm,14000.0,1
2023,2,212305,adm,15000.0,1
2023,2,212305,adm,15500.0,1
2023,2,212305,adm,16000.0,1
2023,2,212305,adm,17500.0,1
2023,2,212305,adm,18000.0,1
2023,2,212305,adm,19000.0,1
2023,2,212305,adm,20000.0,1
2023,2,212305,adm,22000.0,1
2023,2,212305,adm,23000.0,2
2023,2,212305,adm,29500.0,1
2023,2,212305,adm,31000.0,2
2023,2,212305,deslig,1000.0,5
2023,2,212305,deslig,1500.0,1
2023,2,212305,deslig,2000.0,8
2023,2,212305,deslig,2500.0,3
2023,2,212305,deslig,3000.0,1
2023,2,212305,deslig,3500.0,3
2023,2,212305,deslig,4000.0,3
2023,2,212305,deslig,4500.0,5
2023,2,212305,deslig,5000.0,6
2023,2,212305,deslig,5500.0,3
2023,2,212305,deslig,6000.0,4
2023,2,212305,deslig,6500.0,2
2023,2,212305,deslig,7000.0,2
2023,2,212305,deslig,7500.0,7
2023,2,212305,deslig,8000.0,2
2023,2,212305,deslig,8500.0,4
2023,2,212305,deslig,9000.0,6
2023,2,212305,deslig,9500.0,6
2023,2,212305,deslig,10000.0,5
2023,2,212305,deslig,10500.0,4
2023,2,212305,deslig,11000.0,6
2023,2,212305,deslig,11500.0,1
2023,2,212305,deslig,12000.0,3
2023,2,212305,deslig,12500.0,2
2023,2,212305,deslig,13000.0,3
2023,2,212305,deslig,13500.0,2
2023,2,212305,deslig,14000.0,1
2023,2,212305,deslig,14500.0,1
2023,2,212305,deslig,15000.0,4
2023,2,212305,deslig,15500.0,1
2023,2,212305,deslig,16000.0,2
2023,2,212305,deslig,16500.0,1
2023,2,212305,deslig,17000.0,2
2023,2,212305,deslig,18500.0,1
2023,2,212305,deslig,19500.0,1
2023,2,212405,adm,1000.0,14
2023,2,212405,adm,1500.0,49
2023,2,212405,adm,2000.0,117
2023,2,212405,adm,2500.0,111
2023,2,212405,adm,3000.0,129
2023,2,212405,adm,3500.0,90
2023,2,212405,adm,4000.0,127
2023,2,212405,adm,4500.0,145
2023,2,212405,adm,5000.0,114
2023,2,212405,adm,5500.0,72
2023,2,212405,adm,6000.0,102
2023,2,212405,adm,6500.0,58
2023,2,212405,adm,7000.0,79
2023,2,212405,adm,7500.0,55
2023,2,212405,adm,8000.0,105
2023,2,212405,adm,8500.0,58
2023,2,212405,adm,9000.0,98
2023,2,212405,adm,9500.0,72
2023,2,212405,adm,10000.0,112
2023,2,212405,adm,10500.0,52
2023,2,212405,adm,11000.0,85
2023,2,212405,adm,11500.0,40
2023,2,212405,adm,12000.0,93
2023,2,212405,adm,12500.0,33
2023,2,212405,adm,13000.0,82
2023,2,212405,adm,13500.0,46
2023,2,212405,adm,14000.0,39
2023,2,212405,adm,14500.0,24
2023,2,212405,adm,15000.0,50
2023,2,212405,adm,15500.0,22
2023,2,212405,adm,16000.0,40
2023,2,212405,adm,16500.0,13
2023,2,212405,adm,17000.0,32
2023,2,212405,adm,17500.0,8
2023,2,212405,adm,18000.0,22
2023,2,212405,adm,18500.0,3
2023,2,212405,adm,19000.0,9
2023,2,212405,adm,19500.0,2
2023,2,212405,adm,20000.0,12
2023,2,212405,adm,20500.0,1
2023,2,212405,adm,21000.0,5
2023,2,212405,adm,21500.0,1
2023,2,212405,adm,22000.0,8
2023,2,212405,adm,23000.0,2
2023,2,212405,adm,24000.0,1
2023,2,212405,adm,25000.0,3
2023,2,212405,adm,26000.0,1
2023,2,212405,adm,26500.0,2
2023,2,212405,adm,27000.0,1
2023,2,212405,adm,29000.0,2
2023,2,212405,adm,29500.0,1
2023,2,212405,adm,31000.0,1
2023,2,212405,adm,32000.0,1
2023,2,212405,adm,33500.0,1
2023,2,212405,adm,36000.0,1
2023,2,212405,adm,50000.0,1
2023,2,212405,deslig,0.0,1
2023,2,212405,deslig,1000.0,14
2023,2,212405,deslig,1500.0,65
2023,2,212405,deslig,2000.0,142
2023,2,212405,deslig,2500.0,126
2023,2,212405,deslig,3000.0,164
2023,2,212405,deslig,3500.0,111
2023,2,212405,deslig,4000.0,110
2023,2,212405,deslig,4500.0,146
2023,2,212405,deslig,5000.0,109
2023,2,212405,deslig,5500.0,100
2023,2,212405,deslig,6000.0,134
2023,2,212405,deslig,6500.0,121
2023,2,212405,deslig,7000.0,128
2023,2,212405,deslig,7500.0,102
2023,2,212405,deslig,8000.0,140
2023,2,212405,deslig,8500.0,115
2023,2,212405,deslig,9000.0,128
2023,2,212405,deslig,9500.0,92
2023,2,212405,deslig,10000.0,100
2023,2,212405,deslig,10500.0,82
2023,2,212405,deslig,11000.0,110
2023,2,212405,deslig,11500.0,74
2023,2,212405,deslig,12000.0,87
2023,2,212405,deslig,12500.0,60
2023,2,212405,deslig,13000.0,82
2023,2,212405,deslig,13500.0,68
2023,2,212405,deslig,14000.0,62
2023,2,212405,deslig,14500.0,39
2023,2,212405,deslig,15000.0,53
2023,2,212405,deslig,15500.0,34
2023,2,212405,deslig,16000.0,41
2023,2,212405,deslig,16500.0,37
2023,2,212405,deslig,17000.0,20
2023,2,212405,deslig,17500.0,26
2023,2,212405,deslig,18000.0,11
2023,2,212405,deslig,18500.0,18
2023,2,212405,deslig,19000.0,14
2023,2,212405,deslig,19500.0,11
2023,2,212405,deslig,20000.0,13
2023,2,212405,deslig,20500.0,6
2023,2,212405,deslig,21000.0,4
2023,2,212405,deslig,21500.0,1
2023,2,212405,deslig,22000.0,3
2023,2,212405,deslig,22500.0,7
2023,2,212405,deslig,23000.0,6
2023,2,212405,deslig,24000.0,2
2023,2,212405,deslig,24500.0,1
2023,2,212405,deslig,25000.0,1
2023,2,212405,deslig,25500.0,1
2023,2,212405,deslig,26000.0,4
2023,2,212405,deslig,26500.0,1
2023,2,212405,deslig,27500.0,1
2023,2,212405,deslig,28500.0,3
2023,2,212405,deslig,29500.0,1
2023,2,212405,deslig,30000.0,3
2023,2,212405,deslig,30500.0,2
2023,2,212405,deslig,31000.0,1
2023,2,212405,deslig,31500.0,1
2023,2,212405,deslig,32000.0,2
2023,2,212405,deslig,32500.0,1
2023,2,212405,deslig,33000.0,1
2023,2,212405,deslig,35500.0,1
2023,2,212405,deslig,36000.0,1
2023,2,212405,deslig,37000.0,1
2023,2,212405,deslig,39000.0,1
2023,2,212405,deslig,50000.0,1
2023,2,212410,adm,1000.0,22
2023,2,212410,adm,1500.0,41
2023,2,212410,adm,2000.0,43
2023,2,212410,adm,2500.0,39
2023,2,212410,adm,3000.0,46
2023,2,212410,adm,3500.0,35
2023,2,212410,adm,4000.0,31
2023,2,212410,adm,4500.0,17
2023,2,212410,adm,5000.0,22
2023,2,212410,adm,5500.0,19
2023,2,212410,adm,6000.0,14
2023,2,212410,adm,6500.0,8
2023,2,212410,adm,7000.0,13
2023,2,212410,adm,7500.0,4
2023,2,212410,adm,8000.0,16
2023,2,212410,adm,8500.0,9
2023,2,212410,adm,9000.0,11
2023,2,212410,adm,9500.0,3
2023,2,212410,adm,10000.0,4
2023,2,212410,adm,10500.0,1
2023,2,212410,adm,11000.0,12
2023,2,212410,adm,11500.0,3
2023,2,212410,adm,12000.0,2
2023,2,212410,adm,12500.0,4
2023,2,212410,adm,13000.0,1
2023,2,212410,adm,13500.0,4
2023,2,212410,adm,14000.0,3
2023,2,212410,adm,14500.0,1
2023,2,212410,adm,15000.0,1
2023,2,212410,adm,15500.0,1
2023,2,212410,adm,16000.0,4
2023,2,212410,adm,17000.0,3
2023,2,212410,adm,18500.0,1
2023,2,212410,adm,21500.0,1
2023,2,212410,adm,22000.0,1
2023,2,212410,adm,25000.0,1
2023,2,212410,adm,27000.0,2
2023,2,212410,deslig,1000.0,14
2023,2,212410,deslig,1500.0,37
2023,2,212410,deslig,2000.0,36
2023,2,212410,deslig,2500.0,44
2023,2,212410,deslig,3000.0,37
2023,2,212410,deslig,3500.0,27
2023,2,212410,deslig,4000.0,16
2023,2,212410,deslig,4500.0,21
2023,2,212410,deslig,5000.0,23
2023,2,212410,deslig,5500.0,19
2023,2,212410,deslig,6000.0,10
2023,2,212410,deslig,6500.0,12
2023,2,212410,deslig,7000.0,17
2023,2,212410,deslig,7500.0,8
2023,2,212410,deslig,8000.0,7
2023,2,212410,deslig,8500.0,8
2023,2,212410,deslig,9000.0,6
2023,2,212410,deslig,9500.0,5
2023,2,212410,deslig,10000.0,4
2023,2,212410,deslig,10500.0,4
2023,2,212410,deslig,11000.0,2
2023,2,212410,deslig,11500.0,5
2023,2,212410,deslig,12000.0,4
2023,2,212410,deslig,12500.0,5
2023,2,212410,deslig,13000.0,4
2023,2,212410,deslig,13500.0,3
2023,2,212410,deslig,14000.0,2
2023,2,212410,deslig,14500.0,1
2023,2,212410,deslig,15000.0,3
2023,2,212410,deslig,15500.0,3
2023,2,212410,deslig,16000.0,2
2023,2,212410,deslig,16500.0,1
2023,2,212410,deslig,17000.0,1
2023,2,212410,deslig,18000.0,1
2023,2,212410,deslig,19000.0,1
2023,2,212410,deslig,20500.0,1
2023,2,212410,deslig,21000.0,1
2023,2,212410,deslig,22500.0,2
2023,2,212410,deslig,23000.0,2
2023,2,212410,deslig,27500.0,1
2023,2,212425,adm,2500.0,1
2023,2,212425,adm,4000.0,1
2023,2,212425,adm,6500.0,1
2023,2,212425,adm,7000.0,1
2023,2,212425,adm,7500.0,1
2023,2,212425,adm,8000.0,3
2023,2,212425,adm,8500.0,1
2023,2,212425,adm,9000.0,4
2023,2,212425,adm,10000.0,2
2023,2,212425,adm,10500.0,2
2023,2,212425,adm,11000.0,1
2023,2,212425,adm,11500.0,1
2023,2,212425,adm,12000.0,3
2023,2,212425,adm,12500.0,1
2023,2,212425,adm,13000.0,1
2023,2,212425,adm,13500.0,3
2023,2,212425,adm,14000.0,2
2023,2,212425,adm,14500.0,2
2023,2,212425,adm,15000.0,3
2023,2,212425,adm,15500.0,1
2023,2,212425,adm,16000.0,3
2023,2,212425,adm,17000.0,1
2023,2,212425,adm,18000.0,1
2023,2,212425,adm,19000.0,2
2023,2,212425,adm,20000.0,3
2023,2,212425,adm,21500.0,2
2023,2,212425,adm,23000.0,1
2023,2,212425,adm,25000.0,3
2023,2,212425,adm,39000.0,1
2023,2,212425,adm,50000.0,1
2023,2,212425,deslig,2000.0,1
2023,2,212425,deslig,3000.0,2
2023,2,212425,deslig,7000.0,3
2023,2,212425,deslig,9500.0,3
2023,2,212425,deslig,10000.0,2
2023,2,212425,deslig,10500.0,1
2023,2,212425,deslig,12000.0,3
2023,2,212425,deslig,13000.0,2
2023,2,212425,deslig,13500.0,3
2023,2,212425,deslig,14000.0,2
2023,2,212425,deslig,15000.0,1
2023,2,212425,deslig,16000.0,1
2023,2,212425,deslig,16500.0,1
2023,2,212425,deslig,17000.0,1
2023,2,212425,deslig,17500.0,1
2023,2,212425,deslig,18000.0,1
2023,2,212425,deslig,18500.0,1
2023,2,212425,deslig,19000.0,1
2023,2,212425,deslig,19500.0,1
2023,2,212425,deslig,21000.0,1
2023,3,203105,adm,3500.0,1
2023,3,203105,adm,4000.0,3
2023,3,203105,adm,6000.0,4
2023,3,203105,adm,6500.0,2
2023,3,203105,adm,7000.0,1
2023,3,203105,adm,7500.0,3
2023,3,203105,adm,8000.0,2
2023,3,203105,adm,8500.0,4
2023,3,203105,adm,9000.0,4
2023,3,203105,adm,9500.0,1
2023,3,203105,adm,10000.0,1
2023,3,203105,adm,11500.0,4
2023,3,203105,adm,12000.0,1
2023,3,203105,adm,12500.0,1
2023,3,203105,adm,13500.0,1
2023,3,203105,adm,14000.0,2
2023,3,203105,adm,15500.0,1
2023,3,203105,adm,16500.0,2
2023,3,203105,adm,17000.0,2
2023,3,203105,adm,17500.0,1
2023,3,203105,adm,18000.0,1
2023,3,203105,adm,18500.0,1
2023,3,203105,adm,27500.0,1
2023,3,203105,deslig,3000.0,1
2023,3,203105,deslig,3500.0,2
2023,3,203105,deslig,4000.0,1
2023,3,203105,deslig,4500.0,1
2023,3,203105,deslig,5500.0,2
2023,3,203105,deslig,7000.0,1
2023,3,203105,deslig,8000.0,2
2023,3,203105,deslig,8500.0,2
2023,3,203105,deslig,9000.0,4
2023,3,203105,deslig,10000.0,1
2023,3,203105,deslig,11000.0,2
2023,3,203105,deslig,11500.0,1
2023,3,203105,deslig,12000.0,1
2023,3,203105,deslig,12500.0,1
2023,3,203105,deslig,13500.0,1
2023,3,203105,deslig,15000.0,1
2023,3,203105,deslig,15500.0,1
2023,3,203105,deslig,17000.0,2
2023,3,203105,deslig,21500.0,1
2023,3,203105,deslig,28000.0,1
2023,3,203105,deslig,50000.0,1
2023,3,211205,adm,2000.0,1
2023,3,211205,adm,2500.0,2
2023,3,211205,adm,3000.0,2
2023,3,211205,adm,3500.0,1
2023,3,211205,adm,4000.0,2
2023,3,211205,adm,4500.0,2
2023,3,211205,adm,5000.0,2
2023,3,211205,adm,5500.0,3
2023,3,211205,adm,6000.0,4
2023,3,211205,adm,6500.0,2
2023,3,211205,adm,7000.0,1
2023,3,211205,adm,8000.0,5
2023,3,211205,adm,8500.0,1
2023,3,211205,adm,9000.0,3
2023,3,211205,adm,9500.0,2
2023,3,211205,adm,10000.0,2
2023,3,211205,adm,12000.0,1
2023,3,211205,adm,12500.0,1
2023,3,211205,adm,13000.0,1
2023,3,211205,adm,14500.0,1
2023,3,211205,adm,15000.0,1
2023,3,211205,adm,19500.0,1
2023,3,211205,adm,20000.0,2
2023,3,211205,adm,21500.0,1
2023,3,211205,deslig,1500.0,1
2023,3,211205,deslig,2000.0,1
2023,3,211205,deslig,2500.0,2
2023,3,211205,deslig,3000.0,4
2023,3,211205,deslig,3500.0,1
2023,3,211205,deslig,4000.0,1
2023,3,211205,deslig,5000.0,2
2023,3,211205,deslig,5500.0,1
2023,3,211205,deslig,6000.0,1
2023,3,211205,deslig,6500.0,1
2023,3,211205,deslig,7000.0,2
2023,3,211205,deslig,7500.0,2
2023,3,211205,deslig,8000.0,1
2023,3,211205,deslig,8500.0,2
2023,3,211205,deslig,9500.0,1
2023,3,211205,deslig,12500.0,1
2023,3,211205,deslig,14000.0,1
2023,3,211205,deslig,16500.0,1
2023,3,211205,deslig,20500.0,1
2023,3,211205,deslig,26500.0,1
2023,3,211205,deslig,27500.0,1
2023,3,211210,adm,2500.0,1
2023,3,211210,adm,3000.0,1
2023,3,211210,adm,4000.0,1
2023,3,211210,adm,5500.0,1
2023,3,211210,adm,11000.0,1
2023,3,211210,adm,15000.0,1
2023,3,211210,adm,15500.0,1
2023,3,211210,adm,16000.0,1
2023,3,211210,deslig,3000.0,1
2023,3,211210,deslig,4000.0,2
2023,3,211210,deslig,4500.0,2
2023,3,211210,deslig,9000.0,1
2023,3,211210,deslig,21500.0,1
2023,3,212205,adm,1000.0,1
2023,3,212205,adm,1500.0,1
2023,3,212205,adm,2000.0,1
2023,3,212205,adm,2500.0,1
2023,3,212205,adm,3000.0,1
2023,3,212205,adm,3500.0,1
2023,3,212205,adm,4000.0,4
2023,3,212205,adm,5000.0,3
2023,3,212205,adm,5500.0,3
2023,3,212205,adm,6000.0,2
2023,3,212205,adm,6500.0,3
2023,3,212205,adm,7000.0,4
2023,3,212205,adm,7500.0,2
2023,3,212205,adm,9000.0,2
2023,3,212205,adm,9500.0,4
2023,3,212205,adm,10000.0,5
2023,3,212205,adm,10500.0,3
2023,3,212205,adm,11000.0,2
2023,3,212205,adm,11500.0,1
2023,3,212205,adm,12000.0,9
2023,3,212205,adm,12500.0,1
2023,3,212205,adm,13000.0,3
2023,3,212205,adm,13500.0,1
2023,3,212205,adm,14000.0,2
2023,3,212205,adm,14500.0,4
2023,3,212205,adm,15000.0,3
2023,3,212205,adm,15500.0,4
2023,3,212205,adm,16000.0,4
2023,3,212205,adm,16500.0,1
2023,3,212205,adm,17000.0,7
2023,3,212205,adm,17500.0,2
2023,3,212205,adm,18000.0,3
2023,3,212205,adm,19500.0,1
2023,3,212205,adm,20000.0,1
2023,3,212205,adm,21000.0,2
2023,3,212205,adm,21500.0,1
2023,3,212205,adm,22000.0,1
2023,3,212205,adm,23000.0,1
2023,3,212205,adm,24000.0,2
2023,3,212205,adm,26500.0,1
2023,3,212205,adm,27000.0,1
2023,3,212205,adm,31000.0,1
2023,3,212205,adm,33000.0,1
2023,3,212205,adm,39000.0,1
2023,3,212205,adm,43000.0,1
2023,3,212205,adm,50000.0,2
2023,3,212205,deslig,2500.0,1
2023,3,212205,deslig,4000.0,2
2023,3,212205,deslig,4500.0,3
2023,3,212205,deslig,5000.0,4
2023,3,212205,deslig,5500.0,3
2023,3,212205,deslig,6000.0,7
2023,3,212205,deslig,6500.0,12
2023,3,212205,deslig,7000.0,3
2023,3,212205,deslig,7500.0,5
2023,3,212205,deslig,8000.0,2
2023,3,212205,deslig,8500.0,4
2023,3,212205,deslig,9000.0,4
2023,3,212205,deslig,9500.0,7
2023,3,212205,deslig,10000.0,12
2023,3,212205,deslig,10500.0,4
2023,3,212205,deslig,11000.0,9
2023,3,212205,deslig,11500.0,9
2023,3,212205,deslig,12000.0,9
2023,3,212205,deslig,12500.0,11
2023,3,212205,deslig,13000.0,8
2023,3,212205,deslig,13500.0,16
2023,3,212205,deslig,14000.0,10
2023,3,212205,deslig,14500.0,8
2023,3,212205,deslig,15000.0,11
2023,3,212205,deslig,15500.0,3
2023,3,212205,deslig,16000.0,7
2023,3,212205,deslig,16500.0,5
2023,3,212205,deslig,17000.0,6
2023,3,212205,deslig,17500.0,14
2023,3,212205,deslig,18000.0,6
2023,3,212205,deslig,18500.0,2
2023,3,212205,deslig,19000.0,3
2023,3,212205,deslig,19500.0,4
2023,3,212205,deslig,20000.0,4
2023,3,212205,deslig,20500.0,2
2023,3,212205,deslig,21000.0,8
2023,3,212205,deslig,21500.0,1
2023,3,212205,deslig,22000.0,1
2023,3,212205,deslig,22500.0,1
2023,3,212205,deslig,23000.0,3
2023,3,212205,deslig,23500.0,2
2023,3,212205,deslig,24000.0,2
2023,3,212205,deslig,25000.0,3
2023,3,212205,deslig,25500.0,1
2023,3,212205,deslig,26000.0,1
2023,3,212205,deslig,26500.0,2
2023,3,212205,deslig,27000.0,3
2023,3,212205,deslig,27500.0,2
2023,3,212205,deslig,28000.0,3
2023,3,212205,deslig,29000.0,1
2023,3,212205,deslig,30000.0,1
2023,3,212205,deslig,30500.0,1
2023,3,212205,deslig,33500.0,2
2023,3,212205,deslig,34500.0,1
2023,3,212205,deslig,37500.0,1
2023,3,212205,deslig,38500.0,2
2023,3,212205,deslig,44000.0,1
2023,3,212205,deslig,47000.0,1
2023,3,212205,deslig,50000.0,1
2023,3,212210,adm,6000.0,1
2023,3,212210,adm,7000.0,1
2023,3,212210,adm,8000.0,1
2023,3,212210,adm,9000.0,1
2023,3,212210,adm,10500.0,1
2023,3,212210,adm,11000.0,3
2023,3,212210,adm,12000.0,1
2023,3,212210,adm,14000.0,1
2023,3,212210,adm,19000.0,1
2023,3,212210,adm,22000.0,1
2023,3,212210,adm,25000.0,2
2023,3,212210,deslig,2500.0,1
2023,3,212210,deslig,8000.0,1
2023,3,212210,deslig,11000.0,1
2023,3,212215,adm,0.0,2
2023,3,212215,adm,2000.0,2
2023,3,212215,adm,2500.0,1
2023,3,212215,adm,3500.0,1
2023,3,212215,adm,4500.0,2
2023,3,212215,adm,5000.0,7
2023,3,212215,adm,5500.0,1
2023,3,212215,adm,6000.0,2
2023,3,212215,adm,6500.0,1
2023,3,212215,adm,7000.0,2
2023,3,212215,adm,7500.0,1
2023,3,212215,adm,8000.0,4
2023,3,212215,adm,8500.0,2
2023,3,212215,adm,9000.0,2
2023,3,212215,adm,9500.0,1
2023,3,212215,adm,10000.0,7
2023,3,212215,adm,10500.0,6
2023,3,212215,adm,11000.0,4
2023,3,212215,adm,11500.0,1
2023,3,212215,adm,12000.0,7
2023,3,212215,adm,12500.0,2
2023,3,212215,adm,13000.0,1
2023,3,212215,adm,13500.0,1
2023,3,212215,adm,14000.0,8
2023,3,212215,adm,14500.0,2
2023,3,212215,adm,15000.0,12
2023,3,212215,adm,15500.0,1
2023,3,212215,adm,16000.0,7
2023,3,212215,adm,17000.0,4
2023,3,212215,adm,17500.0,2
2023,3,212215,adm,19000.0,4
2023,3,212215,adm,19500.0,2
2023,3,212215,adm,20000.0,3
2023,3,212215,adm,21000.0,3
2023,3,212215,adm,22000.0,2
2023,3,212215,adm,22500.0,2
2023,3,212215,adm,23000.0,2
2023,3,212215,adm,23500.0,1
2023,3,212215,adm,24500.0,1
2023,3,212215,adm,25000.0,2
2023,3,212215,adm,27000.0,2
2023,3,212215,adm,27500.0,1
2023,3,212215,adm,28000.0,1
2023,3,212215,adm,28500.0,1
2023,3,212215,adm,29000.0,2
2023,3,212215,adm,29500.0,2
2023,3,212215,adm,30000.0,1
2023,3,212215,adm,30500.0,2
2023,3,212215,adm,32000.0,1
2023,3,212215,adm,35000.0,2
2023,3,212215,adm,35500.0,1
2023,3,212215,adm,36000.0,1
2023,3,212215,adm,37000.0,1
2023,3,212215,adm,40000.0,1
2023,3,212215,adm,40500.0,2
2023,3,212215,adm,44000.0,1
2023,3,212215,adm,46000.0,1
2023,3,212215,adm,50000.0,5
2023,3,212215,deslig,2000.0,5
2023,3,212215,deslig,3500.0,3
2023,3,212215,deslig,4000.0,4
2023,3,212215,deslig,5000.0,1
2023,3,212215,deslig,5500.0,7
2023,3,212215,deslig,6000.0,3
2023,3,212215,deslig,6500.0,4
2023,3,212215,deslig,7000.0,8
2023,3,212215,deslig,7500.0,3
2023,3,212215,deslig,8000.0,5
2023,3,212215,deslig,8500.0,9
2023,3,212215,deslig,9000.0,5
2023,3,212215,deslig,9500.0,4
2023,3,212215,deslig,10000.0,6
2023,3,212215,deslig,10500.0,5
2023,3,212215,deslig,11000.0,7
2023,3,212215,deslig,11500.0,1
2023,3,212215,deslig,12000.0,8
2023,3,212215,deslig,12500.0,3
2023,3,212215,deslig,13000.0,6
2023,3,212215,deslig,13500.0,2
2023,3,212215,deslig,14000.0,4
2023,3,212215,deslig,14500.0,3
2023,3,212215,deslig,15000.0,3
2023,3,212215,deslig,15500.0,7
2023,3,212215,deslig,16000.0,3
2023,3,212215,deslig,16500.0,3
2023,3,212215,deslig,17000.0,2
2023,3,212215,deslig,17500.0,2
2023,3,212215,deslig,18000.0,4
2023,3,212215,deslig,18500.0,2
2023,3,212215,deslig,19000.0,2
2023,3,212215,deslig,19500.0,1
2023,3,212215,deslig,20000.0,6
2023,3,212215,deslig,21000.0,2
2023,3,212215,deslig,21500.0,2
2023,3,212215,deslig,22000.0,2
2023,3,212215,deslig,22500.0,3
2023,3,212215,deslig,23000.0,1
2023,3,212215,deslig,24000.0,2
2023,3,212215,deslig,26500.0,2
2023,3,212215,deslig,28000.0,1
2023,3,212215,deslig,28500.0,1
2023,3,212215,deslig,29500.0,1
2023,3,212215,deslig,30000.0,1
2023,3,212215,deslig,36000.0,2
2023,3,212215,deslig,36500.0,2
2023,3,212215,deslig,49000.0,1
2023,3,212215,deslig,50000.0,1
2023,3,212305,adm,1000.0,7
2023,3,212305,adm,1500.0,3
2023,3,212305,adm,2000.0,3
2023,3,212305,adm,3000.0,6
2023,3,212305,adm,3500.0,3
2023,3,212305,adm,4000.0,4
2023,3,212305,adm,4500.0,2
2023,3,212305,adm,5000.0,6
2023,3,212305,adm,5500.0,4
2023,3,212305,adm,6000.0,6
2023,3,212305,adm,6500.0,2
2023,3,212305,adm,7000.0,6
2023,3,212305,adm,7500.0,4
2023,3,212305,adm,8000.0,5
2023,3,212305,adm,8500.0,3
2023,3,212305,adm,9000.0,4
2023,3,212305,adm,9500.0,1
2023,3,212305,adm,10000.0,3
2023,3,212305,adm,10500.0,5
2023,3,212305,adm,11000.0,6
2023,3,212305,adm,12000.0,1
2023,3,212305,adm,13000.0,3
2023,3,212305,adm,13500.0,1
2023,3,212305,adm,14000.0,2
2023,3,212305,adm,14500.0,3
2023,3,212305,adm,15000.0,4
2023,3,212305,adm,15500.0,1
2023,3,212305,adm,16000.0,2
2023,3,212305,adm,18000.0,1
2023,3,212305,adm,20000.0,1
2023,3,212305,adm,23500.0,2
2023,3,212305,adm,37000.0,1
2023,3,212305,deslig,1000.0,9
2023,3,212305,deslig,1500.0,3
2023,3,212305,deslig,2000.0,4
2023,3,212305,deslig,2500.0,4
2023,3,212305,deslig,3000.0,3
2023,3,212305,deslig,3500.0,4
2023,3,212305,deslig,4000.0,7
2023,3,212305,deslig,4500.0,7
2023,3,212305,deslig,5000.0,3
2023,3,212305,deslig,5500.0,1
2023,3,212305,deslig,6000.0,4
2023,3,212305,deslig,6500.0,4
2023,3,212305,deslig,7000.0,7
2023,3,212305,deslig,7500.0,4
2023,3,212305,deslig,8000.0,2
2023,3,212305,deslig,8500.0,2
2023,3,212305,deslig,9000.0,2
2023,3,212305,deslig,9500.0,3
2023,3,212305,deslig,10500.0,2
2023,3,212305,deslig,11000.0,4
2023,3,212305,deslig,11500.0,5
2023,3,212305,deslig,12000.0,1
2023,3,212305,deslig,12500.0,5
2023,3,212305,deslig,13000.0,2
2023,3,212305,deslig,14000.0,1
2023,3,212305,deslig,14500.0,1
2023,3,212305,deslig,15000.0,1
2023,3,212305,deslig,15500.0,2
2023,3,212305,deslig,16500.0,2
2023,3,212305,deslig,17000.0,1
2023,3,212305,deslig,17500.0,2
2023,3,212305,deslig,18000.0,1
2023,3,212305,deslig,18500.0,1
2023,3,212305,deslig,19000.0,1
2023,3,212305,deslig,19500.0,1
2023,3,212305,deslig,21000.0,1
2023,3,212305,deslig,21500.0,1
2023,3,212305,deslig,25000.0,1
2023,3,212305,deslig,25500.0,1
2023,3,212305,deslig,26500.0,1
2023,3,212305,deslig,30500.0,1
2023,3,212305,deslig,31500.0,1
2023,3,212305,deslig,32000.0,1
2023,3,212305,deslig,33500.0,1
2023,3,212405,adm,1000.0,18
2023,3,212405,adm,1500.0,72
2023,3,212405,adm,2000.0,158
2023,3,212405,adm,2500.0,163
2023,3,212405,adm,3000.0,175
2023,3,212405,adm,3500.0,142
2023,3,212405,adm,4000.0,125
2023,3,212405,adm,4500.0,113
2023,3,212405,adm,5000.0,96
2023,3,212405,adm,5500.0,109
2023,3,212405,adm,6000.0,118
2023,3,212405,adm,6500.0,66
2023,3,212405,adm,7000.0,95
2023,3,212405,adm,7500.0,85
2023,3,212405,adm,8000.0,129
2023,3,212405,adm,8500.0,77
2023,3,212405,adm,9000.0,110
2023,3,212405,adm,9500.0,79
2023,3,212405,adm,10000.0,96
2023,3,212405,adm,10500.0,58
2023,3,212405,adm,11000.0,96
2023,3,212405,adm,11500.0,58
2023,3,212405,adm,12000.0,94
2023,3,212405,adm,12500.0,44
2023,3,212405,adm,13000.0,87
2023,3,212405,adm,13500.0,45
2023,3,212405,adm,14000.0,52
2023,3,212405,adm,14500.0,22
2023,3,212405,adm,15000.0,64
2023,3,212405,adm,15500.0,12
2023,3,212405,adm,16000.0,44
2023,3,212405,adm,16500.0,12
2023,3,212405,adm,17000.0,44
2023,3,212405,adm,17500.0,21
2023,3,212405,adm,18000.0,14
2023,3,212405,adm,18500.0,7
2023,3,212405,adm,19000.0,8
2023,3,212405,adm,19500.0,3
2023,3,212405,adm,20000.0,13
2023,3,212405,adm,20500.0,3
2023,3,212405,adm,21000.0,4
2023,3,212405,adm,22000.0,6
2023,3,212405,adm,22500.0,2
2023,3,212405,adm,23000.0,1
2023,3,212405,adm,24000.0,2
2023,3,212405,adm,24500.0,1
2023,3,212405,adm,25000.0,4
2023,3,212405,adm,25500.0,1
2023,3,212405,adm,26500.0,1
2023,3,212405,adm,27000.0,1
2023,3,212405,adm,28000.0,1
2023,3,212405,adm,28500.0,1
2023,3,212405,adm,29000.0,1
2023,3,212405,adm,29500.0,1
2023,3,212405,adm,30000.0,2
2023,3,212405,adm,34500.0,1
2023,3,212405,adm,35000.0,1
2023,3,212405,adm,37000.0,1
2023,3,212405,adm,38500.0,1
2023,3,212405,adm,46000.0,1
2023,3,212405,deslig,-1.0,1
2023,3,212405,deslig,1000.0,12
2023,3,212405,deslig,1500.0,71
2023,3,212405,deslig,2000.0,161
2023,3,212405,deslig,2500.0,135
2023,3,212405,deslig,3000.0,161
2023,3,212405,deslig,3500.0,152
2023,3,212405,deslig,4000.0,153
2023,3,212405,deslig,4500.0,115
2023,3,212405,deslig,5000.0,124
2023,3,212405,deslig,5500.0,131
2023,3,212405,deslig,6000.0,125
2023,3,212405,deslig,6500.0,98
2023,3,212405,deslig,7000.0,137
2023,3,212405,deslig,7500.0,110
2023,3,212405,deslig,8000.0,128
2023,3,212405,deslig,8500.0,115
2023,3,212405,deslig,9000.0,104
2023,3,212405,deslig,9500.0,84
2023,3,212405,deslig,10000.0,108
2023,3,212405,deslig,10500.0,85
2023,3,212405,deslig,11000.0,99
2023,3,212405,deslig,11500.0,63
2023,3,212405,deslig,12000.0,84
2023,3,212405,deslig,12500.0,54
2023,3,212405,deslig,13000.0,56
2023,3,212405,deslig,13500.0,43
2023,3,212405,deslig,14000.0,50
2023,3,212405,deslig,14500.0,42
2023,3,212405,deslig,15000.0,55
2023,3,212405,deslig,15500.0,25
2023,3,212405,deslig,16000.0,24
2023,3,212405,deslig,16500.0,21
2023,3,212405,deslig,17000.0,21
2023,3,212405,deslig,17500.0,12
2023,3,212405,deslig,18000.0,12
2023,3,212405,deslig,18500.0,2
2023,3,212405,deslig,19000.0,9
2023,3,212405,deslig,19500.0,6
2023,3,212405,deslig,20000.0,10
2023,3,212405,deslig,20500.0,2
2023,3,212405,deslig,21000.0,8
2023,3,212405,deslig,21500.0,1
2023,3,212405,deslig,22000.0,1
2023,3,212405,deslig,22500.0,2
2023,3,212405,deslig,23000.0,4
2023,3,212405,deslig,23500.0,1
2023,3,212405,deslig,24000.0,3
2023,3,212405,deslig,25000.0,2
2023,3,212405,deslig,25500.0,1
2023,3,212405,deslig,26000.0,2
2023,3,212405,deslig,26500.0,1
2023,3,212405,deslig,27000.0,2
2023,3,212405,deslig,27500.0,1
2023,3,212405,deslig,28000.0,1
2023,3,212405,deslig,28500.0,1
2023,3,212405,deslig,29000.0,2
2023,3,212405,deslig,29500.0,1
2023,3,212405,deslig,30500.0,1
2023,3,212405,deslig,31500.0,2
2023,3,212405,deslig,32500.0,1
2023,3,212405,deslig,37000.0,1
2023,3,212405,deslig,39500.0,1
2023,3,212405,deslig,40000.0,1
2023,3,212405,deslig,40500.0,1
2023,3,212410,adm,1000.0,19
2023,3,212410,adm,1500.0,39
2023,3,212410,adm,2000.0,45
2023,3,212410,adm,2500.0,54
2023,3,212410,adm,3000.0,46
2023,3,212410,adm,3500.0,32
2023,3,212410,adm,4000.0,43
2023,3,212410,adm,4500.0,24
2023,3,212410,adm,5000.0,24
2023,3,212410,adm,5500.0,17
2023,3,212410,adm,6000.0,15
2023,3,212410,adm,6500.0,11
2023,3,212410,adm,7000.0,16
2023,3,212410,adm,7500.0,12
2023,3,212410,adm,8000.0,15
2023,3,212410,adm,8500.0,9
2023,3,212410,adm,9000.0,4
2023,3,212410,adm,9500.0,6
2023,3,212410,adm,10000.0,10
2023,3,212410,adm,10500.0,2
2023,3,212410,adm,11000.0,8
2023,3,212410,adm,11500.0,5
2023,3,212410,adm,12000.0,12
2023,3,212410,adm,12500.0,1
2023,3,212410,adm,13000.0,6
2023,3,212410,adm,13500.0,4
2023,3,212410,adm,14000.0,7
2023,3,212410,adm,15000.0,4
2023,3,212410,adm,15500.0,3
2023,3,212410,adm,16000.0,5
2023,3,212410,adm,17500.0,1
2023,3,212410,adm,18000.0,1
2023,3,212410,adm,20000.0,1
2023,3,212410,adm,21500.0,1
2023,3,212410,adm,25500.0,1
2023,3,212410,adm,28000.0,1
2023,3,212410,deslig,1000.0,12
2023,3,212410,deslig,1500.0,33
2023,3,212410,deslig,2000.0,68
2023,3,212410,deslig,2500.0,57
2023,3,212410,deslig,3000.0,45
2023,3,212410,deslig,3500.0,42
2023,3,212410,deslig,4000.0,39
2023,3,212410,deslig,4500.0,27
2023,3,212410,deslig,5000.0,19
2023,3,212410,deslig,5500.0,14
2023,3,212410,deslig,6000.0,24
2023,3,212410,deslig,6500.0,9
2023,3,212410,deslig,7000.0,13
2023,3,212410,deslig,7500.0,12
2023,3,212410,deslig,8000.0,10
2023,3,212410,deslig,8500.0,10
2023,3,212410,deslig,9000.0,5
2023,3,212410,deslig,9500.0,7
2023,3,212410,deslig,10000.0,5
2023,3,212410,deslig,10500.0,3
2023,3,212410,deslig,11000.0,4
2023,3,212410,deslig,11500.0,2
2023,3,212410,deslig,12000.0,2
2023,3,212410,deslig,12500.0,5
2023,3,212410,deslig,13500.0,2
2023,3,212410,deslig,14000.0,1
2023,3,212410,deslig,14500.0,5
2023,3,212410,deslig,15000.0,7
2023,3,212410,deslig,15500.0,1
2023,3,212410,deslig,16000.0,1
2023,3,212410,deslig,16500.0,2
2023,3,212410,deslig,17000.0,1
2023,3,212410,deslig,17500.0,3
2023,3,212410,deslig,18000.0,1
2023,3,212410,deslig,18500.0,1
2023,3,212410,deslig,19000.0,2
2023,3,212410,deslig,23500.0,2
2023,3,212410,deslig,24500.0,1
2023,3,212410,deslig,27000.0,1
2023,3,212410,deslig,35500.0,1
2023,3,212410,deslig,36000.0,1
2023,3,212410,deslig,50000.0,1
2023,3,212425,adm,1500.0,1
2023,3,212425,adm,2000.0,1
2023,3,212425,adm,2500.0,1
2023,3,212425,adm,4500.0,1
2023,3,212425,adm,5000.0,1
2023,3,212425,adm,8500.0,2
2023,3,212425,adm,9000.0,2
2023,3,212425,adm,9500.0,2
2023,3,212425,adm,10000.0,4
2023,3,212425,adm,11000.0,1
2023,3,212425,adm,11500.0,1
2023,3,212425,adm,12000.0,4
2023,3,212425,adm,13000.0,3
2023,3,212425,adm,13500.0,2
2023,3,212425,adm,14000.0,2
2023,3,212425,adm,15000.0,3
2023,3,212425,adm,15500.0,2
2023,3,212425,adm,17000.0,1
2023,3,212425,adm,17500.0,1
2023,3,212425,adm,18000.0,1
2023,3,212425,adm,19500.0,3
2023,3,212425,adm,20000.0,1
2023,3,212425,adm,22000.0,2
2023,3,212425,adm,24000.0,1
2023,3,212425,adm,25000.0,2
2023,3,212425,adm,28500.0,1
2023,3,212425,deslig,2000.0,3
2023,3,212425,deslig,3000.0,1
2023,3,212425,deslig,3500.0,1
2023,3,212425,deslig,5000.0,1
2023,3,212425,deslig,5500.0,2
2023,3,212425,deslig,7000.0,3
2023,3,212425,deslig,8000.0,1
2023,3,212425,deslig,9000.0,2
2023,3,212425,deslig,10000.0,2
2023,3,212425,deslig,12000.0,2
2023,3,212425,deslig,13000.0,2
2023,3,212425,deslig,13500.0,2
2023,3,212425,deslig,14000.0,1
2023,3,212425,deslig,14500.0,2
2023,3,212425,deslig,15000.0,1
2023,3,212425,deslig,16000.0,2
2023,3,212425,deslig,16500.0,2
2023,3,212425,deslig,17000.0,2
2023,3,212425,deslig,17500.0,1
2023,3,212425,deslig,18000.0,1
2023,3,212425,deslig,18500.0,2
2023,3,212425,deslig,19000.0,1
2023,3,212425,deslig,20000.0,1
2023,3,212425,deslig,20500.0,1
2023,3,212425,deslig,21000.0,1
2023,3,212425,deslig,22000.0,1
2023,3,212425,deslig,30000.0,2
2023,4,203105,adm,2000.0,2
2023,4,203105,adm,3000.0,2
2023,4,203105,adm,3500.0,2
2023,4,203105,adm,4000.0,5
2023,4,203105,adm,4500.0,1
2023,4,203105,adm,5000.0,1
2023,4,203105,adm,5500.0,1
2023,4,203105,adm,6000.0,3
2023,4,203105,adm,6500.0,1
2023,4,203105,adm,7000.0,2
2023,4,203105,adm,7500.0,1
2023,4,203105,adm,8000.0,2
2023,4,203105,adm,8500.0,1
2023,4,203105,adm,9000.0,1
2023,4,203105,adm,9500.0,2
2023,4,203105,adm,10000.0,1
2023,4,203105,adm,11500.0,1
2023,4,203105,adm,12000.0,1
2023,4,203105,adm,12500.0,1
2023,4,203105,adm,13000.0,1
2023,4,203105,adm,14000.0,1
2023,4,203105,adm,15000.0,2
2023,4,203105,adm,17000.0,1
2023,4,203105,deslig,3000.0,2
2023,4,203105,deslig,4000.0,4
2023,4,203105,deslig,4500.0,1
2023,4,203105,deslig,5000.0,1
2023,4,203105,deslig,5500.0,3
2023,4,203105,deslig,6000.0,1
2023,4,203105,deslig,6500.0,2
2023,4,203105,deslig,7000.0,1
2023,4,203105,deslig,7500.0,1
2023,4,203105,deslig,8000.0,1
2023,4,203105,deslig,9000.0,1
2023,4,203105,deslig,10000.0,1
2023,4,203105,deslig,11000.0,1
2023,4,203105,deslig,12000.0,2
2023,4,203105,deslig,14000.0,1
2023,4,203105,deslig,15500.0,1
2023,4,203105,deslig,16000.0,3
2023,4,203105,deslig,16500.0,1
2023,4,203105,deslig,17000.0,1
2023,4,203105,deslig,22000.0,1
2023,4,211205,adm,2500.0,2
2023,4,211205,adm,3000.0,1
2023,4,211205,adm,4000.0,2
2023,4,211205,adm,4500.0,1
2023,4,211205,adm,5000.0,7
2023,4,211205,adm,5500.0,1
2023,4,211205,adm,6000.0,3
2023,4,211205,adm,6500.0,1
2023,4,211205,adm,7000.0,1
2023,4,211205,adm,7500.0,1
2023,4,211205,adm,8000.0,1
2023,4,211205,adm,8500.0,2
2023,4,211205,adm,9000.0,1
2023,4,211205,adm,12000.0,1
2023,4,211205,adm,15000.0,1
2023,4,211205,adm,16000.0,1
2023,4,211205,adm,17000.0,1
2023,4,211205,adm,18000.0,1
2023,4,211205,adm,21000.0,1
2023,4,211205,adm,23500.0,1
2023,4,211205,deslig,2000.0,1
2023,4,211205,deslig,2500.0,1
2023,4,211205,deslig,3000.0,1
2023,4,211205,deslig,3500.0,2
2023,4,211205,deslig,5000.0,1
2023,4,211205,deslig,5500.0,2
2023,4,211205,deslig,6000.0,2
2023,4,211205,deslig,6500.0,1
2023,4,211205,deslig,7500.0,1
2023,4,211205,deslig,8000.0,3
2023,4,211205,deslig,8500.0,2
2023,4,211205,deslig,9000.0,1
2023,4,211205,deslig,9500.0,3
2023,4,211205,deslig,10000.0,4
2023,4,211205,deslig,11500.0,1
2023,4,211205,deslig,13000.0,1
2023,4,211205,deslig,15000.0,1
2023,4,211205,deslig,20000.0,1
2023,4,211205,deslig,21000.0,2
2023,4,211205,deslig,23500.0,1
2023,4,211205,deslig,24000.0,1
2023,4,211210,adm,2500.0,1
2023,4,211210,adm,3500.0,1
2023,4,211210,adm,4000.0,2
2023,4,211210,deslig,3000.0,1
2023,4,211210,deslig,5500.0,1
2023,4,211210,deslig,7000.0,2
2023,4,211210,deslig,10000.0,1
2023,4,211210,deslig,13500.0,1
2023,4,211210,deslig,15000.0,1
2023,4,211215,adm,6000.0,1
2023,4,211215,deslig,15000.0,1
2023,4,211220,adm,4000.0,1
2023,4,211220,adm,7500.0,1
2023,4,211220,adm,19000.0,1
2023,4,211220,deslig,4000.0,1
2023,4,212205,adm,2000.0,3
2023,4,212205,adm,3000.0,3
2023,4,212205,adm,3500.0,2
2023,4,212205,adm,4000.0,1
2023,4,212205,adm,4500.0,1
2023,4,212205,adm,5000.0,5
2023,4,212205,adm,5500.0,2
2023,4,212205,adm,6000.0,3
2023,4,212205,adm,6500.0,3
2023,4,212205,adm,7000.0,1
2023,4,212205,adm,7500.0,2
2023,4,212205,adm,8000.0,1
2023,4,212205,adm,8500.0,2
2023,4,212205,adm,9000.0,4
2023,4,212205,adm,9500.0,1
2023,4,212205,adm,10000.0,1
2023,4,212205,adm,10500.0,3
2023,4,212205,adm,11000.0,6
2023,4,212205,adm,11500.0,1
2023,4,212205,adm,12000.0,6
2023,4,212205,adm,12500.0,4
2023,4,212205,adm,13000.0,7
2023,4,212205,adm,13500.0,2
2023,4,212205,adm,14000.0,5
2023,4,212205,adm,14500.0,3
2023,4,212205,adm,15000.0,6
2023,4,212205,adm,15500.0,2
2023,4,212205,adm,16000.0,2
2023,4,212205,adm,16500.0,5
2023,4,212205,adm,17000.0,2
2023,4,212205,adm,17500.0,3
2023,4,212205,adm,18000.0,1
2023,4,212205,adm,18500.0,1
2023,4,212205,adm,19000.0,2
2023,4,212205,adm,19500.0,1
2023,4,212205,adm,20000.0,2
2023,4,212205,adm,20500.0,1
2023,4,212205,adm,22000.0,2
2023,4,212205,adm,23000.0,3
2023,4,212205,adm,24000.0,2
2023,4,212205,adm,25000.0,1
2023,4,212205,adm,27000.0,1
2023,4,212205,adm,29000.0,1
2023,4,212205,adm,31000.0,1
2023,4,212205,adm,33000.0,1
2023,4,212205,adm,35000.0,1
2023,4,212205,adm,37000.0,1
2023,4,212205,adm,38000.0,1
2023,4,212205,adm,43000.0,2
2023,4,212205,adm,50000.0,1
2023,4,212205,deslig,2500.0,1
2023,4,212205,deslig,3500.0,3
2023,4,212205,deslig,4000.0,2
2023,4,212205,deslig,4500.0,2
2023,4,212205,deslig,5000.0,1
2023,4,212205,deslig,5500.0,2
2023,4,212205,deslig,6000.0,3
2023,4,212205,deslig,6500.0,1
2023,4,212205,deslig,7000.0,3
2023,4,212205,deslig,7500.0,1
2023,4,212205,deslig,8000.0,4
2023,4,212205,deslig,8500.0,2
2023,4,212205,deslig,9000.0,1
2023,4,212205,deslig,9500.0,4
2023,4,212205,deslig,10000.0,5
2023,4,212205,deslig,10500.0,4
2023,4,212205,deslig,11000.0,6
2023,4,212205,deslig,11500.0,5
2023,4,212205,deslig,12000.0,5
2023,4,212205,deslig,12500.0,4
2023,4,212205,deslig,13000.0,6
2023,4,212205,deslig,13500.0,5
2023,4,212205,deslig,14000.0,7
2023,4,212205,deslig,14500.0,2
2023,4,212205,deslig,15000.0,4
2023,4,212205,deslig,15500.0,4
2023,4,212205,deslig,16000.0,4
2023,4,212205,deslig,16500.0,1
2023,4,212205,deslig,17000.0,2
2023,4,212205,deslig,18000.0,1
2023,4,212205,deslig,18500.0,1
2023,4,212205,deslig,22500.0,3
2023,4,212205,deslig,23000.0,1
2023,4,212205,deslig,23500.0,1
2023,4,212205,deslig,24000.0,2
2023,4,212205,deslig,24500.0,2
2023,4,212205,deslig,25000.0,2
2023,4,212205,deslig,29000.0,1
2023,4,212205,deslig,36000.0,2
2023,4,212205,deslig,38500.0,1
2023,4,212210,adm,29500.0,1
2023,4,212210,deslig,0.0,1
2023,4,212210,deslig,7000.0,1
2023,4,212210,deslig,12000.0,1
2023,4,212210,deslig,24000.0,1
2023,4,212215,adm,2000.0,19
2023,4,212215,adm,2500.0,1
2023,4,212215,adm,3000.0,2
2023,4,212215,adm,3500.0,2
2023,4,212215,adm,4000.0,2
2023,4,212215,adm,5000.0,4
2023,4,212215,adm,5500.0,4
2023,4,212215,adm,6000.0,6
2023,4,212215,adm,6500.0,1
2023,4,212215,adm,7000.0,4
2023,4,212215,adm,7500.0,1
2023,4,212215,adm,8000.0,4
2023,4,212215,adm,8500.0,5
2023,4,212215,adm,9000.0,1
2023,4,212215,adm,9500.0,1
2023,4,212215,adm,10000.0,6
2023,4,212215,adm,10500.0,5
2023,4,212215,adm,11000.0,5
2023,4,212215,adm,11500.0,1
2023,4,212215,adm,12000.0,6
2023,4,212215,adm,13000.0,4
2023,4,212215,adm,13500.0,3
2023,4,212215,adm,14000.0,3
2023,4,212215,adm,14500.0,2
2023,4,212215,adm,15000.0,4
2023,4,212215,adm,15500.0,2
2023,4,212215,adm,16000.0,2
2023,4,212215,adm,16500.0,2
2023,4,212215,adm,17000.0,4
2023,4,212215,adm,17500.0,2
2023,4,212215,adm,18000.0,2
2023,4,212215,adm,18500.0,2
2023,4,212215,adm,19000.0,5
2023,4,212215,adm,19500.0,1
2023,4,212215,adm,20000.0,7
2023,4,212215,adm,20500.0,1
2023,4,212215,adm,21000.0,1
2023,4,212215,adm,21500.0,2
2023,4,212215,adm,22000.0,2
2023,4,212215,adm,23000.0,2
2023,4,212215,adm,23500.0,1
2023,4,212215,adm,24000.0,1
2023,4,212215,adm,25000.0,4
2023,4,212215,adm,26000.0,2
2023,4,212215,adm,26500.0,1
2023,4,212215,adm,27000.0,1
2023,4,212215,adm,28000.0,1
2023,4,212215,adm,28500.0,1
2023,4,212215,adm,31500.0,1
2023,4,212215,adm,35500.0,1
2023,4,212215,adm,36000.0,1
2023,4,212215,adm,38000.0,3
2023,4,212215,adm,43000.0,2
2023,4,212215,adm,43500.0,1
2023,4,212215,adm,45000.0,1
2023,4,212215,adm,49000.0,1
2023,4,212215,adm,50000.0,6
2023,4,212215,deslig,2000.0,3
2023,4,212215,deslig,3000.0,3
2023,4,212215,deslig,3500.0,2
2023,4,212215,deslig,4000.0,2
2023,4,212215,deslig,4500.0,2
2023,4,212215,deslig,5000.0,3
2023,4,212215,deslig,5500.0,1
2023,4,212215,deslig,6000.0,10
2023,4,212215,deslig,6500.0,6
2023,4,212215,deslig,7000.0,2
2023,4,212215,deslig,7500.0,7
2023,4,212215,deslig,8000.0,2
2023,4,212215,deslig,8500.0,5
2023,4,212215,deslig,9000.0,11
2023,4,212215,deslig,9500.0,3
2023,4,212215,deslig,10000.0,3
2023,4,212215,deslig,10500.0,1
2023,4,212215,deslig,11000.0,4
2023,4,212215,deslig,12000.0,7
2023,4,212215,deslig,12500.0,2
2023,4,212215,deslig,13000.0,5
2023,4,212215,deslig,13500.0,1
2023,4,212215,deslig,14000.0,4
2023,4,212215,deslig,14500.0,2
2023,4,212215,deslig,15000.0,6
2023,4,212215,deslig,15500.0,3
2023,4,212215,deslig,16000.0,4
2023,4,212215,deslig,16500.0,4
2023,4,212215,deslig,17000.0,1
2023,4,212215,deslig,17500.0,1
2023,4,212215,deslig,18000.0,1
2023,4,212215,deslig,18500.0,1
2023,4,212215,deslig,19000.0,2
2023,4,212215,deslig,19500.0,2
2023,4,212215,deslig,20500.0,4
2023,4,212215,deslig,21000.0,1
2023,4,212215,deslig,21500.0,1
2023,4,212215,deslig,22000.0,1
2023,4,212215,deslig,23500.0,1
2023,4,212215,deslig,25000.0,2
2023,4,212215,deslig,26000.0,1
2023,4,212215,deslig,26500.0,1
2023,4,212215,deslig,28000.0,1
2023,4,212215,deslig,29500.0,1
2023,4,212215,deslig,30000.0,1
2023,4,212215,deslig,30500.0,2
2023,4,212215,deslig,31500.0,1
2023,4,212215,deslig,41500.0,1
2023,4,212215,deslig,43500.0,1
2023,4,212215,deslig,50000.0,2
2023,4,212305,adm,1000.0,6
2023,4,212305,adm,1500.0,1
2023,4,212305,adm,2000.0,2
2023,4,212305,adm,2500.0,3
2023,4,212305,adm,3000.0,5
2023,4,212305,adm,3500.0,5
2023,4,212305,adm,4000.0,3
2023,4,212305,adm,4500.0,5
2023,4,212305,adm,5000.0,6
2023,4,212305,adm,5500.0,2
2023,4,212305,adm,6000.0,5
2023,4,212305,adm,6500.0,1
2023,4,212305,adm,7000.0,9
2023,4,212305,adm,7500.0,4
2023,4,212305,adm,8000.0,3
2023,4,212305,adm,8500.0,1
2023,4,212305,adm,9000.0,2
2023,4,212305,adm,9500.0,4
2023,4,212305,adm,10000.0,5
2023,4,212305,adm,10500.0,4
2023,4,212305,adm,11000.0,3
2023,4,212305,adm,11500.0,1
2023,4,212305,adm,12000.0,4
2023,4,212305,adm,13000.0,2
2023,4,212305,adm,13500.0,3
2023,4,212305,adm,14000.0,5
2023,4,212305,adm,14500.0,1
2023,4,212305,adm,15000.0,2
2023,4,212305,adm,16000.0,2
2023,4,212305,adm,16500.0,1
2023,4,212305,adm,17000.0,2
2023,4,212305,adm,18000.0,2
2023,4,212305,adm,18500.0,1
2023,4,212305,adm,19000.0,1
2023,4,212305,adm,21000.0,1
2023,4,212305,adm,26000.0,1
2023,4,212305,deslig,1000.0,5
2023,4,212305,deslig,1500.0,3
2023,4,212305,deslig,2000.0,7
2023,4,212305,deslig,2500.0,13
2023,4,212305,deslig,3000.0,4
2023,4,212305,deslig,3500.0,5
2023,4,212305,deslig,4000.0,4
2023,4,212305,deslig,4500.0,5
2023,4,212305,deslig,5000.0,4
2023,4,212305,deslig,5500.0,1
2023,4,212305,deslig,6000.0,4
2023,4,212305,deslig,6500.0,2
2023,4,212305,deslig,7000.0,4
2023,4,212305,deslig,7500.0,5
2023,4,212305,deslig,8000.0,5
2023,4,212305,deslig,8500.0,6
2023,4,212305,deslig,9000.0,3
2023,4,212305,deslig,9500.0,3
2023,4,212305,deslig,10000.0,3
2023,4,212305,deslig,10500.0,4
2023,4,212305,deslig,11000.0,7
2023,4,212305,deslig,11500.0,2
2023,4,212305,deslig,12000.0,3
2023,4,212305,deslig,12500.0,3
2023,4,212305,deslig,13000.0,5
2023,4,212305,deslig,13500.0,1
2023,4,212305,deslig,14500.0,3
2023,4,212305,deslig,15000.0,4
2023,4,212305,deslig,16000.0,2
2023,4,212305,deslig,17000.0,1
2023,4,212305,deslig,17500.0,1
2023,4,212305,deslig,18000.0,1
2023,4,212305,deslig,18500.0,1
2023,4,212305,deslig,20500.0,1
2023,4,212305,deslig,31000.0,1
2023,4,212405,adm,-1.0,2
2023,4,212405,adm,500.0,1
2023,4,212405,adm,1000.0,10
2023,4,212405,adm,1500.0,67
2023,4,212405,adm,2000.0,164
2023,4,212405,adm,2500.0,181
2023,4,212405,adm,3000.0,176
2023,4,212405,adm,3500.0,119
2023,4,212405,adm,4000.0,137
2023,4,212405,adm,4500.0,109
2023,4,212405,adm,5000.0,103
2023,4,212405,adm,5500.0,101
2023,4,212405,adm,6000.0,129
2023,4,212405,adm,6500.0,76
2023,4,212405,adm,7000.0,88
2023,4,212405,adm,7500.0,70
2023,4,212405,adm,8000.0,115
2023,4,212405,adm,8500.0,88
2023,4,212405,adm,9000.0,103
2023,4,212405,adm,9500.0,42
2023,4,212405,adm,10000.0,115
2023,4,212405,adm,10500.0,62
2023,4,212405,adm,11000.0,82
2023,4,212405,adm,11500.0,47
2023,4,212405,adm,12000.0,129
2023,4,212405,adm,12500.0,52
2023,4,212405,adm,13000.0,72
2023,4,212405,adm,13500.0,38
2023,4,212405,adm,14000.0,53
2023,4,212405,adm,14500.0,31
2023,4,212405,adm,15000.0,52
2023,4,212405,adm,15500.0,18
2023,4,212405,adm,16000.0,40
2023,4,212405,adm,16500.0,21
2023,4,212405,adm,17000.0,32
2023,4,212405,adm,17500.0,13
2023,4,212405,adm,18000.0,25
2023,4,212405,adm,18500.0,4
2023,4,212405,adm,19000.0,12
2023,4,212405,adm,19500.0,6
2023,4,212405,adm,20000.0,11
2023,4,212405,adm,20500.0,2
2023,4,212405,adm,21000.0,11
2023,4,212405,adm,21500.0,7
2023,4,212405,adm,22000.0,3
2023,4,212405,adm,22500.0,2
2023,4,212405,adm,23000.0,8
2023,4,212405,adm,23500.0,1
2023,4,212405,adm,24000.0,1
2023,4,212405,adm,25000.0,3
2023,4,212405,adm,25500.0,1
2023,4,212405,adm,26000.0,2
2023,4,212405,adm,27000.0,2
2023,4,212405,adm,27500.0,1
2023,4,212405,adm,28000.0,1
2023,4,212405,adm,29500.0,1
2023,4,212405,adm,30000.0,1
2023,4,212405,adm,32000.0,1
2023,4,212405,adm,33000.0,1
2023,4,212405,adm,41000.0,1
2023,4,212405,deslig,1000.0,5
2023,4,212405,deslig,1500.0,47
2023,4,212405,deslig,2000.0,145
2023,4,212405,deslig,2500.0,130
2023,4,212405,deslig,3000.0,132
2023,4,212405,deslig,3500.0,118
2023,4,212405,deslig,4000.0,150
2023,4,212405,deslig,4500.0,121
2023,4,212405,deslig,5000.0,109
2023,4,212405,deslig,5500.0,116
2023,4,212405,deslig,6000.0,102
2023,4,212405,deslig,6500.0,98
2023,4,212405,deslig,7000.0,110
2023,4,212405,deslig,7500.0,97
2023,4,212405,deslig,8000.0,109
2023,4,212405,deslig,8500.0,81
2023,4,212405,deslig,9000.0,106
2023,4,212405,deslig,9500.0,88
2023,4,212405,deslig,10000.0,104
2023,4,212405,deslig,10500.0,65
2023,4,212405,deslig,11000.0,86
2023,4,212405,deslig,11500.0,76
2023,4,212405,deslig,12000.0,83
2023,4,212405,deslig,12500.0,47
2023,4,212405,deslig,13000.0,68
2023,4,212405,deslig,13500.0,47
2023,4,212405,deslig,14000.0,56
2023,4,212405,deslig,14500.0,42
2023,4,212405,deslig,15000.0,40
2023,4,212405,deslig,15500.0,28
2023,4,212405,deslig,16000.0,24
2023,4,212405,deslig,16500.0,27
2023,4,212405,deslig,17000.0,26
2023,4,212405,deslig,17500.0,14
2023,4,212405,deslig,18000.0,14
2023,4,212405,deslig,18500.0,4
2023,4,212405,deslig,19000.0,7
2023,4,212405,deslig,19500.0,5
2023,4,212405,deslig,20000.0,9
2023,4,212405,deslig,20500.0,2
2023,4,212405,deslig,21000.0,9
2023,4,212405,deslig,21500.0,4
2023,4,212405,deslig,22000.0,4
2023,4,212405,deslig,22500.0,2
2023,4,212405,deslig,23500.0,1
2023,4,212405,deslig,24500.0,4
2023,4,212405,deslig,25000.0,7
2023,4,212405,deslig,26000.0,1
2023,4,212405,deslig,26500.0,1
2023,4,212405,deslig,27000.0,1
2023,4,212405,deslig,28500.0,1
2023,4,212405,deslig,29000.0,1
2023,4,212405,deslig,30000.0,1
2023,4,212405,deslig,31000.0,2
2023,4,212405,deslig,32000.0,1
2023,4,212405,deslig,32500.0,1
2023,4,212405,deslig,33000.0,1
2023,4,212405,deslig,33500.0,2
2023,4,212405,deslig,34000.0,1
2023,4,212405,deslig,34500.0,2
2023,4,212405,deslig,35000.0,1
2023,4,212405,deslig,36000.0,1
2023,4,212405,deslig,37000.0,1
2023,4,212405,deslig,37500.0,2
2023,4,212405,deslig,38000.0,1
2023,4,212405,deslig,48500.0,2
2023,4,212405,deslig,50000.0,3
2023,4,212410,adm,1000.0,6
2023,4,212410,adm,1500.0,40
2023,4,212410,adm,2000.0,52
2023,4,212410,adm,2500.0,41
2023,4,212410,adm,3000.0,46
2023,4,212410,adm,3500.0,33
2023,4,212410,adm,4000.0,35
2023,4,212410,adm,4500.0,24
2023,4,212410,adm,5000.0,19
2023,4,212410,adm,5500.0,20
2023,4,212410,adm,6000.0,18
2023,4,212410,adm,6500.0,21
2023,4,212410,adm,7000.0,21
2023,4,212410,adm,7500.0,14
2023,4,212410,adm,8000.0,13
2023,4,212410,adm,8500.0,7
2023,4,212410,adm,9000.0,12
2023,4,212410,adm,10000.0,12
2023,4,212410,adm,10500.0,2
2023,4,212410,adm,11000.0,5
2023,4,212410,adm,11500.0,2
2023,4,212410,adm,12000.0,2
2023,4,212410,adm,12500.0,2
2023,4,212410,adm,13000.0,3
2023,4,212410,adm,13500.0,2
2023,4,212410,adm,14000.0,3
2023,4,212410,adm,14500.0,2
2023,4,212410,adm,15000.0,2
2023,4,212410,adm,15500.0,1
2023,4,212410,adm,16000.0,2
2023,4,212410,adm,16500.0,3
2023,4,212410,adm,17000.0,1
2023,4,212410,adm,18000.0,1
2023,4,212410,adm,26000.0,1
2023,4,212410,adm,46000.0,1
2023,4,212410,deslig,1000.0,16
2023,4,212410,deslig,1500.0,31
2023,4,212410,deslig,2000.0,38
2023,4,212410,deslig,2500.0,41
2023,4,212410,deslig,3000.0,59
2023,4,212410,deslig,3500.0,27
2023,4,212410,deslig,4000.0,27
2023,4,212410,deslig,4500.0,24
2023,4,212410,deslig,5000.0,22
2023,4,212410,deslig,5500.0,25
2023,4,212410,deslig,6000.0,5
2023,4,212410,deslig,6500.0,8
2023,4,212410,deslig,7000.0,12
2023,4,212410,deslig,7500.0,13
2023,4,212410,deslig,8000.0,12
2023,4,212410,deslig,8500.0,7
2023,4,212410,deslig,9000.0,8
2023,4,212410,deslig,9500.0,9
2023,4,212410,deslig,10000.0,14
2023,4,212410,deslig,10500.0,8
2023,4,212410,deslig,11000.0,6
2023,4,212410,deslig,11500.0,6
2023,4,212410,deslig,12000.0,4
2023,4,212410,deslig,12500.0,2
2023,4,212410,deslig,13000.0,2
2023,4,212410,deslig,13500.0,3
2023,4,212410,deslig,14000.0,6
2023,4,212410,deslig,14500.0,2
2023,4,212410,deslig,15000.0,2
2023,4,212410,deslig,15500.0,3
2023,4,212410,deslig,16000.0,4
2023,4,212410,deslig,16500.0,4
2023,4,212410,deslig,17500.0,3
2023,4,212410,deslig,18000.0,3
2023,4,212410,deslig,18500.0,2
2023,4,212410,deslig,20000.0,2
2023,4,212410,deslig,21000.0,1
2023,4,212425,adm,6500.0,4
2023,4,212425,adm,7000.0,1
2023,4,212425,adm,8000.0,5
2023,4,212425,adm,9000.0,3
2023,4,212425,adm,9500.0,3
2023,4,212425,adm,10000.0,6
2023,4,212425,adm,10500.0,1
2023,4,212425,adm,11000.0,3
2023,4,212425,adm,11500.0,1
2023,4,212425,adm,12000.0,3
2023,4,212425,adm,12500.0,1
2023,4,212425,adm,13000.0,4
2023,4,212425,adm,13500.0,1
2023,4,212425,adm,14000.0,1
2023,4,212425,adm,15000.0,6
2023,4,212425,adm,16000.0,2
2023,4,212425,adm,16500.0,1
2023,4,212425,adm,17000.0,6
2023,4,212425,adm,17500.0,1
2023,4,212425,adm,18000.0,1
2023,4,212425,adm,18500.0,3
2023,4,212425,adm,19000.0,2
2023,4,212425,adm,20000.0,1
2023,4,212425,adm,21000.0,2
2023,4,212425,adm,21500.0,1
2023,4,212425,adm,23500.0,1
2023,4,212425,adm,25000.0,1
2023,4,212425,adm,26000.0,1
2023,4,212425,deslig,2500.0,1
2023,4,212425,deslig,3000.0,2
2023,4,212425,deslig,4000.0,1
2023,4,212425,deslig,6000.0,2
2023,4,212425,deslig,7000.0,2
2023,4,212425,deslig,8000.0,1
2023,4,212425,deslig,8500.0,3
2023,4,212425,deslig,9500.0,2
2023,4,212425,deslig,10000.0,3
2023,4,212425,deslig,10500.0,3
2023,4,212425,deslig,11000.0,1
2023,4,212425,deslig,11500.0,1
2023,4,212425,deslig,12000.0,1
2023,4,212425,deslig,12500.0,3
2023,4,212425,deslig,13000.0,2
2023,4,212425,deslig,13500.0,2
2023,4,212425,deslig,14000.0,2
2023,4,212425,deslig,14500.0,2
2023,4,212425,deslig,15000.0,4
2023,4,212425,deslig,15500.0,1
2023,4,212425,deslig,16000.0,6
2023,4,212425,deslig,16500.0,1
2023,4,212425,deslig,17000.0,1
2023,4,212425,deslig,17500.0,1
2023,4,212425,deslig,18000.0,2
2023,4,212425,deslig,18500.0,2
2023,4,212425,deslig,19000.0,1
2023,4,212425,deslig,19500.0,1
2023,4,212425,deslig,20000.0,3
2023,4,212425,deslig,21500.0,1
2023,4,212425,deslig,23500.0,2
2023,4,212425,deslig,24000.0,1
2023,4,212425,deslig,25000.0,1
2023,4,212425,deslig,25500.0,1
2023,4,212425,deslig,27000.0,1
2023,4,212425,deslig,27500.0,1
2023,4,212425,deslig,30500.0,1
2023,4,212425,deslig,32500.0,1
2023,4,212425,deslig,38000.0,1
2023,5,203105,adm,2000.0,1
2023,5,203105,adm,3500.0,3
2023,5,203105,adm,5000.0,3
2023,5,203105,adm,5500.0,2
2023,5,203105,adm,6000.0,2
2023,5,203105,adm,8000.0,3
2023,5,203105,adm,8500.0,2
2023,5,203105,adm,9000.0,2
2023,5,203105,adm,10000.0,1
2023,5,203105,adm,10500.0,1
2023,5,203105,adm,11500.0,4
2023,5,203105,adm,12000.0,1
2023,5,203105,adm,16000.0,1
2023,5,203105,adm,20000.0,1
2023,5,203105,adm,22500.0,1
2023,5,203105,adm,25000.0,1
2023,5,203105,adm,39000.0,1
2023,5,203105,deslig,2500.0,1
2023,5,203105,deslig,3000.0,3
2023,5,203105,deslig,3500.0,1
2023,5,203105,deslig,4000.0,4
2023,5,203105,deslig,4500.0,2
2023,5,203105,deslig,5500.0,1
2023,5,203105,deslig,6000.0,2
2023,5,203105,deslig,7000.0,4
2023,5,203105,deslig,7500.0,1
2023,5,203105,deslig,8000.0,1
2023,5,203105,deslig,8500.0,1
2023,5,203105,deslig,9500.0,2
2023,5,203105,deslig,12000.0,3
2023,5,203105,deslig,12500.0,3
2023,5,203105,deslig,13500.0,1
2023,5,203105,deslig,15000.0,2
2023,5,203105,deslig,16000.0,2
2023,5,203105,deslig,17000.0,1
2023,5,203105,deslig,23500.0,1
2023,5,203105,deslig,26000.0,1
2023,5,211205,adm,1000.0,1
2023,5,211205,adm,1500.0,1
2023,5,211205,adm,2500.0,1
2023,5,211205,adm,3000.0,2
2023,5,211205,adm,5000.0,3
2023,5,211205,adm,6000.0,1
2023,5,211205,adm,6500.0,1
2023,5,211205,adm,7000.0,1
2023,5,211205,adm,7500.0,1
2023,5,211205,adm,8000.0,4
2023,5,211205,adm,8500.0,1
2023,5,211205,adm,9000.0,2
2023,5,211205,adm,9500.0,1
2023,5,211205,adm,10000.0,1
2023,5,211205,adm,10500.0,1
2023,5,211205,adm,11000.0,2
2023,5,211205,adm,12000.0,2
2023,5,211205,adm,21500.0,1
2023,5,211205,deslig,1500.0,1
2023,5,211205,deslig,2000.0,2
2023,5,211205,deslig,2500.0,2
2023,5,211205,deslig,3000.0,3
2023,5,211205,deslig,3500.0,1
2023,5,211205,deslig,4000.0,1
2023,5,211205,deslig,5000.0,1
2023,5,211205,deslig,5500.0,1
2023,5,211205,deslig,6000.0,3
2023,5,211205,deslig,6500.0,2
2023,5,211205,deslig,7000.0,1
2023,5,211205,deslig,7500.0,5
2023,5,211205,deslig,8000.0,1
2023,5,211205,deslig,8500.0,1
2023,5,211205,deslig,9000.0,5
2023,5,211205,deslig,9500.0,1
2023,5,211205,deslig,11500.0,1
2023,5,211205,deslig,12000.0,1
2023,5,211205,deslig,13000.0,1
2023,5,211205,deslig,13500.0,1
2023,5,211205,deslig,14000.0,2
2023,5,211205,deslig,16000.0,1
2023,5,211205,deslig,18000.0,1
2023,5,211205,deslig,19000.0,1
2023,5,211205,deslig,24000.0,1
2023,5,211205,deslig,36000.0,1
2023,5,211205,deslig,50000.0,1
2023,5,211210,adm,4500.0,1
2023,5,211210,adm,5000.0,1
2023,5,211210,adm,5500.0,1
2023,5,211210,adm,7500.0,1
2023,5,211210,deslig,4000.0,2
2023,5,211210,deslig,5000.0,1
2023,5,211210,deslig,6000.0,1
2023,5,211210,deslig,6500.0,1
2023,5,211215,adm,6000.0,1
2023,5,211215,adm,8000.0,1
2023,5,211215,adm,30000.0,1
2023,5,211220,adm,4000.0,1
2023,5,211220,adm,10500.0,1
2023,5,211220,adm,12000.0,1
2023,5,211220,adm,14000.0,1
2023,5,211220,adm,16000.0,1
2023,5,212205,adm,1500.0,1
2023,5,212205,adm,2000.0,3
2023,5,212205,adm,3000.0,1
2023,5,212205,adm,3500.0,2
2023,5,212205,adm,5000.0,3
2023,5,212205,adm,5500.0,2
2023,5,212205,adm,6500.0,1
2023,5,212205,adm,7000.0,1
2023,5,212205,adm,7500.0,2
2023,5,212205,adm,8500.0,4
2023,5,212205,adm,9000.0,5
2023,5,212205,adm,9500.0,3
2023,5,212205,adm,10000.0,2
2023,5,212205,adm,10500.0,6
2023,5,212205,adm,11000.0,3
2023,5,212205,adm,11500.0,2
2023,5,212205,adm,12000.0,6
2023,5,212205,adm,12500.0,4
2023,5,212205,adm,13000.0,3
2023,5,212205,adm,13500.0,5
2023,5,212205,adm,14000.0,3
2023,5,212205,adm,14500.0,1
2023,5,212205,adm,15000.0,4
2023,5,212205,adm,15500.0,5
2023,5,212205,adm,16000.0,5
2023,5,212205,adm,16500.0,2
2023,5,212205,adm,17000.0,12
2023,5,212205,adm,17500.0,1
2023,5,212205,adm,18000.0,4
2023,5,212205,adm,18500.0,2
2023,5,212205,adm,19000.0,4
2023,5,212205,adm,19500.0,1
2023,5,212205,adm,20000.0,4
2023,5,212205,adm,21000.0,1
2023,5,212205,adm,22000.0,1
2023,5,212205,adm,22500.0,1
2023,5,212205,adm,23000.0,4
2023,5,212205,adm,24000.0,1
2023,5,212205,adm,25000.0,1
2023,5,212205,adm,34000.0,1
2023,5,212205,adm,43000.0,2
2023,5,212205,adm,46500.0,1
2023,5,212205,adm,50000.0,1
2023,5,212205,deslig,2000.0,1
2023,5,212205,deslig,3000.0,2
2023,5,212205,deslig,3500.0,2
2023,5,212205,deslig,4000.0,3
2023,5,212205,deslig,4500.0,6
2023,5,212205,deslig,5000.0,1
2023,5,212205,deslig,5500.0,5
2023,5,212205,deslig,6000.0,2
2023,5,212205,deslig,6500.0,3
2023,5,212205,deslig,7000.0,7
2023,5,212205,deslig,7500.0,2
2023,5,212205,deslig,8000.0,6
2023,5,212205,deslig,8500.0,5
2023,5,212205,deslig,9000.0,6
2023,5,212205,deslig,9500.0,1
2023,5,212205,deslig,10000.0,2
2023,5,212205,deslig,10500.0,4
2023,5,212205,deslig,11000.0,10
2023,5,212205,deslig,11500.0,3
2023,5,212205,deslig,12000.0,4
2023,5,212205,deslig,12500.0,3
2023,5,212205,deslig,13000.0,3
2023,5,212205,deslig,13500.0,4
2023,5,212205,deslig,14000.0,5
2023,5,212205,deslig,14500.0,3
2023,5,212205,deslig,15000.0,5
2023,5,212205,deslig,15500.0,2
2023,5,212205,deslig,16000.0,4
2023,5,212205,deslig,16500.0,3
2023,5,212205,deslig,17000.0,3
2023,5,212205,deslig,17500.0,4
2023,5,212205,deslig,18000.0,4
2023,5,212205,deslig,18500.0,2
2023,5,212205,deslig,19000.0,3
2023,5,212205,deslig,19500.0,2
2023,5,212205,deslig,20000.0,1
2023,5,212205,deslig,21000.0,1
2023,5,212205,deslig,21500.0,1
2023,5,212205,deslig,22500.0,1
2023,5,212205,deslig,23000.0,1
2023,5,212205,deslig,23500.0,1
2023,5,212205,deslig,24500.0,1
2023,5,212205,deslig,25000.0,1
2023,5,212205,deslig,26000.0,1
2023,5,212205,deslig,26500.0,1
2023,5,212205,deslig,27500.0,1
2023,5,212205,deslig,30500.0,1
2023,5,212205,deslig,41500.0,1
2023,5,212205,deslig,43000.0,1
2023,5,212205,deslig,50000.0,1
2023,5,212210,adm,7000.0,2
2023,5,212210,adm,9000.0,1
2023,5,212210,adm,11500.0,1
2023,5,212210,adm,13500.0,1
2023,5,212210,adm,19000.0,1
2023,5,212210,adm,27000.0,1
2023,5,212210,deslig,5500.0,1
2023,5,212210,deslig,8500.0,1
2023,5,212210,deslig,11000.0,2
2023,5,212210,deslig,18500.0,1
2023,5,212210,deslig,23500.0,1
2023,5,212215,adm,2000.0,3
2023,5,212215,adm,3500.0,2
2023,5,212215,adm,4000.0,4
2023,5,212215,adm,5000.0,1
2023,5,212215,adm,5500.0,1
2023,5,212215,adm,6000.0,3
2023,5,212215,adm,6500.0,3
2023,5,212215,adm,7000.0,4
2023,5,212215,adm,7500.0,2
2023,5,212215,adm,8000.0,5
2023,5,212215,adm,8500.0,2
2023,5,212215,adm,9000.0,6
2023,5,212215,adm,9500.0,4
2023,5,212215,adm,10000.0,7
2023,5,212215,adm,10500.0,1
2023,5,212215,adm,11000.0,4
2023,5,212215,adm,11500.0,1
2023,5,212215,adm,12000.0,3
2023,5,212215,adm,13000.0,3
2023,5,212215,adm,13500.0,3
2023,5,212215,adm,14000.0,5
2023,5,212215,adm,14500.0,4
2023,5,212215,adm,15000.0,13
2023,5,212215,adm,15500.0,1
2023,5,212215,adm,16000.0,1
2023,5,212215,adm,16500.0,4
2023,5,212215,adm,17000.0,3
2023,5,212215,adm,17500.0,3
2023,5,212215,adm,18000.0,5
2023,5,212215,adm,18500.0,1
2023,5,212215,adm,19000.0,3
2023,5,212215,adm,20000.0,2
2023,5,212215,adm,21000.0,2
2023,5,212215,adm,21500.0,1
2023,5,212215,adm,22500.0,3
2023,5,212215,adm,23000.0,1
2023,5,212215,adm,26500.0,1
2023,5,212215,adm,27000.0,1
2023,5,212215,adm,28000.0,1
2023,5,212215,adm,32000.0,1
2023,5,212215,adm,34000.0,1
2023,5,212215,adm,35000.0,1
2023,5,212215,adm,36500.0,1
2023,5,212215,adm,37000.0,1
2023,5,212215,adm,39500.0,1
2023,5,212215,adm,43000.0,2
2023,5,212215,adm,44000.0,1
2023,5,212215,adm,50000.0,5
2023,5,212215,deslig,3000.0,5
2023,5,212215,deslig,4000.0,4
2023,5,212215,deslig,4500.0,3
2023,5,212215,deslig,5000.0,1
2023,5,212215,deslig,5500.0,1
2023,5,212215,deslig,6000.0,4
2023,5,212215,deslig,6500.0,2
2023,5,212215,deslig,7000.0,7
2023,5,212215,deslig,7500.0,3
2023,5,212215,deslig,8000.0,2
2023,5,212215,deslig,8500.0,2
2023,5,212215,deslig,9000.0,6
2023,5,212215,deslig,9500.0,4
2023,5,212215,deslig,10000.0,6
2023,5,212215,deslig,10500.0,4
2023,5,212215,deslig,11000.0,2
2023,5,212215,deslig,11500.0,1
2023,5,212215,deslig,12000.0,5
2023,5,212215,deslig,12500.0,3
2023,5,212215,deslig,13000.0,4
2023,5,212215,deslig,13500.0,2
2023,5,212215,deslig,14000.0,3
2023,5,212215,deslig,14500.0,3
2023,5,212215,deslig,15000.0,5
2023,5,212215,deslig,15500.0,3
2023,5,212215,deslig,16000.0,4
2023,5,212215,deslig,16500.0,5
2023,5,212215,deslig,17000.0,5
2023,5,212215,deslig,17500.0,2
2023,5,212215,deslig,18000.0,2
2023,5,212215,deslig,18500.0,2
2023,5,212215,deslig,19000.0,2
2023,5,212215,deslig,19500.0,3
2023,5,212215,deslig,20000.0,1
2023,5,212215,deslig,21500.0,2
2023,5,212215,deslig,22000.0,1
2023,5,212215,deslig,22500.0,1
2023,5,212215,deslig,23000.0,4
2023,5,212215,deslig,23500.0,1
2023,5,212215,deslig,24000.0,1
2023,5,212215,deslig,24500.0,1
2023,5,212215,deslig,26000.0,1
2023,5,212215,deslig,27000.0,1
2023,5,212215,deslig,29000.0,1
2023,5,212215,deslig,29500.0,2
2023,5,212215,deslig,30000.0,1
2023,5,212215,deslig,31000.0,2
2023,5,212215,deslig,32500.0,1
2023,5,212215,deslig,33000.0,1
2023,5,212215,deslig,34500.0,1
2023,5,212215,deslig,35000.0,1
2023,5,212215,deslig,36000.0,2
2023,5,212215,deslig,37000.0,1
2023,5,212215,deslig,38000.0,2
2023,5,212215,deslig,46000.0,1
2023,5,212215,deslig,47500.0,2
2023,5,212215,deslig,50000.0,4
2023,5,212305,adm,1000.0,5
2023,5,212305,adm,2000.0,1
2023,5,212305,adm,2500.0,5
2023,5,212305,adm,3000.0,6
2023,5,212305,adm,3500.0,2
2023,5,212305,adm,4000.0,2
2023,5,212305,adm,4500.0,3
2023,5,212305,adm,5000.0,6
2023,5,212305,adm,5500.0,4
2023,5,212305,adm,6000.0,5
2023,5,212305,adm,6500.0,2
2023,5,212305,adm,7000.0,5
2023,5,212305,adm,7500.0,4
2023,5,212305,adm,8000.0,4
2023,5,212305,adm,8500.0,2
2023,5,212305,adm,9000.0,7
2023,5,212305,adm,9500.0,4
2023,5,212305,adm,10000.0,5
2023,5,212305,adm,11000.0,3
2023,5,212305,adm,11500.0,3
2023,5,212305,adm,12000.0,7
2023,5,212305,adm,12500.0,3
2023,5,212305,adm,13000.0,3
2023,5,212305,adm,13500.0,1
2023,5,212305,adm,14000.0,2
2023,5,212305,adm,14500.0,1
2023,5,212305,adm,15000.0,2
2023,5,212305,adm,16000.0,1
2023,5,212305,adm,17000.0,1
2023,5,212305,adm,17500.0,2
2023,5,212305,adm,18000.0,3
2023,5,212305,adm,30000.0,1
2023,5,212305,deslig,1000.0,9
2023,5,212305,deslig,1500.0,3
2023,5,212305,deslig,2000.0,3
2023,5,212305,deslig,2500.0,4
2023,5,212305,deslig,3000.0,2
2023,5,212305,deslig,3500.0,2
2023,5,212305,deslig,4000.0,3
2023,5,212305,deslig,4500.0,3
2023,5,212305,deslig,5000.0,4
2023,5,212305,deslig,5500.0,3
2023,5,212305,deslig,6000.0,3
2023,5,212305,deslig,6500.0,7
2023,5,212305,deslig,7000.0,3
2023,5,212305,deslig,7500.0,4
2023,5,212305,deslig,8000.0,2
2023,5,212305,deslig,8500.0,3
2023,5,212305,deslig,9000.0,4
2023,5,212305,deslig,9500.0,3
2023,5,212305,deslig,10000.0,7
2023,5,212305,deslig,10500.0,1
2023,5,212305,deslig,11000.0,2
2023,5,212305,deslig,12000.0,2
2023,5,212305,deslig,12500.0,2
2023,5,212305,deslig,13000.0,3
2023,5,212305,deslig,14000.0,6
2023,5,212305,deslig,14500.0,3
2023,5,212305,deslig,15000.0,3
2023,5,212305,deslig,15500.0,1
2023,5,212305,deslig,16500.0,3
2023,5,212305,deslig,18000.0,3
2023,5,212305,deslig,22000.0,1
2023,5,212305,deslig,23000.0,2
2023,5,212305,deslig,26000.0,1
2023,5,212305,deslig,29000.0,1
2023,5,212405,adm,1000.0,6
2023,5,212405,adm,1500.0,64
2023,5,212405,adm,2000.0,153
2023,5,212405,adm,2500.0,152
2023,5,212405,adm,3000.0,233
2023,5,212405,adm,3500.0,123
2023,5,212405,adm,4000.0,135
2023,5,212405,adm,4500.0,111
2023,5,212405,adm,5000.0,97
2023,5,212405,adm,5500.0,98
2023,5,212405,adm,6000.0,91
2023,5,212405,adm,6500.0,87
2023,5,212405,adm,7000.0,114
2023,5,212405,adm,7500.0,75
2023,5,212405,adm,8000.0,136
2023,5,212405,adm,8500.0,67
2023,5,212405,adm,9000.0,93
2023,5,212405,adm,9500.0,50
2023,5,212405,adm,10000.0,106
2023,5,212405,adm,10500.0,64
2023,5,212405,adm,11000.0,109
2023,5,212405,adm,11500.0,51
2023,5,212405,adm,12000.0,109
2023,5,212405,adm,12500.0,44
2023,5,212405,adm,13000.0,65
2023,5,212405,adm,13500.0,42
2023,5,212405,adm,14000.0,57
2023,5,212405,adm,14500.0,37
2023,5,212405,adm,15000.0,46
2023,5,212405,adm,15500.0,25
2023,5,212405,adm,16000.0,42
2023,5,212405,adm,16500.0,18
2023,5,212405,adm,17000.0,43
2023,5,212405,adm,17500.0,12
2023,5,212405,adm,18000.0,24
2023,5,212405,adm,18500.0,7
2023,5,212405,adm,19000.0,12
2023,5,212405,adm,19500.0,3
2023,5,212405,adm,20000.0,10
2023,5,212405,adm,20500.0,1
2023,5,212405,adm,21000.0,6
2023,5,212405,adm,21500.0,1
2023,5,212405,adm,22000.0,6
2023,5,212405,adm,22500.0,2
2023,5,212405,adm,23000.0,5
2023,5,212405,adm,23500.0,4
2023,5,212405,adm,24000.0,2
2023,5,212405,adm,24500.0,1
2023,5,212405,adm,25000.0,4
2023,5,212405,adm,26000.0,3
2023,5,212405,adm,27500.0,1
2023,5,212405,adm,28000.0,1
2023,5,212405,adm,30000.0,3
2023,5,212405,adm,31500.0,1
2023,5,212405,adm,33000.0,1
2023,5,212405,adm,50000.0,1
2023,5,212405,deslig,-1.0,2
2023,5,212405,deslig,1000.0,6
2023,5,212405,deslig,1500.0,59
2023,5,212405,deslig,2000.0,137
2023,5,212405,deslig,2500.0,147
2023,5,212405,deslig,3000.0,171
2023,5,212405,deslig,3500.0,117
2023,5,212405,deslig,4000.0,127
2023,5,212405,deslig,4500.0,111
2023,5,212405,deslig,5000.0,107
2023,5,212405,deslig,5500.0,115
2023,5,212405,deslig,6000.0,113
2023,5,212405,deslig,6500.0,78
2023,5,212405,deslig,7000.0,92
2023,5,212405,deslig,7500.0,90
2023,5,212405,deslig,8000.0,89
2023,5,212405,deslig,8500.0,85
2023,5,212405,deslig,9000.0,109
2023,5,212405,deslig,9500.0,68
2023,5,212405,deslig,10000.0,102
2023,5,212405,deslig,10500.0,61
2023,5,212405,deslig,11000.0,67
2023,5,212405,deslig,11500.0,59
2023,5,212405,deslig,12000.0,58
2023,5,212405,deslig,12500.0,48
2023,5,212405,deslig,13000.0,55
2023,5,212405,deslig,13500.0,52
2023,5,212405,deslig,14000.0,40
2023,5,212405,deslig,14500.0,32
2023,5,212405,deslig,15000.0,34
2023,5,212405,deslig,15500.0,38
2023,5,212405,deslig,16000.0,29
2023,5,212405,deslig,16500.0,22
2023,5,212405,deslig,17000.0,19
2023,5,212405,deslig,17500.0,18
2023,5,212405,deslig,18000.0,12
2023,5,212405,deslig,18500.0,10
2023,5,212405,deslig,19000.0,7
2023,5,212405,deslig,19500.0,6
2023,5,212405,deslig,20000.0,5
2023,5,212405,deslig,20500.0,9
2023,5,212405,deslig,21000.0,2
2023,5,212405,deslig,21500.0,6
2023,5,212405,deslig,22000.0,2
2023,5,212405,deslig,22500.0,5
2023,5,212405,deslig,23000.0,7
2023,5,212405,deslig,23500.0,1
2023,5,212405,deslig,24000.0,3
2023,5,212405,deslig,24500.0,1
2023,5,212405,deslig,25000.0,2
2023,5,212405,deslig,25500.0,1
2023,5,212405,deslig,27000.0,1
2023,5,212405,deslig,27500.0,3
2023,5,212405,deslig,29000.0,1
2023,5,212405,deslig,30000.0,1
2023,5,212405,deslig,31000.0,1
2023,5,212405,deslig,31500.0,1
2023,5,212405,deslig,35500.0,1
2023,5,212405,deslig,50000.0,2
2023,5,212410,adm,1000.0,19
2023,5,212410,adm,1500.0,42
2023,5,212410,adm,2000.0,55
2023,5,212410,adm,2500.0,50
2023,5,212410,adm,3000.0,62
2023,5,212410,adm,3500.0,27
2023,5,212410,adm,4000.0,42
2023,5,212410,adm,4500.0,18
2023,5,212410,adm,5000.0,27
2023,5,212410,adm,5500.0,17
2023,5,212410,adm,6000.0,25
2023,5,212410,adm,6500.0,13
2023,5,212410,adm,7000.0,14
2023,5,212410,adm,7500.0,10
2023,5,212410,adm,8000.0,20
2023,5,212410,adm,8500.0,9
2023,5,212410,adm,9000.0,13
2023,5,212410,adm,9500.0,5
2023,5,212410,adm,10000.0,11
2023,5,212410,adm,10500.0,2
2023,5,212410,adm,11000.0,11
2023,5,212410,adm,11500.0,3
2023,5,212410,adm,12000.0,4
2023,5,212410,adm,12500.0,3
2023,5,212410,adm,13000.0,6
2023,5,212410,adm,13500.0,2
2023,5,212410,adm,14000.0,8
2023,5,212410,adm,14500.0,2
2023,5,212410,adm,15000.0,1
2023,5,212410,adm,15500.0,1
2023,5,212410,adm,16000.0,3
2023,5,212410,adm,16500.0,1
2023,5,212410,adm,17000.0,3
2023,5,212410,adm,21000.0,1
2023,5,212410,adm,21500.0,1
2023,5,212410,deslig,-1.0,1
2023,5,212410,deslig,1000.0,14
2023,5,212410,deslig,1500.0,32
2023,5,212410,deslig,2000.0,46
2023,5,212410,deslig,2500.0,46
2023,5,212410,deslig,3000.0,44
2023,5,212410,deslig,3500.0,44
2023,5,212410,deslig,4000.0,25
2023,5,212410,deslig,4500.0,29
2023,5,212410,deslig,5000.0,24
2023,5,212410,deslig,5500.0,15
2023,5,212410,deslig,6000.0,23
2023,5,212410,deslig,6500.0,14
2023,5,212410,deslig,7000.0,10
2023,5,212410,deslig,7500.0,12
2023,5,212410,deslig,8000.0,12
2023,5,212410,deslig,8500.0,8
2023,5,212410,deslig,9000.0,12
2023,5,212410,deslig,9500.0,6
2023,5,212410,deslig,10000.0,9
2023,5,212410,deslig,10500.0,1
2023,5,212410,deslig,11000.0,10
2023,5,212410,deslig,11500.0,6
2023,5,212410,deslig,12000.0,3
2023,5,212410,deslig,12500.0,3
2023,5,212410,deslig,13000.0,4
2023,5,212410,deslig,13500.0,6
2023,5,212410,deslig,14000.0,3
2023,5,212410,deslig,14500.0,2
2023,5,212410,deslig,15000.0,4
2023,5,212410,deslig,15500.0,1
2023,5,212410,deslig,16000.0,3
2023,5,212410,deslig,16500.0,2
2023,5,212410,deslig,17000.0,1
2023,5,212410,deslig,17500.0,1
2023,5,212410,deslig,18500.0,1
2023,5,212410,deslig,19000.0,2
2023,5,212410,deslig,23500.0,1
2023,5,212410,deslig,26500.0,1
2023,5,212410,deslig,33000.0,1
2023,5,212425,adm,1500.0,1
2023,5,212425,adm,2500.0,1
2023,5,212425,adm,3000.0,1
2023,5,212425,adm,3500.0,1
2023,5,212425,adm,4500.0,1
2023,5,212425,adm,5000.0,1
2023,5,212425,adm,6500.0,1
2023,5,212425,adm,7500.0,3
2023,5,212425,adm,8000.0,3
2023,5,212425,adm,8500.0,1
2023,5,212425,adm,9500.0,3
2023,5,212425,adm,10000.0,1
2023,5,212425,adm,10500.0,1
2023,5,212425,adm,11000.0,3
2023,5,212425,adm,12000.0,5
2023,5,212425,adm,12500.0,2
2023,5,212425,adm,13000.0,3
2023,5,212425,adm,13500.0,2
2023,5,212425,adm,14000.0,4
2023,5,212425,adm,14500.0,1
2023,5,212425,adm,15000.0,3
2023,5,212425,adm,15500.0,2
2023,5,212425,adm,16000.0,4
2023,5,212425,adm,17000.0,1
2023,5,212425,adm,17500.0,1
2023,5,212425,adm,18000.0,5
2023,5,212425,adm,18500.0,2
2023,5,212425,adm,19000.0,3
2023,5,212425,adm,20000.0,3
2023,5,212425,adm,21000.0,3
2023,5,212425,adm,22000.0,1
2023,5,212425,adm,25000.0,1
2023,5,212425,adm,26000.0,1
2023,5,212425,adm,30000.0,1
2023,5,212425,adm,50000.0,1
2023,5,212425,deslig,2000.0,1
2023,5,212425,deslig,4000.0,1
2023,5,212425,deslig,5000.0,1
2023,5,212425,deslig,5500.0,2
2023,5,212425,deslig,6000.0,2
2023,5,212425,deslig,7000.0,1
2023,5,212425,deslig,9000.0,1
2023,5,212425,deslig,9500.0,1
2023,5,212425,deslig,10000.0,4
2023,5,212425,deslig,10500.0,1
2023,5,212425,deslig,11000.0,1
2023,5,212425,deslig,11500.0,2
2023,5,212425,deslig,12000.0,3
2023,5,212425,deslig,13000.0,3
2023,5,212425,deslig,13500.0,1
2023,5,212425,deslig,14500.0,3
2023,5,212425,deslig,15000.0,2
2023,5,212425,deslig,15500.0,3
2023,5,212425,deslig,16000.0,6
2023,5,212425,deslig,16500.0,3
2023,5,212425,deslig,17000.0,2
2023,5,212425,deslig,17500.0,1
2023,5,212425,deslig,18000.0,5
2023,5,212425,deslig,19000.0,2
2023,5,212425,deslig,19500.0,1
2023,5,212425,deslig,20000.0,1
2023,5,212425,deslig,20500.0,1
2023,5,212425,deslig,22000.0,1
2023,5,212425,deslig,23000.0,2
2023,5,212425,deslig,24000.0,2
2023,5,212425,deslig,29000.0,1
2023,5,212425,deslig,37000.0,1
2023,6,203105,adm,1500.0,1
2023,6,203105,adm,2000.0,1
2023,6,203105,adm,3500.0,1
2023,6,203105,adm,4000.0,3
2023,6,203105,adm,4500.0,1
2023,6,203105,adm,5000.0,1
2023,6,203105,adm,6000.0,2
2023,6,203105,adm,6500.0,1
2023,6,203105,adm,7000.0,1
2023,6,203105,adm,7500.0,1
2023,6,203105,adm,8000.0,3
2023,6,203105,adm,8500.0,1
2023,6,203105,adm,9000.0,1
2023,6,203105,adm,10000.0,1
2023,6,203105,adm,10500.0,1
2023,6,203105,adm,11000.0,4
2023,6,203105,adm,11500.0,3
2023,6,203105,adm,13000.0,1
2023,6,203105,adm,13500.0,1
2023,6,203105,adm,15000.0,2
2023,6,203105,adm,17500.0,1
2023,6,203105,adm,18500.0,2
2023,6,203105,adm,23000.0,1
2023,6,203105,adm,28000.0,1
2023,6,203105,adm,34500.0,1
2023,6,203105,deslig,2000.0,1
2023,6,203105,deslig,4000.0,1
2023,6,203105,deslig,5000.0,4
2023,6,203105,deslig,5500.0,2
2023,6,203105,deslig,6000.0,2
2023,6,203105,deslig,7000.0,1
2023,6,203105,deslig,7500.0,3
2023,6,203105,deslig,8000.0,3
2023,6,203105,deslig,8500.0,2
2023,6,203105,deslig,9000.0,1
2023,6,203105,deslig,10000.0,1
2023,6,203105,deslig,10500.0,1
2023,6,203105,deslig,11000.0,1
2023,6,203105,deslig,11500.0,1
2023,6,203105,deslig,12000.0,1
2023,6,203105,deslig,13000.0,2
2023,6,203105,deslig,14000.0,2
2023,6,203105,deslig,15000.0,1
2023,6,203105,deslig,17000.0,2
2023,6,203105,deslig,18000.0,1
2023,6,203105,deslig,18500.0,2
2023,6,203105,deslig,20500.0,1
2023,6,203105,deslig,31000.0,1
2023,6,211205,adm,2500.0,1
2023,6,211205,adm,3000.0,1
2023,6,211205,adm,4500.0,2
2023,6,211205,adm,5000.0,2
2023,6,211205,adm,5500.0,2
2023,6,211205,adm,6000.0,1
2023,6,211205,adm,6500.0,1
2023,6,211205,adm,7500.0,2
2023,6,211205,adm,8000.0,3
2023,6,211205,adm,8500.0,1
2023,6,211205,adm,9000.0,1
2023,6,211205,adm,9500.0,1
2023,6,211205,adm,10000.0,1
2023,6,211205,adm,13000.0,2
2023,6,211205,adm,14000.0,1
2023,6,211205,adm,15000.0,2
2023,6,211205,adm,16000.0,2
2023,6,211205,adm,17500.0,1
2023,6,211205,adm,18500.0,1
2023,6,211205,adm,20000.0,1
2023,6,211205,adm,30000.0,1
2023,6,211205,deslig,2500.0,1
2023,6,211205,deslig,3500.0,1
2023,6,211205,deslig,4000.0,1
2023,6,211205,deslig,4500.0,1
2023,6,211205,deslig,5000.0,1
2023,6,211205,deslig,5500.0,2
2023,6,211205,deslig,6000.0,1
2023,6,211205,deslig,6500.0,1
2023,6,211205,deslig,7000.0,2
2023,6,211205,deslig,7500.0,1
2023,6,211205,deslig,8000.0,4
2023,6,211205,deslig,8500.0,1
2023,6,211205,deslig,9000.0,4
2023,6,211205,deslig,9500.0,1
2023,6,211205,deslig,14000.0,2
2023,6,211205,deslig,15000.0,1
2023,6,211205,deslig,16000.0,1
2023,6,211205,deslig,19500.0,1
2023,6,211210,adm,3500.0,1
2023,6,211210,adm,4500.0,1
2023,6,211210,adm,7000.0,1
2023,6,211210,adm,12000.0,1
2023,6,211210,adm,18500.0,1
2023,6,211210,deslig,5500.0,1
2023,6,211210,deslig,12500.0,1
2023,6,211215,deslig,14000.0,1
2023,6,211220,adm,3500.0,1
2023,6,211220,adm,9500.0,1
2023,6,211220,adm,10000.0,1
2023,6,211220,adm,10500.0,1
2023,6,211220,deslig,4000.0,1
2023,6,211220,deslig,8000.0,1
2023,6,212205,adm,-1.0,1
2023,6,212205,adm,1500.0,1
2023,6,212205,adm,3500.0,1
2023,6,212205,adm,4000.0,6
2023,6,212205,adm,4500.0,1
2023,6,212205,adm,5000.0,1
2023,6,212205,adm,5500.0,1
2023,6,212205,adm,6000.0,4
2023,6,212205,adm,6500.0,4
2023,6,212205,adm,7000.0,1
2023,6,212205,adm,7500.0,4
2023,6,212205,adm,8000.0,5
2023,6,212205,adm,8500.0,3
2023,6,212205,adm,9000.0,5
2023,6,212205,adm,9500.0,8
2023,6,212205,adm,10000.0,10
2023,6,212205,adm,10500.0,4
2023,6,212205,adm,11000.0,8
2023,6,212205,adm,11500.0,1
2023,6,212205,adm,12000.0,6
2023,6,212205,adm,12500.0,2
2023,6,212205,adm,13000.0,4
2023,6,212205,adm,13500.0,4
2023,6,212205,adm,14000.0,5
2023,6,212205,adm,14500.0,3
2023,6,212205,adm,15000.0,1
2023,6,212205,adm,15500.0,2
2023,6,212205,adm,16000.0,8
2023,6,212205,adm,16500.0,4
2023,6,212205,adm,17000.0,4
2023,6,212205,adm,18000.0,5
2023,6,212205,adm,18500.0,1
2023,6,212205,adm,19000.0,2
2023,6,212205,adm,19500.0,1
2023,6,212205,adm,20000.0,3
2023,6,212205,adm,21000.0,3
2023,6,212205,adm,21500.0,1
2023,6,212205,adm,22000.0,3
2023,6,212205,adm,23000.0,3
2023,6,212205,adm,26500.0,1
2023,6,212205,adm,27500.0,1
2023,6,212205,adm,28000.0,1
2023,6,212205,adm,43000.0,1
2023,6,212205,adm,45000.0,2
2023,6,212205,adm,49500.0,1
2023,6,212205,adm,50000.0,2
2023,6,212205,deslig,3000.0,2
2023,6,212205,deslig,3500.0,1
2023,6,212205,deslig,4000.0,2
2023,6,212205,deslig,4500.0,1
2023,6,212205,deslig,5000.0,5
2023,6,212205,deslig,6000.0,5
2023,6,212205,deslig,6500.0,8
2023,6,212205,deslig,7000.0,1
2023,6,212205,deslig,7500.0,1
2023,6,212205,deslig,8000.0,3
2023,6,212205,deslig,8500.0,1
2023,6,212205,deslig,9000.0,7
2023,6,212205,deslig,9500.0,3
2023,6,212205,deslig,10000.0,4
2023,6,212205,deslig,10500.0,3
2023,6,212205,deslig,11000.0,7
2023,6,212205,deslig,11500.0,4
2023,6,212205,deslig,12000.0,8
2023,6,212205,deslig,12500.0,4
2023,6,212205,deslig,13000.0,11
2023,6,212205,deslig,13500.0,4
2023,6,212205,deslig,14000.0,5
2023,6,212205,deslig,14500.0,3
2023,6,212205,deslig,15000.0,5
2023,6,212205,deslig,15500.0,2
2023,6,212205,deslig,16000.0,5
2023,6,212205,deslig,16500.0,4
2023,6,212205,deslig,17000.0,4
2023,6,212205,deslig,18000.0,5
2023,6,212205,deslig,18500.0,2
2023,6,212205,deslig,19000.0,2
2023,6,212205,deslig,19500.0,3
2023,6,212205,deslig,20000.0,2
2023,6,212205,deslig,20500.0,1
2023,6,212205,deslig,21000.0,3
2023,6,212205,deslig,21500.0,2
2023,6,212205,deslig,22000.0,6
2023,6,212205,deslig,22500.0,1
2023,6,212205,deslig,23000.0,4
2023,6,212205,deslig,24000.0,2
2023,6,212205,deslig,24500.0,1
2023,6,212205,deslig,25000.0,1
2023,6,212205,deslig,25500.0,1
2023,6,212205,deslig,26000.0,1
2023,6,212205,deslig,27000.0,1
2023,6,212205,deslig,29000.0,1
2023,6,212205,deslig,31000.0,1
2023,6,212205,deslig,31500.0,1
2023,6,212205,deslig,32500.0,1
2023,6,212205,deslig,34000.0,1
2023,6,212205,deslig,39500.0,1
2023,6,212205,deslig,50000.0,1
2023,6,212210,adm,4000.0,1
2023,6,212210,adm,5000.0,1
2023,6,212210,adm,8500.0,1
2023,6,212210,adm,10000.0,2
2023,6,212210,adm,11500.0,2
2023,6,212210,adm,14000.0,2
2023,6,212210,adm,18500.0,1
2023,6,212210,adm,19000.0,1
2023,6,212210,deslig,4000.0,1
2023,6,212210,deslig,6000.0,1
2023,6,212210,deslig,10000.0,1
2023,6,212210,deslig,11500.0,1
2023,6,212210,deslig,13000.0,1
2023,6,212210,deslig,20500.0,1
2023,6,212210,deslig,22000.0,1
2023,6,212210,deslig,28500.0,1
2023,6,212215,adm,0.0,3
2023,6,212215,adm,2000.0,4
2023,6,212215,adm,3000.0,2
2023,6,212215,adm,4000.0,2
2023,6,212215,adm,5000.0,1
2023,6,212215,adm,6000.0,6
2023,6,212215,adm,6500.0,2
2023,6,212215,adm,7000.0,9
2023,6,212215,adm,7500.0,1
2023,6,212215,adm,8000.0,1
2023,6,212215,adm,8500.0,2
2023,6,212215,adm,9000.0,6
2023,6,212215,adm,9500.0,3
2023,6,212215,adm,10500.0,2
2023,6,212215,adm,11000.0,4
2023,6,212215,adm,11500.0,1
2023,6,212215,adm,12000.0,5
2023,6,212215,adm,12500.0,2
2023,6,212215,adm,13000.0,2
2023,6,212215,adm,13500.0,2
2023,6,212215,adm,14000.0,6
2023,6,212215,adm,14500.0,4
2023,6,212215,adm,15000.0,3
2023,6,212215,adm,15500.0,2
2023,6,212215,adm,16000.0,5
2023,6,212215,adm,16500.0,4
2023,6,212215,adm,17000.0,5
2023,6,212215,adm,17500.0,1
2023,6,212215,adm,18000.0,1
2023,6,212215,adm,18500.0,1
2023,6,212215,adm,20000.0,4
2023,6,212215,adm,21000.0,2
2023,6,212215,adm,21500.0,1
2023,6,212215,adm,22000.0,1
2023,6,212215,adm,22500.0,4
2023,6,212215,adm,23500.0,1
2023,6,212215,adm,24000.0,1
2023,6,212215,adm,24500.0,2
2023,6,212215,adm,25000.0,1
2023,6,212215,adm,27500.0,1
2023,6,212215,adm,28500.0,1
2023,6,212215,adm,29000.0,1
2023,6,212215,adm,30000.0,1
2023,6,212215,adm,31500.0,1
2023,6,212215,adm,33000.0,1
2023,6,212215,adm,33500.0,3
2023,6,212215,adm,34000.0,1
2023,6,212215,adm,34500.0,1
2023,6,212215,adm,35000.0,2
2023,6,212215,adm,35500.0,1
2023,6,212215,adm,38000.0,1
2023,6,212215,adm,41500.0,1
2023,6,212215,adm,43000.0,2
2023,6,212215,adm,50000.0,6
2023,6,212215,deslig,1500.0,1
2023,6,212215,deslig,2000.0,3
2023,6,212215,deslig,3500.0,1
2023,6,212215,deslig,4000.0,4
2023,6,212215,deslig,4500.0,2
2023,6,212215,deslig,5000.0,2
2023,6,212215,deslig,5500.0,3
2023,6,212215,deslig,6000.0,4
2023,6,212215,deslig,6500.0,6
2023,6,212215,deslig,7000.0,5
2023,6,212215,deslig,7500.0,4
2023,6,212215,deslig,8000.0,5
2023,6,212215,deslig,8500.0,3
2023,6,212215,deslig,9000.0,11
2023,6,212215,deslig,9500.0,6
2023,6,212215,deslig,10000.0,4
2023,6,212215,deslig,10500.0,2
2023,6,212215,deslig,11000.0,4
2023,6,212215,deslig,11500.0,1
2023,6,212215,deslig,12000.0,3
2023,6,212215,deslig,12500.0,2
2023,6,212215,deslig,13000.0,6
2023,6,212215,deslig,13500.0,5
2023,6,212215,deslig,14000.0,4
2023,6,212215,deslig,14500.0,3
2023,6,212215,deslig,15000.0,4
2023,6,212215,deslig,15500.0,2
2023,6,212215,deslig,16000.0,4
2023,6,212215,deslig,16500.0,6
2023,6,212215,deslig,17000.0,2
2023,6,212215,deslig,17500.0,2
2023,6,212215,deslig,18000.0,4
2023,6,212215,deslig,19000.0,1
2023,6,212215,deslig,19500.0,2
2023,6,212215,deslig,21000.0,3
2023,6,212215,deslig,22000.0,1
2023,6,212215,deslig,23500.0,1
2023,6,212215,deslig,24000.0,1
2023,6,212215,deslig,24500.0,1
2023,6,212215,deslig,25000.0,5
2023,6,212215,deslig,26000.0,1
2023,6,212215,deslig,26500.0,3
2023,6,212215,deslig,27000.0,1
2023,6,212215,deslig,28500.0,2
2023,6,212215,deslig,29500.0,1
2023,6,212215,deslig,31500.0,1
2023,6,212215,deslig,32000.0,1
2023,6,212215,deslig,35000.0,1
2023,6,212215,deslig,35500.0,1
2023,6,212215,deslig,39000.0,1
2023,6,212215,deslig,41500.0,1
2023,6,212215,deslig,45000.0,2
2023,6,212215,deslig,50000.0,4
2023,6,212305,adm,1000.0,14
2023,6,212305,adm,1500.0,4
2023,6,212305,adm,2000.0,5
2023,6,212305,adm,2500.0,1
2023,6,212305,adm,3000.0,9
2023,6,212305,adm,3500.0,6
2023,6,212305,adm,4000.0,2
2023,6,212305,adm,4500.0,2
2023,6,212305,adm,5000.0,3
2023,6,212305,adm,5500.0,3
2023,6,212305,adm,6000.0,3
2023,6,212305,adm,6500.0,1
2023,6,212305,adm,7000.0,10
2023,6,212305,adm,7500.0,4
2023,6,212305,adm,8000.0,7
2023,6,212305,adm,8500.0,1
2023,6,212305,adm,9000.0,4
2023,6,212305,adm,9500.0,1
2023,6,212305,adm,10000.0,4
2023,6,212305,adm,10500.0,3
2023,6,212305,adm,11000.0,5
2023,6,212305,adm,11500.0,4
2023,6,212305,adm,12000.0,2
2023,6,212305,adm,12500.0,3
2023,6,212305,adm,13000.0,4
2023,6,212305,adm,14000.0,4
2023,6,212305,adm,14500.0,4
2023,6,212305,adm,15000.0,6
2023,6,212305,adm,15500.0,1
2023,6,212305,adm,16000.0,2
2023,6,212305,adm,16500.0,1
2023,6,212305,adm,17000.0,3
2023,6,212305,adm,18000.0,2
2023,6,212305,adm,19000.0,1
2023,6,212305,adm,20000.0,1
2023,6,212305,adm,22000.0,1
2023,6,212305,adm,26000.0,1
2023,6,212305,adm,29500.0,1
2023,6,212305,deslig,1000.0,4
2023,6,212305,deslig,2000.0,7
2023,6,212305,deslig,2500.0,7
2023,6,212305,deslig,3000.0,9
2023,6,212305,deslig,3500.0,3
2023,6,212305,deslig,4000.0,3
2023,6,212305,deslig,4500.0,2
2023,6,212305,deslig,5000.0,1
2023,6,212305,deslig,5500.0,2
2023,6,212305,deslig,6000.0,1
2023,6,212305,deslig,6500.0,3
2023,6,212305,deslig,7000.0,6
2023,6,212305,deslig,7500.0,2
2023,6,212305,deslig,8000.0,4
2023,6,212305,deslig,8500.0,6
2023,6,212305,deslig,9000.0,4
2023,6,212305,deslig,9500.0,2
2023,6,212305,deslig,10000.0,3
2023,6,212305,deslig,11000.0,2
2023,6,212305,deslig,11500.0,8
2023,6,212305,deslig,12500.0,2
2023,6,212305,deslig,13000.0,2
2023,6,212305,deslig,13500.0,3
2023,6,212305,deslig,14000.0,4
2023,6,212305,deslig,14500.0,1
2023,6,212305,deslig,15500.0,2
2023,6,212305,deslig,16000.0,1
2023,6,212305,deslig,17000.0,1
2023,6,212305,deslig,17500.0,2
2023,6,212305,deslig,18000.0,1
2023,6,212305,deslig,18500.0,2
2023,6,212305,deslig,19500.0,1
2023,6,212305,deslig,21500.0,1
2023,6,212305,deslig,22000.0,1
2023,6,212305,deslig,28000.0,1
2023,6,212405,adm,-1.0,2
2023,6,212405,adm,1000.0,6
2023,6,212405,adm,1500.0,67
2023,6,212405,adm,2000.0,163
2023,6,212405,adm,2500.0,133
2023,6,212405,adm,3000.0,192
2023,6,212405,adm,3500.0,113
2023,6,212405,adm,4000.0,123
2023,6,212405,adm,4500.0,141
2023,6,212405,adm,5000.0,105
2023,6,212405,adm,5500.0,84
2023,6,212405,adm,6000.0,100
2023,6,212405,adm,6500.0,82
2023,6,212405,adm,7000.0,104
2023,6,212405,adm,7500.0,75
2023,6,212405,adm,8000.0,112
2023,6,212405,adm,8500.0,66
2023,6,212405,adm,9000.0,97
2023,6,212405,adm,9500.0,64
2023,6,212405,adm,10000.0,124
2023,6,212405,adm,10500.0,55
2023,6,212405,adm,11000.0,89
2023,6,212405,adm,11500.0,54
2023,6,212405,adm,12000.0,97
2023,6,212405,adm,12500.0,53
2023,6,212405,adm,13000.0,79
2023,6,212405,adm,13500.0,48
2023,6,212405,adm,14000.0,55
2023,6,212405,adm,14500.0,27
2023,6,212405,adm,15000.0,52
2023,6,212405,adm,15500.0,18
2023,6,212405,adm,16000.0,43
2023,6,212405,adm,16500.0,18
2023,6,212405,adm,17000.0,20
2023,6,212405,adm,17500.0,11
2023,6,212405,adm,18000.0,25
2023,6,212405,adm,18500.0,2
2023,6,212405,adm,19000.0,10
2023,6,212405,adm,19500.0,3
2023,6,212405,adm,20000.0,8
2023,6,212405,adm,20500.0,4
2023,6,212405,adm,21000.0,2
2023,6,212405,adm,21500.0,2
2023,6,212405,adm,22000.0,4
2023,6,212405,adm,23000.0,2
2023,6,212405,adm,23500.0,2
2023,6,212405,adm,24000.0,2
2023,6,212405,adm,24500.0,1
2023,6,212405,adm,25000.0,1
2023,6,212405,adm,26500.0,1
2023,6,212405,adm,28000.0,1
2023,6,212405,adm,29000.0,1
2023,6,212405,adm,29500.0,1
2023,6,212405,adm,30000.0,1
2023,6,212405,adm,31000.0,1
2023,6,212405,adm,32000.0,1
2023,6,212405,adm,34500.0,1
2023,6,212405,adm,35000.0,2
2023,6,212405,adm,36500.0,1
2023,6,212405,adm,39500.0,1
2023,6,212405,adm,41500.0,1
2023,6,212405,adm,43000.0,1
2023,6,212405,adm,50000.0,1
2023,6,212405,deslig,1000.0,10
2023,6,212405,deslig,1500.0,70
2023,6,212405,deslig,2000.0,157
2023,6,212405,deslig,2500.0,171
2023,6,212405,deslig,3000.0,180
2023,6,212405,deslig,3500.0,140
2023,6,212405,deslig,4000.0,133
2023,6,212405,deslig,4500.0,103
2023,6,212405,deslig,5000.0,148
2023,6,212405,deslig,5500.0,100
2023,6,212405,deslig,6000.0,98
2023,6,212405,deslig,6500.0,101
2023,6,212405,deslig,7000.0,103
2023,6,212405,deslig,7500.0,94
2023,6,212405,deslig,8000.0,120
2023,6,212405,deslig,8500.0,82
2023,6,212405,deslig,9000.0,118
2023,6,212405,deslig,9500.0,79
2023,6,212405,deslig,10000.0,93
2023,6,212405,deslig,10500.0,69
2023,6,212405,deslig,11000.0,68
2023,6,212405,deslig,11500.0,69
2023,6,212405,deslig,12000.0,71
2023,6,212405,deslig,12500.0,56
2023,6,212405,deslig,13000.0,52
2023,6,212405,deslig,13500.0,47
2023,6,212405,deslig,14000.0,47
2023,6,212405,deslig,14500.0,33
2023,6,212405,deslig,15000.0,34
2023,6,212405,deslig,15500.0,26
2023,6,212405,deslig,16000.0,31
2023,6,212405,deslig,16500.0,20
2023,6,212405,deslig,17000.0,22
2023,6,212405,deslig,17500.0,13
2023,6,212405,deslig,18000.0,12
2023,6,212405,deslig,18500.0,10
2023,6,212405,deslig,19000.0,6
2023,6,212405,deslig,19500.0,6
2023,6,212405,deslig,20000.0,8
2023,6,212405,deslig,20500.0,8
2023,6,212405,deslig,21000.0,5
2023,6,212405,deslig,21500.0,5
2023,6,212405,deslig,22000.0,4
2023,6,212405,deslig,22500.0,4
2023,6,212405,deslig,23500.0,1
2023,6,212405,deslig,24000.0,2
2023,6,212405,deslig,24500.0,1
2023,6,212405,deslig,25000.0,1
2023,6,212405,deslig,25500.0,3
2023,6,212405,deslig,26000.0,2
2023,6,212405,deslig,28500.0,1
2023,6,212405,deslig,30000.0,1
2023,6,212405,deslig,30500.0,1
2023,6,212405,deslig,33500.0,1
2023,6,212405,deslig,38500.0,1
2023,6,212405,deslig,50000.0,1
2023,6,212410,adm,-1.0,1
2023,6,212410,adm,1000.0,18
2023,6,212410,adm,1500.0,22
2023,6,212410,adm,2000.0,53
2023,6,212410,adm,2500.0,69
2023,6,212410,adm,3000.0,54
2023,6,212410,adm,3500.0,24
2023,6,212410,adm,4000.0,37
2023,6,212410,adm,4500.0,28
2023,6,212410,adm,5000.0,23
2023,6,212410,adm,5500.0,12
2023,6,212410,adm,6000.0,14
2023,6,212410,adm,6500.0,12
2023,6,212410,adm,7000.0,16
2023,6,212410,adm,7500.0,14
2023,6,212410,adm,8000.0,17
2023,6,212410,adm,8500.0,11
2023,6,212410,adm,9000.0,10
2023,6,212410,adm,9500.0,6
2023,6,212410,adm,10000.0,13
2023,6,212410,adm,10500.0,8
2023,6,212410,adm,11000.0,7
2023,6,212410,adm,11500.0,2
2023,6,212410,adm,12000.0,12
2023,6,212410,adm,12500.0,1
2023,6,212410,adm,13000.0,2
2023,6,212410,adm,13500.0,4
2023,6,212410,adm,14000.0,5
2023,6,212410,adm,14500.0,2
2023,6,212410,adm,15000.0,3
2023,6,212410,adm,16000.0,2
2023,6,212410,adm,16500.0,1
2023,6,212410,adm,17500.0,4
2023,6,212410,adm,19000.0,2
2023,6,212410,adm,20000.0,2
2023,6,212410,adm,25000.0,1
2023,6,212410,adm,29000.0,1
2023,6,212410,deslig,1000.0,11
2023,6,212410,deslig,1500.0,32
2023,6,212410,deslig,2000.0,49
2023,6,212410,deslig,2500.0,46
2023,6,212410,deslig,3000.0,45
2023,6,212410,deslig,3500.0,31
2023,6,212410,deslig,4000.0,32
2023,6,212410,deslig,4500.0,32
2023,6,212410,deslig,5000.0,26
2023,6,212410,deslig,5500.0,26
2023,6,212410,deslig,6000.0,18
2023,6,212410,deslig,6500.0,16
2023,6,212410,deslig,7000.0,7
2023,6,212410,deslig,7500.0,16
2023,6,212410,deslig,8000.0,15
2023,6,212410,deslig,8500.0,8
2023,6,212410,deslig,9000.0,9
2023,6,212410,deslig,9500.0,4
2023,6,212410,deslig,10000.0,8
2023,6,212410,deslig,10500.0,5
2023,6,212410,deslig,11000.0,12
2023,6,212410,deslig,11500.0,9
2023,6,212410,deslig,12000.0,3
2023,6,212410,deslig,12500.0,4
2023,6,212410,deslig,13500.0,1
2023,6,212410,deslig,14000.0,4
2023,6,212410,deslig,14500.0,3
2023,6,212410,deslig,15000.0,1
2023,6,212410,deslig,15500.0,1
2023,6,212410,deslig,16000.0,1
2023,6,212410,deslig,16500.0,1
2023,6,212410,deslig,17000.0,1
2023,6,212410,deslig,17500.0,1
2023,6,212410,deslig,20000.0,1
2023,6,212410,deslig,20500.0,1
2023,6,212410,deslig,21000.0,1
2023,6,212410,deslig,22000.0,1
2023,6,212410,deslig,23000.0,3
2023,6,212410,deslig,24000.0,2
2023,6,212425,adm,3000.0,4
2023,6,212425,adm,5000.0,1
2023,6,212425,adm,6000.0,1
2023,6,212425,adm,6500.0,1
2023,6,212425,adm,7500.0,2
2023,6,212425,adm,8000.0,1
2023,6,212425,adm,9000.0,1
2023,6,212425,adm,10000.0,3
2023,6,212425,adm,10500.0,4
2023,6,212425,adm,11000.0,1
2023,6,212425,adm,11500.0,1
2023,6,212425,adm,12000.0,2
2023,6,212425,adm,12500.0,1
2023,6,212425,adm,13000.0,3
2023,6,212425,adm,13500.0,1
2023,6,212425,adm,14000.0,2
2023,6,212425,adm,14500.0,1
2023,6,212425,adm,15000.0,2
2023,6,212425,adm,15500.0,3
2023,6,212425,adm,16000.0,5
2023,6,212425,adm,16500.0,3
2023,6,212425,adm,17500.0,3
2023,6,212425,adm,18000.0,5
2023,6,212425,adm,18500.0,2
2023,6,212425,adm,19000.0,2
2023,6,212425,adm,20000.0,1
2023,6,212425,adm,21000.0,1
2023,6,212425,adm,22000.0,1
2023,6,212425,adm,23000.0,1
2023,6,212425,adm,27000.0,1
2023,6,212425,adm,28000.0,1
2023,6,212425,adm,32500.0,1
2023,6,212425,adm,50000.0,1
2023,6,212425,deslig,3000.0,2
2023,6,212425,deslig,5500.0,1
2023,6,212425,deslig,8000.0,2
2023,6,212425,deslig,9000.0,1
2023,6,212425,deslig,9500.0,2
2023,6,212425,deslig,10000.0,1
2023,6,212425,deslig,12000.0,1
2023,6,212425,deslig,13500.0,2
2023,6,212425,deslig,14000.0,2
2023,6,212425,deslig,15000.0,2
2023,6,212425,deslig,15500.0,2
2023,6,212425,deslig,16000.0,4
2023,6,212425,deslig,16500.0,3
2023,6,212425,deslig,17000.0,1
2023,6,212425,deslig,17500.0,3
2023,6,212425,deslig,18000.0,2
2023,6,212425,deslig,18500.0,1
2023,6,212425,deslig,19000.0,1
2023,6,212425,deslig,19500.0,1
2023,6,212425,deslig,20000.0,2
2023,6,212425,deslig,26000.0,1
2023,7,203105,adm,2500.0,1
2023,7,203105,adm,3500.0,3
2023,7,203105,adm,4000.0,2
2023,7,203105,adm,5000.0,2
2023,7,203105,adm,6000.0,1
2023,7,203105,adm,7000.0,2
2023,7,203105,adm,8000.0,2
2023,7,203105,adm,8500.0,1
2023,7,203105,adm,9000.0,2
2023,7,203105,adm,9500.0,1
2023,7,203105,adm,10000.0,2
2023,7,203105,adm,11000.0,1
2023,7,203105,adm,12500.0,1
2023,7,203105,adm,13500.0,1
2023,7,203105,adm,14000.0,2
2023,7,203105,adm,15000.0,2
2023,7,203105,adm,18500.0,1
2023,7,203105,adm,19000.0,1
2023,7,203105,adm,39000.0,1
2023,7,203105,adm,50000.0,1
2023,7,203105,deslig,2000.0,1
2023,7,203105,deslig,3000.0,1
2023,7,203105,deslig,4000.0,1
2023,7,203105,deslig,4500.0,1
2023,7,203105,deslig,5000.0,2
2023,7,203105,deslig,5500.0,1
2023,7,203105,deslig,6000.0,4
2023,7,203105,deslig,7000.0,7
2023,7,203105,deslig,7500.0,1
2023,7,203105,deslig,8000.0,2
2023,7,203105,deslig,9000.0,1
2023,7,203105,deslig,9500.0,1
2023,7,203105,deslig,10000.0,3
2023,7,203105,deslig,10500.0,2
2023,7,203105,deslig,11500.0,1
2023,7,203105,deslig,18000.0,3
2023,7,211205,adm,2500.0,1
2023,7,211205,adm,3000.0,1
2023,7,211205,adm,3500.0,4
2023,7,211205,adm,4000.0,2
2023,7,211205,adm,4500.0,1
2023,7,211205,adm,5000.0,2
2023,7,211205,adm,5500.0,2
2023,7,211205,adm,6000.0,1
2023,7,211205,adm,7000.0,2
2023,7,211205,adm,7500.0,1
2023,7,211205,adm,8000.0,1
2023,7,211205,adm,8500.0,1
2023,7,211205,adm,9000.0,1
2023,7,211205,adm,10000.0,1
2023,7,211205,adm,10500.0,1
2023,7,211205,adm,11000.0,1
2023,7,211205,adm,15000.0,2
2023,7,211205,adm,16000.0,2
2023,7,211205,adm,18000.0,2
2023,7,211205,adm,22000.0,1
2023,7,211205,adm,25000.0,1
2023,7,211205,deslig,2500.0,2
2023,7,211205,deslig,3000.0,2
2023,7,211205,deslig,4500.0,1
2023,7,211205,deslig,5000.0,1
2023,7,211205,deslig,6000.0,2
2023,7,211205,deslig,6500.0,1
2023,7,211205,deslig,7000.0,1
2023,7,211205,deslig,7500.0,3
2023,7,211205,deslig,8000.0,2
2023,7,211205,deslig,8500.0,1
2023,7,211205,deslig,9500.0,2
2023,7,211205,deslig,10000.0,2
2023,7,211205,deslig,11000.0,2
2023,7,211205,deslig,12500.0,1
2023,7,211205,deslig,13500.0,1
2023,7,211205,deslig,14500.0,1
2023,7,211205,deslig,16000.0,1
2023,7,211205,deslig,19500.0,1
2023,7,211205,deslig,30000.0,1
2023,7,211210,adm,3000.0,1
2023,7,211210,adm,4000.0,1
2023,7,211210,adm,6000.0,1
2023,7,211210,adm,7000.0,1
2023,7,211210,adm,8000.0,1
2023,7,211210,adm,8500.0,1
2023,7,211210,adm,14000.0,1
2023,7,211210,deslig,3500.0,1
2023,7,211210,deslig,4500.0,1
2023,7,211210,deslig,5500.0,2
2023,7,211210,deslig,8000.0,1
2023,7,211210,deslig,12000.0,1
2023,7,211210,deslig,13000.0,1
2023,7,211220,adm,3000.0,1
2023,7,211220,adm,3500.0,1
2023,7,211220,adm,6000.0,1
2023,7,211220,adm,6500.0,1
2023,7,211220,adm,7500.0,1
2023,7,211220,adm,8500.0,1
2023,7,211220,adm,10000.0,1
2023,7,211220,adm,11000.0,1
2023,7,211220,adm,14000.0,2
2023,7,211220,adm,14500.0,1
2023,7,211220,adm,16000.0,1
2023,7,211220,deslig,5000.0,1
2023,7,211220,deslig,9000.0,1
2023,7,211220,deslig,9500.0,2
2023,7,211220,deslig,10500.0,1
2023,7,211220,deslig,22500.0,1
2023,7,212205,adm,1500.0,4
2023,7,212205,adm,2000.0,1
2023,7,212205,adm,3000.0,2
2023,7,212205,adm,3500.0,3
2023,7,212205,adm,4000.0,4
2023,7,212205,adm,5000.0,5
2023,7,212205,adm,5500.0,2
2023,7,212205,adm,6000.0,4
2023,7,212205,adm,6500.0,5
2023,7,212205,adm,7000.0,6
2023,7,212205,adm,7500.0,4
2023,7,212205,adm,8000.0,4
2023,7,212205,adm,9000.0,6
2023,7,212205,adm,9500.0,2
2023,7,212205,adm,10000.0,8
2023,7,212205,adm,10500.0,2
2023,7,212205,adm,11000.0,7
2023,7,212205,adm,12000.0,11
2023,7,212205,adm,13000.0,1
2023,7,212205,adm,13500.0,2
2023,7,212205,adm,14000.0,4
2023,7,212205,adm,14500.0,2
2023,7,212205,adm,15000.0,6
2023,7,212205,adm,16000.0,6
2023,7,212205,adm,16500.0,1
2023,7,212205,adm,17000.0,3
2023,7,212205,adm,18000.0,7
2023,7,212205,adm,18500.0,1
2023,7,212205,adm,19000.0,3
2023,7,212205,adm,19500.0,1
2023,7,212205,adm,20000.0,2
2023,7,212205,adm,21000.0,1
2023,7,212205,adm,21500.0,1
2023,7,212205,adm,22000.0,1
2023,7,212205,adm,25000.0,1
2023,7,212205,adm,26000.0,1
2023,7,212205,adm,26500.0,1
2023,7,212205,adm,27500.0,2
2023,7,212205,adm,30000.0,4
2023,7,212205,adm,35500.0,1
2023,7,212205,adm,36500.0,1
2023,7,212205,adm,39000.0,1
2023,7,212205,adm,50000.0,1
2023,7,212205,deslig,2000.0,4
2023,7,212205,deslig,2500.0,2
2023,7,212205,deslig,3000.0,2
2023,7,212205,deslig,3500.0,6
2023,7,212205,deslig,4000.0,4
2023,7,212205,deslig,5000.0,2
2023,7,212205,deslig,5500.0,5
2023,7,212205,deslig,6000.0,7
2023,7,212205,deslig,6500.0,9
2023,7,212205,deslig,7000.0,3
2023,7,212205,deslig,7500.0,6
2023,7,212205,deslig,8000.0,3
2023,7,212205,deslig,8500.0,7
2023,7,212205,deslig,9000.0,6
2023,7,212205,deslig,9500.0,4
2023,7,212205,deslig,10000.0,3
2023,7,212205,deslig,10500.0,4
2023,7,212205,deslig,11000.0,7
2023,7,212205,deslig,11500.0,3
2023,7,212205,deslig,12000.0,8
2023,7,212205,deslig,12500.0,3
2023,7,212205,deslig,13000.0,3
2023,7,212205,deslig,13500.0,5
2023,7,212205,deslig,14000.0,8
2023,7,212205,deslig,14500.0,5
2023,7,212205,deslig,15000.0,2
2023,7,212205,deslig,15500.0,2
2023,7,212205,deslig,16000.0,4
2023,7,212205,deslig,16500.0,2
2023,7,212205,deslig,17000.0,1
2023,7,212205,deslig,17500.0,4
2023,7,212205,deslig,18000.0,2
2023,7,212205,deslig,18500.0,1
2023,7,212205,deslig,19000.0,1
2023,7,212205,deslig,20000.0,2
2023,7,212205,deslig,20500.0,2
2023,7,212205,deslig,21500.0,2
2023,7,212205,deslig,22000.0,1
2023,7,212205,deslig,22500.0,1
2023,7,212205,deslig,23000.0,4
2023,7,212205,deslig,25000.0,1
2023,7,212205,deslig,27000.0,1
2023,7,212205,deslig,28000.0,1
2023,7,212205,deslig,30000.0,1
2023,7,212205,deslig,31000.0,1
2023,7,212205,deslig,50000.0,1
2023,7,212210,adm,5500.0,1
2023,7,212210,adm,7000.0,1
2023,7,212210,adm,9000.0,1
2023,7,212210,adm,10000.0,1
2023,7,212210,adm,10500.0,1
2023,7,212210,adm,11500.0,2
2023,7,212210,adm,13500.0,2
2023,7,212210,adm,14000.0,2
2023,7,212210,adm,26500.0,1
2023,7,212210,deslig,6000.0,2
2023,7,212210,deslig,7000.0,1
2023,7,212210,deslig,7500.0,2
2023,7,212210,deslig,8500.0,1
2023,7,212210,deslig,12000.0,1
2023,7,212210,deslig,12500.0,1
2023,7,212210,deslig,24000.0,1
2023,7,212210,deslig,24500.0,1
2023,7,212210,deslig,32500.0,1
2023,7,212215,adm,0.0,1
2023,7,212215,adm,2000.0,2
2023,7,212215,adm,2500.0,4
2023,7,212215,adm,3000.0,2
2023,7,212215,adm,3500.0,1
2023,7,212215,adm,4000.0,1
2023,7,212215,adm,5000.0,2
2023,7,212215,adm,5500.0,3
2023,7,212215,adm,6000.0,5
2023,7,212215,adm,7000.0,12
2023,7,212215,adm,7500.0,1
2023,7,212215,adm,8000.0,4
2023,7,212215,adm,8500.0,3
2023,7,212215,adm,9000.0,5
2023,7,212215,adm,9500.0,3
2023,7,212215,adm,10000.0,6
2023,7,212215,adm,10500.0,4
2023,7,212215,adm,11000.0,2
2023,7,212215,adm,11500.0,1
2023,7,212215,adm,12000.0,4
2023,7,212215,adm,12500.0,2
2023,7,212215,adm,13000.0,6
2023,7,212215,adm,14000.0,3
2023,7,212215,adm,14500.0,1
2023,7,212215,adm,15000.0,6
2023,7,212215,adm,15500.0,1
2023,7,212215,adm,16000.0,1
2023,7,212215,adm,16500.0,1
2023,7,212215,adm,17000.0,4
2023,7,212215,adm,17500.0,1
2023,7,212215,adm,18000.0,4
2023,7,212215,adm,18500.0,4
2023,7,212215,adm,19000.0,1
2023,7,212215,adm,19500.0,2
2023,7,212215,adm,20000.0,6
2023,7,212215,adm,21000.0,1
2023,7,212215,adm,21500.0,3
2023,7,212215,adm,22000.0,2
2023,7,212215,adm,22500.0,1
2023,7,212215,adm,23000.0,2
2023,7,212215,adm,24000.0,2
2023,7,212215,adm,24500.0,1
2023,7,212215,adm,25000.0,4
2023,7,212215,adm,26000.0,1
2023,7,212215,adm,26500.0,1
2023,7,212215,adm,27000.0,1
2023,7,212215,adm,29000.0,1
2023,7,212215,adm,31500.0,2
2023,7,212215,adm,32000.0,1
2023,7,212215,adm,33500.0,4
2023,7,212215,adm,35000.0,1
2023,7,212215,adm,35500.0,1
2023,7,212215,adm,36500.0,1
2023,7,212215,adm,38000.0,1
2023,7,212215,adm,39500.0,3
2023,7,212215,adm,40000.0,1
2023,7,212215,adm,40500.0,2
2023,7,212215,adm,43000.0,1
2023,7,212215,adm,45000.0,1
2023,7,212215,adm,50000.0,4
2023,7,212215,deslig,2000.0,3
2023,7,212215,deslig,4000.0,2
2023,7,212215,deslig,4500.0,1
2023,7,212215,deslig,5000.0,3
2023,7,212215,deslig,5500.0,1
2023,7,212215,deslig,6000.0,4
2023,7,212215,deslig,6500.0,8
2023,7,212215,deslig,7000.0,3
2023,7,212215,deslig,7500.0,4
2023,7,212215,deslig,8000.0,5
2023,7,212215,deslig,8500.0,5
2023,7,212215,deslig,9000.0,2
2023,7,212215,deslig,9500.0,8
2023,7,212215,deslig,10000.0,5
2023,7,212215,deslig,10500.0,2
2023,7,212215,deslig,11000.0,4
2023,7,212215,deslig,11500.0,7
2023,7,212215,deslig,12000.0,5
2023,7,212215,deslig,12500.0,1
2023,7,212215,deslig,13000.0,5
2023,7,212215,deslig,13500.0,2
2023,7,212215,deslig,14000.0,4
2023,7,212215,deslig,14500.0,5
2023,7,212215,deslig,15000.0,3
2023,7,212215,deslig,15500.0,4
2023,7,212215,deslig,16000.0,2
2023,7,212215,deslig,16500.0,2
2023,7,212215,deslig,17000.0,4
2023,7,212215,deslig,18000.0,1
2023,7,212215,deslig,18500.0,1
2023,7,212215,deslig,19000.0,2
2023,7,212215,deslig,20500.0,1
2023,7,212215,deslig,21500.0,1
2023,7,212215,deslig,22500.0,2
2023,7,212215,deslig,24500.0,1
2023,7,212215,deslig,25500.0,1
2023,7,212215,deslig,26000.0,1
2023,7,212215,deslig,27000.0,2
2023,7,212215,deslig,28500.0,1
2023,7,212215,deslig,29000.0,1
2023,7,212215,deslig,30000.0,1
2023,7,212215,deslig,31500.0,1
2023,7,212215,deslig,32500.0,1
2023,7,212215,deslig,34500.0,1
2023,7,212215,deslig,35000.0,1
2023,7,212215,deslig,35500.0,1
2023,7,212215,deslig,36000.0,1
2023,7,212215,deslig,40500.0,1
2023,7,212215,deslig,42500.0,1
2023,7,212215,deslig,49000.0,1
2023,7,212215,deslig,50000.0,5
2023,7,212305,adm,1000.0,11
2023,7,212305,adm,1500.0,2
2023,7,212305,adm,2000.0,7
2023,7,212305,adm,2500.0,3
2023,7,212305,adm,3000.0,6
2023,7,212305,adm,3500.0,6
2023,7,212305,adm,4000.0,3
2023,7,212305,adm,4500.0,5
2023,7,212305,adm,5000.0,6
2023,7,212305,adm,5500.0,4
2023,7,212305,adm,6000.0,4
2023,7,212305,adm,6500.0,4
2023,7,212305,adm,7000.0,5
2023,7,212305,adm,7500.0,3
2023,7,212305,adm,8000.0,3
2023,7,212305,adm,8500.0,2
2023,7,212305,adm,9000.0,8
2023,7,212305,adm,9500.0,4
2023,7,212305,adm,10000.0,7
2023,7,212305,adm,10500.0,5
2023,7,212305,adm,11000.0,4
2023,7,212305,adm,11500.0,3
2023,7,212305,adm,12000.0,3
2023,7,212305,adm,12500.0,3
2023,7,212305,adm,13000.0,1
2023,7,212305,adm,13500.0,3
2023,7,212305,adm,14000.0,2
2023,7,212305,adm,14500.0,4
2023,7,212305,adm,15000.0,5
2023,7,212305,adm,16000.0,3
2023,7,212305,adm,16500.0,1
2023,7,212305,adm,19500.0,1
2023,7,212305,adm,20000.0,1
2023,7,212305,adm,24000.0,1
2023,7,212305,adm,25000.0,1
2023,7,212305,adm,26500.0,1
2023,7,212305,deslig,1000.0,13
2023,7,212305,deslig,1500.0,1
2023,7,212305,deslig,2000.0,2
2023,7,212305,deslig,2500.0,1
2023,7,212305,deslig,3000.0,3
2023,7,212305,deslig,3500.0,1
2023,7,212305,deslig,4000.0,3
2023,7,212305,deslig,4500.0,2
2023,7,212305,deslig,5000.0,6
2023,7,212305,deslig,5500.0,5
2023,7,212305,deslig,6000.0,6
2023,7,212305,deslig,6500.0,3
2023,7,212305,deslig,7000.0,11
2023,7,212305,deslig,7500.0,5
2023,7,212305,deslig,8000.0,4
2023,7,212305,deslig,8500.0,6
2023,7,212305,deslig,9500.0,5
2023,7,212305,deslig,10000.0,5
2023,7,212305,deslig,10500.0,2
2023,7,212305,deslig,11000.0,8
2023,7,212305,deslig,11500.0,2
2023,7,212305,deslig,12000.0,4
2023,7,212305,deslig,12500.0,5
2023,7,212305,deslig,13000.0,2
2023,7,212305,deslig,13500.0,5
2023,7,212305,deslig,14500.0,3
2023,7,212305,deslig,15000.0,1
2023,7,212305,deslig,15500.0,4
2023,7,212305,deslig,16500.0,1
2023,7,212305,deslig,19500.0,1
2023,7,212305,deslig,20500.0,2
2023,7,212305,deslig,21000.0,1
2023,7,212305,deslig,24500.0,1
2023,7,212405,adm,0.0,2
2023,7,212405,adm,1000.0,8
2023,7,212405,adm,1500.0,70
2023,7,212405,adm,2000.0,144
2023,7,212405,adm,2500.0,152
2023,7,212405,adm,3000.0,165
2023,7,212405,adm,3500.0,143
2023,7,212405,adm,4000.0,124
2023,7,212405,adm,4500.0,148
2023,7,212405,adm,5000.0,93
2023,7,212405,adm,5500.0,95
2023,7,212405,adm,6000.0,141
2023,7,212405,adm,6500.0,70
2023,7,212405,adm,7000.0,94
2023,7,212405,adm,7500.0,84
2023,7,212405,adm,8000.0,123
2023,7,212405,adm,8500.0,76
2023,7,212405,adm,9000.0,86
2023,7,212405,adm,9500.0,62
2023,7,212405,adm,10000.0,121
2023,7,212405,adm,10500.0,43
2023,7,212405,adm,11000.0,76
2023,7,212405,adm,11500.0,40
2023,7,212405,adm,12000.0,88
2023,7,212405,adm,12500.0,40
2023,7,212405,adm,13000.0,66
2023,7,212405,adm,13500.0,44
2023,7,212405,adm,14000.0,42
2023,7,212405,adm,14500.0,17
2023,7,212405,adm,15000.0,47
2023,7,212405,adm,15500.0,24
2023,7,212405,adm,16000.0,26
2023,7,212405,adm,16500.0,15
2023,7,212405,adm,17000.0,41
2023,7,212405,adm,17500.0,19
2023,7,212405,adm,18000.0,12
2023,7,212405,adm,18500.0,5
2023,7,212405,adm,19000.0,11
2023,7,212405,adm,19500.0,4
2023,7,212405,adm,20000.0,10
2023,7,212405,adm,20500.0,1
2023,7,212405,adm,21000.0,1
2023,7,212405,adm,21500.0,1
2023,7,212405,adm,22000.0,1
2023,7,212405,adm,22500.0,3
2023,7,212405,adm,23000.0,4
2023,7,212405,adm,25000.0,3
2023,7,212405,adm,25500.0,1
2023,7,212405,adm,27500.0,1
2023,7,212405,adm,28000.0,2
2023,7,212405,adm,29000.0,1
2023,7,212405,adm,30000.0,1
2023,7,212405,adm,30500.0,1
2023,7,212405,adm,32500.0,1
2023,7,212405,adm,33000.0,2
2023,7,212405,adm,39000.0,1
2023,7,212405,deslig,-1.0,1
2023,7,212405,deslig,1000.0,4
2023,7,212405,deslig,1500.0,54
2023,7,212405,deslig,2000.0,169
2023,7,212405,deslig,2500.0,150
2023,7,212405,deslig,3000.0,127
2023,7,212405,deslig,3500.0,139
2023,7,212405,deslig,4000.0,120
2023,7,212405,deslig,4500.0,108
2023,7,212405,deslig,5000.0,101
2023,7,212405,deslig,5500.0,108
2023,7,212405,deslig,6000.0,90
2023,7,212405,deslig,6500.0,94
2023,7,212405,deslig,7000.0,113
2023,7,212405,deslig,7500.0,91
2023,7,212405,deslig,8000.0,100
2023,7,212405,deslig,8500.0,86
2023,7,212405,deslig,9000.0,85
2023,7,212405,deslig,9500.0,63
2023,7,212405,deslig,10000.0,84
2023,7,212405,deslig,10500.0,61
2023,7,212405,deslig,11000.0,73
2023,7,212405,deslig,11500.0,57
2023,7,212405,deslig,12000.0,76
2023,7,212405,deslig,12500.0,45
2023,7,212405,deslig,13000.0,55
2023,7,212405,deslig,13500.0,45
2023,7,212405,deslig,14000.0,44
2023,7,212405,deslig,14500.0,16
2023,7,212405,deslig,15000.0,39
2023,7,212405,deslig,15500.0,22
2023,7,212405,deslig,16000.0,47
2023,7,212405,deslig,16500.0,20
2023,7,212405,deslig,17000.0,19
2023,7,212405,deslig,17500.0,12
2023,7,212405,deslig,18000.0,16
2023,7,212405,deslig,18500.0,6
2023,7,212405,deslig,19000.0,9
2023,7,212405,deslig,19500.0,2
2023,7,212405,deslig,20000.0,10
2023,7,212405,deslig,20500.0,5
2023,7,212405,deslig,21000.0,3
2023,7,212405,deslig,21500.0,7
2023,7,212405,deslig,22000.0,4
2023,7,212405,deslig,22500.0,3
2023,7,212405,deslig,23000.0,3
2023,7,212405,deslig,23500.0,1
2023,7,212405,deslig,24000.0,1
2023,7,212405,deslig,24500.0,1
2023,7,212405,deslig,25000.0,3
2023,7,212405,deslig,25500.0,1
2023,7,212405,deslig,26000.0,3
2023,7,212405,deslig,28500.0,2
2023,7,212405,deslig,32000.0,1
2023,7,212405,deslig,32500.0,1
2023,7,212410,adm,-1.0,1
2023,7,212410,adm,0.0,1
2023,7,212410,adm,1000.0,13
2023,7,212410,adm,1500.0,32
2023,7,212410,adm,2000.0,39
2023,7,212410,adm,2500.0,43
2023,7,212410,adm,3000.0,43
2023,7,212410,adm,3500.0,31
2023,7,212410,adm,4000.0,45
2023,7,212410,adm,4500.0,30
2023,7,212410,adm,5000.0,22
2023,7,212410,adm,5500.0,21
2023,7,212410,adm,6000.0,27
2023,7,212410,adm,6500.0,8
2023,7,212410,adm,7000.0,13
2023,7,212410,adm,7500.0,11
2023,7,212410,adm,8000.0,29
2023,7,212410,adm,8500.0,7
2023,7,212410,adm,9000.0,8
2023,7,212410,adm,9500.0,8
2023,7,212410,adm,10000.0,11
2023,7,212410,adm,10500.0,4
2023,7,212410,adm,11000.0,5
2023,7,212410,adm,11500.0,5
2023,7,212410,adm,12000.0,8
2023,7,212410,adm,12500.0,3
2023,7,212410,adm,13000.0,2
2023,7,212410,adm,13500.0,3
2023,7,212410,adm,14000.0,3
2023,7,212410,adm,15500.0,1
2023,7,212410,adm,16500.0,2
2023,7,212410,adm,18000.0,1
2023,7,212410,adm,21500.0,1
2023,7,212410,adm,22000.0,1
2023,7,212410,adm,22500.0,1
2023,7,212410,adm,24000.0,1
2023,7,212410,adm,27500.0,1
2023,7,212410,adm,50000.0,1
2023,7,212410,deslig,-1.0,1
2023,7,212410,deslig,1000.0,10
2023,7,212410,deslig,1500.0,34
2023,7,212410,deslig,2000.0,57
2023,7,212410,deslig,2500.0,36
2023,7,212410,deslig,3000.0,40
2023,7,212410,deslig,3500.0,26
2023,7,212410,deslig,4000.0,30
2023,7,212410,deslig,4500.0,24
2023,7,212410,deslig,5000.0,20
2023,7,212410,deslig,5500.0,13
2023,7,212410,deslig,6000.0,27
2023,7,212410,deslig,6500.0,17
2023,7,212410,deslig,7000.0,11
2023,7,212410,deslig,7500.0,15
2023,7,212410,deslig,8000.0,16
2023,7,212410,deslig,8500.0,8
2023,7,212410,deslig,9000.0,8
2023,7,212410,deslig,9500.0,8
2023,7,212410,deslig,10000.0,14
2023,7,212410,deslig,10500.0,2
2023,7,212410,deslig,11000.0,5
2023,7,212410,deslig,11500.0,2
2023,7,212410,deslig,12000.0,2
2023,7,212410,deslig,12500.0,3
2023,7,212410,deslig,13000.0,4
2023,7,212410,deslig,13500.0,2
2023,7,212410,deslig,14000.0,4
2023,7,212410,deslig,14500.0,2
2023,7,212410,deslig,15000.0,2
2023,7,212410,deslig,16000.0,2
2023,7,212410,deslig,16500.0,3
2023,7,212410,deslig,17000.0,2
2023,7,212410,deslig,20000.0,1
2023,7,212410,deslig,21000.0,1
2023,7,212410,deslig,22500.0,1
2023,7,212425,adm,2000.0,1
2023,7,212425,adm,3000.0,2
2023,7,212425,adm,4000.0,1
2023,7,212425,adm,5500.0,2
2023,7,212425,adm,6500.0,1
2023,7,212425,adm,7000.0,1
2023,7,212425,adm,7500.0,1
2023,7,212425,adm,8000.0,1
2023,7,212425,adm,8500.0,2
2023,7,212425,adm,9500.0,3
2023,7,212425,adm,10000.0,4
2023,7,212425,adm,11000.0,3
2023,7,212425,adm,12000.0,1
2023,7,212425,adm,13000.0,1
2023,7,212425,adm,14000.0,2
2023,7,212425,adm,15000.0,4
2023,7,212425,adm,15500.0,1
2023,7,212425,adm,16000.0,4
2023,7,212425,adm,17000.0,7
2023,7,212425,adm,17500.0,1
2023,7,212425,adm,18000.0,3
2023,7,212425,adm,20000.0,1
2023,7,212425,adm,21000.0,1
2023,7,212425,adm,23000.0,1
2023,7,212425,deslig,3000.0,1
2023,7,212425,deslig,3500.0,1
2023,7,212425,deslig,5500.0,1
2023,7,212425,deslig,7500.0,1
2023,7,212425,deslig,8500.0,2
2023,7,212425,deslig,9000.0,1
2023,7,212425,deslig,10000.0,2
2023,7,212425,deslig,10500.0,2
2023,7,212425,deslig,11500.0,2
2023,7,212425,deslig,12000.0,1
2023,7,212425,deslig,12500.0,1
2023,7,212425,deslig,13000.0,2
2023,7,212425,deslig,13500.0,1
2023,7,212425,deslig,14000.0,2
2023,7,212425,deslig,15000.0,3
2023,7,212425,deslig,15500.0,1
2023,7,212425,deslig,16000.0,3
2023,7,212425,deslig,16500.0,1
2023,7,212425,deslig,17000.0,2
2023,7,212425,deslig,17500.0,2
2023,7,212425,deslig,18000.0,2
2023,7,212425,deslig,19500.0,3
2023,7,212425,deslig,20000.0,2
2023,7,212425,deslig,20500.0,1
2023,7,212425,deslig,21500.0,1
2023,7,212425,deslig,22000.0,1
2023,7,212425,deslig,23500.0,1
2023,7,212425,deslig,24000.0,1
2023,7,212425,deslig,50000.0,1
2023,8,203105,adm,3500.0,1
2023,8,203105,adm,4000.0,1
2023,8,203105,adm,4500.0,2
2023,8,203105,adm,5000.0,3
2023,8,203105,adm,5500.0,3
2023,8,203105,adm,6000.0,2
2023,8,203105,adm,6500.0,2
2023,8,203105,adm,7000.0,3
2023,8,203105,adm,8000.0,1
2023,8,203105,adm,8500.0,4
2023,8,203105,adm,9000.0,3
2023,8,203105,adm,9500.0,2
2023,8,203105,adm,10000.0,1
2023,8,203105,adm,10500.0,2
2023,8,203105,adm,11000.0,2
2023,8,203105,adm,11500.0,4
2023,8,203105,adm,12000.0,3
2023,8,203105,adm,13000.0,1
2023,8,203105,adm,13500.0,1
2023,8,203105,adm,15000.0,1
2023,8,203105,deslig,1500.0,1
2023,8,203105,deslig,2500.0,4
2023,8,203105,deslig,3000.0,1
2023,8,203105,deslig,3500.0,1
2023,8,203105,deslig,4000.0,1
2023,8,203105,deslig,4500.0,1
2023,8,203105,deslig,5000.0,5
2023,8,203105,deslig,6000.0,2
2023,8,203105,deslig,6500.0,1
2023,8,203105,deslig,7000.0,1
2023,8,203105,deslig,7500.0,1
2023,8,203105,deslig,8500.0,1
2023,8,203105,deslig,9000.0,2
2023,8,203105,deslig,11000.0,2
2023,8,203105,deslig,11500.0,2
2023,8,203105,deslig,12000.0,1
2023,8,203105,deslig,12500.0,1
2023,8,203105,deslig,13500.0,1
2023,8,203105,deslig,14000.0,1
2023,8,203105,deslig,16500.0,2
2023,8,203105,deslig,24000.0,1
2023,8,211205,adm,1000.0,1
2023,8,211205,adm,1500.0,1
2023,8,211205,adm,3000.0,1
2023,8,211205,adm,4500.0,4
2023,8,211205,adm,5000.0,3
2023,8,211205,adm,5500.0,1
2023,8,211205,adm,7500.0,2
2023,8,211205,adm,8000.0,2
2023,8,211205,adm,8500.0,1
2023,8,211205,adm,9000.0,1
2023,8,211205,adm,9500.0,3
2023,8,211205,adm,10000.0,2
2023,8,211205,adm,11000.0,4
2023,8,211205,adm,11500.0,2
2023,8,211205,adm,13000.0,2
2023,8,211205,adm,14000.0,1
2023,8,211205,adm,14500.0,1
2023,8,211205,adm,15000.0,1
2023,8,211205,adm,15500.0,1
2023,8,211205,adm,16000.0,2
2023,8,211205,deslig,2500.0,3
2023,8,211205,deslig,4000.0,1
2023,8,211205,deslig,5000.0,1
2023,8,211205,deslig,5500.0,1
2023,8,211205,deslig,6000.0,1
2023,8,211205,deslig,6500.0,2
2023,8,211205,deslig,7000.0,3
2023,8,211205,deslig,7500.0,2
2023,8,211205,deslig,8000.0,1
2023,8,211205,deslig,9500.0,2
2023,8,211205,deslig,10000.0,2
2023,8,211205,deslig,10500.0,1
2023,8,211205,deslig,11000.0,2
2023,8,211205,deslig,11500.0,1
2023,8,211205,deslig,12000.0,1
2023,8,211205,deslig,14000.0,1
2023,8,211205,deslig,14500.0,2
2023,8,211205,deslig,16500.0,1
2023,8,211205,deslig,18500.0,1
2023,8,211205,deslig,24000.0,1
2023,8,211205,deslig,26500.0,1
2023,8,211210,adm,3000.0,1
2023,8,211210,adm,8000.0,1
2023,8,211210,deslig,8000.0,1
2023,8,211210,deslig,13500.0,1
2023,8,211220,adm,3500.0,1
2023,8,211220,adm,4000.0,1
2023,8,211220,adm,4500.0,2
2023,8,211220,adm,5000.0,1
2023,8,211220,adm,5500.0,1
2023,8,211220,adm,8000.0,1
2023,8,211220,adm,9000.0,1
2023,8,211220,adm,9500.0,1
2023,8,211220,adm,11000.0,1
2023,8,211220,adm,13500.0,1
2023,8,211220,deslig,4000.0,1
2023,8,211220,deslig,6500.0,1
2023,8,211220,deslig,8500.0,1
2023,8,211220,deslig,9500.0,1
2023,8,211220,deslig,10500.0,1
2023,8,211220,deslig,11500.0,1
2023,8,212205,adm,1500.0,1
2023,8,212205,adm,2000.0,2
2023,8,212205,adm,2500.0,1
2023,8,212205,adm,3500.0,3
2023,8,212205,adm,4000.0,2
2023,8,212205,adm,4500.0,1
2023,8,212205,adm,5000.0,5
2023,8,212205,adm,5500.0,1
2023,8,212205,adm,6000.0,4
2023,8,212205,adm,6500.0,4
2023,8,212205,adm,7000.0,8
2023,8,212205,adm,7500.0,8
2023,8,212205,adm,8000.0,1
2023,8,212205,adm,8500.0,2
2023,8,212205,adm,9000.0,8
2023,8,212205,adm,9500.0,5
2023,8,212205,adm,10000.0,1
2023,8,212205,adm,10500.0,2
2023,8,212205,adm,11000.0,11
2023,8,212205,adm,11500.0,7
2023,8,212205,adm,12000.0,5
2023,8,212205,adm,12500.0,2
2023,8,212205,adm,13000.0,2
2023,8,212205,adm,14000.0,6
2023,8,212205,adm,14500.0,1
2023,8,212205,adm,15000.0,8
2023,8,212205,adm,15500.0,1
2023,8,212205,adm,16000.0,2
2023,8,212205,adm,17000.0,3
2023,8,212205,adm,17500.0,1
2023,8,212205,adm,18000.0,5
2023,8,212205,adm,18500.0,2
2023,8,212205,adm,19000.0,1
2023,8,212205,adm,20000.0,4
2023,8,212205,adm,20500.0,1
2023,8,212205,adm,21000.0,2
2023,8,212205,adm,22000.0,3
2023,8,212205,adm,22500.0,1
2023,8,212205,adm,23000.0,2
2023,8,212205,adm,24000.0,1
2023,8,212205,adm,25500.0,1
2023,8,212205,adm,29000.0,1
2023,8,212205,adm,38000.0,1
2023,8,212205,adm,40500.0,1
2023,8,212205,adm,42000.0,1
2023,8,212205,adm,50000.0,2
2023,8,212205,deslig,2000.0,1
2023,8,212205,deslig,3000.0,1
2023,8,212205,deslig,3500.0,2
2023,8,212205,deslig,4000.0,1
2023,8,212205,deslig,4500.0,1
2023,8,212205,deslig,5000.0,6
2023,8,212205,deslig,5500.0,1
2023,8,212205,deslig,6000.0,4
2023,8,212205,deslig,6500.0,3
2023,8,212205,deslig,7000.0,6
2023,8,212205,deslig,7500.0,2
2023,8,212205,deslig,8000.0,5
2023,8,212205,deslig,8500.0,7
2023,8,212205,deslig,9000.0,4
2023,8,212205,deslig,9500.0,5
2023,8,212205,deslig,10000.0,7
2023,8,212205,deslig,10500.0,3
2023,8,212205,deslig,11000.0,9
2023,8,212205,deslig,11500.0,4
2023,8,212205,deslig,12000.0,8
2023,8,212205,deslig,12500.0,4
2023,8,212205,deslig,13000.0,5
2023,8,212205,deslig,14000.0,3
2023,8,212205,deslig,14500.0,1
2023,8,212205,deslig,15000.0,4
2023,8,212205,deslig,15500.0,3
2023,8,212205,deslig,16000.0,2
2023,8,212205,deslig,16500.0,4
2023,8,212205,deslig,17000.0,3
2023,8,212205,deslig,17500.0,1
2023,8,212205,deslig,18000.0,5
2023,8,212205,deslig,18500.0,1
2023,8,212205,deslig,19000.0,1
2023,8,212205,deslig,19500.0,1
2023,8,212205,deslig,20000.0,1
2023,8,212205,deslig,20500.0,1
2023,8,212205,deslig,22000.0,2
2023,8,212205,deslig,23000.0,1
2023,8,212205,deslig,24000.0,1
2023,8,212205,deslig,24500.0,3
2023,8,212205,deslig,25000.0,2
2023,8,212205,deslig,25500.0,1
2023,8,212205,deslig,26000.0,1
2023,8,212205,deslig,26500.0,3
2023,8,212205,deslig,30000.0,2
2023,8,212205,deslig,30500.0,1
2023,8,212205,deslig,31000.0,1
2023,8,212205,deslig,32000.0,1
2023,8,212205,deslig,33500.0,1
2023,8,212205,deslig,34000.0,1
2023,8,212205,deslig,35500.0,1
2023,8,212205,deslig,36500.0,1
2023,8,212205,deslig,37000.0,2
2023,8,212205,deslig,38000.0,1
2023,8,212205,deslig,38500.0,1
2023,8,212205,deslig,40000.0,1
2023,8,212210,adm,9000.0,1
2023,8,212210,adm,10000.0,1
2023,8,212210,adm,10500.0,2
2023,8,212210,adm,13000.0,1
2023,8,212210,adm,14000.0,2
2023,8,212210,adm,15000.0,1
2023,8,212210,adm,15500.0,1
2023,8,212210,adm,16000.0,1
2023,8,212210,adm,19000.0,4
2023,8,212210,adm,22500.0,1
2023,8,212210,adm,24000.0,1
2023,8,212210,adm,24500.0,1
2023,8,212210,adm,25000.0,1
2023,8,212210,adm,26000.0,1
2023,8,212210,adm,35000.0,1
2023,8,212210,deslig,8500.0,1
2023,8,212210,deslig,12000.0,1
2023,8,212210,deslig,12500.0,1
2023,8,212210,deslig,19000.0,1
2023,8,212215,adm,2000.0,3
2023,8,212215,adm,3500.0,1
2023,8,212215,adm,4000.0,3
2023,8,212215,adm,4500.0,1
2023,8,212215,adm,5000.0,3
2023,8,212215,adm,5500.0,4
2023,8,212215,adm,6000.0,9
2023,8,212215,adm,6500.0,2
2023,8,212215,adm,7000.0,3
2023,8,212215,adm,7500.0,4
2023,8,212215,adm,8500.0,2
2023,8,212215,adm,9000.0,9
2023,8,212215,adm,9500.0,1
2023,8,212215,adm,10000.0,9
2023,8,212215,adm,10500.0,5
2023,8,212215,adm,11000.0,3
2023,8,212215,adm,11500.0,2
2023,8,212215,adm,12000.0,13
2023,8,212215,adm,12500.0,6
2023,8,212215,adm,13000.0,9
2023,8,212215,adm,13500.0,5
2023,8,212215,adm,14000.0,11
2023,8,212215,adm,14500.0,1
2023,8,212215,adm,15000.0,8
2023,8,212215,adm,15500.0,2
2023,8,212215,adm,16000.0,12
2023,8,212215,adm,16500.0,2
2023,8,212215,adm,17000.0,6
2023,8,212215,adm,17500.0,1
2023,8,212215,adm,18000.0,2
2023,8,212215,adm,19000.0,2
2023,8,212215,adm,20000.0,3
2023,8,212215,adm,20500.0,1
2023,8,212215,adm,21000.0,1
2023,8,212215,adm,22000.0,1
2023,8,212215,adm,22500.0,2
2023,8,212215,adm,23000.0,3
2023,8,212215,adm,24000.0,1
2023,8,212215,adm,25000.0,1
2023,8,212215,adm,26000.0,2
2023,8,212215,adm,27000.0,1
2023,8,212215,adm,29000.0,1
2023,8,212215,adm,30000.0,1
2023,8,212215,adm,33000.0,1
2023,8,212215,adm,34500.0,1
2023,8,212215,adm,35000.0,2
2023,8,212215,adm,35500.0,1
2023,8,212215,adm,37500.0,1
2023,8,212215,adm,38000.0,2
2023,8,212215,adm,39500.0,3
2023,8,212215,adm,40000.0,1
2023,8,212215,adm,40500.0,1
2023,8,212215,adm,43000.0,1
2023,8,212215,adm,44000.0,2
2023,8,212215,adm,44500.0,1
2023,8,212215,adm,45000.0,1
2023,8,212215,adm,48500.0,1
2023,8,212215,adm,49500.0,1
2023,8,212215,adm,50000.0,2
2023,8,212215,deslig,2000.0,3
2023,8,212215,deslig,3000.0,1
2023,8,212215,deslig,3500.0,5
2023,8,212215,deslig,4000.0,1
2023,8,212215,deslig,4500.0,6
2023,8,212215,deslig,5000.0,5
2023,8,212215,deslig,5500.0,5
2023,8,212215,deslig,6500.0,2
2023,8,212215,deslig,7000.0,6
2023,8,212215,deslig,7500.0,3
2023,8,212215,deslig,8000.0,6
2023,8,212215,deslig,8500.0,5
2023,8,212215,deslig,9000.0,7
2023,8,212215,deslig,9500.0,5
2023,8,212215,deslig,10000.0,5
2023,8,212215,deslig,10500.0,2
2023,8,212215,deslig,11000.0,2
2023,8,212215,deslig,11500.0,1
2023,8,212215,deslig,12000.0,3
2023,8,212215,deslig,12500.0,3
2023,8,212215,deslig,13000.0,2
2023,8,212215,deslig,13500.0,3
2023,8,212215,deslig,14000.0,8
2023,8,212215,deslig,14500.0,5
2023,8,212215,deslig,15000.0,4
2023,8,212215,deslig,15500.0,7
2023,8,212215,deslig,16000.0,7
2023,8,212215,deslig,16500.0,2
2023,8,212215,deslig,17000.0,2
2023,8,212215,deslig,17500.0,1
2023,8,212215,deslig,18000.0,3
2023,8,212215,deslig,18500.0,1
2023,8,212215,deslig,19000.0,3
2023,8,212215,deslig,19500.0,1
2023,8,212215,deslig,20000.0,1
2023,8,212215,deslig,20500.0,2
2023,8,212215,deslig,21000.0,4
2023,8,212215,deslig,21500.0,2
2023,8,212215,deslig,22000.0,3
2023,8,212215,deslig,22500.0,1
2023,8,212215,deslig,23000.0,1
2023,8,212215,deslig,23500.0,1
2023,8,212215,deslig,24500.0,1
2023,8,212215,deslig,25000.0,2
2023,8,212215,deslig,25500.0,1
2023,8,212215,deslig,26500.0,1
2023,8,212215,deslig,27000.0,1
2023,8,212215,deslig,27500.0,2
2023,8,212215,deslig,28000.0,1
2023,8,212215,deslig,28500.0,1
2023,8,212215,deslig,29500.0,1
2023,8,212215,deslig,30000.0,3
2023,8,212215,deslig,31000.0,1
2023,8,212215,deslig,31500.0,2
2023,8,212215,deslig,32000.0,1
2023,8,212215,deslig,32500.0,1
2023,8,212215,deslig,34000.0,1
2023,8,212215,deslig,34500.0,1
2023,8,212215,deslig,35000.0,2
2023,8,212215,deslig,35500.0,2
2023,8,212215,deslig,39000.0,1
2023,8,212215,deslig,41500.0,1
2023,8,212215,deslig,50000.0,2
2023,8,212305,adm,1500.0,3
2023,8,212305,adm,2000.0,3
2023,8,212305,adm,2500.0,3
2023,8,212305,adm,3000.0,6
2023,8,212305,adm,3500.0,7
2023,8,212305,adm,4000.0,9
2023,8,212305,adm,4500.0,1
2023,8,212305,adm,5000.0,6
2023,8,212305,adm,5500.0,7
2023,8,212305,adm,6000.0,2
2023,8,212305,adm,6500.0,1
2023,8,212305,adm,7000.0,2
2023,8,212305,adm,7500.0,3
2023,8,212305,adm,8000.0,10
2023,8,212305,adm,8500.0,2
2023,8,212305,adm,9000.0,6
2023,8,212305,adm,9500.0,3
2023,8,212305,adm,10000.0,6
2023,8,212305,adm,10500.0,1
2023,8,212305,adm,11000.0,5
2023,8,212305,adm,11500.0,1
2023,8,212305,adm,12000.0,5
2023,8,212305,adm,12500.0,1
2023,8,212305,adm,13000.0,3
2023,8,212305,adm,13500.0,1
2023,8,212305,adm,14000.0,3
2023,8,212305,adm,14500.0,1
2023,8,212305,adm,15000.0,4
2023,8,212305,adm,15500.0,1
2023,8,212305,adm,16000.0,1
2023,8,212305,adm,16500.0,3
2023,8,212305,adm,17000.0,1
2023,8,212305,adm,18000.0,1
2023,8,212305,adm,21500.0,2
2023,8,212305,deslig,2000.0,4
2023,8,212305,deslig,3000.0,2
2023,8,212305,deslig,3500.0,1
2023,8,212305,deslig,4000.0,4
2023,8,212305,deslig,4500.0,5
2023,8,212305,deslig,5000.0,2
2023,8,212305,deslig,5500.0,2
2023,8,212305,deslig,6000.0,3
2023,8,212305,deslig,6500.0,7
2023,8,212305,deslig,7000.0,4
2023,8,212305,deslig,7500.0,3
2023,8,212305,deslig,8000.0,1
2023,8,212305,deslig,8500.0,3
2023,8,212305,deslig,9000.0,8
2023,8,212305,deslig,9500.0,2
2023,8,212305,deslig,10000.0,4
2023,8,212305,deslig,10500.0,2
2023,8,212305,deslig,11000.0,1
2023,8,212305,deslig,11500.0,2
2023,8,212305,deslig,12000.0,2
2023,8,212305,deslig,12500.0,2
2023,8,212305,deslig,13000.0,2
2023,8,212305,deslig,13500.0,2
2023,8,212305,deslig,14000.0,7
2023,8,212305,deslig,14500.0,3
2023,8,212305,deslig,15000.0,1
2023,8,212305,deslig,15500.0,1
2023,8,212305,deslig,16500.0,3
2023,8,212305,deslig,17000.0,1
2023,8,212305,deslig,17500.0,3
2023,8,212305,deslig,20000.0,1
2023,8,212305,deslig,20500.0,1
2023,8,212305,deslig,23000.0,1
2023,8,212305,deslig,27500.0,1
2023,8,212405,adm,1000.0,7
2023,8,212405,adm,1500.0,64
2023,8,212405,adm,2000.0,199
2023,8,212405,adm,2500.0,132
2023,8,212405,adm,3000.0,226
2023,8,212405,adm,3500.0,151
2023,8,212405,adm,4000.0,138
2023,8,212405,adm,4500.0,155
2023,8,212405,adm,5000.0,115
2023,8,212405,adm,5500.0,120
2023,8,212405,adm,6000.0,147
2023,8,212405,adm,6500.0,98
2023,8,212405,adm,7000.0,116
2023,8,212405,adm,7500.0,82
2023,8,212405,adm,8000.0,142
2023,8,212405,adm,8500.0,71
2023,8,212405,adm,9000.0,132
2023,8,212405,adm,9500.0,79
2023,8,212405,adm,10000.0,106
2023,8,212405,adm,10500.0,47
2023,8,212405,adm,11000.0,98
2023,8,212405,adm,11500.0,70
2023,8,212405,adm,12000.0,113
2023,8,212405,adm,12500.0,54
2023,8,212405,adm,13000.0,77
2023,8,212405,adm,13500.0,20
2023,8,212405,adm,14000.0,49
2023,8,212405,adm,14500.0,26
2023,8,212405,adm,15000.0,54
2023,8,212405,adm,15500.0,24
2023,8,212405,adm,16000.0,23
2023,8,212405,adm,16500.0,18
2023,8,212405,adm,17000.0,28
2023,8,212405,adm,17500.0,10
2023,8,212405,adm,18000.0,15
2023,8,212405,adm,18500.0,9
2023,8,212405,adm,19000.0,14
2023,8,212405,adm,19500.0,6
2023,8,212405,adm,20000.0,15
2023,8,212405,adm,20500.0,6
2023,8,212405,adm,21000.0,5
2023,8,212405,adm,22000.0,2
2023,8,212405,adm,22500.0,2
2023,8,212405,adm,23000.0,5
2023,8,212405,adm,23500.0,2
2023,8,212405,adm,24000.0,2
2023,8,212405,adm,24500.0,2
2023,8,212405,adm,25000.0,3
2023,8,212405,adm,25500.0,1
2023,8,212405,adm,26000.0,3
2023,8,212405,adm,26500.0,1
2023,8,212405,adm,27000.0,1
2023,8,212405,adm,30000.0,1
2023,8,212405,adm,33000.0,1
2023,8,212405,adm,34000.0,2
2023,8,212405,adm,35000.0,1
2023,8,212405,adm,35500.0,1
2023,8,212405,deslig,1000.0,13
2023,8,212405,deslig,1500.0,61
2023,8,212405,deslig,2000.0,166
2023,8,212405,deslig,2500.0,139
2023,8,212405,deslig,3000.0,164
2023,8,212405,deslig,3500.0,136
2023,8,212405,deslig,4000.0,147
2023,8,212405,deslig,4500.0,139
2023,8,212405,deslig,5000.0,119
2023,8,212405,deslig,5500.0,107
2023,8,212405,deslig,6000.0,123
2023,8,212405,deslig,6500.0,107
2023,8,212405,deslig,7000.0,95
2023,8,212405,deslig,7500.0,78
2023,8,212405,deslig,8000.0,94
2023,8,212405,deslig,8500.0,83
2023,8,212405,deslig,9000.0,84
2023,8,212405,deslig,9500.0,69
2023,8,212405,deslig,10000.0,79
2023,8,212405,deslig,10500.0,75
2023,8,212405,deslig,11000.0,84
2023,8,212405,deslig,11500.0,65
2023,8,212405,deslig,12000.0,59
2023,8,212405,deslig,12500.0,56
2023,8,212405,deslig,13000.0,56
2023,8,212405,deslig,13500.0,34
2023,8,212405,deslig,14000.0,50
2023,8,212405,deslig,14500.0,35
2023,8,212405,deslig,15000.0,40
2023,8,212405,deslig,15500.0,27
2023,8,212405,deslig,16000.0,33
2023,8,212405,deslig,16500.0,16
2023,8,212405,deslig,17000.0,27
2023,8,212405,deslig,17500.0,25
2023,8,212405,deslig,18000.0,15
2023,8,212405,deslig,18500.0,9
2023,8,212405,deslig,19000.0,9
2023,8,212405,deslig,19500.0,6
2023,8,212405,deslig,20000.0,5
2023,8,212405,deslig,20500.0,7
2023,8,212405,deslig,21000.0,7
2023,8,212405,deslig,21500.0,4
2023,8,212405,deslig,22000.0,5
2023,8,212405,deslig,22500.0,3
2023,8,212405,deslig,23000.0,4
2023,8,212405,deslig,23500.0,1
2023,8,212405,deslig,24000.0,2
2023,8,212405,deslig,25500.0,1
2023,8,212405,deslig,27000.0,1
2023,8,212405,deslig,28500.0,1
2023,8,212405,deslig,29500.0,1
2023,8,212405,deslig,30000.0,1
2023,8,212405,deslig,30500.0,1
2023,8,212405,deslig,36000.0,2
2023,8,212405,deslig,38000.0,1
2023,8,212405,deslig,41000.0,1
2023,8,212405,deslig,50000.0,1
2023,8,212410,adm,1000.0,22
2023,8,212410,adm,1500.0,42
2023,8,212410,adm,2000.0,57
2023,8,212410,adm,2500.0,40
2023,8,212410,adm,3000.0,46
2023,8,212410,adm,3500.0,32
2023,8,212410,adm,4000.0,37
2023,8,212410,adm,4500.0,40
2023,8,212410,adm,5000.0,31
2023,8,212410,adm,5500.0,16
2023,8,212410,adm,6000.0,24
2023,8,212410,adm,6500.0,13
2023,8,212410,adm,7000.0,14
2023,8,212410,adm,7500.0,18
2023,8,212410,adm,8000.0,10
2023,8,212410,adm,8500.0,13
2023,8,212410,adm,9000.0,9
2023,8,212410,adm,9500.0,11
2023,8,212410,adm,10000.0,8
2023,8,212410,adm,10500.0,4
2023,8,212410,adm,11000.0,13
2023,8,212410,adm,11500.0,3
2023,8,212410,adm,12000.0,6
2023,8,212410,adm,12500.0,9
2023,8,212410,adm,13000.0,6
2023,8,212410,adm,13500.0,1
2023,8,212410,adm,14000.0,1
2023,8,212410,adm,14500.0,2
2023,8,212410,adm,15000.0,6
2023,8,212410,adm,18000.0,2
2023,8,212410,adm,21000.0,1
2023,8,212410,adm,23500.0,1
2023,8,212410,deslig,500.0,1
2023,8,212410,deslig,1000.0,13
2023,8,212410,deslig,1500.0,40
2023,8,212410,deslig,2000.0,49
2023,8,212410,deslig,2500.0,50
2023,8,212410,deslig,3000.0,58
2023,8,212410,deslig,3500.0,40
2023,8,212410,deslig,4000.0,34
2023,8,212410,deslig,4500.0,31
2023,8,212410,deslig,5000.0,13
2023,8,212410,deslig,5500.0,26
2023,8,212410,deslig,6000.0,18
2023,8,212410,deslig,6500.0,18
2023,8,212410,deslig,7000.0,9
2023,8,212410,deslig,7500.0,15
2023,8,212410,deslig,8000.0,13
2023,8,212410,deslig,8500.0,12
2023,8,212410,deslig,9000.0,12
2023,8,212410,deslig,9500.0,8
2023,8,212410,deslig,10000.0,11
2023,8,212410,deslig,10500.0,10
2023,8,212410,deslig,11000.0,4
2023,8,212410,deslig,11500.0,2
2023,8,212410,deslig,12000.0,7
2023,8,212410,deslig,12500.0,4
2023,8,212410,deslig,13000.0,3
2023,8,212410,deslig,13500.0,3
2023,8,212410,deslig,14000.0,7
2023,8,212410,deslig,15000.0,4
2023,8,212410,deslig,15500.0,1
2023,8,212410,deslig,16000.0,1
2023,8,212410,deslig,16500.0,1
2023,8,212410,deslig,19500.0,1
2023,8,212410,deslig,20000.0,1
2023,8,212410,deslig,21500.0,1
2023,8,212410,deslig,22500.0,1
2023,8,212410,deslig,32000.0,1
2023,8,212410,deslig,34500.0,1
2023,8,212410,deslig,35000.0,1
2023,8,212425,adm,2000.0,2
2023,8,212425,adm,2500.0,2
2023,8,212425,adm,4000.0,1
2023,8,212425,adm,6000.0,1
2023,8,212425,adm,8500.0,1
2023,8,212425,adm,9000.0,1
2023,8,212425,adm,9500.0,2
2023,8,212425,adm,10000.0,4
2023,8,212425,adm,10500.0,3
2023,8,212425,adm,11000.0,2
2023,8,212425,adm,12000.0,4
2023,8,212425,adm,13000.0,5
2023,8,212425,adm,14000.0,5
2023,8,212425,adm,15000.0,3
2023,8,212425,adm,15500.0,1
2023,8,212425,adm,16000.0,7
2023,8,212425,adm,16500.0,1
2023,8,212425,adm,17000.0,5
2023,8,212425,adm,17500.0,1
2023,8,212425,adm,18000.0,3
2023,8,212425,adm,19500.0,1
2023,8,212425,adm,20000.0,4
2023,8,212425,adm,21500.0,1
2023,8,212425,adm,24000.0,1
2023,8,212425,adm,25000.0,1
2023,8,212425,adm,30000.0,3
2023,8,212425,adm,35000.0,1
2023,8,212425,deslig,1500.0,1
2023,8,212425,deslig,5000.0,1
2023,8,212425,deslig,5500.0,1
2023,8,212425,deslig,6500.0,1
2023,8,212425,deslig,7500.0,2
2023,8,212425,deslig,8000.0,2
2023,8,212425,deslig,9000.0,1
2023,8,212425,deslig,9500.0,4
2023,8,212425,deslig,10000.0,2
2023,8,212425,deslig,10500.0,2
2023,8,212425,deslig,12000.0,8
2023,8,212425,deslig,12500.0,1
2023,8,212425,deslig,13000.0,3
2023,8,212425,deslig,13500.0,1
2023,8,212425,deslig,14000.0,3
2023,8,212425,deslig,14500.0,2
2023,8,212425,deslig,15000.0,2
2023,8,212425,deslig,15500.0,1
2023,8,212425,deslig,16000.0,7
2023,8,212425,deslig,16500.0,1
2023,8,212425,deslig,17000.0,3
2023,8,212425,deslig,17500.0,3
2023,8,212425,deslig,18000.0,1
2023,8,212425,deslig,18500.0,1
2023,8,212425,deslig,19000.0,1
2023,8,212425,deslig,19500.0,1
2023,8,212425,deslig,20000.0,1
2023,8,212425,deslig,27000.0,1
2023,8,212425,deslig,27500.0,1
2023,8,212425,deslig,29000.0,1
2023,9,203105,adm,3000.0,1
2023,9,203105,adm,3500.0,2
2023,9,203105,adm,4000.0,2
2023,9,203105,adm,4500.0,1
2023,9,203105,adm,5000.0,4
2023,9,203105,adm,5500.0,3
2023,9,203105,adm,7000.0,2
2023,9,203105,adm,7500.0,2
2023,9,203105,adm,8500.0,2
2023,9,203105,adm,9000.0,1
2023,9,203105,adm,10000.0,1
2023,9,203105,adm,10500.0,1
2023,9,203105,adm,11500.0,1
2023,9,203105,adm,12000.0,4
2023,9,203105,adm,13000.0,4
2023,9,203105,adm,13500.0,1
2023,9,203105,adm,15500.0,1
2023,9,203105,adm,17000.0,2
2023,9,203105,adm,20000.0,1
2023,9,203105,adm,23000.0,1
2023,9,203105,adm,29000.0,1
2023,9,203105,deslig,2500.0,1
2023,9,203105,deslig,3000.0,1
2023,9,203105,deslig,4000.0,1
2023,9,203105,deslig,4500.0,1
2023,9,203105,deslig,5000.0,3
2023,9,203105,deslig,6000.0,2
2023,9,203105,deslig,7000.0,1
2023,9,203105,deslig,7500.0,2
2023,9,203105,deslig,8000.0,2
2023,9,203105,deslig,8500.0,1
2023,9,203105,deslig,9000.0,1
2023,9,203105,deslig,10000.0,3
2023,9,203105,deslig,11000.0,2
2023,9,203105,deslig,12000.0,4
2023,9,203105,deslig,14500.0,1
2023,9,203105,deslig,17000.0,1
2023,9,203105,deslig,21500.0,1
2023,9,203105,deslig,23000.0,1
2023,9,203105,deslig,26000.0,1
2023,9,203105,deslig,30500.0,1
2023,9,211205,adm,2500.0,1
2023,9,211205,adm,4000.0,1
2023,9,211205,adm,4500.0,1
2023,9,211205,adm,5500.0,1
2023,9,211205,adm,6000.0,2
2023,9,211205,adm,7000.0,1
2023,9,211205,adm,7500.0,1
2023,9,211205,adm,8500.0,1
2023,9,211205,adm,9000.0,2
2023,9,211205,adm,10500.0,1
2023,9,211205,adm,12000.0,1
2023,9,211205,adm,13000.0,2
2023,9,211205,adm,14000.0,1
2023,9,211205,adm,15000.0,3
2023,9,211205,adm,17500.0,1
2023,9,211205,adm,22000.0,1
2023,9,211205,adm,30000.0,1
2023,9,211205,adm,50000.0,1
2023,9,211205,deslig,1500.0,1
2023,9,211205,deslig,3500.0,1
2023,9,211205,deslig,4500.0,2
2023,9,211205,deslig,5500.0,3
2023,9,211205,deslig,6000.0,1
2023,9,211205,deslig,8000.0,2
2023,9,211205,deslig,8500.0,2
2023,9,211205,deslig,9500.0,5
2023,9,211205,deslig,10000.0,3
2023,9,211205,deslig,11000.0,2
2023,9,211205,deslig,12000.0,2
2023,9,211205,deslig,12500.0,1
2023,9,211205,deslig,13000.0,3
2023,9,211205,deslig,23000.0,1
2023,9,211210,adm,3500.0,2
2023,9,211210,adm,5000.0,1
2023,9,211210,adm,9000.0,1
2023,9,211210,adm,9500.0,1
2023,9,211210,adm,11500.0,1
2023,9,211210,adm,12500.0,1
2023,9,211210,deslig,3500.0,1
2023,9,211210,deslig,4500.0,1
2023,9,211210,deslig,8000.0,1
2023,9,211210,deslig,18000.0,1
2023,9,211220,adm,2500.0,1
2023,9,211220,adm,4500.0,1
2023,9,211220,adm,5000.0,1
2023,9,211220,adm,6500.0,2
2023,9,211220,adm,7000.0,1
2023,9,211220,adm,7500.0,1
2023,9,211220,adm,8000.0,2
2023,9,211220,adm,8500.0,1
2023,9,211220,adm,11000.0,1
2023,9,211220,adm,11500.0,1
2023,9,211220,adm,13000.0,1
2023,9,211220,adm,15500.0,1
2023,9,211220,deslig,10500.0,1
2023,9,211220,deslig,14500.0,1
2023,9,212205,adm,1500.0,3
2023,9,212205,adm,2500.0,1
2023,9,212205,adm,3000.0,2
2023,9,212205,adm,3500.0,1
2023,9,212205,adm,4000.0,1
2023,9,212205,adm,5000.0,4
2023,9,212205,adm,6000.0,3
2023,9,212205,adm,6500.0,1
2023,9,212205,adm,7000.0,1
2023,9,212205,adm,7500.0,4
2023,9,212205,adm,8000.0,1
2023,9,212205,adm,8500.0,2
2023,9,212205,adm,9000.0,2
2023,9,212205,adm,9500.0,6
2023,9,212205,adm,10000.0,8
2023,9,212205,adm,10500.0,1
2023,9,212205,adm,11000.0,3
2023,9,212205,adm,11500.0,2
2023,9,212205,adm,12000.0,6
2023,9,212205,adm,12500.0,3
2023,9,212205,adm,13000.0,3
2023,9,212205,adm,13500.0,1
2023,9,212205,adm,14000.0,6
2023,9,212205,adm,14500.0,1
2023,9,212205,adm,15000.0,3
2023,9,212205,adm,16000.0,3
2023,9,212205,adm,16500.0,1
2023,9,212205,adm,17000.0,2
2023,9,212205,adm,17500.0,1
2023,9,212205,adm,18000.0,1
2023,9,212205,adm,18500.0,1
2023,9,212205,adm,19000.0,1
2023,9,212205,adm,20000.0,1
2023,9,212205,adm,22000.0,2
2023,9,212205,adm,22500.0,1
2023,9,212205,adm,23000.0,1
2023,9,212205,adm,25500.0,1
2023,9,212205,adm,26500.0,1
2023,9,212205,adm,32000.0,1
2023,9,212205,adm,39500.0,1
2023,9,212205,adm,43000.0,1
2023,9,212205,adm,50000.0,1
2023,9,212205,deslig,2000.0,1
2023,9,212205,deslig,3500.0,1
2023,9,212205,deslig,4000.0,4
2023,9,212205,deslig,4500.0,1
2023,9,212205,deslig,5000.0,2
2023,9,212205,deslig,5500.0,2
2023,9,212205,deslig,6000.0,3
2023,9,212205,deslig,6500.0,1
2023,9,212205,deslig,7000.0,5
2023,9,212205,deslig,7500.0,4
2023,9,212205,deslig,8000.0,1
2023,9,212205,deslig,8500.0,2
2023,9,212205,deslig,9000.0,4
2023,9,212205,deslig,9500.0,3
2023,9,212205,deslig,10000.0,4
2023,9,212205,deslig,10500.0,4
2023,9,212205,deslig,11000.0,7
2023,9,212205,deslig,11500.0,4
2023,9,212205,deslig,12000.0,5
2023,9,212205,deslig,12500.0,1
2023,9,212205,deslig,13000.0,3
2023,9,212205,deslig,13500.0,3
2023,9,212205,deslig,14000.0,3
2023,9,212205,deslig,14500.0,1
2023,9,212205,deslig,15000.0,3
2023,9,212205,deslig,15500.0,6
2023,9,212205,deslig,16000.0,3
2023,9,212205,deslig,16500.0,6
2023,9,212205,deslig,17000.0,4
2023,9,212205,deslig,18000.0,4
2023,9,212205,deslig,18500.0,1
2023,9,212205,deslig,19000.0,4
2023,9,212205,deslig,19500.0,1
2023,9,212205,deslig,20000.0,2
2023,9,212205,deslig,21500.0,1
2023,9,212205,deslig,22000.0,1
2023,9,212205,deslig,23000.0,1
2023,9,212205,deslig,23500.0,1
2023,9,212205,deslig,24000.0,2
2023,9,212205,deslig,24500.0,3
2023,9,212205,deslig,25000.0,1
2023,9,212205,deslig,28000.0,1
2023,9,212205,deslig,30000.0,1
2023,9,212205,deslig,31000.0,1
2023,9,212205,deslig,34000.0,1
2023,9,212205,deslig,38000.0,1
2023,9,212205,deslig,38500.0,1
2023,9,212210,adm,5500.0,2
2023,9,212210,adm,10500.0,1
2023,9,212210,adm,11000.0,2
2023,9,212210,adm,13500.0,1
2023,9,212210,adm,14000.0,2
2023,9,212210,adm,15000.0,1
2023,9,212210,adm,16000.0,1
2023,9,212210,adm,18000.0,1
2023,9,212210,adm,22500.0,1
2023,9,212210,deslig,6500.0,1
2023,9,212210,deslig,12000.0,1
2023,9,212210,deslig,13000.0,1
2023,9,212215,adm,2000.0,4
2023,9,212215,adm,3000.0,20
2023,9,212215,adm,3500.0,1
2023,9,212215,adm,4000.0,1
2023,9,212215,adm,4500.0,1
2023,9,212215,adm,5000.0,2
2023,9,212215,adm,5500.0,3
2023,9,212215,adm,6000.0,11
2023,9,212215,adm,7000.0,4
2023,9,212215,adm,7500.0,1
2023,9,212215,adm,8000.0,6
2023,9,212215,adm,8500.0,2
2023,9,212215,adm,9000.0,5
2023,9,212215,adm,9500.0,1
2023,9,212215,adm,10000.0,12
2023,9,212215,adm,10500.0,3
2023,9,212215,adm,11000.0,3
2023,9,212215,adm,11500.0,2
2023,9,212215,adm,12000.0,8
2023,9,212215,adm,12500.0,5
2023,9,212215,adm,13000.0,6
2023,9,212215,adm,13500.0,2
2023,9,212215,adm,14000.0,3
2023,9,212215,adm,14500.0,7
2023,9,212215,adm,15000.0,7
2023,9,212215,adm,16000.0,2
2023,9,212215,adm,16500.0,2
2023,9,212215,adm,17000.0,6
2023,9,212215,adm,17500.0,1
2023,9,212215,adm,18000.0,3
2023,9,212215,adm,18500.0,2
2023,9,212215,adm,19000.0,3
2023,9,212215,adm,19500.0,1
2023,9,212215,adm,20000.0,1
2023,9,212215,adm,21000.0,5
2023,9,212215,adm,22000.0,1
2023,9,212215,adm,23500.0,2
2023,9,212215,adm,24000.0,1
2023,9,212215,adm,24500.0,3
2023,9,212215,adm,25000.0,5
2023,9,212215,adm,25500.0,1
2023,9,212215,adm,26500.0,3
2023,9,212215,adm,27000.0,4
2023,9,212215,adm,28000.0,1
2023,9,212215,adm,28500.0,5
2023,9,212215,adm,30000.0,2
2023,9,212215,adm,30500.0,2
2023,9,212215,adm,31000.0,1
2023,9,212215,adm,31500.0,3
2023,9,212215,adm,32000.0,1
2023,9,212215,adm,32500.0,1
2023,9,212215,adm,33500.0,1
2023,9,212215,adm,34000.0,4
2023,9,212215,adm,35000.0,2
2023,9,212215,adm,36500.0,1
2023,9,212215,adm,37000.0,2
2023,9,212215,adm,37500.0,1
2023,9,212215,adm,38000.0,3
2023,9,212215,adm,38500.0,1
2023,9,212215,adm,40000.0,1
2023,9,212215,adm,40500.0,2
2023,9,212215,adm,41000.0,1
2023,9,212215,adm,42000.0,1
2023,9,212215,adm,43000.0,2
2023,9,212215,adm,45000.0,1
2023,9,212215,adm,45500.0,1
2023,9,212215,adm,50000.0,2
2023,9,212215,deslig,2000.0,2
2023,9,212215,deslig,3000.0,2
2023,9,212215,deslig,3500.0,1
2023,9,212215,deslig,4500.0,3
2023,9,212215,deslig,5000.0,2
2023,9,212215,deslig,5500.0,1
2023,9,212215,deslig,6000.0,5
2023,9,212215,deslig,6500.0,5
2023,9,212215,deslig,7000.0,8
2023,9,212215,deslig,7500.0,7
2023,9,212215,deslig,8000.0,5
2023,9,212215,deslig,8500.0,1
2023,9,212215,deslig,9000.0,4
2023,9,212215,deslig,9500.0,3
2023,9,212215,deslig,10000.0,5
2023,9,212215,deslig,10500.0,4
2023,9,212215,deslig,11000.0,2
2023,9,212215,deslig,11500.0,8
2023,9,212215,deslig,12000.0,5
2023,9,212215,deslig,12500.0,6
2023,9,212215,deslig,13000.0,5
2023,9,212215,deslig,13500.0,1
2023,9,212215,deslig,14000.0,6
2023,9,212215,deslig,14500.0,5
2023,9,212215,deslig,15000.0,1
2023,9,212215,deslig,15500.0,4
2023,9,212215,deslig,16000.0,8
2023,9,212215,deslig,16500.0,1
2023,9,212215,deslig,17000.0,1
2023,9,212215,deslig,17500.0,3
2023,9,212215,deslig,18000.0,4
2023,9,212215,deslig,18500.0,1
2023,9,212215,deslig,19000.0,3
2023,9,212215,deslig,19500.0,2
2023,9,212215,deslig,20000.0,1
2023,9,212215,deslig,20500.0,1
2023,9,212215,deslig,21000.0,2
2023,9,212215,deslig,22500.0,2
2023,9,212215,deslig,23000.0,2
2023,9,212215,deslig,25500.0,2
2023,9,212215,deslig,26000.0,1
2023,9,212215,deslig,26500.0,1
2023,9,212215,deslig,27000.0,1
2023,9,212215,deslig,28000.0,1
2023,9,212215,deslig,33500.0,1
2023,9,212215,deslig,35000.0,1
2023,9,212215,deslig,39000.0,1
2023,9,212215,deslig,49000.0,1
2023,9,212215,deslig,50000.0,3
2023,9,212305,adm,1500.0,1
2023,9,212305,adm,2000.0,3
2023,9,212305,adm,2500.0,2
2023,9,212305,adm,3000.0,2
2023,9,212305,adm,3500.0,6
2023,9,212305,adm,4000.0,4
2023,9,212305,adm,4500.0,6
2023,9,212305,adm,5000.0,2
2023,9,212305,adm,5500.0,1
2023,9,212305,adm,6500.0,6
2023,9,212305,adm,7000.0,4
2023,9,212305,adm,7500.0,2
2023,9,212305,adm,8000.0,5
2023,9,212305,adm,8500.0,2
2023,9,212305,adm,9000.0,9
2023,9,212305,adm,9500.0,3
2023,9,212305,adm,10000.0,5
2023,9,212305,adm,10500.0,3
2023,9,212305,adm,11000.0,2
2023,9,212305,adm,11500.0,1
2023,9,212305,adm,12000.0,9
2023,9,212305,adm,12500.0,3
2023,9,212305,adm,13000.0,3
2023,9,212305,adm,13500.0,1
2023,9,212305,adm,14000.0,1
2023,9,212305,adm,14500.0,4
2023,9,212305,adm,15000.0,2
2023,9,212305,adm,16000.0,4
2023,9,212305,adm,16500.0,1
2023,9,212305,adm,18000.0,1
2023,9,212305,adm,18500.0,1
2023,9,212305,adm,20000.0,1
2023,9,212305,adm,22000.0,1
2023,9,212305,adm,27500.0,1
2023,9,212305,deslig,1000.0,2
2023,9,212305,deslig,1500.0,2
2023,9,212305,deslig,2000.0,3
2023,9,212305,deslig,2500.0,5
2023,9,212305,deslig,3000.0,4
2023,9,212305,deslig,3500.0,2
2023,9,212305,deslig,4000.0,1
2023,9,212305,deslig,4500.0,5
2023,9,212305,deslig,5000.0,3
2023,9,212305,deslig,5500.0,2
2023,9,212305,deslig,6000.0,3
2023,9,212305,deslig,6500.0,7
2023,9,212305,deslig,7000.0,4
2023,9,212305,deslig,7500.0,7
2023,9,212305,deslig,8000.0,5
2023,9,212305,deslig,8500.0,1
2023,9,212305,deslig,9500.0,4
2023,9,212305,deslig,10000.0,2
2023,9,212305,deslig,10500.0,3
2023,9,212305,deslig,11000.0,2
2023,9,212305,deslig,12000.0,5
2023,9,212305,deslig,12500.0,2
2023,9,212305,deslig,13000.0,3
2023,9,212305,deslig,13500.0,2
2023,9,212305,deslig,14000.0,4
2023,9,212305,deslig,14500.0,3
2023,9,212305,deslig,15000.0,9
2023,9,212305,deslig,16000.0,2
2023,9,212305,deslig,16500.0,1
2023,9,212305,deslig,17000.0,4
2023,9,212305,deslig,18000.0,3
2023,9,212305,deslig,18500.0,3
2023,9,212305,deslig,19500.0,1
2023,9,212305,deslig,20000.0,1
2023,9,212305,deslig,24000.0,2
2023,9,212305,deslig,24500.0,1
2023,9,212305,deslig,30000.0,1
2023,9,212405,adm,0.0,8
2023,9,212405,adm,1000.0,8
2023,9,212405,adm,1500.0,62
2023,9,212405,adm,2000.0,167
2023,9,212405,adm,2500.0,130
2023,9,212405,adm,3000.0,152
2023,9,212405,adm,3500.0,118
2023,9,212405,adm,4000.0,100
2023,9,212405,adm,4500.0,102
2023,9,212405,adm,5000.0,104
2023,9,212405,adm,5500.0,102
2023,9,212405,adm,6000.0,98
2023,9,212405,adm,6500.0,85
2023,9,212405,adm,7000.0,110
2023,9,212405,adm,7500.0,100
2023,9,212405,adm,8000.0,139
2023,9,212405,adm,8500.0,80
2023,9,212405,adm,9000.0,101
2023,9,212405,adm,9500.0,59
2023,9,212405,adm,10000.0,110
2023,9,212405,adm,10500.0,59
2023,9,212405,adm,11000.0,94
2023,9,212405,adm,11500.0,58
2023,9,212405,adm,12000.0,108
2023,9,212405,adm,12500.0,50
2023,9,212405,adm,13000.0,81
2023,9,212405,adm,13500.0,38
2023,9,212405,adm,14000.0,53
2023,9,212405,adm,14500.0,27
2023,9,212405,adm,15000.0,49
2023,9,212405,adm,15500.0,19
2023,9,212405,adm,16000.0,35
2023,9,212405,adm,16500.0,9
2023,9,212405,adm,17000.0,31
2023,9,212405,adm,17500.0,13
2023,9,212405,adm,18000.0,19
2023,9,212405,adm,18500.0,13
2023,9,212405,adm,19000.0,9
2023,9,212405,adm,19500.0,2
2023,9,212405,adm,20000.0,10
2023,9,212405,adm,21000.0,1
2023,9,212405,adm,22000.0,3
2023,9,212405,adm,22500.0,2
2023,9,212405,adm,23000.0,7
2023,9,212405,adm,23500.0,1
2023,9,212405,adm,24000.0,1
2023,9,212405,adm,24500.0,6
2023,9,212405,adm,25000.0,3
2023,9,212405,adm,26000.0,2
2023,9,212405,adm,26500.0,2
2023,9,212405,adm,27000.0,1
2023,9,212405,adm,29000.0,1
2023,9,212405,adm,30000.0,1
2023,9,212405,adm,33000.0,1
2023,9,212405,adm,34500.0,1
2023,9,212405,adm,35000.0,1
2023,9,212405,adm,50000.0,1
2023,9,212405,deslig,0.0,1
2023,9,212405,deslig,1000.0,9
2023,9,212405,deslig,1500.0,43
2023,9,212405,deslig,2000.0,145
2023,9,212405,deslig,2500.0,135
2023,9,212405,deslig,3000.0,141
2023,9,212405,deslig,3500.0,112
2023,9,212405,deslig,4000.0,92
2023,9,212405,deslig,4500.0,122
2023,9,212405,deslig,5000.0,116
2023,9,212405,deslig,5500.0,90
2023,9,212405,deslig,6000.0,112
2023,9,212405,deslig,6500.0,99
2023,9,212405,deslig,7000.0,107
2023,9,212405,deslig,7500.0,98
2023,9,212405,deslig,8000.0,121
2023,9,212405,deslig,8500.0,82
2023,9,212405,deslig,9000.0,90
2023,9,212405,deslig,9500.0,67
2023,9,212405,deslig,10000.0,109
2023,9,212405,deslig,10500.0,56
2023,9,212405,deslig,11000.0,89
2023,9,212405,deslig,11500.0,42
2023,9,212405,deslig,12000.0,83
2023,9,212405,deslig,12500.0,52
2023,9,212405,deslig,13000.0,66
2023,9,212405,deslig,13500.0,38
2023,9,212405,deslig,14000.0,52
2023,9,212405,deslig,14500.0,46
2023,9,212405,deslig,15000.0,37
2023,9,212405,deslig,15500.0,24
2023,9,212405,deslig,16000.0,22
2023,9,212405,deslig,16500.0,17
2023,9,212405,deslig,17000.0,18
2023,9,212405,deslig,17500.0,11
2023,9,212405,deslig,18000.0,15
2023,9,212405,deslig,18500.0,3
2023,9,212405,deslig,19000.0,9
2023,9,212405,deslig,19500.0,7
2023,9,212405,deslig,20000.0,7
2023,9,212405,deslig,20500.0,5
2023,9,212405,deslig,21000.0,3
2023,9,212405,deslig,21500.0,2
2023,9,212405,deslig,22000.0,3
2023,9,212405,deslig,22500.0,3
2023,9,212405,deslig,23000.0,3
2023,9,212405,deslig,23500.0,1
2023,9,212405,deslig,24000.0,1
2023,9,212405,deslig,24500.0,3
2023,9,212405,deslig,25000.0,1
2023,9,212405,deslig,27500.0,1
2023,9,212405,deslig,28500.0,1
2023,9,212405,deslig,29500.0,1
2023,9,212405,deslig,31000.0,1
2023,9,212405,deslig,32500.0,1
2023,9,212405,deslig,33000.0,1
2023,9,212405,deslig,35500.0,1
2023,9,212405,deslig,37500.0,1
2023,9,212410,adm,1000.0,14
2023,9,212410,adm,1500.0,31
2023,9,212410,adm,2000.0,48
2023,9,212410,adm,2500.0,37
2023,9,212410,adm,3000.0,49
2023,9,212410,adm,3500.0,39
2023,9,212410,adm,4000.0,43
2023,9,212410,adm,4500.0,21
2023,9,212410,adm,5000.0,27
2023,9,212410,adm,5500.0,16
2023,9,212410,adm,6000.0,17
2023,9,212410,adm,6500.0,12
2023,9,212410,adm,7000.0,15
2023,9,212410,adm,7500.0,9
2023,9,212410,adm,8000.0,18
2023,9,212410,adm,8500.0,3
2023,9,212410,adm,9000.0,11
2023,9,212410,adm,9500.0,7
2023,9,212410,adm,10000.0,6
2023,9,212410,adm,10500.0,4
2023,9,212410,adm,11000.0,3
2023,9,212410,adm,11500.0,2
2023,9,212410,adm,12000.0,6
2023,9,212410,adm,12500.0,2
2023,9,212410,adm,13000.0,2
2023,9,212410,adm,13500.0,2
2023,9,212410,adm,14000.0,7
2023,9,212410,adm,15000.0,2
2023,9,212410,adm,15500.0,1
2023,9,212410,adm,16500.0,1
2023,9,212410,adm,17000.0,4
2023,9,212410,adm,18000.0,2
2023,9,212410,adm,21000.0,1
2023,9,212410,adm,40000.0,1
2023,9,212410,adm,41500.0,1
2023,9,212410,deslig,1000.0,7
2023,9,212410,deslig,1500.0,29
2023,9,212410,deslig,2000.0,39
2023,9,212410,deslig,2500.0,32
2023,9,212410,deslig,3000.0,40
2023,9,212410,deslig,3500.0,24
2023,9,212410,deslig,4000.0,34
2023,9,212410,deslig,4500.0,24
2023,9,212410,deslig,5000.0,20
2023,9,212410,deslig,5500.0,20
2023,9,212410,deslig,6000.0,23
2023,9,212410,deslig,6500.0,9
2023,9,212410,deslig,7000.0,10
2023,9,212410,deslig,7500.0,5
2023,9,212410,deslig,8000.0,12
2023,9,212410,deslig,8500.0,5
2023,9,212410,deslig,9000.0,10
2023,9,212410,deslig,9500.0,8
2023,9,212410,deslig,10000.0,7
2023,9,212410,deslig,10500.0,2
2023,9,212410,deslig,11000.0,7
2023,9,212410,deslig,11500.0,1
2023,9,212410,deslig,12000.0,6
2023,9,212410,deslig,12500.0,6
2023,9,212410,deslig,13000.0,3
2023,9,212410,deslig,13500.0,3
2023,9,212410,deslig,14500.0,3
2023,9,212410,deslig,15500.0,1
2023,9,212410,deslig,16000.0,1
2023,9,212410,deslig,18000.0,1
2023,9,212410,deslig,19000.0,1
2023,9,212410,deslig,20000.0,1
2023,9,212410,deslig,20500.0,1
2023,9,212410,deslig,28000.0,1
2023,9,212410,deslig,47000.0,1
2023,9,212410,deslig,50000.0,1
2023,9,212425,adm,3000.0,1
2023,9,212425,adm,4000.0,2
2023,9,212425,adm,5000.0,2
2023,9,212425,adm,6500.0,1
2023,9,212425,adm,7000.0,3
2023,9,212425,adm,8000.0,2
2023,9,212425,adm,8500.0,1
2023,9,212425,adm,9000.0,1
2023,9,212425,adm,9500.0,2
2023,9,212425,adm,10000.0,4
2023,9,212425,adm,11000.0,1
2023,9,212425,adm,11500.0,2
2023,9,212425,adm,12000.0,3
2023,9,212425,adm,13000.0,4
2023,9,212425,adm,13500.0,3
2023,9,212425,adm,14000.0,3
2023,9,212425,adm,15000.0,4
2023,9,212425,adm,15500.0,1
2023,9,212425,adm,16000.0,2
2023,9,212425,adm,16500.0,2
2023,9,212425,adm,17000.0,3
2023,9,212425,adm,17500.0,1
2023,9,212425,adm,18000.0,2
2023,9,212425,adm,19000.0,1
2023,9,212425,adm,19500.0,2
2023,9,212425,adm,20000.0,1
2023,9,212425,adm,21000.0,1
2023,9,212425,adm,22500.0,1
2023,9,212425,deslig,2500.0,2
2023,9,212425,deslig,7500.0,1
2023,9,212425,deslig,8000.0,1
2023,9,212425,deslig,8500.0,1
2023,9,212425,deslig,9500.0,1
2023,9,212425,deslig,10000.0,1
2023,9,212425,deslig,10500.0,4
2023,9,212425,deslig,11000.0,2
2023,9,212425,deslig,11500.0,1
2023,9,212425,deslig,12000.0,3
2023,9,212425,deslig,12500.0,1
2023,9,212425,deslig,13000.0,1
2023,9,212425,deslig,13500.0,2
2023,9,212425,deslig,14000.0,2
2023,9,212425,deslig,14500.0,2
2023,9,212425,deslig,15000.0,1
2023,9,212425,deslig,15500.0,4
2023,9,212425,deslig,16000.0,3
2023,9,212425,deslig,17000.0,1
2023,9,212425,deslig,17500.0,1
2023,9,212425,deslig,18000.0,2
2023,9,212425,deslig,18500.0,1
2023,9,212425,deslig,19000.0,1
2023,9,212425,deslig,19500.0,1
2023,9,212425,deslig,20000.0,1
2023,9,212425,deslig,28000.0,1
2023,9,212425,deslig,50000.0,1
2023,10,203105,adm,2000.0,1
2023,10,203105,adm,2500.0,3
2023,10,203105,adm,3500.0,1
2023,10,203105,adm,4000.0,2
2023,10,203105,adm,5000.0,3
2023,10,203105,adm,5500.0,1
2023,10,203105,adm,6500.0,2
2023,10,203105,adm,7500.0,1
2023,10,203105,adm,8000.0,2
2023,10,203105,adm,8500.0,1
2023,10,203105,adm,9000.0,4
2023,10,203105,adm,9500.0,1
2023,10,203105,adm,10000.0,4
2023,10,203105,adm,10500.0,1
2023,10,203105,adm,11000.0,3
2023,10,203105,adm,11500.0,1
2023,10,203105,adm,12000.0,3
2023,10,203105,adm,15000.0,1
2023,10,203105,adm,17000.0,1
2023,10,203105,deslig,3000.0,1
2023,10,203105,deslig,3500.0,1
2023,10,203105,deslig,4500.0,1
2023,10,203105,deslig,5000.0,1
2023,10,203105,deslig,6000.0,3
2023,10,203105,deslig,6500.0,2
2023,10,203105,deslig,7500.0,1
2023,10,203105,deslig,8000.0,4
2023,10,203105,deslig,9000.0,1
2023,10,203105,deslig,9500.0,2
2023,10,203105,deslig,10000.0,2
2023,10,203105,deslig,11500.0,2
2023,10,203105,deslig,12500.0,1
2023,10,203105,deslig,13500.0,1
2023,10,203105,deslig,14000.0,1
2023,10,203105,deslig,15500.0,1
2023,10,203105,deslig,16000.0,2
2023,10,203105,deslig,17000.0,1
2023,10,203105,deslig,18000.0,1
2023,10,203105,deslig,18500.0,1
2023,10,203105,deslig,20000.0,1
2023,10,203105,deslig,29500.0,1
2023,10,211205,adm,1500.0,1
2023,10,211205,adm,3500.0,1
2023,10,211205,adm,4000.0,3
2023,10,211205,adm,4500.0,4
2023,10,211205,adm,5000.0,3
2023,10,211205,adm,5500.0,1
2023,10,211205,adm,8000.0,1
2023,10,211205,adm,9000.0,1
2023,10,211205,adm,9500.0,1
2023,10,211205,adm,11500.0,1
2023,10,211205,adm,12000.0,2
2023,10,211205,adm,13500.0,1
2023,10,211205,adm,16000.0,1
2023,10,211205,adm,19500.0,2
2023,10,211205,deslig,2000.0,1
2023,10,211205,deslig,2500.0,1
2023,10,211205,deslig,3000.0,1
2023,10,211205,deslig,4000.0,2
2023,10,211205,deslig,4500.0,2
2023,10,211205,deslig,5000.0,3
2023,10,211205,deslig,5500.0,2
2023,10,211205,deslig,6000.0,4
2023,10,211205,deslig,6500.0,1
2023,10,211205,deslig,7000.0,3
2023,10,211205,deslig,7500.0,3
2023,10,211205,deslig,8000.0,2
2023,10,211205,deslig,8500.0,4
2023,10,211205,deslig,9000.0,1
2023,10,211205,deslig,9500.0,1
2023,10,211205,deslig,10000.0,2
2023,10,211205,deslig,10500.0,1
2023,10,211205,deslig,11500.0,1
2023,10,211205,deslig,12000.0,2
2023,10,211205,deslig,12500.0,1
2023,10,211205,deslig,13000.0,2
2023,10,211205,deslig,14500.0,1
2023,10,211205,deslig,15000.0,1
2023,10,211205,deslig,16500.0,1
2023,10,211205,deslig,20000.0,1
2023,10,211205,deslig,21500.0,1
2023,10,211210,adm,4500.0,1
2023,10,211210,adm,5500.0,1
2023,10,211210,adm,7500.0,1
2023,10,211210,deslig,6000.0,1
2023,10,211215,adm,5000.0,1
2023,10,211215,deslig,5000.0,1
2023,10,211215,deslig,6000.0,1
2023,10,211215,deslig,7000.0,1
2023,10,211220,adm,2000.0,1
2023,10,211220,adm,5000.0,1
2023,10,211220,adm,6000.0,3
2023,10,211220,adm,8000.0,1
2023,10,211220,adm,9000.0,1
2023,10,211220,adm,9500.0,1
2023,10,211220,adm,10000.0,3
2023,10,211220,adm,11000.0,1
2023,10,211220,adm,12000.0,1
2023,10,211220,adm,13000.0,1
2023,10,211220,adm,17000.0,1
2023,10,211220,adm,19000.0,1
2023,10,211220,deslig,4000.0,1
2023,10,211220,deslig,10000.0,1
2023,10,211220,deslig,12000.0,1
2023,10,211220,deslig,13000.0,1
2023,10,211220,deslig,15500.0,1
2023,10,212205,adm,0.0,1
2023,10,212205,adm,3000.0,2
2023,10,212205,adm,3500.0,2
2023,10,212205,adm,4000.0,3
2023,10,212205,adm,4500.0,1
2023,10,212205,adm,5500.0,2
2023,10,212205,adm,6000.0,5
2023,10,212205,adm,6500.0,1
2023,10,212205,adm,7000.0,2
2023,10,212205,adm,8000.0,4
2023,10,212205,adm,8500.0,1
2023,10,212205,adm,9000.0,5
2023,10,212205,adm,9500.0,2
2023,10,212205,adm,10000.0,6
2023,10,212205,adm,10500.0,1
2023,10,212205,adm,11000.0,4
2023,10,212205,adm,11500.0,3
2023,10,212205,adm,12000.0,6
2023,10,212205,adm,12500.0,2
2023,10,212205,adm,13000.0,6
2023,10,212205,adm,14000.0,2
2023,10,212205,adm,14500.0,4
2023,10,212205,adm,15000.0,2
2023,10,212205,adm,15500.0,2
2023,10,212205,adm,16000.0,5
2023,10,212205,adm,16500.0,1
2023,10,212205,adm,17000.0,3
2023,10,212205,adm,17500.0,1
2023,10,212205,adm,18000.0,3
2023,10,212205,adm,18500.0,3
2023,10,212205,adm,19000.0,3
2023,10,212205,adm,20000.0,1
2023,10,212205,adm,21000.0,2
2023,10,212205,adm,22000.0,1
2023,10,212205,adm,23000.0,1
2023,10,212205,adm,24000.0,2
2023,10,212205,adm,25000.0,1
2023,10,212205,adm,26500.0,2
2023,10,212205,adm,28000.0,1
2023,10,212205,adm,28500.0,1
2023,10,212205,adm,30000.0,1
2023,10,212205,adm,39500.0,1
2023,10,212205,adm,43000.0,1
2023,10,212205,adm,49500.0,1
2023,10,212205,adm,50000.0,2
2023,10,212205,deslig,1500.0,1
2023,10,212205,deslig,2000.0,2
2023,10,212205,deslig,3000.0,2
2023,10,212205,deslig,3500.0,5
2023,10,212205,deslig,4000.0,1
2023,10,212205,deslig,5500.0,3
2023,10,212205,deslig,6000.0,8
2023,10,212205,deslig,6500.0,4
2023,10,212205,deslig,7000.0,2
2023,10,212205,deslig,7500.0,6
2023,10,212205,deslig,8000.0,3
2023,10,212205,deslig,8500.0,3
2023,10,212205,deslig,9000.0,2
2023,10,212205,deslig,9500.0,4
2023,10,212205,deslig,10000.0,2
2023,10,212205,deslig,10500.0,2
2023,10,212205,deslig,11000.0,2
2023,10,212205,deslig,11500.0,3
2023,10,212205,deslig,12000.0,5
2023,10,212205,deslig,12500.0,8
2023,10,212205,deslig,13000.0,1
2023,10,212205,deslig,13500.0,3
2023,10,212205,deslig,14000.0,2
2023,10,212205,deslig,15000.0,5
2023,10,212205,deslig,15500.0,4
2023,10,212205,deslig,16000.0,4
2023,10,212205,deslig,16500.0,5
2023,10,212205,deslig,17000.0,2
2023,10,212205,deslig,17500.0,2
2023,10,212205,deslig,18000.0,2
2023,10,212205,deslig,18500.0,1
2023,10,212205,deslig,19000.0,5
2023,10,212205,deslig,20000.0,1
2023,10,212205,deslig,20500.0,1
2023,10,212205,deslig,21500.0,1
2023,10,212205,deslig,24000.0,1
2023,10,212205,deslig,24500.0,1
2023,10,212205,deslig,27500.0,1
2023,10,212205,deslig,33000.0,1
2023,10,212205,deslig,34000.0,1
2023,10,212205,deslig,44000.0,1
2023,10,212205,deslig,50000.0,1
2023,10,212210,adm,7000.0,1
2023,10,212210,adm,8000.0,1
2023,10,212210,adm,10500.0,1
2023,10,212210,adm,11000.0,1
2023,10,212210,adm,11500.0,7
2023,10,212210,adm,12500.0,1
2023,10,212210,adm,13000.0,1
2023,10,212210,adm,14000.0,4
2023,10,212210,adm,19000.0,2
2023,10,212210,adm,20500.0,1
2023,10,212210,adm,22000.0,1
2023,10,212210,adm,24000.0,1
2023,10,212210,adm,30000.0,1
2023,10,212210,deslig,3000.0,1
2023,10,212210,deslig,5000.0,1
2023,10,212210,deslig,5500.0,1
2023,10,212210,deslig,7500.0,1
2023,10,212210,deslig,11000.0,1
2023,10,212210,deslig,14000.0,1
2023,10,212210,deslig,15000.0,1
2023,10,212215,adm,2000.0,6
2023,10,212215,adm,2500.0,1
2023,10,212215,adm,3000.0,3
2023,10,212215,adm,3500.0,1
2023,10,212215,adm,4000.0,4
2023,10,212215,adm,4500.0,2
2023,10,212215,adm,5000.0,4
2023,10,212215,adm,5500.0,1
2023,10,212215,adm,6000.0,6
2023,10,212215,adm,6500.0,7
2023,10,212215,adm,7000.0,8
2023,10,212215,adm,7500.0,1
2023,10,212215,adm,8000.0,7
2023,10,212215,adm,8500.0,3
2023,10,212215,adm,9000.0,7
2023,10,212215,adm,9500.0,6
2023,10,212215,adm,10000.0,4
2023,10,212215,adm,10500.0,3
2023,10,212215,adm,11000.0,12
2023,10,212215,adm,11500.0,3
2023,10,212215,adm,12000.0,7
2023,10,212215,adm,12500.0,4
2023,10,212215,adm,13000.0,8
2023,10,212215,adm,13500.0,3
2023,10,212215,adm,14500.0,4
2023,10,212215,adm,15000.0,5
2023,10,212215,adm,15500.0,7
2023,10,212215,adm,16000.0,5
2023,10,212215,adm,16500.0,1
2023,10,212215,adm,17000.0,5
2023,10,212215,adm,17500.0,3
2023,10,212215,adm,18000.0,3
2023,10,212215,adm,19000.0,4
2023,10,212215,adm,20000.0,9
2023,10,212215,adm,21000.0,2
2023,10,212215,adm,22000.0,1
2023,10,212215,adm,22500.0,2
2023,10,212215,adm,23000.0,6
2023,10,212215,adm,23500.0,1
2023,10,212215,adm,24000.0,1
2023,10,212215,adm,25000.0,4
2023,10,212215,adm,26000.0,2
2023,10,212215,adm,28000.0,3
2023,10,212215,adm,28500.0,1
2023,10,212215,adm,29000.0,2
2023,10,212215,adm,30000.0,2
2023,10,212215,adm,31500.0,2
2023,10,212215,adm,32000.0,1
2023,10,212215,adm,32500.0,1
2023,10,212215,adm,33000.0,2
2023,10,212215,adm,35500.0,1
2023,10,212215,adm,38500.0,1
2023,10,212215,adm,39000.0,2
2023,10,212215,adm,40000.0,1
2023,10,212215,adm,47500.0,1
2023,10,212215,adm,50000.0,4
2023,10,212215,deslig,1500.0,1
2023,10,212215,deslig,2000.0,3
2023,10,212215,deslig,3500.0,1
2023,10,212215,deslig,4000.0,1
2023,10,212215,deslig,4500.0,1
2023,10,212215,deslig,5500.0,3
2023,10,212215,deslig,6000.0,4
2023,10,212215,deslig,6500.0,3
2023,10,212215,deslig,7000.0,7
2023,10,212215,deslig,7500.0,3
2023,10,212215,deslig,8000.0,2
2023,10,212215,deslig,8500.0,2
2023,10,212215,deslig,9000.0,10
2023,10,212215,deslig,9500.0,5
2023,10,212215,deslig,10000.0,6
2023,10,212215,deslig,10500.0,4
2023,10,212215,deslig,11000.0,2
2023,10,212215,deslig,11500.0,5
2023,10,212215,deslig,12000.0,5
2023,10,212215,deslig,12500.0,5
2023,10,212215,deslig,13000.0,4
2023,10,212215,deslig,13500.0,4
2023,10,212215,deslig,14000.0,2
2023,10,212215,deslig,14500.0,2
2023,10,212215,deslig,15000.0,5
2023,10,212215,deslig,15500.0,4
2023,10,212215,deslig,16000.0,2
2023,10,212215,deslig,16500.0,1
2023,10,212215,deslig,17000.0,4
2023,10,212215,deslig,17500.0,2
2023,10,212215,deslig,18000.0,3
2023,10,212215,deslig,19000.0,3
2023,10,212215,deslig,20000.0,3
2023,10,212215,deslig,20500.0,3
2023,10,212215,deslig,21000.0,3
2023,10,212215,deslig,22000.0,2
2023,10,212215,deslig,23000.0,2
2023,10,212215,deslig,23500.0,1
2023,10,212215,deslig,27000.0,1
2023,10,212215,deslig,28500.0,2
2023,10,212215,deslig,29500.0,1
2023,10,212215,deslig,30000.0,1
2023,10,212215,deslig,30500.0,1
2023,10,212215,deslig,31000.0,1
2023,10,212215,deslig,31500.0,2
2023,10,212215,deslig,34500.0,1
2023,10,212215,deslig,35500.0,1
2023,10,212215,deslig,36500.0,1
2023,10,212215,deslig,38000.0,3
2023,10,212215,deslig,50000.0,1
2023,10,212305,adm,1000.0,2
2023,10,212305,adm,1500.0,4
2023,10,212305,adm,2000.0,2
2023,10,212305,adm,2500.0,4
2023,10,212305,adm,3000.0,5
2023,10,212305,adm,3500.0,6
2023,10,212305,adm,4000.0,9
2023,10,212305,adm,4500.0,7
2023,10,212305,adm,5000.0,2
2023,10,212305,adm,6000.0,4
2023,10,212305,adm,6500.0,1
2023,10,212305,adm,7000.0,3
2023,10,212305,adm,7500.0,3
2023,10,212305,adm,8000.0,2
2023,10,212305,adm,8500.0,4
2023,10,212305,adm,9000.0,6
2023,10,212305,adm,9500.0,7
2023,10,212305,adm,10000.0,3
2023,10,212305,adm,10500.0,1
2023,10,212305,adm,11000.0,5
2023,10,212305,adm,11500.0,3
2023,10,212305,adm,12000.0,6
2023,10,212305,adm,12500.0,1
2023,10,212305,adm,13000.0,3
2023,10,212305,adm,13500.0,2
2023,10,212305,adm,14000.0,1
2023,10,212305,adm,14500.0,3
2023,10,212305,adm,15000.0,1
2023,10,212305,adm,15500.0,3
2023,10,212305,adm,16000.0,1
2023,10,212305,adm,18000.0,2
2023,10,212305,adm,19500.0,1
2023,10,212305,adm,20000.0,1
2023,10,212305,adm,21000.0,1
2023,10,212305,adm,22000.0,1
2023,10,212305,adm,25000.0,1
2023,10,212305,adm,34000.0,1
2023,10,212305,deslig,1500.0,1
2023,10,212305,deslig,2000.0,3
2023,10,212305,deslig,2500.0,2
2023,10,212305,deslig,3000.0,2
2023,10,212305,deslig,3500.0,5
2023,10,212305,deslig,4000.0,6
2023,10,212305,deslig,4500.0,2
2023,10,212305,deslig,5000.0,3
2023,10,212305,deslig,5500.0,4
2023,10,212305,deslig,6000.0,11
2023,10,212305,deslig,6500.0,3
2023,10,212305,deslig,7000.0,8
2023,10,212305,deslig,7500.0,2
2023,10,212305,deslig,8000.0,3
2023,10,212305,deslig,8500.0,8
2023,10,212305,deslig,9000.0,2
2023,10,212305,deslig,9500.0,2
2023,10,212305,deslig,10000.0,2
2023,10,212305,deslig,10500.0,4
2023,10,212305,deslig,11000.0,1
2023,10,212305,deslig,12000.0,3
2023,10,212305,deslig,12500.0,2
2023,10,212305,deslig,13000.0,6
2023,10,212305,deslig,13500.0,3
2023,10,212305,deslig,14000.0,3
2023,10,212305,deslig,16500.0,2
2023,10,212305,deslig,17000.0,1
2023,10,212305,deslig,18000.0,2
2023,10,212305,deslig,20500.0,2
2023,10,212305,deslig,21000.0,1
2023,10,212305,deslig,24500.0,1
2023,10,212305,deslig,27000.0,1
2023,10,212405,adm,1000.0,5
2023,10,212405,adm,1500.0,67
2023,10,212405,adm,2000.0,147
2023,10,212405,adm,2500.0,178
2023,10,212405,adm,3000.0,127
2023,10,212405,adm,3500.0,178
2023,10,212405,adm,4000.0,110
2023,10,212405,adm,4500.0,102
2023,10,212405,adm,5000.0,123
2023,10,212405,adm,5500.0,88
2023,10,212405,adm,6000.0,145
2023,10,212405,adm,6500.0,105
2023,10,212405,adm,7000.0,105
2023,10,212405,adm,7500.0,102
2023,10,212405,adm,8000.0,141
2023,10,212405,adm,8500.0,75
2023,10,212405,adm,9000.0,114
2023,10,212405,adm,9500.0,76
2023,10,212405,adm,10000.0,91
2023,10,212405,adm,10500.0,55
2023,10,212405,adm,11000.0,104
2023,10,212405,adm,11500.0,52
2023,10,212405,adm,12000.0,92
2023,10,212405,adm,12500.0,57
2023,10,212405,adm,13000.0,58
2023,10,212405,adm,13500.0,32
2023,10,212405,adm,14000.0,56
2023,10,212405,adm,14500.0,20
2023,10,212405,adm,15000.0,45
2023,10,212405,adm,15500.0,15
2023,10,212405,adm,16000.0,38
2023,10,212405,adm,16500.0,17
2023,10,212405,adm,17000.0,30
2023,10,212405,adm,17500.0,11
2023,10,212405,adm,18000.0,11
2023,10,212405,adm,18500.0,8
2023,10,212405,adm,19000.0,9
2023,10,212405,adm,19500.0,8
2023,10,212405,adm,20000.0,13
2023,10,212405,adm,21000.0,5
2023,10,212405,adm,22000.0,1
2023,10,212405,adm,22500.0,3
2023,10,212405,adm,23000.0,5
2023,10,212405,adm,25000.0,4
2023,10,212405,adm,26000.0,1
2023,10,212405,adm,26500.0,1
2023,10,212405,adm,27000.0,1
2023,10,212405,adm,27500.0,1
2023,10,212405,adm,30000.0,1
2023,10,212405,adm,31000.0,1
2023,10,212405,adm,31500.0,1
2023,10,212405,adm,32000.0,1
2023,10,212405,adm,33500.0,1
2023,10,212405,adm,39500.0,2
2023,10,212405,adm,43000.0,1
2023,10,212405,deslig,0.0,4
2023,10,212405,deslig,1000.0,5
2023,10,212405,deslig,1500.0,62
2023,10,212405,deslig,2000.0,108
2023,10,212405,deslig,2500.0,133
2023,10,212405,deslig,3000.0,129
2023,10,212405,deslig,3500.0,119
2023,10,212405,deslig,4000.0,111
2023,10,212405,deslig,4500.0,100
2023,10,212405,deslig,5000.0,108
2023,10,212405,deslig,5500.0,101
2023,10,212405,deslig,6000.0,111
2023,10,212405,deslig,6500.0,94
2023,10,212405,deslig,7000.0,97
2023,10,212405,deslig,7500.0,74
2023,10,212405,deslig,8000.0,95
2023,10,212405,deslig,8500.0,89
2023,10,212405,deslig,9000.0,75
2023,10,212405,deslig,9500.0,74
2023,10,212405,deslig,10000.0,91
2023,10,212405,deslig,10500.0,70
2023,10,212405,deslig,11000.0,83
2023,10,212405,deslig,11500.0,56
2023,10,212405,deslig,12000.0,83
2023,10,212405,deslig,12500.0,50
2023,10,212405,deslig,13000.0,55
2023,10,212405,deslig,13500.0,43
2023,10,212405,deslig,14000.0,51
2023,10,212405,deslig,14500.0,40
2023,10,212405,deslig,15000.0,39
2023,10,212405,deslig,15500.0,23
2023,10,212405,deslig,16000.0,34
2023,10,212405,deslig,16500.0,17
2023,10,212405,deslig,17000.0,19
2023,10,212405,deslig,17500.0,10
2023,10,212405,deslig,18000.0,13
2023,10,212405,deslig,18500.0,11
2023,10,212405,deslig,19000.0,12
2023,10,212405,deslig,19500.0,2
2023,10,212405,deslig,20000.0,8
2023,10,212405,deslig,21000.0,2
2023,10,212405,deslig,22000.0,1
2023,10,212405,deslig,22500.0,3
2023,10,212405,deslig,23000.0,1
2023,10,212405,deslig,23500.0,4
2023,10,212405,deslig,24000.0,1
2023,10,212405,deslig,25000.0,3
2023,10,212405,deslig,25500.0,1
2023,10,212405,deslig,26000.0,2
2023,10,212405,deslig,27500.0,1
2023,10,212405,deslig,28000.0,1
2023,10,212405,deslig,29000.0,1
2023,10,212405,deslig,29500.0,2
2023,10,212405,deslig,31500.0,1
2023,10,212405,deslig,50000.0,1
2023,10,212410,adm,1000.0,9
2023,10,212410,adm,1500.0,48
2023,10,212410,adm,2000.0,50
2023,10,212410,adm,2500.0,47
2023,10,212410,adm,3000.0,36
2023,10,212410,adm,3500.0,19
2023,10,212410,adm,4000.0,38
2023,10,212410,adm,4500.0,24
2023,10,212410,adm,5000.0,23
2023,10,212410,adm,5500.0,13
2023,10,212410,adm,6000.0,23
2023,10,212410,adm,6500.0,13
2023,10,212410,adm,7000.0,12
2023,10,212410,adm,7500.0,18
2023,10,212410,adm,8000.0,21
2023,10,212410,adm,8500.0,18
2023,10,212410,adm,9000.0,13
2023,10,212410,adm,9500.0,5
2023,10,212410,adm,10000.0,13
2023,10,212410,adm,10500.0,3
2023,10,212410,adm,11000.0,5
2023,10,212410,adm,11500.0,1
2023,10,212410,adm,12000.0,8
2023,10,212410,adm,12500.0,3
2023,10,212410,adm,13000.0,2
2023,10,212410,adm,13500.0,1
2023,10,212410,adm,14000.0,2
2023,10,212410,adm,14500.0,1
2023,10,212410,adm,15000.0,2
2023,10,212410,adm,15500.0,1
2023,10,212410,adm,16500.0,1
2023,10,212410,adm,19500.0,1
2023,10,212410,adm,21000.0,2
2023,10,212410,adm,25500.0,1
2023,10,212410,adm,50000.0,1
2023,10,212410,deslig,0.0,1
2023,10,212410,deslig,1000.0,20
2023,10,212410,deslig,1500.0,40
2023,10,212410,deslig,2000.0,51
2023,10,212410,deslig,2500.0,42
2023,10,212410,deslig,3000.0,50
2023,10,212410,deslig,3500.0,44
2023,10,212410,deslig,4000.0,35
2023,10,212410,deslig,4500.0,15
2023,10,212410,deslig,5000.0,16
2023,10,212410,deslig,5500.0,21
2023,10,212410,deslig,6000.0,13
2023,10,212410,deslig,6500.0,19
2023,10,212410,deslig,7000.0,18
2023,10,212410,deslig,7500.0,8
2023,10,212410,deslig,8000.0,13
2023,10,212410,deslig,8500.0,9
2023,10,212410,deslig,9000.0,11
2023,10,212410,deslig,9500.0,2
2023,10,212410,deslig,10000.0,9
2023,10,212410,deslig,10500.0,3
2023,10,212410,deslig,11000.0,10
2023,10,212410,deslig,11500.0,6
2023,10,212410,deslig,12000.0,8
2023,10,212410,deslig,12500.0,6
2023,10,212410,deslig,13000.0,2
2023,10,212410,deslig,13500.0,3
2023,10,212410,deslig,14000.0,4
2023,10,212410,deslig,14500.0,1
2023,10,212410,deslig,15000.0,3
2023,10,212410,deslig,15500.0,1
2023,10,212410,deslig,16000.0,2
2023,10,212410,deslig,16500.0,1
2023,10,212410,deslig,17500.0,1
2023,10,212410,deslig,21000.0,1
2023,10,212410,deslig,22000.0,1
2023,10,212410,deslig,23500.0,1
2023,10,212410,deslig,24000.0,1
2023,10,212410,deslig,29500.0,1
2023,10,212410,deslig,34500.0,1
2023,10,212410,deslig,39000.0,1
2023,10,212410,deslig,50000.0,1
2023,10,212425,adm,3000.0,3
2023,10,212425,adm,5500.0,1
2023,10,212425,adm,7000.0,2
2023,10,212425,adm,7500.0,2
2023,10,212425,adm,9500.0,1
2023,10,212425,adm,10000.0,1
2023,10,212425,adm,10500.0,3
2023,10,212425,adm,11000.0,4
2023,10,212425,adm,11500.0,2
2023,10,212425,adm,12000.0,2
2023,10,212425,adm,12500.0,3
2023,10,212425,adm,13000.0,1
2023,10,212425,adm,13500.0,1
2023,10,212425,adm,14000.0,5
2023,10,212425,adm,14500.0,2
2023,10,212425,adm,15000.0,6
2023,10,212425,adm,15500.0,1
2023,10,212425,adm,16000.0,2
2023,10,212425,adm,16500.0,2
2023,10,212425,adm,17000.0,4
2023,10,212425,adm,17500.0,2
2023,10,212425,adm,18000.0,3
2023,10,212425,adm,19000.0,2
2023,10,212425,adm,20000.0,2
2023,10,212425,adm,21000.0,1
2023,10,212425,adm,22500.0,1
2023,10,212425,adm,23000.0,1
2023,10,212425,adm,24000.0,1
2023,10,212425,adm,25000.0,1
2023,10,212425,adm,35000.0,1
2023,10,212425,adm,40000.0,1
2023,10,212425,deslig,2000.0,1
2023,10,212425,deslig,3000.0,2
2023,10,212425,deslig,4000.0,1
2023,10,212425,deslig,5000.0,1
2023,10,212425,deslig,5500.0,1
2023,10,212425,deslig,8000.0,2
2023,10,212425,deslig,9500.0,2
2023,10,212425,deslig,10500.0,2
2023,10,212425,deslig,11000.0,1
2023,10,212425,deslig,12000.0,2
2023,10,212425,deslig,12500.0,2
2023,10,212425,deslig,13000.0,2
2023,10,212425,deslig,13500.0,2
2023,10,212425,deslig,14000.0,2
2023,10,212425,deslig,14500.0,1
2023,10,212425,deslig,15000.0,1
2023,10,212425,deslig,15500.0,5
2023,10,212425,deslig,16500.0,2
2023,10,212425,deslig,17000.0,2
2023,10,212425,deslig,17500.0,3
2023,10,212425,deslig,18000.0,7
2023,10,212425,deslig,18500.0,1
2023,10,212425,deslig,19000.0,1
2023,10,212425,deslig,19500.0,4
2023,10,212425,deslig,20000.0,1
2023,10,212425,deslig,20500.0,2
2023,10,212425,deslig,22500.0,2
2023,10,212425,deslig,37000.0,1
2023,10,212425,deslig,50000.0,1
2023,11,203105,adm,2000.0,1
2023,11,203105,adm,3500.0,1
2023,11,203105,adm,4000.0,3
2023,11,203105,adm,5500.0,1
2023,11,203105,adm,6000.0,1
2023,11,203105,adm,7000.0,2
2023,11,203105,adm,7500.0,1
2023,11,203105,adm,8000.0,1
2023,11,203105,adm,8500.0,3
2023,11,203105,adm,9000.0,2
2023,11,203105,adm,10000.0,2
2023,11,203105,adm,13000.0,1
2023,11,203105,adm,13500.0,1
2023,11,203105,adm,15000.0,2
2023,11,203105,adm,15500.0,1
2023,11,203105,adm,16000.0,1
2023,11,203105,adm,19500.0,1
2023,11,203105,adm,21000.0,1
2023,11,203105,adm,22000.0,1
2023,11,203105,deslig,4000.0,3
2023,11,203105,deslig,4500.0,2
2023,11,203105,deslig,5000.0,2
2023,11,203105,deslig,5500.0,1
2023,11,203105,deslig,6000.0,1
2023,11,203105,deslig,6500.0,1
2023,11,203105,deslig,8000.0,4
2023,11,203105,deslig,8500.0,1
2023,11,203105,deslig,9000.0,1
2023,11,203105,deslig,9500.0,1
2023,11,203105,deslig,10000.0,1
2023,11,203105,deslig,10500.0,2
2023,11,203105,deslig,11000.0,3
2023,11,203105,deslig,11500.0,1
2023,11,203105,deslig,12000.0,2
2023,11,203105,deslig,12500.0,1
2023,11,203105,deslig,15000.0,1
2023,11,203105,deslig,15500.0,2
2023,11,203105,deslig,16500.0,1
2023,11,203105,deslig,18000.0,2
2023,11,203105,deslig,19000.0,1
2023,11,203105,deslig,19500.0,2
2023,11,203105,deslig,27500.0,1
2023,11,203105,deslig,32000.0,1
2023,11,211205,adm,1500.0,1
2023,11,211205,adm,2000.0,1
2023,11,211205,adm,2500.0,1
2023,11,211205,adm,3000.0,2
2023,11,211205,adm,3500.0,2
2023,11,211205,adm,4500.0,3
2023,11,211205,adm,5000.0,4
2023,11,211205,adm,5500.0,1
2023,11,211205,adm,6500.0,1
2023,11,211205,adm,7000.0,1
2023,11,211205,adm,7500.0,1
2023,11,211205,adm,9000.0,1
2023,11,211205,adm,10000.0,1
2023,11,211205,adm,10500.0,1
2023,11,211205,adm,11000.0,2
2023,11,211205,adm,12000.0,2
2023,11,211205,adm,13500.0,1
2023,11,211205,adm,14000.0,1
2023,11,211205,adm,19500.0,1
2023,11,211205,deslig,1500.0,1
2023,11,211205,deslig,2500.0,1
2023,11,211205,deslig,3000.0,1
2023,11,211205,deslig,4500.0,1
2023,11,211205,deslig,5000.0,1
2023,11,211205,deslig,5500.0,1
2023,11,211205,deslig,6500.0,2
2023,11,211205,deslig,7500.0,2
2023,11,211205,deslig,8500.0,1
2023,11,211205,deslig,9000.0,1
2023,11,211205,deslig,9500.0,2
2023,11,211205,deslig,12000.0,1
2023,11,211205,deslig,12500.0,2
2023,11,211205,deslig,13000.0,1
2023,11,211205,deslig,16500.0,2
2023,11,211205,deslig,19000.0,1
2023,11,211205,deslig,28000.0,1
2023,11,211210,adm,3500.0,2
2023,11,211210,adm,5000.0,1
2023,11,211210,adm,5500.0,1
2023,11,211210,adm,10500.0,1
2023,11,211210,deslig,3500.0,1
2023,11,211215,deslig,9000.0,1
2023,11,211220,adm,3000.0,8
2023,11,211220,adm,4500.0,1
2023,11,211220,adm,7000.0,2
2023,11,211220,adm,7500.0,1
2023,11,211220,adm,9000.0,1
2023,11,211220,adm,10000.0,1
2023,11,211220,adm,11500.0,1
2023,11,211220,adm,12000.0,1
2023,11,211220,adm,13000.0,1
2023,11,211220,adm,15000.0,1
2023,11,211220,adm,19000.0,1
2023,11,211220,adm,20000.0,1
2023,11,211220,deslig,7000.0,1
2023,11,211220,deslig,13000.0,1
2023,11,212205,adm,2000.0,1
2023,11,212205,adm,3000.0,1
2023,11,212205,adm,4000.0,1
2023,11,212205,adm,4500.0,1
2023,11,212205,adm,5000.0,5
2023,11,212205,adm,6000.0,2
2023,11,212205,adm,6500.0,1
2023,11,212205,adm,7000.0,4
2023,11,212205,adm,8000.0,1
2023,11,212205,adm,8500.0,3
2023,11,212205,adm,9500.0,1
2023,11,212205,adm,10000.0,7
2023,11,212205,adm,11000.0,1
2023,11,212205,adm,11500.0,3
2023,11,212205,adm,12000.0,5
2023,11,212205,adm,12500.0,2
2023,11,212205,adm,13000.0,2
2023,11,212205,adm,14000.0,1
2023,11,212205,adm,14500.0,2
2023,11,212205,adm,15000.0,5
2023,11,212205,adm,15500.0,1
2023,11,212205,adm,16000.0,3
2023,11,212205,adm,17000.0,3
2023,11,212205,adm,17500.0,1
2023,11,212205,adm,18000.0,1
2023,11,212205,adm,19500.0,2
2023,11,212205,adm,20000.0,1
2023,11,212205,adm,21000.0,2
2023,11,212205,adm,21500.0,2
2023,11,212205,adm,22000.0,3
2023,11,212205,adm,23500.0,2
2023,11,212205,adm,24000.0,3
2023,11,212205,adm,26000.0,1
2023,11,212205,adm,29000.0,1
2023,11,212205,adm,30000.0,1
2023,11,212205,adm,37000.0,2
2023,11,212205,adm,42000.0,1
2023,11,212205,adm,43000.0,3
2023,11,212205,adm,50000.0,2
2023,11,212205,deslig,1500.0,1
2023,11,212205,deslig,2000.0,1
2023,11,212205,deslig,3000.0,1
2023,11,212205,deslig,3500.0,2
2023,11,212205,deslig,4000.0,2
2023,11,212205,deslig,4500.0,1
2023,11,212205,deslig,5500.0,1
2023,11,212205,deslig,6000.0,1
2023,11,212205,deslig,6500.0,1
2023,11,212205,deslig,7000.0,4
2023,11,212205,deslig,7500.0,2
2023,11,212205,deslig,8000.0,7
2023,11,212205,deslig,9000.0,5
2023,11,212205,deslig,9500.0,3
2023,11,212205,deslig,10000.0,5
2023,11,212205,deslig,10500.0,1
2023,11,212205,deslig,11000.0,1
2023,11,212205,deslig,11500.0,1
2023,11,212205,deslig,12000.0,7
2023,11,212205,deslig,12500.0,1
2023,11,212205,deslig,13000.0,3
2023,11,212205,deslig,13500.0,2
2023,11,212205,deslig,14000.0,2
2023,11,212205,deslig,14500.0,2
2023,11,212205,deslig,15000.0,2
2023,11,212205,deslig,15500.0,2
2023,11,212205,deslig,16000.0,3
2023,11,212205,deslig,16500.0,3
2023,11,212205,deslig,17000.0,3
2023,11,212205,deslig,18000.0,4
2023,11,212205,deslig,18500.0,3
2023,11,212205,deslig,19000.0,2
2023,11,212205,deslig,19500.0,2
2023,11,212205,deslig,21000.0,2
2023,11,212205,deslig,22000.0,1
2023,11,212205,deslig,22500.0,1
2023,11,212205,deslig,23500.0,1
2023,11,212205,deslig,24000.0,2
2023,11,212205,deslig,24500.0,1
2023,11,212205,deslig,29500.0,1
2023,11,212205,deslig,31000.0,1
2023,11,212205,deslig,32500.0,1
2023,11,212205,deslig,33000.0,1
2023,11,212205,deslig,33500.0,1
2023,11,212205,deslig,35000.0,1
2023,11,212205,deslig,35500.0,1
2023,11,212205,deslig,40500.0,1
2023,11,212205,deslig,41000.0,1
2023,11,212210,adm,2000.0,1
2023,11,212210,adm,2500.0,1
2023,11,212210,adm,4000.0,1
2023,11,212210,adm,5000.0,2
2023,11,212210,adm,6500.0,1
2023,11,212210,adm,8500.0,1
2023,11,212210,adm,10500.0,1
2023,11,212210,adm,11500.0,4
2023,11,212210,adm,12000.0,3
2023,11,212210,adm,13500.0,2
2023,11,212210,adm,14000.0,4
2023,11,212210,adm,15000.0,1
2023,11,212210,adm,15500.0,1
2023,11,212210,adm,17500.0,1
2023,11,212210,adm,19500.0,1
2023,11,212210,adm,22000.0,1
2023,11,212210,adm,25000.0,1
2023,11,212210,adm,29500.0,1
2023,11,212210,adm,30000.0,1
2023,11,212210,deslig,11500.0,1
2023,11,212215,adm,1500.0,1
2023,11,212215,adm,2000.0,5
2023,11,212215,adm,2500.0,6
2023,11,212215,adm,3000.0,2
2023,11,212215,adm,3500.0,4
2023,11,212215,adm,4000.0,1
2023,11,212215,adm,4500.0,4
2023,11,212215,adm,5000.0,5
2023,11,212215,adm,5500.0,8
2023,11,212215,adm,6000.0,11
2023,11,212215,adm,7000.0,9
2023,11,212215,adm,7500.0,3
2023,11,212215,adm,8000.0,9
2023,11,212215,adm,8500.0,2
2023,11,212215,adm,9000.0,7
2023,11,212215,adm,9500.0,1
2023,11,212215,adm,10000.0,7
2023,11,212215,adm,10500.0,15
2023,11,212215,adm,11000.0,3
2023,11,212215,adm,11500.0,6
2023,11,212215,adm,12000.0,6
2023,11,212215,adm,12500.0,7
2023,11,212215,adm,13000.0,8
2023,11,212215,adm,13500.0,56
2023,11,212215,adm,14000.0,5
2023,11,212215,adm,14500.0,2
2023,11,212215,adm,15000.0,7
2023,11,212215,adm,15500.0,1
2023,11,212215,adm,16000.0,6
2023,11,212215,adm,16500.0,27
2023,11,212215,adm,17000.0,1
2023,11,212215,adm,18000.0,3
2023,11,212215,adm,19000.0,2
2023,11,212215,adm,19500.0,2
2023,11,212215,adm,20000.0,2
2023,11,212215,adm,20500.0,1
2023,11,212215,adm,21000.0,1
2023,11,212215,adm,21500.0,3
2023,11,212215,adm,22000.0,2
2023,11,212215,adm,22500.0,1
2023,11,212215,adm,23000.0,2
2023,11,212215,adm,23500.0,2
2023,11,212215,adm,24000.0,2
2023,11,212215,adm,25000.0,1
2023,11,212215,adm,25500.0,4
2023,11,212215,adm,26500.0,1
2023,11,212215,adm,27000.0,3
2023,11,212215,adm,29000.0,1
2023,11,212215,adm,30000.0,1
2023,11,212215,adm,31000.0,1
2023,11,212215,adm,32500.0,1
2023,11,212215,adm,33000.0,1
2023,11,212215,adm,35000.0,2
2023,11,212215,adm,38000.0,1
2023,11,212215,adm,39000.0,1
2023,11,212215,adm,39500.0,1
2023,11,212215,adm,40500.0,1
2023,11,212215,adm,43000.0,2
2023,11,212215,adm,50000.0,3
2023,11,212215,deslig,2000.0,5
2023,11,212215,deslig,3000.0,1
2023,11,212215,deslig,4000.0,2
2023,11,212215,deslig,4500.0,1
2023,11,212215,deslig,5000.0,3
2023,11,212215,deslig,5500.0,2
2023,11,212215,deslig,7000.0,5
2023,11,212215,deslig,7500.0,3
2023,11,212215,deslig,8000.0,7
2023,11,212215,deslig,8500.0,5
2023,11,212215,deslig,9000.0,3
2023,11,212215,deslig,9500.0,2
2023,11,212215,deslig,10000.0,4
2023,11,212215,deslig,10500.0,2
2023,11,212215,deslig,11000.0,5
2023,11,212215,deslig,11500.0,2
2023,11,212215,deslig,12000.0,5
2023,11,212215,deslig,12500.0,5
2023,11,212215,deslig,13000.0,3
2023,11,212215,deslig,13500.0,3
2023,11,212215,deslig,14500.0,3
2023,11,212215,deslig,15000.0,5
2023,11,212215,deslig,15500.0,3
2023,11,212215,deslig,16000.0,2
2023,11,212215,deslig,16500.0,1
2023,11,212215,deslig,17000.0,1
2023,11,212215,deslig,18000.0,4
2023,11,212215,deslig,18500.0,1
2023,11,212215,deslig,19000.0,4
2023,11,212215,deslig,19500.0,2
2023,11,212215,deslig,20000.0,1
2023,11,212215,deslig,20500.0,2
2023,11,212215,deslig,21000.0,1
2023,11,212215,deslig,21500.0,2
2023,11,212215,deslig,22000.0,2
2023,11,212215,deslig,22500.0,1
2023,11,212215,deslig,23000.0,1
2023,11,212215,deslig,23500.0,3
2023,11,212215,deslig,24000.0,2
2023,11,212215,deslig,24500.0,2
2023,11,212215,deslig,25000.0,1
2023,11,212215,deslig,28000.0,1
2023,11,212215,deslig,29000.0,2
2023,11,212215,deslig,30000.0,1
2023,11,212215,deslig,32500.0,1
2023,11,212215,deslig,34500.0,1
2023,11,212215,deslig,35000.0,1
2023,11,212215,deslig,36000.0,1
2023,11,212215,deslig,38000.0,11
2023,11,212215,deslig,39000.0,1
2023,11,212215,deslig,39500.0,1
2023,11,212215,deslig,43000.0,1
2023,11,212215,deslig,43500.0,1
2023,11,212215,deslig,44000.0,3
2023,11,212215,deslig,46500.0,1
2023,11,212215,deslig,50000.0,4
2023,11,212305,adm,1500.0,4
2023,11,212305,adm,2000.0,7
2023,11,212305,adm,2500.0,2
2023,11,212305,adm,3000.0,1
2023,11,212305,adm,3500.0,3
2023,11,212305,adm,4000.0,8
2023,11,212305,adm,4500.0,1
2023,11,212305,adm,5000.0,4
2023,11,212305,adm,5500.0,5
2023,11,212305,adm,6000.0,3
2023,11,212305,adm,6500.0,8
2023,11,212305,adm,7000.0,4
2023,11,212305,adm,7500.0,1
2023,11,212305,adm,8000.0,1
2023,11,212305,adm,8500.0,1
2023,11,212305,adm,9000.0,7
2023,11,212305,adm,9500.0,1
2023,11,212305,adm,10000.0,4
2023,11,212305,adm,10500.0,2
2023,11,212305,adm,11000.0,2
2023,11,212305,adm,11500.0,3
2023,11,212305,adm,12000.0,9
2023,11,212305,adm,12500.0,2
2023,11,212305,adm,13000.0,6
2023,11,212305,adm,13500.0,2
2023,11,212305,adm,14000.0,1
2023,11,212305,adm,14500.0,1
2023,11,212305,adm,15000.0,3
2023,11,212305,adm,16500.0,1
2023,11,212305,adm,18000.0,1
2023,11,212305,adm,19000.0,1
2023,11,212305,adm,20000.0,1
2023,11,212305,adm,21000.0,2
2023,11,212305,deslig,1000.0,4
2023,11,212305,deslig,2000.0,2
2023,11,212305,deslig,2500.0,1
2023,11,212305,deslig,3000.0,8
2023,11,212305,deslig,3500.0,1
2023,11,212305,deslig,4000.0,8
2023,11,212305,deslig,4500.0,4
2023,11,212305,deslig,5000.0,5
2023,11,212305,deslig,5500.0,7
2023,11,212305,deslig,6000.0,1
2023,11,212305,deslig,6500.0,11
2023,11,212305,deslig,7000.0,3
2023,11,212305,deslig,7500.0,5
2023,11,212305,deslig,8000.0,10
2023,11,212305,deslig,8500.0,3
2023,11,212305,deslig,9000.0,3
2023,11,212305,deslig,9500.0,6
2023,11,212305,deslig,10000.0,4
2023,11,212305,deslig,10500.0,3
2023,11,212305,deslig,11000.0,2
2023,11,212305,deslig,11500.0,1
2023,11,212305,deslig,12000.0,5
2023,11,212305,deslig,12500.0,3
2023,11,212305,deslig,13000.0,3
2023,11,212305,deslig,13500.0,1
2023,11,212305,deslig,14000.0,1
2023,11,212305,deslig,14500.0,2
2023,11,212305,deslig,15000.0,2
2023,11,212305,deslig,15500.0,2
2023,11,212305,deslig,16000.0,1
2023,11,212305,deslig,17000.0,2
2023,11,212305,deslig,18000.0,1
2023,11,212305,deslig,18500.0,1
2023,11,212305,deslig,20500.0,1
2023,11,212405,adm,0.0,2
2023,11,212405,adm,1000.0,3
2023,11,212405,adm,1500.0,46
2023,11,212405,adm,2000.0,160
2023,11,212405,adm,2500.0,108
2023,11,212405,adm,3000.0,145
2023,11,212405,adm,3500.0,150
2023,11,212405,adm,4000.0,108
2023,11,212405,adm,4500.0,90
2023,11,212405,adm,5000.0,100
2023,11,212405,adm,5500.0,62
2023,11,212405,adm,6000.0,101
2023,11,212405,adm,6500.0,100
2023,11,212405,adm,7000.0,105
2023,11,212405,adm,7500.0,77
2023,11,212405,adm,8000.0,125
2023,11,212405,adm,8500.0,85
2023,11,212405,adm,9000.0,109
2023,11,212405,adm,9500.0,55
2023,11,212405,adm,10000.0,113
2023,11,212405,adm,10500.0,62
2023,11,212405,adm,11000.0,82
2023,11,212405,adm,11500.0,47
2023,11,212405,adm,12000.0,69
2023,11,212405,adm,12500.0,51
2023,11,212405,adm,13000.0,65
2023,11,212405,adm,13500.0,36
2023,11,212405,adm,14000.0,39
2023,11,212405,adm,14500.0,31
2023,11,212405,adm,15000.0,53
2023,11,212405,adm,15500.0,20
2023,11,212405,adm,16000.0,32
2023,11,212405,adm,16500.0,19
2023,11,212405,adm,17000.0,21
2023,11,212405,adm,17500.0,9
2023,11,212405,adm,18000.0,11
2023,11,212405,adm,18500.0,9
2023,11,212405,adm,19000.0,11
2023,11,212405,adm,19500.0,4
2023,11,212405,adm,20000.0,8
2023,11,212405,adm,21000.0,2
2023,11,212405,adm,21500.0,1
2023,11,212405,adm,22000.0,5
2023,11,212405,adm,23000.0,2
2023,11,212405,adm,24000.0,1
2023,11,212405,adm,26500.0,2
2023,11,212405,adm,27000.0,2
2023,11,212405,adm,30000.0,1
2023,11,212405,adm,34500.0,1
2023,11,212405,adm,37500.0,1
2023,11,212405,adm,50000.0,1
2023,11,212405,deslig,0.0,1
2023,11,212405,deslig,1000.0,8
2023,11,212405,deslig,1500.0,37
2023,11,212405,deslig,2000.0,97
2023,11,212405,deslig,2500.0,96
2023,11,212405,deslig,3000.0,94
2023,11,212405,deslig,3500.0,96
2023,11,212405,deslig,4000.0,102
2023,11,212405,deslig,4500.0,80
2023,11,212405,deslig,5000.0,88
2023,11,212405,deslig,5500.0,62
2023,11,212405,deslig,6000.0,90
2023,11,212405,deslig,6500.0,69
2023,11,212405,deslig,7000.0,80
2023,11,212405,deslig,7500.0,63
2023,11,212405,deslig,8000.0,86
2023,11,212405,deslig,8500.0,60
2023,11,212405,deslig,9000.0,84
2023,11,212405,deslig,9500.0,72
2023,11,212405,deslig,10000.0,81
2023,11,212405,deslig,10500.0,43
2023,11,212405,deslig,11000.0,63
2023,11,212405,deslig,11500.0,53
2023,11,212405,deslig,12000.0,58
2023,11,212405,deslig,12500.0,44
2023,11,212405,deslig,13000.0,44
2023,11,212405,deslig,13500.0,34
2023,11,212405,deslig,14000.0,36
2023,11,212405,deslig,14500.0,25
2023,11,212405,deslig,15000.0,32
2023,11,212405,deslig,15500.0,21
2023,11,212405,deslig,16000.0,20
2023,11,212405,deslig,16500.0,20
2023,11,212405,deslig,17000.0,16
2023,11,212405,deslig,17500.0,22
2023,11,212405,deslig,18000.0,13
2023,11,212405,deslig,18500.0,6
2023,11,212405,deslig,19000.0,10
2023,11,212405,deslig,19500.0,7
2023,11,212405,deslig,20000.0,10
2023,11,212405,deslig,20500.0,4
2023,11,212405,deslig,21000.0,5
2023,11,212405,deslig,21500.0,2
2023,11,212405,deslig,22000.0,1
2023,11,212405,deslig,23000.0,2
2023,11,212405,deslig,23500.0,4
2023,11,212405,deslig,24000.0,4
2023,11,212405,deslig,25000.0,3
2023,11,212405,deslig,26000.0,1
2023,11,212405,deslig,26500.0,1
2023,11,212405,deslig,27000.0,2
2023,11,212405,deslig,28000.0,1
2023,11,212405,deslig,28500.0,1
2023,11,212405,deslig,29000.0,1
2023,11,212405,deslig,33000.0,1
2023,11,212405,deslig,39000.0,1
2023,11,212410,adm,1000.0,11
2023,11,212410,adm,1500.0,48
2023,11,212410,adm,2000.0,52
2023,11,212410,adm,2500.0,34
2023,11,212410,adm,3000.0,28
2023,11,212410,adm,3500.0,18
2023,11,212410,adm,4000.0,31
2023,11,212410,adm,4500.0,17
2023,11,212410,adm,5000.0,28
2023,11,212410,adm,5500.0,11
2023,11,212410,adm,6000.0,16
2023,11,212410,adm,6500.0,14
2023,11,212410,adm,7000.0,22
2023,11,212410,adm,7500.0,11
2023,11,212410,adm,8000.0,16
2023,11,212410,adm,8500.0,13
2023,11,212410,adm,9000.0,11
2023,11,212410,adm,9500.0,8
2023,11,212410,adm,10000.0,11
2023,11,212410,adm,10500.0,7
2023,11,212410,adm,11000.0,9
2023,11,212410,adm,11500.0,2
2023,11,212410,adm,12000.0,6
2023,11,212410,adm,13000.0,5
2023,11,212410,adm,13500.0,4
2023,11,212410,adm,14000.0,2
2023,11,212410,adm,14500.0,1
2023,11,212410,adm,15000.0,3
2023,11,212410,adm,17000.0,2
2023,11,212410,adm,18000.0,1
2023,11,212410,adm,20000.0,1
2023,11,212410,adm,44000.0,1
2023,11,212410,deslig,1000.0,15
2023,11,212410,deslig,1500.0,32
2023,11,212410,deslig,2000.0,44
2023,11,212410,deslig,2500.0,34
2023,11,212410,deslig,3000.0,24
2023,11,212410,deslig,3500.0,22
2023,11,212410,deslig,4000.0,32
2023,11,212410,deslig,4500.0,20
2023,11,212410,deslig,5000.0,24
2023,11,212410,deslig,5500.0,10
2023,11,212410,deslig,6000.0,11
2023,11,212410,deslig,6500.0,10
2023,11,212410,deslig,7000.0,12
2023,11,212410,deslig,7500.0,12
2023,11,212410,deslig,8000.0,12
2023,11,212410,deslig,8500.0,11
2023,11,212410,deslig,9000.0,9
2023,11,212410,deslig,9500.0,6
2023,11,212410,deslig,10000.0,9
2023,11,212410,deslig,10500.0,3
2023,11,212410,deslig,11000.0,4
2023,11,212410,deslig,11500.0,8
2023,11,212410,deslig,12000.0,4
2023,11,212410,deslig,12500.0,2
2023,11,212410,deslig,13000.0,2
2023,11,212410,deslig,13500.0,1
2023,11,212410,deslig,14000.0,3
2023,11,212410,deslig,14500.0,1
2023,11,212410,deslig,15000.0,1
2023,11,212410,deslig,15500.0,1
2023,11,212410,deslig,16500.0,1
2023,11,212410,deslig,17500.0,1
2023,11,212410,deslig,18000.0,1
2023,11,212410,deslig,19000.0,1
2023,11,212410,deslig,21500.0,1
2023,11,212425,adm,2000.0,1
2023,11,212425,adm,2500.0,1
2023,11,212425,adm,4000.0,1
2023,11,212425,adm,6000.0,1
2023,11,212425,adm,8000.0,1
2023,11,212425,adm,8500.0,3
2023,11,212425,adm,9000.0,3
2023,11,212425,adm,9500.0,1
2023,11,212425,adm,11000.0,2
2023,11,212425,adm,12000.0,1
2023,11,212425,adm,13000.0,4
2023,11,212425,adm,14000.0,4
2023,11,212425,adm,14500.0,2
2023,11,212425,adm,15000.0,6
2023,11,212425,adm,15500.0,1
2023,11,212425,adm,16000.0,3
2023,11,212425,adm,16500.0,2
2023,11,212425,adm,17000.0,1
2023,11,212425,adm,17500.0,2
2023,11,212425,adm,18000.0,3
2023,11,212425,adm,19000.0,1
2023,11,212425,adm,19500.0,2
2023,11,212425,adm,22000.0,2
2023,11,212425,adm,22500.0,1
2023,11,212425,deslig,4000.0,2
2023,11,212425,deslig,6000.0,3
2023,11,212425,deslig,7000.0,1
2023,11,212425,deslig,7500.0,1
2023,11,212425,deslig,9000.0,2
2023,11,212425,deslig,9500.0,1
2023,11,212425,deslig,10000.0,5
2023,11,212425,deslig,10500.0,2
2023,11,212425,deslig,11000.0,1
2023,11,212425,deslig,12000.0,3
2023,11,212425,deslig,12500.0,3
2023,11,212425,deslig,13000.0,1
2023,11,212425,deslig,13500.0,2
2023,11,212425,deslig,14000.0,1
2023,11,212425,deslig,14500.0,2
2023,11,212425,deslig,15000.0,1
2023,11,212425,deslig,16000.0,4
2023,11,212425,deslig,17000.0,1
2023,11,212425,deslig,17500.0,1
2023,11,212425,deslig,18000.0,5
2023,11,212425,deslig,20000.0,1
2023,11,212425,deslig,20500.0,1
2023,11,212425,deslig,21500.0,1
2023,11,212425,deslig,23000.0,1
2023,12,203105,adm,4000.0,4
2023,12,203105,adm,5000.0,2
2023,12,203105,adm,5500.0,2
2023,12,203105,adm,7000.0,1
2023,12,203105,adm,8500.0,2
2023,12,203105,adm,9000.0,2
2023,12,203105,adm,11500.0,1
2023,12,203105,adm,12000.0,1
2023,12,203105,adm,13000.0,1
2023,12,203105,adm,14000.0,2
2023,12,203105,deslig,2500.0,1
2023,12,203105,deslig,5000.0,2
2023,12,203105,deslig,6000.0,1
2023,12,203105,deslig,6500.0,1
2023,12,203105,deslig,7000.0,1
2023,12,203105,deslig,8000.0,2
2023,12,203105,deslig,8500.0,2
2023,12,203105,deslig,9000.0,1
2023,12,203105,deslig,10500.0,1
2023,12,203105,deslig,11500.0,1
2023,12,203105,deslig,13500.0,1
2023,12,203105,deslig,15000.0,3
2023,12,203105,deslig,15500.0,2
2023,12,203105,deslig,18500.0,1
2023,12,203105,deslig,21500.0,1
2023,12,211205,adm,2500.0,1
2023,12,211205,adm,3000.0,2
2023,12,211205,adm,4000.0,2
2023,12,211205,adm,5000.0,3
2023,12,211205,adm,5500.0,1
2023,12,211205,adm,8000.0,2
2023,12,211205,adm,8500.0,1
2023,12,211205,adm,9000.0,1
2023,12,211205,adm,9500.0,1
2023,12,211205,adm,10000.0,1
2023,12,211205,adm,11000.0,1
2023,12,211205,adm,12000.0,2
2023,12,211205,adm,13000.0,1
2023,12,211205,adm,16000.0,1
2023,12,211205,adm,17000.0,1
2023,12,211205,adm,21000.0,1
2023,12,211205,deslig,2000.0,1
2023,12,211205,deslig,4000.0,1
2023,12,211205,deslig,4500.0,1
2023,12,211205,deslig,6000.0,2
2023,12,211205,deslig,7000.0,1
2023,12,211205,deslig,7500.0,2
2023,12,211205,deslig,8000.0,5
2023,12,211205,deslig,9500.0,2
2023,12,211205,deslig,10500.0,1
2023,12,211205,deslig,11000.0,1
2023,12,211205,deslig,12000.0,2
2023,12,211205,deslig,16500.0,2
2023,12,211205,deslig,17000.0,1
2023,12,211205,deslig,18000.0,1
2023,12,211205,deslig,20500.0,1
2023,12,211210,adm,3500.0,1
2023,12,211210,adm,4000.0,1
2023,12,211210,adm,9500.0,1
2023,12,211210,deslig,5500.0,1
2023,12,211210,deslig,10500.0,1
2023,12,211220,adm,7000.0,2
2023,12,211220,adm,10000.0,1
2023,12,211220,adm,11000.0,1
2023,12,211220,adm,12000.0,1
2023,12,211220,adm,18500.0,1
2023,12,211220,deslig,3000.0,1
2023,12,211220,deslig,3500.0,1
2023,12,211220,deslig,7500.0,1
2023,12,211220,deslig,9500.0,1
2023,12,211220,deslig,15000.0,1
2023,12,212205,adm,2000.0,1
2023,12,212205,adm,2500.0,1
2023,12,212205,adm,3000.0,1
2023,12,212205,adm,4000.0,2
2023,12,212205,adm,4500.0,1
2023,12,212205,adm,5000.0,1
2023,12,212205,adm,6000.0,3
2023,12,212205,adm,6500.0,6
2023,12,212205,adm,7000.0,3
2023,12,212205,adm,7500.0,2
2023,12,212205,adm,8000.0,3
2023,12,212205,adm,8500.0,3
2023,12,212205,adm,9000.0,2
2023,12,212205,adm,9500.0,1
2023,12,212205,adm,10000.0,6
2023,12,212205,adm,10500.0,2
2023,12,212205,adm,11000.0,6
2023,12,212205,adm,11500.0,1
2023,12,212205,adm,12000.0,1
2023,12,212205,adm,12500.0,3
2023,12,212205,adm,13000.0,2
2023,12,212205,adm,13500.0,3
2023,12,212205,adm,14000.0,2
2023,12,212205,adm,14500.0,3
2023,12,212205,adm,15000.0,6
2023,12,212205,adm,15500.0,1
2023,12,212205,adm,16000.0,3
2023,12,212205,adm,16500.0,2
2023,12,212205,adm,17000.0,3
2023,12,212205,adm,18000.0,2
2023,12,212205,adm,19000.0,1
2023,12,212205,adm,19500.0,1
2023,12,212205,adm,20000.0,1
2023,12,212205,adm,21000.0,1
2023,12,212205,adm,22000.0,1
2023,12,212205,adm,23000.0,2
2023,12,212205,adm,23500.0,1
2023,12,212205,adm,24000.0,2
2023,12,212205,adm,25000.0,3
2023,12,212205,adm,30000.0,2
2023,12,212205,adm,40500.0,1
2023,12,212205,adm,50000.0,1
2023,12,212205,deslig,2000.0,2
2023,12,212205,deslig,2500.0,1
2023,12,212205,deslig,3000.0,1
2023,12,212205,deslig,3500.0,1
2023,12,212205,deslig,4000.0,2
2023,12,212205,deslig,4500.0,2
2023,12,212205,deslig,5000.0,2
2023,12,212205,deslig,5500.0,1
2023,12,212205,deslig,6000.0,3
2023,12,212205,deslig,6500.0,1
2023,12,212205,deslig,7000.0,5
2023,12,212205,deslig,7500.0,4
2023,12,212205,deslig,8000.0,4
2023,12,212205,deslig,8500.0,4
2023,12,212205,deslig,9500.0,1
2023,12,212205,deslig,10000.0,4
2023,12,212205,deslig,10500.0,4
2023,12,212205,deslig,11000.0,4
2023,12,212205,deslig,11500.0,4
2023,12,212205,deslig,12000.0,4
2023,12,212205,deslig,12500.0,2
2023,12,212205,deslig,13000.0,7
2023,12,212205,deslig,13500.0,3
2023,12,212205,deslig,14000.0,3
2023,12,212205,deslig,14500.0,3
2023,12,212205,deslig,15000.0,2
2023,12,212205,deslig,15500.0,1
2023,12,212205,deslig,16000.0,2
2023,12,212205,deslig,16500.0,3
2023,12,212205,deslig,17000.0,6
2023,12,212205,deslig,17500.0,3
2023,12,212205,deslig,18000.0,2
2023,12,212205,deslig,18500.0,1
2023,12,212205,deslig,19000.0,2
2023,12,212205,deslig,19500.0,3
2023,12,212205,deslig,20500.0,1
2023,12,212205,deslig,22500.0,1
2023,12,212205,deslig,23000.0,6
2023,12,212205,deslig,23500.0,2
2023,12,212205,deslig,24000.0,2
2023,12,212205,deslig,24500.0,2
2023,12,212205,deslig,26000.0,1
2023,12,212205,deslig,27500.0,1
2023,12,212205,deslig,32000.0,1
2023,12,212205,deslig,40500.0,1
2023,12,212205,deslig,42000.0,1
2023,12,212210,adm,10000.0,1
2023,12,212210,adm,11500.0,1
2023,12,212210,adm,14000.0,1
2023,12,212210,adm,17500.0,1
2023,12,212210,adm,18000.0,1
2023,12,212210,adm,19000.0,1
2023,12,212210,adm,23000.0,1
2023,12,212210,adm,24000.0,3
2023,12,212210,deslig,5500.0,1
2023,12,212210,deslig,9000.0,1
2023,12,212210,deslig,13500.0,1
2023,12,212215,adm,2000.0,3
2023,12,212215,adm,2500.0,1
2023,12,212215,adm,3000.0,1
2023,12,212215,adm,4000.0,1
2023,12,212215,adm,5000.0,2
2023,12,212215,adm,6000.0,4
2023,12,212215,adm,7000.0,1
2023,12,212215,adm,7500.0,1
2023,12,212215,adm,8000.0,4
2023,12,212215,adm,8500.0,3
2023,12,212215,adm,9000.0,7
2023,12,212215,adm,9500.0,1
2023,12,212215,adm,10000.0,6
2023,12,212215,adm,10500.0,2
2023,12,212215,adm,11000.0,5
2023,12,212215,adm,12000.0,9
2023,12,212215,adm,12500.0,7
2023,12,212215,adm,13000.0,7
2023,12,212215,adm,13500.0,3
2023,12,212215,adm,14000.0,3
2023,12,212215,adm,14500.0,3
2023,12,212215,adm,15000.0,1
2023,12,212215,adm,16000.0,4
2023,12,212215,adm,16500.0,3
2023,12,212215,adm,17000.0,4
2023,12,212215,adm,17500.0,1
2023,12,212215,adm,18000.0,2
2023,12,212215,adm,18500.0,2
2023,12,212215,adm,20000.0,1
2023,12,212215,adm,20500.0,2
2023,12,212215,adm,21000.0,1
2023,12,212215,adm,22000.0,1
2023,12,212215,adm,24000.0,1
2023,12,212215,adm,24500.0,1
2023,12,212215,adm,25000.0,3
2023,12,212215,adm,25500.0,3
2023,12,212215,adm,26000.0,1
2023,12,212215,adm,27000.0,1
2023,12,212215,adm,28500.0,1
2023,12,212215,adm,29000.0,2
2023,12,212215,adm,30000.0,1
2023,12,212215,adm,37000.0,1
2023,12,212215,adm,40000.0,1
2023,12,212215,adm,41500.0,1
2023,12,212215,adm,43500.0,1
2023,12,212215,adm,44000.0,1
2023,12,212215,adm,50000.0,2
2023,12,212215,deslig,0.0,4
2023,12,212215,deslig,2000.0,2
2023,12,212215,deslig,3000.0,1
2023,12,212215,deslig,3500.0,1
2023,12,212215,deslig,5500.0,1
2023,12,212215,deslig,6000.0,8
2023,12,212215,deslig,6500.0,2
2023,12,212215,deslig,7000.0,6
2023,12,212215,deslig,7500.0,4
2023,12,212215,deslig,8000.0,5
2023,12,212215,deslig,8500.0,1
2023,12,212215,deslig,9000.0,4
2023,12,212215,deslig,9500.0,2
2023,12,212215,deslig,10000.0,3
2023,12,212215,deslig,10500.0,6
2023,12,212215,deslig,11000.0,4
2023,12,212215,deslig,11500.0,2
2023,12,212215,deslig,12000.0,7
2023,12,212215,deslig,12500.0,5
2023,12,212215,deslig,13000.0,5
2023,12,212215,deslig,13500.0,4
2023,12,212215,deslig,14000.0,4
2023,12,212215,deslig,14500.0,2
2023,12,212215,deslig,15000.0,4
2023,12,212215,deslig,15500.0,1
2023,12,212215,deslig,16000.0,4
2023,12,212215,deslig,16500.0,2
2023,12,212215,deslig,17000.0,1
2023,12,212215,deslig,17500.0,3
2023,12,212215,deslig,18000.0,3
2023,12,212215,deslig,18500.0,2
2023,12,212215,deslig,19000.0,1
2023,12,212215,deslig,20000.0,4
2023,12,212215,deslig,22000.0,2
2023,12,212215,deslig,22500.0,2
2023,12,212215,deslig,23500.0,1
2023,12,212215,deslig,25000.0,1
2023,12,212215,deslig,25500.0,1
2023,12,212215,deslig,26500.0,1
2023,12,212215,deslig,27000.0,1
2023,12,212215,deslig,31000.0,1
2023,12,212215,deslig,33000.0,1
2023,12,212215,deslig,36000.0,1
2023,12,212215,deslig,38000.0,1
2023,12,212215,deslig,39500.0,1
2023,12,212215,deslig,41000.0,1
2023,12,212215,deslig,42500.0,1
2023,12,212215,deslig,48000.0,1
2023,12,212215,deslig,50000.0,4
2023,12,212305,adm,1000.0,1
2023,12,212305,adm,2000.0,2
2023,12,212305,adm,2500.0,1
2023,12,212305,adm,3000.0,5
2023,12,212305,adm,3500.0,2
2023,12,212305,adm,4000.0,6
2023,12,212305,adm,4500.0,7
2023,12,212305,adm,5000.0,1
2023,12,212305,adm,5500.0,2
2023,12,212305,adm,6000.0,5
2023,12,212305,adm,6500.0,3
2023,12,212305,adm,7000.0,4
2023,12,212305,adm,7500.0,6
2023,12,212305,adm,8000.0,5
2023,12,212305,adm,8500.0,6
2023,12,212305,adm,9000.0,3
2023,12,212305,adm,9500.0,2
2023,12,212305,adm,10000.0,6
2023,12,212305,adm,10500.0,1
2023,12,212305,adm,11000.0,4
2023,12,212305,adm,11500.0,5
2023,12,212305,adm,12000.0,2
2023,12,212305,adm,12500.0,2
2023,12,212305,adm,13000.0,3
2023,12,212305,adm,13500.0,3
2023,12,212305,adm,14000.0,1
2023,12,212305,adm,15000.0,1
2023,12,212305,adm,17500.0,1
2023,12,212305,adm,18000.0,2
2023,12,212305,adm,18500.0,1
2023,12,212305,adm,23000.0,1
2023,12,212305,deslig,1000.0,6
2023,12,212305,deslig,1500.0,2
2023,12,212305,deslig,2000.0,1
2023,12,212305,deslig,2500.0,2
2023,12,212305,deslig,3000.0,5
2023,12,212305,deslig,3500.0,4
2023,12,212305,deslig,4000.0,7
2023,12,212305,deslig,4500.0,1
2023,12,212305,deslig,5000.0,7
2023,12,212305,deslig,5500.0,4
2023,12,212305,deslig,6000.0,1
2023,12,212305,deslig,6500.0,3
2023,12,212305,deslig,7000.0,5
2023,12,212305,deslig,7500.0,4
2023,12,212305,deslig,8000.0,2
2023,12,212305,deslig,8500.0,2
2023,12,212305,deslig,9000.0,6
2023,12,212305,deslig,9500.0,4
2023,12,212305,deslig,10000.0,3
2023,12,212305,deslig,10500.0,2
2023,12,212305,deslig,11000.0,4
2023,12,212305,deslig,11500.0,4
2023,12,212305,deslig,12000.0,8
2023,12,212305,deslig,12500.0,2
2023,12,212305,deslig,13000.0,3
2023,12,212305,deslig,13500.0,1
2023,12,212305,deslig,14000.0,4
2023,12,212305,deslig,14500.0,1
2023,12,212305,deslig,15000.0,5
2023,12,212305,deslig,15500.0,3
2023,12,212305,deslig,16000.0,4
2023,12,212305,deslig,16500.0,4
2023,12,212305,deslig,17000.0,1
2023,12,212305,deslig,18000.0,2
2023,12,212305,deslig,18500.0,1
2023,12,212305,deslig,20500.0,1
2023,12,212305,deslig,27500.0,1
2023,12,212305,deslig,29500.0,1
2023,12,212405,adm,1000.0,4
2023,12,212405,adm,1500.0,35
2023,12,212405,adm,2000.0,153
2023,12,212405,adm,2500.0,154
2023,12,212405,adm,3000.0,112
2023,12,212405,adm,3500.0,117
2023,12,212405,adm,4000.0,90
2023,12,212405,adm,4500.0,98
2023,12,212405,adm,5000.0,87
2023,12,212405,adm,5500.0,79
2023,12,212405,adm,6000.0,92
2023,12,212405,adm,6500.0,90
2023,12,212405,adm,7000.0,78
2023,12,212405,adm,7500.0,78
2023,12,212405,adm,8000.0,104
2023,12,212405,adm,8500.0,58
2023,12,212405,adm,9000.0,91
2023,12,212405,adm,9500.0,49
2023,12,212405,adm,10000.0,75
2023,12,212405,adm,10500.0,48
2023,12,212405,adm,11000.0,50
2023,12,212405,adm,11500.0,36
2023,12,212405,adm,12000.0,91
2023,12,212405,adm,12500.0,22
2023,12,212405,adm,13000.0,54
2023,12,212405,adm,13500.0,32
2023,12,212405,adm,14000.0,46
2023,12,212405,adm,14500.0,16
2023,12,212405,adm,15000.0,39
2023,12,212405,adm,15500.0,12
2023,12,212405,adm,16000.0,21
2023,12,212405,adm,16500.0,16
2023,12,212405,adm,17000.0,26
2023,12,212405,adm,17500.0,7
2023,12,212405,adm,18000.0,12
2023,12,212405,adm,18500.0,3
2023,12,212405,adm,19000.0,8
2023,12,212405,adm,19500.0,5
2023,12,212405,adm,20000.0,9
2023,12,212405,adm,20500.0,2
2023,12,212405,adm,21000.0,3
2023,12,212405,adm,21500.0,4
2023,12,212405,adm,22000.0,9
2023,12,212405,adm,22500.0,6
2023,12,212405,adm,23000.0,2
2023,12,212405,adm,23500.0,2
2023,12,212405,adm,24000.0,1
2023,12,212405,adm,24500.0,1
2023,12,212405,adm,25000.0,2
2023,12,212405,adm,26000.0,2
2023,12,212405,adm,27000.0,3
2023,12,212405,adm,28000.0,1
2023,12,212405,adm,30000.0,1
2023,12,212405,adm,37000.0,1
2023,12,212405,adm,40000.0,1
2023,12,212405,adm,50000.0,1
2023,12,212405,deslig,1000.0,6
2023,12,212405,deslig,1500.0,45
2023,12,212405,deslig,2000.0,114
2023,12,212405,deslig,2500.0,127
2023,12,212405,deslig,3000.0,98
2023,12,212405,deslig,3500.0,107
2023,12,212405,deslig,4000.0,92
2023,12,212405,deslig,4500.0,86
2023,12,212405,deslig,5000.0,99
2023,12,212405,deslig,5500.0,84
2023,12,212405,deslig,6000.0,124
2023,12,212405,deslig,6500.0,76
2023,12,212405,deslig,7000.0,99
2023,12,212405,deslig,7500.0,85
2023,12,212405,deslig,8000.0,113
2023,12,212405,deslig,8500.0,55
2023,12,212405,deslig,9000.0,67
2023,12,212405,deslig,9500.0,80
2023,12,212405,deslig,10000.0,93
2023,12,212405,deslig,10500.0,55
2023,12,212405,deslig,11000.0,76
2023,12,212405,deslig,11500.0,55
2023,12,212405,deslig,12000.0,56
2023,12,212405,deslig,12500.0,49
2023,12,212405,deslig,13000.0,50
2023,12,212405,deslig,13500.0,44
2023,12,212405,deslig,14000.0,46
2023,12,212405,deslig,14500.0,31
2023,12,212405,deslig,15000.0,38
2023,12,212405,deslig,15500.0,23
2023,12,212405,deslig,16000.0,30
2023,12,212405,deslig,16500.0,15
2023,12,212405,deslig,17000.0,16
2023,12,212405,deslig,17500.0,15
2023,12,212405,deslig,18000.0,15
2023,12,212405,deslig,18500.0,9
2023,12,212405,deslig,19000.0,3
2023,12,212405,deslig,19500.0,4
2023,12,212405,deslig,20000.0,3
2023,12,212405,deslig,20500.0,7
2023,12,212405,deslig,21000.0,3
2023,12,212405,deslig,21500.0,4
2023,12,212405,deslig,22000.0,6
2023,12,212405,deslig,22500.0,3
2023,12,212405,deslig,23000.0,3
2023,12,212405,deslig,24500.0,2
2023,12,212405,deslig,25500.0,1
2023,12,212405,deslig,26000.0,1
2023,12,212405,deslig,27000.0,2
2023,12,212405,deslig,30000.0,1
2023,12,212405,deslig,30500.0,1
2023,12,212405,deslig,35000.0,1
2023,12,212405,deslig,40500.0,1
2023,12,212410,adm,0.0,1
2023,12,212410,adm,1000.0,11
2023,12,212410,adm,1500.0,26
2023,12,212410,adm,2000.0,49
2023,12,212410,adm,2500.0,35
2023,12,212410,adm,3000.0,31
2023,12,212410,adm,3500.0,30
2023,12,212410,adm,4000.0,19
2023,12,212410,adm,4500.0,19
2023,12,212410,adm,5000.0,15
2023,12,212410,adm,5500.0,6
2023,12,212410,adm,6000.0,14
2023,12,212410,adm,6500.0,12
2023,12,212410,adm,7000.0,12
2023,12,212410,adm,7500.0,7
2023,12,212410,adm,8000.0,11
2023,12,212410,adm,8500.0,6
2023,12,212410,adm,9000.0,11
2023,12,212410,adm,9500.0,4
2023,12,212410,adm,10000.0,6
2023,12,212410,adm,10500.0,6
2023,12,212410,adm,11000.0,8
2023,12,212410,adm,11500.0,1
2023,12,212410,adm,12000.0,5
2023,12,212410,adm,12500.0,1
2023,12,212410,adm,13000.0,9
2023,12,212410,adm,13500.0,1
2023,12,212410,adm,14000.0,1
2023,12,212410,adm,14500.0,1
2023,12,212410,adm,15000.0,4
2023,12,212410,adm,15500.0,1
2023,12,212410,adm,16000.0,1
2023,12,212410,adm,17000.0,5
2023,12,212410,adm,18500.0,1
2023,12,212410,adm,19000.0,2
2023,12,212410,adm,20000.0,1
2023,12,212410,adm,22000.0,1
2023,12,212410,deslig,1000.0,12
2023,12,212410,deslig,1500.0,24
2023,12,212410,deslig,2000.0,44
2023,12,212410,deslig,2500.0,50
2023,12,212410,deslig,3000.0,36
2023,12,212410,deslig,3500.0,27
2023,12,212410,deslig,4000.0,13
2023,12,212410,deslig,4500.0,16
2023,12,212410,deslig,5000.0,20
2023,12,212410,deslig,5500.0,11
2023,12,212410,deslig,6000.0,16
2023,12,212410,deslig,6500.0,10
2023,12,212410,deslig,7000.0,5
2023,12,212410,deslig,7500.0,14
2023,12,212410,deslig,8000.0,10
2023,12,212410,deslig,8500.0,7
2023,12,212410,deslig,9000.0,13
2023,12,212410,deslig,9500.0,6
2023,12,212410,deslig,10000.0,7
2023,12,212410,deslig,10500.0,4
2023,12,212410,deslig,11000.0,4
2023,12,212410,deslig,12000.0,5
2023,12,212410,deslig,12500.0,5
2023,12,212410,deslig,13000.0,2
2023,12,212410,deslig,13500.0,3
2023,12,212410,deslig,14000.0,4
2023,12,212410,deslig,14500.0,1
2023,12,212410,deslig,15000.0,5
2023,12,212410,deslig,16000.0,1
2023,12,212410,deslig,16500.0,2
2023,12,212410,deslig,17500.0,1
2023,12,212410,deslig,18000.0,2
2023,12,212410,deslig,19500.0,1
2023,12,212410,deslig,20000.0,1
2023,12,212410,deslig,21000.0,1
2023,12,212410,deslig,22500.0,1
2023,12,212410,deslig,25500.0,1
2023,12,212425,adm,2000.0,1
2023,12,212425,adm,6000.0,1
2023,12,212425,adm,7500.0,1
2023,12,212425,adm,9000.0,1
2023,12,212425,adm,10000.0,3
2023,12,212425,adm,10500.0,1
2023,12,212425,adm,11000.0,1
2023,12,212425,adm,12000.0,3
2023,12,212425,adm,12500.0,2
2023,12,212425,adm,13000.0,1
2023,12,212425,adm,14000.0,1
2023,12,212425,adm,14500.0,3
2023,12,212425,adm,15000.0,3
2023,12,212425,adm,15500.0,3
2023,12,212425,adm,16000.0,2
2023,12,212425,adm,17000.0,1
2023,12,212425,adm,17500.0,1
2023,12,212425,adm,18000.0,3
2023,12,212425,adm,18500.0,1
2023,12,212425,adm,19500.0,1
2023,12,212425,adm,22500.0,1
2023,12,212425,adm,24500.0,1
2023,12,212425,adm,28500.0,1
2023,12,212425,deslig,3000.0,2
2023,12,212425,deslig,3500.0,1
2023,12,212425,deslig,6500.0,1
2023,12,212425,deslig,8000.0,1
2023,12,212425,deslig,8500.0,1
2023,12,212425,deslig,10000.0,2
2023,12,212425,deslig,10500.0,1
2023,12,212425,deslig,11000.0,1
2023,12,212425,deslig,12000.0,2
2023,12,212425,deslig,13000.0,3
2023,12,212425,deslig,13500.0,1
2023,12,212425,deslig,14000.0,1
2023,12,212425,deslig,14500.0,2
2023,12,212425,deslig,15000.0,6
2023,12,212425,deslig,15500.0,4
2023,12,212425,deslig,16000.0,3
2023,12,212425,deslig,16500.0,4
2023,12,212425,deslig,18000.0,3
2023,12,212425,deslig,19000.0,2
2023,12,212425,deslig,19500.0,1
2023,12,212425,deslig,20000.0,1
2023,12,212425,deslig,21500.0,1
2023,12,212425,deslig,23000.0,1
2023,12,212425,deslig,29000.0,1
2024,1,203105,adm,2500.0,1
2024,1,203105,adm,3500.0,1
2024,1,203105,adm,4000.0,7
2024,1,203105,adm,4500.0,3
2024,1,203105,adm,5500.0,3
2024,1,203105,adm,6000.0,1
2024,1,203105,adm,6500.0,1
2024,1,203105,adm,7000.0,3
2024,1,203105,adm,7500.0,1
2024,1,203105,adm,8000.0,1
2024,1,203105,adm,8500.0,1
2024,1,203105,adm,9000.0,3
2024,1,203105,adm,10000.0,8
2024,1,203105,adm,10500.0,1
2024,1,203105,adm,11000.0,1
2024,1,203105,adm,11500.0,1
2024,1,203105,adm,13000.0,2
2024,1,203105,adm,14500.0,1
2024,1,203105,adm,16500.0,2
2024,1,203105,adm,18500.0,1
2024,1,203105,adm,24500.0,1
2024,1,203105,adm,48500.0,1
2024,1,203105,deslig,2500.0,1
2024,1,203105,deslig,4000.0,1
2024,1,203105,deslig,4500.0,1
2024,1,203105,deslig,5000.0,1
2024,1,203105,deslig,5500.0,2
2024,1,203105,deslig,6500.0,2
2024,1,203105,deslig,7000.0,2
2024,1,203105,deslig,7500.0,1
2024,1,203105,deslig,8000.0,3
2024,1,203105,deslig,9000.0,3
2024,1,203105,deslig,10000.0,2
2024,1,203105,deslig,10500.0,1
2024,1,203105,deslig,11000.0,3
2024,1,203105,deslig,11500.0,3
2024,1,203105,deslig,12000.0,3
2024,1,203105,deslig,14000.0,1
2024,1,203105,deslig,17000.0,1
2024,1,203105,deslig,18000.0,3
2024,1,203105,deslig,20000.0,1
2024,1,203105,deslig,25000.0,1
2024,1,203105,deslig,29000.0,1
2024,1,211205,adm,1500.0,1
2024,1,211205,adm,2000.0,1
2024,1,211205,adm,3000.0,2
2024,1,211205,adm,4000.0,1
2024,1,211205,adm,4500.0,3
2024,1,211205,adm,5000.0,5
2024,1,211205,adm,5500.0,1
2024,1,211205,adm,6000.0,3
2024,1,211205,adm,6500.0,1
2024,1,211205,adm,7000.0,2
2024,1,211205,adm,7500.0,2
2024,1,211205,adm,8000.0,4
2024,1,211205,adm,8500.0,1
2024,1,211205,adm,10000.0,2
2024,1,211205,adm,12000.0,4
2024,1,211205,adm,13000.0,2
2024,1,211205,adm,15000.0,1
2024,1,211205,adm,16500.0,1
2024,1,211205,adm,17000.0,1
2024,1,211205,adm,19500.0,1
2024,1,211205,adm,24000.0,1
2024,1,211205,deslig,2500.0,1
2024,1,211205,deslig,3000.0,1
2024,1,211205,deslig,3500.0,2
2024,1,211205,deslig,4500.0,1
2024,1,211205,deslig,5000.0,3
2024,1,211205,deslig,5500.0,2
2024,1,211205,deslig,6000.0,2
2024,1,211205,deslig,7000.0,2
2024,1,211205,deslig,7500.0,5
2024,1,211205,deslig,8000.0,7
2024,1,211205,deslig,8500.0,1
2024,1,211205,deslig,9500.0,1
2024,1,211205,deslig,10000.0,1
2024,1,211205,deslig,10500.0,1
2024,1,211205,deslig,11500.0,1
2024,1,211205,deslig,12000.0,1
2024,1,211205,deslig,12500.0,2
2024,1,211205,deslig,17500.0,1
2024,1,211205,deslig,21500.0,2
2024,1,211210,adm,8000.0,1
2024,1,211210,deslig,4000.0,2
2024,1,211210,deslig,6500.0,1
2024,1,211210,deslig,11000.0,1
2024,1,211210,deslig,12500.0,1
2024,1,211215,adm,5000.0,1
2024,1,211220,adm,3000.0,2
2024,1,211220,adm,4000.0,2
2024,1,211220,adm,5000.0,1
2024,1,211220,adm,7500.0,2
2024,1,211220,adm,10000.0,1
2024,1,211220,adm,12000.0,1
2024,1,211220,adm,12500.0,1
2024,1,211220,adm,14000.0,2
2024,1,211220,adm,15000.0,1
2024,1,211220,adm,17000.0,1
2024,1,211220,adm,17500.0,1
2024,1,211220,adm,18000.0,1
2024,1,211220,deslig,3000.0,1
2024,1,211220,deslig,3500.0,1
2024,1,211220,deslig,4000.0,1
2024,1,211220,deslig,6000.0,1
2024,1,211220,deslig,7000.0,1
2024,1,211220,deslig,11000.0,1
2024,1,211220,deslig,12000.0,2
2024,1,211220,deslig,13000.0,1
2024,1,211220,deslig,13500.0,1
2024,1,211220,deslig,14000.0,1
2024,1,212205,adm,2000.0,1
2024,1,212205,adm,3000.0,2
2024,1,212205,adm,3500.0,2
2024,1,212205,adm,4000.0,1
2024,1,212205,adm,4500.0,4
2024,1,212205,adm,5000.0,5
2024,1,212205,adm,5500.0,3
2024,1,212205,adm,6000.0,3
2024,1,212205,adm,6500.0,12
2024,1,212205,adm,7000.0,2
2024,1,212205,adm,7500.0,3
2024,1,212205,adm,8000.0,4
2024,1,212205,adm,8500.0,2
2024,1,212205,adm,9000.0,4
2024,1,212205,adm,9500.0,8
2024,1,212205,adm,10000.0,9
2024,1,212205,adm,10500.0,9
2024,1,212205,adm,11000.0,7
2024,1,212205,adm,11500.0,3
2024,1,212205,adm,12000.0,4
2024,1,212205,adm,12500.0,1
2024,1,212205,adm,13000.0,6
2024,1,212205,adm,13500.0,4
2024,1,212205,adm,14000.0,8
2024,1,212205,adm,15000.0,5
2024,1,212205,adm,15500.0,4
2024,1,212205,adm,16000.0,4
2024,1,212205,adm,16500.0,2
2024,1,212205,adm,17000.0,2
2024,1,212205,adm,18000.0,7
2024,1,212205,adm,18500.0,1
2024,1,212205,adm,19000.0,1
2024,1,212205,adm,20000.0,4
2024,1,212205,adm,21000.0,1
2024,1,212205,adm,21500.0,1
2024,1,212205,adm,22000.0,1
2024,1,212205,adm,22500.0,1
2024,1,212205,adm,23000.0,2
2024,1,212205,adm,24000.0,1
2024,1,212205,adm,25500.0,1
2024,1,212205,adm,27000.0,1
2024,1,212205,adm,27500.0,1
2024,1,212205,adm,33000.0,1
2024,1,212205,adm,35000.0,1
2024,1,212205,adm,36000.0,1
2024,1,212205,adm,37000.0,1
2024,1,212205,adm,50000.0,1
2024,1,212205,deslig,2000.0,1
2024,1,212205,deslig,3000.0,1
2024,1,212205,deslig,3500.0,2
2024,1,212205,deslig,4000.0,3
2024,1,212205,deslig,4500.0,1
2024,1,212205,deslig,5000.0,2
2024,1,212205,deslig,5500.0,3
2024,1,212205,deslig,6500.0,3
2024,1,212205,deslig,7000.0,1
2024,1,212205,deslig,7500.0,2
2024,1,212205,deslig,8000.0,2
2024,1,212205,deslig,8500.0,1
2024,1,212205,deslig,9000.0,3
2024,1,212205,deslig,9500.0,4
2024,1,212205,deslig,10000.0,3
2024,1,212205,deslig,10500.0,4
2024,1,212205,deslig,11000.0,3
2024,1,212205,deslig,11500.0,2
2024,1,212205,deslig,12000.0,5
2024,1,212205,deslig,12500.0,3
2024,1,212205,deslig,13000.0,3
2024,1,212205,deslig,13500.0,1
2024,1,212205,deslig,14000.0,2
2024,1,212205,deslig,15000.0,4
2024,1,212205,deslig,15500.0,2
2024,1,212205,deslig,16000.0,1
2024,1,212205,deslig,16500.0,1
2024,1,212205,deslig,17000.0,4
2024,1,212205,deslig,17500.0,3
2024,1,212205,deslig,18000.0,1
2024,1,212205,deslig,18500.0,1
2024,1,212205,deslig,19000.0,1
2024,1,212205,deslig,20500.0,2
2024,1,212205,deslig,21000.0,1
2024,1,212205,deslig,21500.0,1
2024,1,212205,deslig,23500.0,1
2024,1,212205,deslig,24500.0,1
2024,1,212205,deslig,26500.0,1
2024,1,212205,deslig,27000.0,1
2024,1,212205,deslig,27500.0,1
2024,1,212205,deslig,43000.0,2
2024,1,212205,deslig,50000.0,3
2024,1,212210,adm,2500.0,1
2024,1,212210,adm,4000.0,1
2024,1,212210,adm,5000.0,2
2024,1,212210,adm,7500.0,1
2024,1,212210,adm,9000.0,3
2024,1,212210,adm,10500.0,2
2024,1,212210,adm,11500.0,1
2024,1,212210,adm,12000.0,1
2024,1,212210,adm,12500.0,1
2024,1,212210,adm,13000.0,1
2024,1,212210,adm,13500.0,2
2024,1,212210,adm,14000.0,1
2024,1,212210,adm,14500.0,1
2024,1,212210,adm,15000.0,1
2024,1,212210,adm,16500.0,1
2024,1,212210,adm,18000.0,1
2024,1,212210,adm,19000.0,1
2024,1,212210,adm,22000.0,1
2024,1,212210,adm,23000.0,1
2024,1,212210,adm,25000.0,1
2024,1,212210,adm,26000.0,1
2024,1,212210,deslig,4000.0,1
2024,1,212210,deslig,7000.0,1
2024,1,212210,deslig,13000.0,1
2024,1,212210,deslig,14000.0,2
2024,1,212215,adm,1500.0,1
2024,1,212215,adm,2000.0,5
2024,1,212215,adm,2500.0,9
2024,1,212215,adm,3000.0,2
2024,1,212215,adm,3500.0,2
2024,1,212215,adm,5000.0,2
2024,1,212215,adm,5500.0,6
2024,1,212215,adm,6000.0,5
2024,1,212215,adm,6500.0,3
2024,1,212215,adm,7000.0,9
2024,1,212215,adm,7500.0,1
2024,1,212215,adm,8000.0,4
2024,1,212215,adm,9000.0,9
2024,1,212215,adm,10000.0,11
2024,1,212215,adm,10500.0,5
2024,1,212215,adm,11000.0,9
2024,1,212215,adm,11500.0,1
2024,1,212215,adm,12000.0,11
2024,1,212215,adm,12500.0,1
2024,1,212215,adm,13000.0,8
2024,1,212215,adm,13500.0,7
2024,1,212215,adm,14000.0,8
2024,1,212215,adm,14500.0,2
2024,1,212215,adm,15000.0,2
2024,1,212215,adm,16000.0,5
2024,1,212215,adm,16500.0,4
2024,1,212215,adm,17000.0,6
2024,1,212215,adm,17500.0,3
2024,1,212215,adm,18000.0,5
2024,1,212215,adm,18500.0,3
2024,1,212215,adm,19000.0,2
2024,1,212215,adm,19500.0,1
2024,1,212215,adm,20000.0,6
2024,1,212215,adm,20500.0,1
2024,1,212215,adm,21000.0,4
2024,1,212215,adm,21500.0,3
2024,1,212215,adm,22500.0,10
2024,1,212215,adm,23000.0,6
2024,1,212215,adm,24000.0,3
2024,1,212215,adm,25000.0,3
2024,1,212215,adm,25500.0,1
2024,1,212215,adm,26000.0,3
2024,1,212215,adm,26500.0,1
2024,1,212215,adm,27500.0,4
2024,1,212215,adm,28000.0,4
2024,1,212215,adm,28500.0,1
2024,1,212215,adm,29000.0,1
2024,1,212215,adm,29500.0,1
2024,1,212215,adm,30000.0,2
2024,1,212215,adm,31000.0,2
2024,1,212215,adm,31500.0,2
2024,1,212215,adm,32000.0,1
2024,1,212215,adm,32500.0,1
2024,1,212215,adm,33500.0,1
2024,1,212215,adm,34500.0,1
2024,1,212215,adm,35000.0,1
2024,1,212215,adm,36500.0,1
2024,1,212215,adm,37500.0,2
2024,1,212215,adm,38000.0,1
2024,1,212215,adm,38500.0,2
2024,1,212215,adm,39000.0,1
2024,1,212215,adm,40000.0,1
2024,1,212215,adm,40500.0,1
2024,1,212215,adm,41500.0,3
2024,1,212215,adm,42500.0,1
2024,1,212215,adm,43000.0,5
2024,1,212215,adm,45000.0,1
2024,1,212215,adm,47000.0,1
2024,1,212215,adm,49000.0,1
2024,1,212215,adm,50000.0,1
2024,1,212215,deslig,0.0,1
2024,1,212215,deslig,2000.0,4
2024,1,212215,deslig,2500.0,2
2024,1,212215,deslig,3000.0,2
2024,1,212215,deslig,3500.0,1
2024,1,212215,deslig,4000.0,4
2024,1,212215,deslig,4500.0,3
2024,1,212215,deslig,5000.0,6
2024,1,212215,deslig,5500.0,1
2024,1,212215,deslig,6000.0,4
2024,1,212215,deslig,6500.0,2
2024,1,212215,deslig,7000.0,4
2024,1,212215,deslig,7500.0,5
2024,1,212215,deslig,8000.0,3
2024,1,212215,deslig,8500.0,5
2024,1,212215,deslig,9000.0,8
2024,1,212215,deslig,9500.0,9
2024,1,212215,deslig,10000.0,5
2024,1,212215,deslig,10500.0,6
2024,1,212215,deslig,11000.0,4
2024,1,212215,deslig,11500.0,2
2024,1,212215,deslig,12000.0,7
2024,1,212215,deslig,12500.0,6
2024,1,212215,deslig,13000.0,4
2024,1,212215,deslig,13500.0,2
2024,1,212215,deslig,14000.0,8
2024,1,212215,deslig,14500.0,3
2024,1,212215,deslig,15000.0,7
2024,1,212215,deslig,15500.0,2
2024,1,212215,deslig,16000.0,2
2024,1,212215,deslig,16500.0,5
2024,1,212215,deslig,17000.0,4
2024,1,212215,deslig,17500.0,3
2024,1,212215,deslig,18000.0,3
2024,1,212215,deslig,18500.0,1
2024,1,212215,deslig,19000.0,5
2024,1,212215,deslig,19500.0,4
2024,1,212215,deslig,20000.0,5
2024,1,212215,deslig,20500.0,1
2024,1,212215,deslig,21500.0,3
2024,1,212215,deslig,22000.0,1
2024,1,212215,deslig,22500.0,9
2024,1,212215,deslig,23000.0,2
2024,1,212215,deslig,24000.0,4
2024,1,212215,deslig,24500.0,2
2024,1,212215,deslig,25000.0,3
2024,1,212215,deslig,25500.0,1
2024,1,212215,deslig,26000.0,3
2024,1,212215,deslig,27000.0,1
2024,1,212215,deslig,28000.0,2
2024,1,212215,deslig,28500.0,2
2024,1,212215,deslig,29500.0,2
2024,1,212215,deslig,30000.0,2
2024,1,212215,deslig,30500.0,1
2024,1,212215,deslig,31500.0,1
2024,1,212215,deslig,32000.0,1
2024,1,212215,deslig,34500.0,1
2024,1,212215,deslig,35500.0,2
2024,1,212215,deslig,40500.0,1
2024,1,212215,deslig,41500.0,2
2024,1,212215,deslig,43000.0,2
2024,1,212215,deslig,48000.0,1
2024,1,212215,deslig,50000.0,5
2024,1,212305,adm,1000.0,3
2024,1,212305,adm,1500.0,2
2024,1,212305,adm,2000.0,4
2024,1,212305,adm,2500.0,2
2024,1,212305,adm,3000.0,5
2024,1,212305,adm,3500.0,5
2024,1,212305,adm,4000.0,1
2024,1,212305,adm,4500.0,2
2024,1,212305,adm,5000.0,2
2024,1,212305,adm,5500.0,1
2024,1,212305,adm,6000.0,6
2024,1,212305,adm,6500.0,2
2024,1,212305,adm,7000.0,6
2024,1,212305,adm,7500.0,3
2024,1,212305,adm,8000.0,4
2024,1,212305,adm,8500.0,3
2024,1,212305,adm,9000.0,4
2024,1,212305,adm,9500.0,1
2024,1,212305,adm,10000.0,5
2024,1,212305,adm,10500.0,2
2024,1,212305,adm,11000.0,1
2024,1,212305,adm,11500.0,3
2024,1,212305,adm,12000.0,3
2024,1,212305,adm,12500.0,1
2024,1,212305,adm,13000.0,3
2024,1,212305,adm,14000.0,4
2024,1,212305,adm,14500.0,1
2024,1,212305,adm,15000.0,3
2024,1,212305,adm,15500.0,3
2024,1,212305,adm,16000.0,2
2024,1,212305,adm,16500.0,1
2024,1,212305,adm,17000.0,2
2024,1,212305,adm,18000.0,1
2024,1,212305,adm,18500.0,2
2024,1,212305,adm,20000.0,1
2024,1,212305,adm,24000.0,1
2024,1,212305,deslig,1000.0,1
2024,1,212305,deslig,1500.0,2
2024,1,212305,deslig,2000.0,3
2024,1,212305,deslig,2500.0,1
2024,1,212305,deslig,3000.0,8
2024,1,212305,deslig,3500.0,3
2024,1,212305,deslig,4000.0,2
2024,1,212305,deslig,4500.0,1
2024,1,212305,deslig,5000.0,4
2024,1,212305,deslig,5500.0,2
2024,1,212305,deslig,6000.0,4
2024,1,212305,deslig,6500.0,3
2024,1,212305,deslig,7000.0,6
2024,1,212305,deslig,7500.0,2
2024,1,212305,deslig,8000.0,4
2024,1,212305,deslig,8500.0,4
2024,1,212305,deslig,9000.0,1
2024,1,212305,deslig,9500.0,3
2024,1,212305,deslig,10000.0,4
2024,1,212305,deslig,10500.0,2
2024,1,212305,deslig,11000.0,5
2024,1,212305,deslig,11500.0,1
2024,1,212305,deslig,12000.0,5
2024,1,212305,deslig,12500.0,1
2024,1,212305,deslig,13000.0,1
2024,1,212305,deslig,14000.0,2
2024,1,212305,deslig,14500.0,1
2024,1,212305,deslig,15000.0,3
2024,1,212305,deslig,15500.0,1
2024,1,212305,deslig,16000.0,3
2024,1,212305,deslig,16500.0,3
2024,1,212305,deslig,18500.0,1
2024,1,212305,deslig,19000.0,1
2024,1,212305,deslig,20000.0,1
2024,1,212305,deslig,22500.0,1
2024,1,212405,adm,1000.0,5
2024,1,212405,adm,1500.0,53
2024,1,212405,adm,2000.0,170
2024,1,212405,adm,2500.0,145
2024,1,212405,adm,3000.0,169
2024,1,212405,adm,3500.0,164
2024,1,212405,adm,4000.0,153
2024,1,212405,adm,4500.0,150
2024,1,212405,adm,5000.0,140
2024,1,212405,adm,5500.0,77
2024,1,212405,adm,6000.0,151
2024,1,212405,adm,6500.0,78
2024,1,212405,adm,7000.0,104
2024,1,212405,adm,7500.0,83
2024,1,212405,adm,8000.0,134
2024,1,212405,adm,8500.0,49
2024,1,212405,adm,9000.0,88
2024,1,212405,adm,9500.0,61
2024,1,212405,adm,10000.0,110
2024,1,212405,adm,10500.0,52
2024,1,212405,adm,11000.0,97
2024,1,212405,adm,11500.0,39
2024,1,212405,adm,12000.0,81
2024,1,212405,adm,12500.0,33
2024,1,212405,adm,13000.0,69
2024,1,212405,adm,13500.0,38
2024,1,212405,adm,14000.0,49
2024,1,212405,adm,14500.0,27
2024,1,212405,adm,15000.0,55
2024,1,212405,adm,15500.0,10
2024,1,212405,adm,16000.0,33
2024,1,212405,adm,16500.0,15
2024,1,212405,adm,17000.0,28
2024,1,212405,adm,17500.0,18
2024,1,212405,adm,18000.0,16
2024,1,212405,adm,18500.0,5
2024,1,212405,adm,19000.0,11
2024,1,212405,adm,19500.0,5
2024,1,212405,adm,20000.0,20
2024,1,212405,adm,20500.0,3
2024,1,212405,adm,21000.0,5
2024,1,212405,adm,22000.0,5
2024,1,212405,adm,22500.0,3
2024,1,212405,adm,23000.0,2
2024,1,212405,adm,24000.0,4
2024,1,212405,adm,25000.0,2
2024,1,212405,adm,25500.0,1
2024,1,212405,adm,26000.0,1
2024,1,212405,adm,27000.0,2
2024,1,212405,adm,29000.0,1
2024,1,212405,adm,30500.0,3
2024,1,212405,adm,31000.0,1
2024,1,212405,adm,32000.0,1
2024,1,212405,adm,33000.0,1
2024,1,212405,adm,47000.0,1
2024,1,212405,adm,48500.0,1
2024,1,212405,adm,50000.0,1
2024,1,212405,deslig,0.0,3
2024,1,212405,deslig,1000.0,3
2024,1,212405,deslig,1500.0,43
2024,1,212405,deslig,2000.0,129
2024,1,212405,deslig,2500.0,120
2024,1,212405,deslig,3000.0,138
2024,1,212405,deslig,3500.0,104
2024,1,212405,deslig,4000.0,120
2024,1,212405,deslig,4500.0,124
2024,1,212405,deslig,5000.0,126
2024,1,212405,deslig,5500.0,113
2024,1,212405,deslig,6000.0,114
2024,1,212405,deslig,6500.0,101
2024,1,212405,deslig,7000.0,116
2024,1,212405,deslig,7500.0,104
2024,1,212405,deslig,8000.0,111
2024,1,212405,deslig,8500.0,94
2024,1,212405,deslig,9000.0,104
2024,1,212405,deslig,9500.0,67
2024,1,212405,deslig,10000.0,91
2024,1,212405,deslig,10500.0,65
2024,1,212405,deslig,11000.0,60
2024,1,212405,deslig,11500.0,53
2024,1,212405,deslig,12000.0,81
2024,1,212405,deslig,12500.0,51
2024,1,212405,deslig,13000.0,64
2024,1,212405,deslig,13500.0,36
2024,1,212405,deslig,14000.0,47
2024,1,212405,deslig,14500.0,42
2024,1,212405,deslig,15000.0,40
2024,1,212405,deslig,15500.0,27
2024,1,212405,deslig,16000.0,33
2024,1,212405,deslig,16500.0,21
2024,1,212405,deslig,17000.0,20
2024,1,212405,deslig,17500.0,16
2024,1,212405,deslig,18000.0,11
2024,1,212405,deslig,18500.0,6
2024,1,212405,deslig,19000.0,11
2024,1,212405,deslig,19500.0,2
2024,1,212405,deslig,20000.0,4
2024,1,212405,deslig,20500.0,4
2024,1,212405,deslig,21000.0,2
2024,1,212405,deslig,21500.0,1
2024,1,212405,deslig,22000.0,2
2024,1,212405,deslig,22500.0,1
2024,1,212405,deslig,23000.0,4
2024,1,212405,deslig,23500.0,3
2024,1,212405,deslig,24000.0,2
2024,1,212405,deslig,25000.0,4
2024,1,212405,deslig,25500.0,2
2024,1,212405,deslig,26000.0,1
2024,1,212405,deslig,28000.0,1
2024,1,212405,deslig,28500.0,1
2024,1,212405,deslig,30000.0,2
2024,1,212405,deslig,31000.0,1
2024,1,212405,deslig,31500.0,1
2024,1,212405,deslig,33000.0,1
2024,1,212405,deslig,35000.0,1
2024,1,212405,deslig,37500.0,1
2024,1,212405,deslig,38500.0,1
2024,1,212405,deslig,41500.0,1
2024,1,212405,deslig,42000.0,2
2024,1,212405,deslig,43500.0,1
2024,1,212405,deslig,44000.0,1
2024,1,212405,deslig,50000.0,1
2024,1,212410,adm,1000.0,16
2024,1,212410,adm,1500.0,36
2024,1,212410,adm,2000.0,71
2024,1,212410,adm,2500.0,54
2024,1,212410,adm,3000.0,49
2024,1,212410,adm,3500.0,29
2024,1,212410,adm,4000.0,33
2024,1,212410,adm,4500.0,31
2024,1,212410,adm,5000.0,27
2024,1,212410,adm,5500.0,16
2024,1,212410,adm,6000.0,23
2024,1,212410,adm,6500.0,16
2024,1,212410,adm,7000.0,12
2024,1,212410,adm,7500.0,12
2024,1,212410,adm,8000.0,16
2024,1,212410,adm,8500.0,9
2024,1,212410,adm,9000.0,7
2024,1,212410,adm,9500.0,7
2024,1,212410,adm,10000.0,7
2024,1,212410,adm,10500.0,3
2024,1,212410,adm,11000.0,6
2024,1,212410,adm,11500.0,2
2024,1,212410,adm,12000.0,8
2024,1,212410,adm,12500.0,4
2024,1,212410,adm,13000.0,7
2024,1,212410,adm,13500.0,1
2024,1,212410,adm,14000.0,3
2024,1,212410,adm,14500.0,4
2024,1,212410,adm,15000.0,7
2024,1,212410,adm,15500.0,1
2024,1,212410,adm,16000.0,1
2024,1,212410,adm,16500.0,3
2024,1,212410,adm,17000.0,2
2024,1,212410,adm,17500.0,1
2024,1,212410,adm,18000.0,1
2024,1,212410,adm,20000.0,1
2024,1,212410,adm,22000.0,1
2024,1,212410,adm,23500.0,1
2024,1,212410,adm,28500.0,1
2024,1,212410,deslig,0.0,1
2024,1,212410,deslig,1000.0,10
2024,1,212410,deslig,1500.0,24
2024,1,212410,deslig,2000.0,34
2024,1,212410,deslig,2500.0,42
2024,1,212410,deslig,3000.0,49
2024,1,212410,deslig,3500.0,31
2024,1,212410,deslig,4000.0,28
2024,1,212410,deslig,4500.0,19
2024,1,212410,deslig,5000.0,21
2024,1,212410,deslig,5500.0,16
2024,1,212410,deslig,6000.0,22
2024,1,212410,deslig,6500.0,15
2024,1,212410,deslig,7000.0,17
2024,1,212410,deslig,7500.0,12
2024,1,212410,deslig,8000.0,18
2024,1,212410,deslig,8500.0,7
2024,1,212410,deslig,9000.0,9
2024,1,212410,deslig,9500.0,6
2024,1,212410,deslig,10000.0,10
2024,1,212410,deslig,10500.0,5
2024,1,212410,deslig,11000.0,4
2024,1,212410,deslig,11500.0,3
2024,1,212410,deslig,12000.0,2
2024,1,212410,deslig,12500.0,2
2024,1,212410,deslig,13000.0,3
2024,1,212410,deslig,13500.0,3
2024,1,212410,deslig,14000.0,2
2024,1,212410,deslig,14500.0,7
2024,1,212410,deslig,15000.0,2
2024,1,212410,deslig,15500.0,2
2024,1,212410,deslig,16000.0,2
2024,1,212410,deslig,16500.0,2
2024,1,212410,deslig,17000.0,2
2024,1,212410,deslig,18500.0,2
2024,1,212410,deslig,19000.0,1
2024,1,212410,deslig,19500.0,1
2024,1,212410,deslig,20500.0,1
2024,1,212425,adm,1500.0,1
2024,1,212425,adm,2500.0,2
2024,1,212425,adm,3000.0,4
2024,1,212425,adm,4000.0,1
2024,1,212425,adm,4500.0,1
2024,1,212425,adm,7500.0,1
2024,1,212425,adm,8500.0,1
2024,1,212425,adm,9000.0,1
2024,1,212425,adm,9500.0,1
2024,1,212425,adm,10000.0,2
2024,1,212425,adm,10500.0,1
2024,1,212425,adm,11000.0,1
2024,1,212425,adm,11500.0,2
2024,1,212425,adm,12000.0,1
2024,1,212425,adm,12500.0,1
2024,1,212425,adm,13000.0,3
2024,1,212425,adm,13500.0,1
2024,1,212425,adm,14000.0,5
2024,1,212425,adm,14500.0,2
2024,1,212425,adm,15000.0,4
2024,1,212425,adm,16000.0,3
2024,1,212425,adm,16500.0,4
2024,1,212425,adm,17000.0,3
2024,1,212425,adm,17500.0,1
2024,1,212425,adm,18000.0,5
2024,1,212425,adm,19000.0,1
2024,1,212425,adm,20000.0,5
2024,1,212425,adm,20500.0,1
2024,1,212425,adm,22000.0,2
2024,1,212425,adm,23500.0,1
2024,1,212425,adm,25000.0,1
2024,1,212425,adm,26000.0,1
2024,1,212425,adm,28000.0,1
2024,1,212425,adm,28500.0,1
2024,1,212425,adm,30000.0,2
2024,1,212425,adm,32500.0,1
2024,1,212425,adm,37000.0,1
2024,1,212425,adm,38500.0,1
2024,1,212425,adm,50000.0,1
2024,1,212425,deslig,2000.0,1
2024,1,212425,deslig,3000.0,3
2024,1,212425,deslig,3500.0,3
2024,1,212425,deslig,5000.0,1
2024,1,212425,deslig,6500.0,1
2024,1,212425,deslig,7000.0,1
2024,1,212425,deslig,8000.0,3
2024,1,212425,deslig,9000.0,1
2024,1,212425,deslig,9500.0,1
2024,1,212425,deslig,10000.0,1
2024,1,212425,deslig,10500.0,4
2024,1,212425,deslig,11000.0,1
2024,1,212425,deslig,11500.0,1
2024,1,212425,deslig,12000.0,1
2024,1,212425,deslig,12500.0,1
2024,1,212425,deslig,13500.0,1
2024,1,212425,deslig,14000.0,4
2024,1,212425,deslig,14500.0,3
2024,1,212425,deslig,15000.0,2
2024,1,212425,deslig,15500.0,2
2024,1,212425,deslig,16000.0,4
2024,1,212425,deslig,17000.0,1
2024,1,212425,deslig,17500.0,3
2024,1,212425,deslig,18500.0,1
2024,1,212425,deslig,19000.0,2
2024,1,212425,deslig,19500.0,1
2024,1,212425,deslig,20500.0,2
2024,1,212425,deslig,21000.0,1
2024,1,212425,deslig,23000.0,1
2024,1,212425,deslig,23500.0,1
2024,1,212425,deslig,32500.0,1
2024,1,212425,deslig,35000.0,1
2024,1,212425,deslig,37000.0,1
2024,1,212425,deslig,39000.0,2
2024,1,212425,deslig,39500.0,1
2024,1,212425,deslig,40000.0,1
2024,1,212425,deslig,50000.0,2
2024,2,203105,adm,2000.0,2
2024,2,203105,adm,2500.0,1
2024,2,203105,adm,3000.0,1
2024,2,203105,adm,3500.0,1
2024,2,203105,adm,4000.0,2
2024,2,203105,adm,4500.0,5
2024,2,203105,adm,5000.0,3
2024,2,203105,adm,5500.0,2
2024,2,203105,adm,6000.0,1
2024,2,203105,adm,6500.0,1
2024,2,203105,adm,8000.0,1
2024,2,203105,adm,8500.0,6
2024,2,203105,adm,9000.0,1
2024,2,203105,adm,9500.0,1
2024,2,203105,adm,10000.0,1
2024,2,203105,adm,10500.0,2
2024,2,203105,adm,12000.0,1
2024,2,203105,adm,15000.0,3
2024,2,203105,adm,15500.0,1
2024,2,203105,adm,16000.0,1
2024,2,203105,adm,17000.0,1
2024,2,203105,adm,22000.0,1
2024,2,203105,adm,26000.0,1
2024,2,203105,adm,30000.0,1
2024,2,203105,deslig,2500.0,2
2024,2,203105,deslig,3500.0,1
2024,2,203105,deslig,4500.0,1
2024,2,203105,deslig,5000.0,1
2024,2,203105,deslig,5500.0,3
2024,2,203105,deslig,6000.0,2
2024,2,203105,deslig,6500.0,1
2024,2,203105,deslig,7500.0,1
2024,2,203105,deslig,8000.0,3
2024,2,203105,deslig,9000.0,2
2024,2,203105,deslig,9500.0,1
2024,2,203105,deslig,10000.0,2
2024,2,203105,deslig,10500.0,1
2024,2,203105,deslig,11000.0,1
2024,2,203105,deslig,11500.0,1
2024,2,203105,deslig,12000.0,3
2024,2,203105,deslig,12500.0,2
2024,2,203105,deslig,13500.0,1
2024,2,203105,deslig,15500.0,1
2024,2,203105,deslig,16500.0,1
2024,2,203105,deslig,22000.0,1
2024,2,203105,deslig,27500.0,1
2024,2,211205,adm,2000.0,1
2024,2,211205,adm,2500.0,1
2024,2,211205,adm,3500.0,2
2024,2,211205,adm,4500.0,4
2024,2,211205,adm,5000.0,2
2024,2,211205,adm,6000.0,2
2024,2,211205,adm,6500.0,1
2024,2,211205,adm,7000.0,1
2024,2,211205,adm,7500.0,1
2024,2,211205,adm,9000.0,1
2024,2,211205,adm,10000.0,2
2024,2,211205,adm,11000.0,1
2024,2,211205,adm,13500.0,1
2024,2,211205,adm,17000.0,1
2024,2,211205,adm,23000.0,1
2024,2,211205,adm,33000.0,1
2024,2,211205,deslig,2000.0,1
2024,2,211205,deslig,2500.0,1
2024,2,211205,deslig,3000.0,2
2024,2,211205,deslig,3500.0,2
2024,2,211205,deslig,4000.0,1
2024,2,211205,deslig,4500.0,1
2024,2,211205,deslig,5000.0,2
2024,2,211205,deslig,6500.0,2
2024,2,211205,deslig,7000.0,2
2024,2,211205,deslig,7500.0,3
2024,2,211205,deslig,8000.0,1
2024,2,211205,deslig,8500.0,3
2024,2,211205,deslig,9000.0,1
2024,2,211205,deslig,9500.0,2
2024,2,211205,deslig,10000.0,1
2024,2,211205,deslig,10500.0,4
2024,2,211205,deslig,12000.0,1
2024,2,211205,deslig,13000.0,2
2024,2,211205,deslig,16500.0,1
2024,2,211205,deslig,17500.0,1
2024,2,211210,adm,7500.0,1
2024,2,211210,adm,9500.0,6
2024,2,211210,adm,12000.0,1
2024,2,211210,adm,12500.0,1
2024,2,211210,adm,13000.0,1
2024,2,211210,adm,15000.0,1
2024,2,211210,adm,16500.0,1
2024,2,211210,adm,17000.0,2
2024,2,211210,adm,18000.0,1
2024,2,211210,deslig,2500.0,1
2024,2,211210,deslig,8500.0,1
2024,2,211210,deslig,15500.0,1
2024,2,211220,adm,2000.0,1
2024,2,211220,adm,3000.0,4
2024,2,211220,adm,4500.0,1
2024,2,211220,adm,7000.0,2
2024,2,211220,adm,8000.0,1
2024,2,211220,adm,8500.0,1
2024,2,211220,adm,11000.0,2
2024,2,211220,adm,11500.0,1
2024,2,211220,adm,17000.0,1
2024,2,211220,adm,20000.0,1
2024,2,211220,deslig,5500.0,1
2024,2,211220,deslig,6000.0,1
2024,2,211220,deslig,9000.0,2
2024,2,211220,deslig,11000.0,1
2024,2,211220,deslig,13000.0,1
2024,2,211220,deslig,14000.0,1
2024,2,211220,deslig,14500.0,1
2024,2,211220,deslig,15000.0,1
2024,2,211220,deslig,18500.0,1
2024,2,211220,deslig,19000.0,1
2024,2,212205,adm,3000.0,1
2024,2,212205,adm,4000.0,2
2024,2,212205,adm,4500.0,1
2024,2,212205,adm,5000.0,1
2024,2,212205,adm,6500.0,1
2024,2,212205,adm,7000.0,1
2024,2,212205,adm,7500.0,5
2024,2,212205,adm,8000.0,3
2024,2,212205,adm,9000.0,2
2024,2,212205,adm,9500.0,5
2024,2,212205,adm,10000.0,6
2024,2,212205,adm,10500.0,3
2024,2,212205,adm,11000.0,12
2024,2,212205,adm,11500.0,1
2024,2,212205,adm,12000.0,2
2024,2,212205,adm,13000.0,1
2024,2,212205,adm,13500.0,1
2024,2,212205,adm,14500.0,3
2024,2,212205,adm,15000.0,9
2024,2,212205,adm,16000.0,5
2024,2,212205,adm,16500.0,1
2024,2,212205,adm,17000.0,3
2024,2,212205,adm,18000.0,2
2024,2,212205,adm,18500.0,3
2024,2,212205,adm,19000.0,1
2024,2,212205,adm,20000.0,2
2024,2,212205,adm,21000.0,1
2024,2,212205,adm,22000.0,1
2024,2,212205,adm,22500.0,5
2024,2,212205,adm,23000.0,1
2024,2,212205,adm,23500.0,1
2024,2,212205,adm,24000.0,3
2024,2,212205,adm,24500.0,1
2024,2,212205,adm,25000.0,1
2024,2,212205,adm,26500.0,1
2024,2,212205,adm,29000.0,1
2024,2,212205,adm,30000.0,1
2024,2,212205,adm,32000.0,2
2024,2,212205,adm,50000.0,3
2024,2,212205,deslig,2000.0,2
2024,2,212205,deslig,3000.0,1
2024,2,212205,deslig,3500.0,1
2024,2,212205,deslig,4500.0,1
2024,2,212205,deslig,5000.0,1
2024,2,212205,deslig,5500.0,3
2024,2,212205,deslig,6000.0,4
2024,2,212205,deslig,6500.0,3
2024,2,212205,deslig,7000.0,2
2024,2,212205,deslig,7500.0,4
2024,2,212205,deslig,8000.0,1
2024,2,212205,deslig,8500.0,3
2024,2,212205,deslig,9000.0,3
2024,2,212205,deslig,9500.0,3
2024,2,212205,deslig,10000.0,4
2024,2,212205,deslig,10500.0,1
2024,2,212205,deslig,11000.0,4
2024,2,212205,deslig,11500.0,2
2024,2,212205,deslig,12000.0,2
2024,2,212205,deslig,13000.0,5
2024,2,212205,deslig,13500.0,2
2024,2,212205,deslig,14000.0,1
2024,2,212205,deslig,14500.0,5
2024,2,212205,deslig,15000.0,4
2024,2,212205,deslig,15500.0,4
2024,2,212205,deslig,16000.0,4
2024,2,212205,deslig,16500.0,2
2024,2,212205,deslig,17000.0,3
2024,2,212205,deslig,17500.0,3
2024,2,212205,deslig,18000.0,2
2024,2,212205,deslig,18500.0,2
2024,2,212205,deslig,19000.0,2
2024,2,212205,deslig,19500.0,5
2024,2,212205,deslig,20500.0,3
2024,2,212205,deslig,21000.0,2
2024,2,212205,deslig,22000.0,2
2024,2,212205,deslig,24000.0,1
2024,2,212205,deslig,24500.0,1
2024,2,212205,deslig,25000.0,2
2024,2,212205,deslig,25500.0,1
2024,2,212205,deslig,26000.0,1
2024,2,212205,deslig,32500.0,2
2024,2,212205,deslig,34500.0,1
2024,2,212205,deslig,44000.0,1
2024,2,212205,deslig,50000.0,1
2024,2,212210,adm,4500.0,1
2024,2,212210,adm,7500.0,3
2024,2,212210,adm,9500.0,1
2024,2,212210,adm,10000.0,1
2024,2,212210,adm,11500.0,4
2024,2,212210,adm,12000.0,1
2024,2,212210,adm,13000.0,1
2024,2,212210,adm,13500.0,1
2024,2,212210,adm,14000.0,4
2024,2,212210,adm,18000.0,2
2024,2,212210,adm,18500.0,2
2024,2,212210,adm,19500.0,1
2024,2,212210,adm,21500.0,2
2024,2,212210,adm,23000.0,1
2024,2,212210,adm,29000.0,1
2024,2,212210,deslig,5000.0,1
2024,2,212210,deslig,5500.0,2
2024,2,212210,deslig,9000.0,1
2024,2,212210,deslig,9500.0,1
2024,2,212210,deslig,14000.0,2
2024,2,212210,deslig,17500.0,1
2024,2,212210,deslig,20500.0,1
2024,2,212215,adm,2000.0,2
2024,2,212215,adm,3500.0,1
2024,2,212215,adm,4500.0,2
2024,2,212215,adm,5000.0,2
2024,2,212215,adm,5500.0,1
2024,2,212215,adm,6000.0,3
2024,2,212215,adm,6500.0,1
2024,2,212215,adm,7000.0,8
2024,2,212215,adm,8000.0,4
2024,2,212215,adm,8500.0,4
2024,2,212215,adm,9000.0,6
2024,2,212215,adm,9500.0,1
2024,2,212215,adm,10000.0,7
2024,2,212215,adm,10500.0,3
2024,2,212215,adm,11000.0,7
2024,2,212215,adm,11500.0,6
2024,2,212215,adm,12000.0,5
2024,2,212215,adm,12500.0,3
2024,2,212215,adm,13000.0,6
2024,2,212215,adm,13500.0,6
2024,2,212215,adm,14000.0,15
2024,2,212215,adm,14500.0,1
2024,2,212215,adm,15000.0,5
2024,2,212215,adm,15500.0,1
2024,2,212215,adm,16000.0,6
2024,2,212215,adm,17000.0,5
2024,2,212215,adm,17500.0,3
2024,2,212215,adm,18000.0,2
2024,2,212215,adm,18500.0,1
2024,2,212215,adm,19000.0,3
2024,2,212215,adm,20000.0,4
2024,2,212215,adm,20500.0,2
2024,2,212215,adm,21500.0,2
2024,2,212215,adm,22000.0,1
2024,2,212215,adm,22500.0,1
2024,2,212215,adm,23000.0,2
2024,2,212215,adm,24000.0,2
2024,2,212215,adm,25000.0,2
2024,2,212215,adm,25500.0,1
2024,2,212215,adm,26000.0,1
2024,2,212215,adm,27500.0,1
2024,2,212215,adm,28000.0,1
2024,2,212215,adm,29000.0,3
2024,2,212215,adm,31000.0,1
2024,2,212215,adm,31500.0,1
2024,2,212215,adm,37500.0,1
2024,2,212215,adm,43000.0,2
2024,2,212215,adm,46000.0,1
2024,2,212215,adm,50000.0,3
2024,2,212215,deslig,2000.0,2
2024,2,212215,deslig,3500.0,4
2024,2,212215,deslig,4000.0,1
2024,2,212215,deslig,4500.0,1
2024,2,212215,deslig,5000.0,3
2024,2,212215,deslig,5500.0,3
2024,2,212215,deslig,6000.0,4
2024,2,212215,deslig,6500.0,3
2024,2,212215,deslig,7000.0,6
2024,2,212215,deslig,7500.0,6
2024,2,212215,deslig,8000.0,8
2024,2,212215,deslig,8500.0,4
2024,2,212215,deslig,9000.0,7
2024,2,212215,deslig,9500.0,2
2024,2,212215,deslig,10000.0,10
2024,2,212215,deslig,10500.0,6
2024,2,212215,deslig,11000.0,8
2024,2,212215,deslig,11500.0,2
2024,2,212215,deslig,12000.0,3
2024,2,212215,deslig,12500.0,3
2024,2,212215,deslig,13000.0,1
2024,2,212215,deslig,13500.0,6
2024,2,212215,deslig,14000.0,8
2024,2,212215,deslig,14500.0,3
2024,2,212215,deslig,15000.0,2
2024,2,212215,deslig,15500.0,2
2024,2,212215,deslig,16000.0,3
2024,2,212215,deslig,16500.0,3
2024,2,212215,deslig,17000.0,1
2024,2,212215,deslig,17500.0,1
2024,2,212215,deslig,18000.0,3
2024,2,212215,deslig,19000.0,2
2024,2,212215,deslig,19500.0,3
2024,2,212215,deslig,20000.0,1
2024,2,212215,deslig,20500.0,2
2024,2,212215,deslig,21500.0,1
2024,2,212215,deslig,22000.0,1
2024,2,212215,deslig,24000.0,1
2024,2,212215,deslig,25000.0,3
2024,2,212215,deslig,25500.0,1
2024,2,212215,deslig,26000.0,2
2024,2,212215,deslig,26500.0,1
2024,2,212215,deslig,27000.0,1
2024,2,212215,deslig,29000.0,1
2024,2,212215,deslig,29500.0,1
2024,2,212215,deslig,34500.0,1
2024,2,212215,deslig,36500.0,1
2024,2,212215,deslig,37000.0,1
2024,2,212215,deslig,38000.0,10
2024,2,212215,deslig,38500.0,1
2024,2,212215,deslig,41000.0,1
2024,2,212215,deslig,41500.0,1
2024,2,212215,deslig,43500.0,3
2024,2,212215,deslig,45000.0,1
2024,2,212215,deslig,50000.0,3
2024,2,212305,adm,1500.0,2
2024,2,212305,adm,2000.0,1
2024,2,212305,adm,2500.0,1
2024,2,212305,adm,3000.0,1
2024,2,212305,adm,3500.0,5
2024,2,212305,adm,4000.0,2
2024,2,212305,adm,4500.0,3
2024,2,212305,adm,5000.0,5
2024,2,212305,adm,5500.0,2
2024,2,212305,adm,6000.0,4
2024,2,212305,adm,6500.0,4
2024,2,212305,adm,7000.0,7
2024,2,212305,adm,7500.0,3
2024,2,212305,adm,8000.0,4
2024,2,212305,adm,8500.0,2
2024,2,212305,adm,9000.0,8
2024,2,212305,adm,9500.0,1
2024,2,212305,adm,10000.0,5
2024,2,212305,adm,10500.0,5
2024,2,212305,adm,11000.0,6
2024,2,212305,adm,11500.0,4
2024,2,212305,adm,12000.0,3
2024,2,212305,adm,12500.0,2
2024,2,212305,adm,13000.0,6
2024,2,212305,adm,13500.0,2
2024,2,212305,adm,14000.0,1
2024,2,212305,adm,14500.0,1
2024,2,212305,adm,15000.0,1
2024,2,212305,adm,15500.0,3
2024,2,212305,adm,16000.0,2
2024,2,212305,adm,17000.0,1
2024,2,212305,adm,17500.0,1
2024,2,212305,adm,20000.0,1
2024,2,212305,adm,24000.0,1
2024,2,212305,adm,25000.0,1
2024,2,212305,adm,27000.0,1
2024,2,212305,adm,30000.0,1
2024,2,212305,adm,50000.0,1
2024,2,212305,deslig,1500.0,11
2024,2,212305,deslig,2000.0,3
2024,2,212305,deslig,2500.0,3
2024,2,212305,deslig,3000.0,5
2024,2,212305,deslig,3500.0,4
2024,2,212305,deslig,4000.0,5
2024,2,212305,deslig,4500.0,4
2024,2,212305,deslig,5000.0,3
2024,2,212305,deslig,5500.0,2
2024,2,212305,deslig,6000.0,7
2024,2,212305,deslig,6500.0,1
2024,2,212305,deslig,7000.0,6
2024,2,212305,deslig,7500.0,2
2024,2,212305,deslig,8000.0,3
2024,2,212305,deslig,8500.0,2
2024,2,212305,deslig,9000.0,5
2024,2,212305,deslig,9500.0,6
2024,2,212305,deslig,10000.0,6
2024,2,212305,deslig,10500.0,4
2024,2,212305,deslig,11000.0,6
2024,2,212305,deslig,11500.0,5
2024,2,212305,deslig,12000.0,2
2024,2,212305,deslig,12500.0,4
2024,2,212305,deslig,13000.0,5
2024,2,212305,deslig,13500.0,7
2024,2,212305,deslig,14000.0,2
2024,2,212305,deslig,14500.0,2
2024,2,212305,deslig,15000.0,2
2024,2,212305,deslig,16000.0,2
2024,2,212305,deslig,16500.0,3
2024,2,212305,deslig,17000.0,1
2024,2,212305,deslig,18000.0,2
2024,2,212305,deslig,18500.0,1
2024,2,212305,deslig,19000.0,1
2024,2,212305,deslig,19500.0,1
2024,2,212305,deslig,20000.0,1
2024,2,212305,deslig,25000.0,1
2024,2,212405,adm,0.0,2
2024,2,212405,adm,1000.0,7
2024,2,212405,adm,1500.0,49
2024,2,212405,adm,2000.0,133
2024,2,212405,adm,2500.0,113
2024,2,212405,adm,3000.0,123
2024,2,212405,adm,3500.0,119
2024,2,212405,adm,4000.0,95
2024,2,212405,adm,4500.0,97
2024,2,212405,adm,5000.0,109
2024,2,212405,adm,5500.0,58
2024,2,212405,adm,6000.0,105
2024,2,212405,adm,6500.0,106
2024,2,212405,adm,7000.0,104
2024,2,212405,adm,7500.0,52
2024,2,212405,adm,8000.0,135
2024,2,212405,adm,8500.0,54
2024,2,212405,adm,9000.0,108
2024,2,212405,adm,9500.0,69
2024,2,212405,adm,10000.0,92
2024,2,212405,adm,10500.0,44
2024,2,212405,adm,11000.0,80
2024,2,212405,adm,11500.0,36
2024,2,212405,adm,12000.0,86
2024,2,212405,adm,12500.0,39
2024,2,212405,adm,13000.0,52
2024,2,212405,adm,13500.0,19
2024,2,212405,adm,14000.0,41
2024,2,212405,adm,14500.0,15
2024,2,212405,adm,15000.0,42
2024,2,212405,adm,15500.0,19
2024,2,212405,adm,16000.0,36
2024,2,212405,adm,16500.0,11
2024,2,212405,adm,17000.0,24
2024,2,212405,adm,17500.0,11
2024,2,212405,adm,18000.0,18
2024,2,212405,adm,18500.0,9
2024,2,212405,adm,19000.0,6
2024,2,212405,adm,19500.0,7
2024,2,212405,adm,20000.0,11
2024,2,212405,adm,21000.0,7
2024,2,212405,adm,21500.0,4
2024,2,212405,adm,22000.0,4
2024,2,212405,adm,23000.0,4
2024,2,212405,adm,24000.0,1
2024,2,212405,adm,25000.0,3
2024,2,212405,adm,25500.0,1
2024,2,212405,adm,26000.0,1
2024,2,212405,adm,28000.0,1
2024,2,212405,adm,28500.0,1
2024,2,212405,adm,31000.0,1
2024,2,212405,adm,31500.0,1
2024,2,212405,adm,32000.0,1
2024,2,212405,adm,34500.0,1
2024,2,212405,adm,35500.0,1
2024,2,212405,adm,40000.0,1
2024,2,212405,adm,44000.0,1
2024,2,212405,adm,50000.0,2
2024,2,212405,deslig,1000.0,5
2024,2,212405,deslig,1500.0,42
2024,2,212405,deslig,2000.0,147
2024,2,212405,deslig,2500.0,171
2024,2,212405,deslig,3000.0,156
2024,2,212405,deslig,3500.0,121
2024,2,212405,deslig,4000.0,97
2024,2,212405,deslig,4500.0,127
2024,2,212405,deslig,5000.0,122
2024,2,212405,deslig,5500.0,92
2024,2,212405,deslig,6000.0,137
2024,2,212405,deslig,6500.0,101
2024,2,212405,deslig,7000.0,111
2024,2,212405,deslig,7500.0,86
2024,2,212405,deslig,8000.0,122
2024,2,212405,deslig,8500.0,76
2024,2,212405,deslig,9000.0,85
2024,2,212405,deslig,9500.0,74
2024,2,212405,deslig,10000.0,106
2024,2,212405,deslig,10500.0,66
2024,2,212405,deslig,11000.0,73
2024,2,212405,deslig,11500.0,66
2024,2,212405,deslig,12000.0,74
2024,2,212405,deslig,12500.0,52
2024,2,212405,deslig,13000.0,54
2024,2,212405,deslig,13500.0,39
2024,2,212405,deslig,14000.0,63
2024,2,212405,deslig,14500.0,34
2024,2,212405,deslig,15000.0,39
2024,2,212405,deslig,15500.0,28
2024,2,212405,deslig,16000.0,27
2024,2,212405,deslig,16500.0,16
2024,2,212405,deslig,17000.0,21
2024,2,212405,deslig,17500.0,11
2024,2,212405,deslig,18000.0,17
2024,2,212405,deslig,18500.0,7
2024,2,212405,deslig,19000.0,11
2024,2,212405,deslig,19500.0,8
2024,2,212405,deslig,20000.0,15
2024,2,212405,deslig,20500.0,7
2024,2,212405,deslig,21000.0,3
2024,2,212405,deslig,21500.0,5
2024,2,212405,deslig,22000.0,4
2024,2,212405,deslig,22500.0,1
2024,2,212405,deslig,23000.0,2
2024,2,212405,deslig,23500.0,4
2024,2,212405,deslig,24000.0,1
2024,2,212405,deslig,24500.0,1
2024,2,212405,deslig,25000.0,1
2024,2,212405,deslig,26000.0,1
2024,2,212405,deslig,27000.0,1
2024,2,212405,deslig,27500.0,1
2024,2,212405,deslig,28000.0,1
2024,2,212405,deslig,28500.0,1
2024,2,212405,deslig,29000.0,1
2024,2,212405,deslig,29500.0,2
2024,2,212405,deslig,30500.0,1
2024,2,212405,deslig,31500.0,1
2024,2,212405,deslig,32000.0,2
2024,2,212405,deslig,37500.0,1
2024,2,212410,adm,1000.0,2
2024,2,212410,adm,1500.0,22
2024,2,212410,adm,2000.0,49
2024,2,212410,adm,2500.0,37
2024,2,212410,adm,3000.0,39
2024,2,212410,adm,3500.0,20
2024,2,212410,adm,4000.0,28
2024,2,212410,adm,4500.0,24
2024,2,212410,adm,5000.0,25
2024,2,212410,adm,5500.0,14
2024,2,212410,adm,6000.0,18
2024,2,212410,adm,6500.0,12
2024,2,212410,adm,7000.0,16
2024,2,212410,adm,7500.0,7
2024,2,212410,adm,8000.0,15
2024,2,212410,adm,8500.0,6
2024,2,212410,adm,9000.0,9
2024,2,212410,adm,9500.0,6
2024,2,212410,adm,10000.0,13
2024,2,212410,adm,10500.0,3
2024,2,212410,adm,11000.0,8
2024,2,212410,adm,11500.0,5
2024,2,212410,adm,12000.0,8
2024,2,212410,adm,12500.0,4
2024,2,212410,adm,13000.0,5
2024,2,212410,adm,13500.0,2
2024,2,212410,adm,14000.0,3
2024,2,212410,adm,15000.0,2
2024,2,212410,adm,16000.0,2
2024,2,212410,adm,16500.0,2
2024,2,212410,adm,17000.0,3
2024,2,212410,adm,18000.0,2
2024,2,212410,adm,20500.0,1
2024,2,212410,adm,22000.0,1
2024,2,212410,adm,25000.0,1
2024,2,212410,adm,30000.0,1
2024,2,212410,deslig,1000.0,1
2024,2,212410,deslig,1500.0,38
2024,2,212410,deslig,2000.0,53
2024,2,212410,deslig,2500.0,48
2024,2,212410,deslig,3000.0,52
2024,2,212410,deslig,3500.0,35
2024,2,212410,deslig,4000.0,28
2024,2,212410,deslig,4500.0,23
2024,2,212410,deslig,5000.0,23
2024,2,212410,deslig,5500.0,25
2024,2,212410,deslig,6000.0,22
2024,2,212410,deslig,6500.0,12
2024,2,212410,deslig,7000.0,10
2024,2,212410,deslig,7500.0,15
2024,2,212410,deslig,8000.0,13
2024,2,212410,deslig,8500.0,14
2024,2,212410,deslig,9000.0,6
2024,2,212410,deslig,9500.0,9
2024,2,212410,deslig,10000.0,6
2024,2,212410,deslig,10500.0,9
2024,2,212410,deslig,11000.0,6
2024,2,212410,deslig,11500.0,3
2024,2,212410,deslig,12000.0,3
2024,2,212410,deslig,12500.0,6
2024,2,212410,deslig,13000.0,4
2024,2,212410,deslig,13500.0,2
2024,2,212410,deslig,14000.0,2
2024,2,212410,deslig,14500.0,2
2024,2,212410,deslig,15000.0,1
2024,2,212410,deslig,15500.0,1
2024,2,212410,deslig,16000.0,2
2024,2,212410,deslig,16500.0,1
2024,2,212410,deslig,17000.0,1
2024,2,212410,deslig,19500.0,1
2024,2,212410,deslig,24000.0,1
2024,2,212410,deslig,36500.0,1
2024,2,212410,deslig,46000.0,1
2024,2,212410,deslig,48500.0,1
2024,2,212425,adm,3500.0,2
2024,2,212425,adm,5000.0,1
2024,2,212425,adm,6500.0,1
2024,2,212425,adm,8000.0,1
2024,2,212425,adm,8500.0,1
2024,2,212425,adm,9000.0,1
2024,2,212425,adm,10000.0,3
2024,2,212425,adm,11500.0,1
2024,2,212425,adm,12000.0,2
2024,2,212425,adm,12500.0,1
2024,2,212425,adm,13000.0,2
2024,2,212425,adm,14000.0,3
2024,2,212425,adm,14500.0,1
2024,2,212425,adm,15000.0,3
2024,2,212425,adm,15500.0,3
2024,2,212425,adm,16000.0,6
2024,2,212425,adm,16500.0,1
2024,2,212425,adm,17000.0,5
2024,2,212425,adm,17500.0,2
2024,2,212425,adm,18000.0,3
2024,2,212425,adm,18500.0,2
2024,2,212425,adm,19000.0,3
2024,2,212425,adm,20000.0,3
2024,2,212425,adm,23000.0,1
2024,2,212425,adm,31000.0,1
2024,2,212425,adm,32500.0,1
2024,2,212425,adm,33500.0,1
2024,2,212425,adm,34000.0,1
2024,2,212425,adm,35000.0,3
2024,2,212425,adm,35500.0,3
2024,2,212425,adm,37500.0,1
2024,2,212425,adm,38000.0,1
2024,2,212425,adm,39000.0,2
2024,2,212425,adm,39500.0,1
2024,2,212425,adm,40000.0,1
2024,2,212425,adm,41000.0,2
2024,2,212425,adm,41500.0,1
2024,2,212425,adm,42000.0,3
2024,2,212425,adm,43500.0,1
2024,2,212425,adm,44000.0,1
2024,2,212425,adm,44500.0,3
2024,2,212425,adm,45500.0,1
2024,2,212425,adm,46500.0,1
2024,2,212425,adm,50000.0,2
2024,2,212425,deslig,2000.0,1
2024,2,212425,deslig,5500.0,1
2024,2,212425,deslig,8000.0,1
2024,2,212425,deslig,8500.0,2
2024,2,212425,deslig,9000.0,1
2024,2,212425,deslig,10000.0,1
2024,2,212425,deslig,10500.0,1
2024,2,212425,deslig,12000.0,2
2024,2,212425,deslig,12500.0,1
2024,2,212425,deslig,13000.0,4
2024,2,212425,deslig,13500.0,3
2024,2,212425,deslig,14000.0,1
2024,2,212425,deslig,14500.0,4
2024,2,212425,deslig,15000.0,2
2024,2,212425,deslig,15500.0,1
2024,2,212425,deslig,16000.0,2
2024,2,212425,deslig,16500.0,3
2024,2,212425,deslig,17500.0,1
2024,2,212425,deslig,18000.0,4
2024,2,212425,deslig,19000.0,1
2024,2,212425,deslig,20000.0,3
2024,2,212425,deslig,21000.0,1
2024,2,212425,deslig,23000.0,1
2024,2,212425,deslig,23500.0,1
2024,2,212425,deslig,24000.0,1
2024,3,203105,adm,1500.0,1
2024,3,203105,adm,2500.0,1
2024,3,203105,adm,3500.0,1
2024,3,203105,adm,4000.0,1
2024,3,203105,adm,4500.0,3
2024,3,203105,adm,5000.0,1
2024,3,203105,adm,5500.0,2
2024,3,203105,adm,6000.0,3
2024,3,203105,adm,6500.0,2
2024,3,203105,adm,7000.0,2
2024,3,203105,adm,7500.0,3
2024,3,203105,adm,8000.0,4
2024,3,203105,adm,8500.0,4
2024,3,203105,adm,9000.0,4
2024,3,203105,adm,10000.0,1
2024,3,203105,adm,10500.0,1
2024,3,203105,adm,11000.0,3
2024,3,203105,adm,12000.0,3
2024,3,203105,adm,12500.0,2
2024,3,203105,adm,13000.0,1
2024,3,203105,adm,14000.0,2
2024,3,203105,adm,15000.0,2
2024,3,203105,adm,21000.0,2
2024,3,203105,deslig,0.0,1
2024,3,203105,deslig,1500.0,1
2024,3,203105,deslig,3000.0,1
2024,3,203105,deslig,3500.0,1
2024,3,203105,deslig,4000.0,2
2024,3,203105,deslig,4500.0,1
2024,3,203105,deslig,5000.0,2
2024,3,203105,deslig,6000.0,1
2024,3,203105,deslig,6500.0,1
2024,3,203105,deslig,7000.0,2
2024,3,203105,deslig,7500.0,2
2024,3,203105,deslig,8000.0,2
2024,3,203105,deslig,8500.0,3
2024,3,203105,deslig,9000.0,3
2024,3,203105,deslig,9500.0,2
2024,3,203105,deslig,10000.0,1
2024,3,203105,deslig,10500.0,1
2024,3,203105,deslig,11000.0,1
2024,3,203105,deslig,13000.0,1
2024,3,203105,deslig,14000.0,2
2024,3,203105,deslig,15000.0,2
2024,3,203105,deslig,16000.0,2
2024,3,203105,deslig,17000.0,2
2024,3,203105,deslig,21000.0,1
2024,3,211205,adm,2000.0,3
2024,3,211205,adm,3000.0,1
2024,3,211205,adm,3500.0,2
2024,3,211205,adm,4000.0,1
2024,3,211205,adm,4500.0,1
2024,3,211205,adm,6000.0,4
2024,3,211205,adm,8000.0,1
2024,3,211205,adm,9000.0,1
2024,3,211205,adm,10000.0,2
2024,3,211205,adm,17000.0,1
2024,3,211205,adm,30000.0,1
2024,3,211205,deslig,2500.0,2
2024,3,211205,deslig,3000.0,1
2024,3,211205,deslig,3500.0,1
2024,3,211205,deslig,5000.0,5
2024,3,211205,deslig,5500.0,3
2024,3,211205,deslig,6500.0,2
2024,3,211205,deslig,7000.0,3
2024,3,211205,deslig,7500.0,1
2024,3,211205,deslig,8000.0,2
2024,3,211205,deslig,8500.0,1
2024,3,211205,deslig,9000.0,3
2024,3,211205,deslig,9500.0,2
2024,3,211205,deslig,10000.0,1
2024,3,211205,deslig,11000.0,1
2024,3,211205,deslig,12000.0,2
2024,3,211205,deslig,13000.0,3
2024,3,211205,deslig,13500.0,1
2024,3,211205,deslig,14000.0,2
2024,3,211205,deslig,15500.0,1
2024,3,211205,deslig,16500.0,2
2024,3,211205,deslig,17000.0,1
2024,3,211205,deslig,18500.0,1
2024,3,211205,deslig,19000.0,1
2024,3,211205,deslig,20500.0,2
2024,3,211205,deslig,22000.0,1
2024,3,211205,deslig,25000.0,3
2024,3,211205,deslig,27000.0,1
2024,3,211210,adm,4000.0,1
2024,3,211210,adm,9500.0,1
2024,3,211210,adm,20000.0,1
2024,3,211210,deslig,3500.0,1
2024,3,211210,deslig,5500.0,1
2024,3,211210,deslig,6500.0,1
2024,3,211210,deslig,7000.0,1
2024,3,211215,adm,14500.0,1
2024,3,211220,adm,3500.0,1
2024,3,211220,adm,4500.0,2
2024,3,211220,adm,6000.0,1
2024,3,211220,adm,7500.0,1
2024,3,211220,adm,8500.0,1
2024,3,211220,adm,9000.0,1
2024,3,211220,adm,10000.0,2
2024,3,211220,adm,11500.0,1
2024,3,211220,adm,15000.0,1
2024,3,211220,adm,16000.0,2
2024,3,211220,adm,16500.0,1
2024,3,211220,adm,21000.0,1
2024,3,211220,deslig,3500.0,1
2024,3,211220,deslig,4500.0,1
2024,3,211220,deslig,5000.0,1
2024,3,211220,deslig,5500.0,1
2024,3,211220,deslig,7500.0,1
2024,3,211220,deslig,9000.0,1
2024,3,211220,deslig,13500.0,2
2024,3,211220,deslig,14000.0,1
2024,3,211220,deslig,17000.0,2
2024,3,211220,deslig,18000.0,1
2024,3,211220,deslig,20000.0,1
2024,3,211220,deslig,26000.0,1
2024,3,212205,adm,1500.0,1
2024,3,212205,adm,2000.0,1
2024,3,212205,adm,2500.0,3
2024,3,212205,adm,3500.0,3
2024,3,212205,adm,4000.0,2
2024,3,212205,adm,5000.0,3
2024,3,212205,adm,5500.0,2
2024,3,212205,adm,6000.0,1
2024,3,212205,adm,6500.0,3
2024,3,212205,adm,7000.0,6
2024,3,212205,adm,7500.0,3
2024,3,212205,adm,8000.0,1
2024,3,212205,adm,8500.0,5
2024,3,212205,adm,9000.0,3
2024,3,212205,adm,9500.0,1
2024,3,212205,adm,10000.0,9
2024,3,212205,adm,10500.0,3
2024,3,212205,adm,11000.0,6
2024,3,212205,adm,12000.0,1
2024,3,212205,adm,12500.0,7
2024,3,212205,adm,13000.0,4
2024,3,212205,adm,13500.0,2
2024,3,212205,adm,14000.0,2
2024,3,212205,adm,14500.0,1
2024,3,212205,adm,15000.0,6
2024,3,212205,adm,15500.0,3
2024,3,212205,adm,16000.0,1
2024,3,212205,adm,16500.0,1
2024,3,212205,adm,17000.0,2
2024,3,212205,adm,17500.0,1
2024,3,212205,adm,18000.0,2
2024,3,212205,adm,18500.0,1
2024,3,212205,adm,19000.0,1
2024,3,212205,adm,19500.0,3
2024,3,212205,adm,20000.0,1
2024,3,212205,adm,20500.0,1
2024,3,212205,adm,21000.0,1
2024,3,212205,adm,21500.0,1
2024,3,212205,adm,22500.0,1
2024,3,212205,adm,23000.0,2
2024,3,212205,adm,24000.0,1
2024,3,212205,adm,24500.0,1
2024,3,212205,adm,25000.0,1
2024,3,212205,adm,25500.0,1
2024,3,212205,adm,26500.0,4
2024,3,212205,adm,27000.0,2
2024,3,212205,adm,28000.0,1
2024,3,212205,adm,28500.0,1
2024,3,212205,adm,30000.0,2
2024,3,212205,adm,31000.0,1
2024,3,212205,adm,32000.0,1
2024,3,212205,adm,33000.0,2
2024,3,212205,adm,38000.0,1
2024,3,212205,adm,39500.0,1
2024,3,212205,adm,40000.0,2
2024,3,212205,adm,45500.0,1
2024,3,212205,adm,50000.0,1
2024,3,212205,deslig,1500.0,1
2024,3,212205,deslig,2000.0,1
2024,3,212205,deslig,3000.0,3
2024,3,212205,deslig,3500.0,1
2024,3,212205,deslig,4000.0,5
2024,3,212205,deslig,4500.0,2
2024,3,212205,deslig,5000.0,3
2024,3,212205,deslig,5500.0,3
2024,3,212205,deslig,6000.0,3
2024,3,212205,deslig,6500.0,3
2024,3,212205,deslig,7000.0,3
2024,3,212205,deslig,7500.0,6
2024,3,212205,deslig,8000.0,4
2024,3,212205,deslig,8500.0,2
2024,3,212205,deslig,9000.0,5
2024,3,212205,deslig,9500.0,5
2024,3,212205,deslig,10000.0,3
2024,3,212205,deslig,10500.0,3
2024,3,212205,deslig,11000.0,8
2024,3,212205,deslig,11500.0,9
2024,3,212205,deslig,12000.0,4
2024,3,212205,deslig,12500.0,2
2024,3,212205,deslig,13000.0,6
2024,3,212205,deslig,13500.0,1
2024,3,212205,deslig,14000.0,4
2024,3,212205,deslig,14500.0,5
2024,3,212205,deslig,15000.0,6
2024,3,212205,deslig,15500.0,1
2024,3,212205,deslig,16000.0,8
2024,3,212205,deslig,16500.0,3
2024,3,212205,deslig,17000.0,7
2024,3,212205,deslig,17500.0,2
2024,3,212205,deslig,18000.0,2
2024,3,212205,deslig,18500.0,3
2024,3,212205,deslig,19000.0,3
2024,3,212205,deslig,19500.0,1
2024,3,212205,deslig,20000.0,1
2024,3,212205,deslig,20500.0,2
2024,3,212205,deslig,21000.0,1
2024,3,212205,deslig,21500.0,1
2024,3,212205,deslig,22500.0,1
2024,3,212205,deslig,23000.0,2
2024,3,212205,deslig,23500.0,1
2024,3,212205,deslig,26000.0,3
2024,3,212205,deslig,28000.0,1
2024,3,212210,adm,7000.0,2
2024,3,212210,adm,12000.0,1
2024,3,212210,adm,12500.0,1
2024,3,212210,adm,13000.0,1
2024,3,212210,adm,14000.0,2
2024,3,212210,adm,17000.0,1
2024,3,212210,adm,18000.0,2
2024,3,212210,adm,41000.0,1
2024,3,212210,deslig,4500.0,1
2024,3,212210,deslig,5000.0,1
2024,3,212210,deslig,5500.0,2
2024,3,212210,deslig,6000.0,1
2024,3,212210,deslig,6500.0,2
2024,3,212210,deslig,7000.0,1
2024,3,212210,deslig,8000.0,1
2024,3,212210,deslig,9000.0,1
2024,3,212210,deslig,10500.0,1
2024,3,212210,deslig,11000.0,1
2024,3,212210,deslig,16500.0,1
2024,3,212210,deslig,17000.0,1
2024,3,212210,deslig,21500.0,1
2024,3,212210,deslig,23000.0,1
2024,3,212215,adm,2000.0,5
2024,3,212215,adm,2500.0,1
2024,3,212215,adm,3000.0,1
2024,3,212215,adm,3500.0,3
2024,3,212215,adm,4000.0,1
2024,3,212215,adm,4500.0,1
2024,3,212215,adm,5000.0,3
2024,3,212215,adm,5500.0,4
2024,3,212215,adm,6000.0,2
2024,3,212215,adm,6500.0,3
2024,3,212215,adm,7000.0,3
2024,3,212215,adm,7500.0,2
2024,3,212215,adm,8000.0,7
2024,3,212215,adm,8500.0,1
2024,3,212215,adm,9000.0,5
2024,3,212215,adm,9500.0,1
2024,3,212215,adm,10000.0,6
2024,3,212215,adm,10500.0,4
2024,3,212215,adm,11000.0,3
2024,3,212215,adm,11500.0,4
2024,3,212215,adm,12000.0,8
2024,3,212215,adm,12500.0,2
2024,3,212215,adm,13000.0,5
2024,3,212215,adm,13500.0,7
2024,3,212215,adm,14000.0,7
2024,3,212215,adm,14500.0,2
2024,3,212215,adm,15000.0,7
2024,3,212215,adm,15500.0,1
2024,3,212215,adm,16000.0,2
2024,3,212215,adm,16500.0,8
2024,3,212215,adm,17000.0,2
2024,3,212215,adm,17500.0,3
2024,3,212215,adm,18000.0,8
2024,3,212215,adm,18500.0,3
2024,3,212215,adm,19000.0,5
2024,3,212215,adm,20000.0,5
2024,3,212215,adm,20500.0,1
2024,3,212215,adm,21000.0,4
2024,3,212215,adm,21500.0,1
2024,3,212215,adm,22000.0,1
2024,3,212215,adm,23500.0,2
2024,3,212215,adm,25000.0,3
2024,3,212215,adm,25500.0,1
2024,3,212215,adm,27500.0,1
2024,3,212215,adm,28000.0,2
2024,3,212215,adm,29000.0,2
2024,3,212215,adm,30000.0,1
2024,3,212215,adm,31500.0,2
2024,3,212215,adm,32000.0,2
2024,3,212215,adm,33000.0,2
2024,3,212215,adm,34500.0,1
2024,3,212215,adm,37000.0,2
2024,3,212215,adm,39500.0,1
2024,3,212215,adm,40000.0,2
2024,3,212215,adm,41500.0,1
2024,3,212215,adm,44500.0,1
2024,3,212215,adm,50000.0,3
2024,3,212215,deslig,2000.0,4
2024,3,212215,deslig,3000.0,1
2024,3,212215,deslig,3500.0,1
2024,3,212215,deslig,4000.0,1
2024,3,212215,deslig,4500.0,3
2024,3,212215,deslig,5000.0,2
2024,3,212215,deslig,5500.0,2
2024,3,212215,deslig,6000.0,4
2024,3,212215,deslig,6500.0,2
2024,3,212215,deslig,7000.0,11
2024,3,212215,deslig,7500.0,4
2024,3,212215,deslig,8000.0,4
2024,3,212215,deslig,8500.0,1
2024,3,212215,deslig,9000.0,7
2024,3,212215,deslig,9500.0,3
2024,3,212215,deslig,10000.0,6
2024,3,212215,deslig,10500.0,2
2024,3,212215,deslig,11000.0,7
2024,3,212215,deslig,11500.0,7
2024,3,212215,deslig,12000.0,10
2024,3,212215,deslig,12500.0,3
2024,3,212215,deslig,13000.0,4
2024,3,212215,deslig,13500.0,5
2024,3,212215,deslig,14000.0,7
2024,3,212215,deslig,14500.0,6
2024,3,212215,deslig,15000.0,9
2024,3,212215,deslig,15500.0,4
2024,3,212215,deslig,16000.0,5
2024,3,212215,deslig,16500.0,4
2024,3,212215,deslig,17000.0,3
2024,3,212215,deslig,17500.0,1
2024,3,212215,deslig,18000.0,1
2024,3,212215,deslig,19000.0,1
2024,3,212215,deslig,19500.0,3
2024,3,212215,deslig,20000.0,2
2024,3,212215,deslig,20500.0,3
2024,3,212215,deslig,21000.0,1
2024,3,212215,deslig,22000.0,3
2024,3,212215,deslig,22500.0,3
2024,3,212215,deslig,24000.0,1
2024,3,212215,deslig,25500.0,1
2024,3,212215,deslig,26500.0,1
2024,3,212215,deslig,27000.0,1
2024,3,212215,deslig,29000.0,2
2024,3,212215,deslig,29500.0,1
2024,3,212215,deslig,30000.0,1
2024,3,212215,deslig,32000.0,1
2024,3,212215,deslig,33500.0,1
2024,3,212215,deslig,34000.0,2
2024,3,212215,deslig,34500.0,2
2024,3,212215,deslig,35000.0,1
2024,3,212215,deslig,35500.0,1
2024,3,212215,deslig,36000.0,1
2024,3,212215,deslig,37000.0,1
2024,3,212215,deslig,38000.0,1
2024,3,212215,deslig,43000.0,1
2024,3,212215,deslig,45000.0,1
2024,3,212215,deslig,49500.0,1
2024,3,212215,deslig,50000.0,3
2024,3,212305,adm,1500.0,2
2024,3,212305,adm,2000.0,4
2024,3,212305,adm,2500.0,2
2024,3,212305,adm,3000.0,4
2024,3,212305,adm,3500.0,8
2024,3,212305,adm,4000.0,5
2024,3,212305,adm,4500.0,3
2024,3,212305,adm,5000.0,7
2024,3,212305,adm,5500.0,2
2024,3,212305,adm,6000.0,6
2024,3,212305,adm,6500.0,4
2024,3,212305,adm,7000.0,3
2024,3,212305,adm,7500.0,4
2024,3,212305,adm,8000.0,4
2024,3,212305,adm,8500.0,7
2024,3,212305,adm,9000.0,5
2024,3,212305,adm,9500.0,4
2024,3,212305,adm,10000.0,2
2024,3,212305,adm,10500.0,2
2024,3,212305,adm,11000.0,3
2024,3,212305,adm,11500.0,2
2024,3,212305,adm,12000.0,2
2024,3,212305,adm,12500.0,2
2024,3,212305,adm,13000.0,4
2024,3,212305,adm,13500.0,6
2024,3,212305,adm,14000.0,3
2024,3,212305,adm,14500.0,1
2024,3,212305,adm,15000.0,4
2024,3,212305,adm,15500.0,1
2024,3,212305,adm,16000.0,1
2024,3,212305,adm,18000.0,2
2024,3,212305,adm,19000.0,1
2024,3,212305,adm,21000.0,1
2024,3,212305,adm,22500.0,2
2024,3,212305,adm,24000.0,1
2024,3,212305,adm,25000.0,1
2024,3,212305,adm,32000.0,1
2024,3,212305,adm,33000.0,1
2024,3,212305,deslig,0.0,2
2024,3,212305,deslig,1000.0,1
2024,3,212305,deslig,1500.0,3
2024,3,212305,deslig,2000.0,4
2024,3,212305,deslig,2500.0,3
2024,3,212305,deslig,3000.0,4
2024,3,212305,deslig,3500.0,3
2024,3,212305,deslig,4000.0,2
2024,3,212305,deslig,4500.0,4
2024,3,212305,deslig,5000.0,6
2024,3,212305,deslig,5500.0,5
2024,3,212305,deslig,6000.0,4
2024,3,212305,deslig,6500.0,1
2024,3,212305,deslig,7000.0,3
2024,3,212305,deslig,7500.0,7
2024,3,212305,deslig,8000.0,2
2024,3,212305,deslig,8500.0,6
2024,3,212305,deslig,9000.0,7
2024,3,212305,deslig,10000.0,6
2024,3,212305,deslig,10500.0,4
2024,3,212305,deslig,11000.0,7
2024,3,212305,deslig,11500.0,1
2024,3,212305,deslig,12000.0,4
2024,3,212305,deslig,12500.0,2
2024,3,212305,deslig,13000.0,2
2024,3,212305,deslig,13500.0,2
2024,3,212305,deslig,14000.0,5
2024,3,212305,deslig,14500.0,1
2024,3,212305,deslig,15000.0,7
2024,3,212305,deslig,16500.0,2
2024,3,212305,deslig,17500.0,1
2024,3,212305,deslig,18000.0,1
2024,3,212305,deslig,18500.0,1
2024,3,212305,deslig,20000.0,3
2024,3,212305,deslig,26500.0,1
2024,3,212405,adm,0.0,1
2024,3,212405,adm,1000.0,46
2024,3,212405,adm,1500.0,64
2024,3,212405,adm,2000.0,172
2024,3,212405,adm,2500.0,155
2024,3,212405,adm,3000.0,112
2024,3,212405,adm,3500.0,109
2024,3,212405,adm,4000.0,136
2024,3,212405,adm,4500.0,109
2024,3,212405,adm,5000.0,108
2024,3,212405,adm,5500.0,76
2024,3,212405,adm,6000.0,132
2024,3,212405,adm,6500.0,112
2024,3,212405,adm,7000.0,112
2024,3,212405,adm,7500.0,77
2024,3,212405,adm,8000.0,141
2024,3,212405,adm,8500.0,103
2024,3,212405,adm,9000.0,101
2024,3,212405,adm,9500.0,55
2024,3,212405,adm,10000.0,120
2024,3,212405,adm,10500.0,53
2024,3,212405,adm,11000.0,79
2024,3,212405,adm,11500.0,55
2024,3,212405,adm,12000.0,105
2024,3,212405,adm,12500.0,57
2024,3,212405,adm,13000.0,61
2024,3,212405,adm,13500.0,32
2024,3,212405,adm,14000.0,51
2024,3,212405,adm,14500.0,32
2024,3,212405,adm,15000.0,48
2024,3,212405,adm,15500.0,21
2024,3,212405,adm,16000.0,34
2024,3,212405,adm,16500.0,13
2024,3,212405,adm,17000.0,25
2024,3,212405,adm,17500.0,8
2024,3,212405,adm,18000.0,21
2024,3,212405,adm,18500.0,8
2024,3,212405,adm,19000.0,12
2024,3,212405,adm,19500.0,3
2024,3,212405,adm,20000.0,13
2024,3,212405,adm,21000.0,6
2024,3,212405,adm,22000.0,4
2024,3,212405,adm,22500.0,1
2024,3,212405,adm,23000.0,4
2024,3,212405,adm,24000.0,3
2024,3,212405,adm,24500.0,1
2024,3,212405,adm,25000.0,3
2024,3,212405,adm,26000.0,1
2024,3,212405,adm,26500.0,2
2024,3,212405,adm,27000.0,1
2024,3,212405,adm,27500.0,1
2024,3,212405,adm,28000.0,3
2024,3,212405,adm,28500.0,1
2024,3,212405,adm,30000.0,1
2024,3,212405,adm,30500.0,1
2024,3,212405,adm,31500.0,1
2024,3,212405,adm,33000.0,1
2024,3,212405,adm,35000.0,2
2024,3,212405,adm,35500.0,1
2024,3,212405,adm,41500.0,1
2024,3,212405,adm,50000.0,2
2024,3,212405,deslig,0.0,4
2024,3,212405,deslig,1000.0,29
2024,3,212405,deslig,1500.0,46
2024,3,212405,deslig,2000.0,126
2024,3,212405,deslig,2500.0,164
2024,3,212405,deslig,3000.0,124
2024,3,212405,deslig,3500.0,121
2024,3,212405,deslig,4000.0,139
2024,3,212405,deslig,4500.0,116
2024,3,212405,deslig,5000.0,116
2024,3,212405,deslig,5500.0,105
2024,3,212405,deslig,6000.0,130
2024,3,212405,deslig,6500.0,83
2024,3,212405,deslig,7000.0,132
2024,3,212405,deslig,7500.0,94
2024,3,212405,deslig,8000.0,110
2024,3,212405,deslig,8500.0,79
2024,3,212405,deslig,9000.0,107
2024,3,212405,deslig,9500.0,87
2024,3,212405,deslig,10000.0,98
2024,3,212405,deslig,10500.0,85
2024,3,212405,deslig,11000.0,79
2024,3,212405,deslig,11500.0,58
2024,3,212405,deslig,12000.0,77
2024,3,212405,deslig,12500.0,48
2024,3,212405,deslig,13000.0,51
2024,3,212405,deslig,13500.0,40
2024,3,212405,deslig,14000.0,39
2024,3,212405,deslig,14500.0,45
2024,3,212405,deslig,15000.0,36
2024,3,212405,deslig,15500.0,47
2024,3,212405,deslig,16000.0,28
2024,3,212405,deslig,16500.0,24
2024,3,212405,deslig,17000.0,20
2024,3,212405,deslig,17500.0,15
2024,3,212405,deslig,18000.0,25
2024,3,212405,deslig,18500.0,15
2024,3,212405,deslig,19000.0,11
2024,3,212405,deslig,19500.0,5
2024,3,212405,deslig,20000.0,8
2024,3,212405,deslig,20500.0,3
2024,3,212405,deslig,21000.0,2
2024,3,212405,deslig,21500.0,5
2024,3,212405,deslig,22000.0,1
2024,3,212405,deslig,22500.0,3
2024,3,212405,deslig,23000.0,5
2024,3,212405,deslig,23500.0,3
2024,3,212405,deslig,24000.0,1
2024,3,212405,deslig,24500.0,2
2024,3,212405,deslig,25000.0,5
2024,3,212405,deslig,25500.0,2
2024,3,212405,deslig,26000.0,1
2024,3,212405,deslig,27000.0,1
2024,3,212405,deslig,29000.0,3
2024,3,212405,deslig,36000.0,1
2024,3,212405,deslig,37000.0,1
2024,3,212405,deslig,40000.0,1
2024,3,212405,deslig,40500.0,1
2024,3,212405,deslig,50000.0,1
2024,3,212410,adm,1000.0,4
2024,3,212410,adm,1500.0,46
2024,3,212410,adm,2000.0,47
2024,3,212410,adm,2500.0,49
2024,3,212410,adm,3000.0,46
2024,3,212410,adm,3500.0,43
2024,3,212410,adm,4000.0,40
2024,3,212410,adm,4500.0,31
2024,3,212410,adm,5000.0,20
2024,3,212410,adm,5500.0,18
2024,3,212410,adm,6000.0,23
2024,3,212410,adm,6500.0,7
2024,3,212410,adm,7000.0,11
2024,3,212410,adm,7500.0,13
2024,3,212410,adm,8000.0,18
2024,3,212410,adm,8500.0,9
2024,3,212410,adm,9000.0,7
2024,3,212410,adm,9500.0,6
2024,3,212410,adm,10000.0,14
2024,3,212410,adm,10500.0,7
2024,3,212410,adm,11000.0,3
2024,3,212410,adm,11500.0,2
2024,3,212410,adm,12000.0,10
2024,3,212410,adm,12500.0,2
2024,3,212410,adm,13000.0,4
2024,3,212410,adm,13500.0,5
2024,3,212410,adm,14000.0,4
2024,3,212410,adm,14500.0,4
2024,3,212410,adm,15000.0,2
2024,3,212410,adm,15500.0,1
2024,3,212410,adm,16000.0,3
2024,3,212410,adm,18500.0,1
2024,3,212410,adm,19000.0,2
2024,3,212410,adm,19500.0,1
2024,3,212410,adm,20000.0,1
2024,3,212410,adm,29000.0,1
2024,3,212410,adm,33000.0,1
2024,3,212410,deslig,0.0,1
2024,3,212410,deslig,1000.0,1
2024,3,212410,deslig,1500.0,30
2024,3,212410,deslig,2000.0,58
2024,3,212410,deslig,2500.0,47
2024,3,212410,deslig,3000.0,41
2024,3,212410,deslig,3500.0,38
2024,3,212410,deslig,4000.0,33
2024,3,212410,deslig,4500.0,28
2024,3,212410,deslig,5000.0,36
2024,3,212410,deslig,5500.0,12
2024,3,212410,deslig,6000.0,26
2024,3,212410,deslig,6500.0,17
2024,3,212410,deslig,7000.0,23
2024,3,212410,deslig,7500.0,17
2024,3,212410,deslig,8000.0,11
2024,3,212410,deslig,8500.0,13
2024,3,212410,deslig,9000.0,15
2024,3,212410,deslig,9500.0,13
2024,3,212410,deslig,10000.0,6
2024,3,212410,deslig,10500.0,4
2024,3,212410,deslig,11000.0,8
2024,3,212410,deslig,11500.0,5
2024,3,212410,deslig,12000.0,10
2024,3,212410,deslig,12500.0,3
2024,3,212410,deslig,13000.0,8
2024,3,212410,deslig,13500.0,4
2024,3,212410,deslig,14000.0,3
2024,3,212410,deslig,14500.0,2
2024,3,212410,deslig,15000.0,4
2024,3,212410,deslig,15500.0,4
2024,3,212410,deslig,16000.0,1
2024,3,212410,deslig,16500.0,3
2024,3,212410,deslig,17000.0,3
2024,3,212410,deslig,17500.0,1
2024,3,212410,deslig,19500.0,1
2024,3,212410,deslig,20000.0,1
2024,3,212410,deslig,21500.0,2
2024,3,212410,deslig,22000.0,2
2024,3,212410,deslig,40000.0,1
2024,3,212410,deslig,45000.0,1
2024,3,212425,adm,2000.0,1
2024,3,212425,adm,2500.0,2
2024,3,212425,adm,3000.0,1
2024,3,212425,adm,4500.0,2
2024,3,212425,adm,5000.0,2
2024,3,212425,adm,5500.0,2
2024,3,212425,adm,6000.0,1
2024,3,212425,adm,6500.0,1
2024,3,212425,adm,7000.0,1
2024,3,212425,adm,7500.0,1
2024,3,212425,adm,8000.0,1
2024,3,212425,adm,9500.0,1
2024,3,212425,adm,10000.0,1
2024,3,212425,adm,10500.0,1
2024,3,212425,adm,11000.0,1
2024,3,212425,adm,11500.0,3
2024,3,212425,adm,12000.0,3
2024,3,212425,adm,13000.0,3
2024,3,212425,adm,13500.0,1
2024,3,212425,adm,14000.0,5
2024,3,212425,adm,14500.0,2
2024,3,212425,adm,15000.0,5
2024,3,212425,adm,15500.0,1
2024,3,212425,adm,16000.0,2
2024,3,212425,adm,16500.0,1
2024,3,212425,adm,17000.0,2
2024,3,212425,adm,17500.0,1
2024,3,212425,adm,18500.0,1
2024,3,212425,adm,19000.0,1
2024,3,212425,adm,21000.0,1
2024,3,212425,adm,22000.0,1
2024,3,212425,adm,23000.0,2
2024,3,212425,adm,23500.0,1
2024,3,212425,adm,24000.0,1
2024,3,212425,adm,26000.0,1
2024,3,212425,adm,40000.0,1
2024,3,212425,deslig,2500.0,1
2024,3,212425,deslig,3500.0,1
2024,3,212425,deslig,5000.0,1
2024,3,212425,deslig,5500.0,2
2024,3,212425,deslig,6500.0,2
2024,3,212425,deslig,7000.0,2
2024,3,212425,deslig,8500.0,1
2024,3,212425,deslig,10000.0,2
2024,3,212425,deslig,11000.0,2
2024,3,212425,deslig,11500.0,4
2024,3,212425,deslig,12000.0,3
2024,3,212425,deslig,12500.0,1
2024,3,212425,deslig,13000.0,5
2024,3,212425,deslig,13500.0,1
2024,3,212425,deslig,14000.0,5
2024,3,212425,deslig,14500.0,5
2024,3,212425,deslig,15000.0,4
2024,3,212425,deslig,15500.0,2
2024,3,212425,deslig,16000.0,5
2024,3,212425,deslig,17000.0,2
2024,3,212425,deslig,17500.0,2
2024,3,212425,deslig,18000.0,3
2024,3,212425,deslig,18500.0,3
2024,3,212425,deslig,19000.0,2
2024,3,212425,deslig,20000.0,2
2024,3,212425,deslig,22000.0,3
2024,3,212425,deslig,25000.0,2
2024,3,212425,deslig,28500.0,1
2024,4,203105,adm,1500.0,1
2024,4,203105,adm,3000.0,1
2024,4,203105,adm,3500.0,2
2024,4,203105,adm,4000.0,1
2024,4,203105,adm,4500.0,1
2024,4,203105,adm,5500.0,1
2024,4,203105,adm,6500.0,2
2024,4,203105,adm,7500.0,3
2024,4,203105,adm,8000.0,1
2024,4,203105,adm,8500.0,1
2024,4,203105,adm,9500.0,1
2024,4,203105,adm,10000.0,2
2024,4,203105,adm,11500.0,1
2024,4,203105,adm,12000.0,5
2024,4,203105,adm,13000.0,2
2024,4,203105,adm,13500.0,1
2024,4,203105,adm,14000.0,2
2024,4,203105,adm,14500.0,1
2024,4,203105,adm,15000.0,1
2024,4,203105,adm,16000.0,1
2024,4,203105,adm,17500.0,1
2024,4,203105,adm,18000.0,1
2024,4,203105,adm,20000.0,1
2024,4,203105,deslig,3500.0,1
2024,4,203105,deslig,4500.0,1
2024,4,203105,deslig,5000.0,3
2024,4,203105,deslig,5500.0,2
2024,4,203105,deslig,6000.0,1
2024,4,203105,deslig,7000.0,1
2024,4,203105,deslig,7500.0,3
2024,4,203105,deslig,8000.0,4
2024,4,203105,deslig,8500.0,3
2024,4,203105,deslig,9500.0,1
2024,4,203105,deslig,10000.0,2
2024,4,203105,deslig,10500.0,4
2024,4,203105,deslig,11000.0,1
2024,4,203105,deslig,12500.0,1
2024,4,203105,deslig,14500.0,1
2024,4,203105,deslig,15500.0,1
2024,4,203105,deslig,16500.0,1
2024,4,203105,deslig,17500.0,1
2024,4,203105,deslig,18500.0,1
2024,4,203105,deslig,24500.0,1
2024,4,211205,adm,2000.0,1
2024,4,211205,adm,2500.0,2
2024,4,211205,adm,3000.0,3
2024,4,211205,adm,4000.0,2
2024,4,211205,adm,4500.0,5
2024,4,211205,adm,5500.0,1
2024,4,211205,adm,6000.0,5
2024,4,211205,adm,6500.0,2
2024,4,211205,adm,7500.0,1
2024,4,211205,adm,8000.0,1
2024,4,211205,adm,8500.0,2
2024,4,211205,adm,9000.0,2
2024,4,211205,adm,10000.0,4
2024,4,211205,adm,10500.0,1
2024,4,211205,adm,11000.0,2
2024,4,211205,adm,12000.0,3
2024,4,211205,adm,12500.0,1
2024,4,211205,adm,13000.0,2
2024,4,211205,adm,16000.0,1
2024,4,211205,adm,16500.0,4
2024,4,211205,adm,24000.0,1
2024,4,211205,adm,24500.0,1
2024,4,211205,adm,26000.0,1
2024,4,211205,deslig,3000.0,2
2024,4,211205,deslig,4000.0,2
2024,4,211205,deslig,4500.0,2
2024,4,211205,deslig,5000.0,1
2024,4,211205,deslig,5500.0,1
2024,4,211205,deslig,6000.0,3
2024,4,211205,deslig,6500.0,2
2024,4,211205,deslig,7000.0,3
2024,4,211205,deslig,8000.0,1
2024,4,211205,deslig,8500.0,1
2024,4,211205,deslig,9000.0,2
2024,4,211205,deslig,9500.0,4
2024,4,211205,deslig,10000.0,2
2024,4,211205,deslig,10500.0,1
2024,4,211205,deslig,11500.0,1
2024,4,211205,deslig,12000.0,2
2024,4,211205,deslig,14500.0,1
2024,4,211205,deslig,15500.0,2
2024,4,211205,deslig,20000.0,1
2024,4,211205,deslig,23500.0,1
2024,4,211205,deslig,24000.0,1
2024,4,211210,adm,4000.0,2
2024,4,211210,adm,6000.0,1
2024,4,211210,adm,8000.0,2
2024,4,211210,adm,15500.0,1
2024,4,211210,deslig,5000.0,1
2024,4,211210,deslig,7000.0,1
2024,4,211210,deslig,15500.0,2
2024,4,211220,adm,0.0,1
2024,4,211220,adm,3500.0,1
2024,4,211220,adm,4500.0,5
2024,4,211220,adm,5500.0,1
2024,4,211220,adm,6000.0,3
2024,4,211220,adm,6500.0,2
2024,4,211220,adm,7500.0,3
2024,4,211220,adm,9500.0,1
2024,4,211220,adm,10000.0,1
2024,4,211220,adm,11000.0,2
2024,4,211220,adm,11500.0,2
2024,4,211220,adm,12000.0,1
2024,4,211220,adm,13000.0,1
2024,4,211220,adm,13500.0,1
2024,4,211220,adm,14000.0,1
2024,4,211220,adm,14500.0,1
2024,4,211220,adm,16000.0,1
2024,4,211220,adm,17500.0,2
2024,4,211220,adm,19000.0,1
2024,4,211220,adm,25000.0,1
2024,4,211220,adm,37000.0,1
2024,4,211220,adm,50000.0,1
2024,4,211220,deslig,3000.0,2
2024,4,211220,deslig,5000.0,1
2024,4,211220,deslig,5500.0,1
2024,4,211220,deslig,9000.0,2
2024,4,211220,deslig,10000.0,1
2024,4,211220,deslig,11500.0,2
2024,4,211220,deslig,12500.0,1
2024,4,211220,deslig,13000.0,1
2024,4,211220,deslig,13500.0,2
2024,4,211220,deslig,15500.0,1
2024,4,211220,deslig,23000.0,1
2024,4,212205,adm,1500.0,1
2024,4,212205,adm,2500.0,5
2024,4,212205,adm,3000.0,1
2024,4,212205,adm,4000.0,1
2024,4,212205,adm,4500.0,1
2024,4,212205,adm,5000.0,2
2024,4,212205,adm,5500.0,2
2024,4,212205,adm,6000.0,4
2024,4,212205,adm,6500.0,1
2024,4,212205,adm,7000.0,3
2024,4,212205,adm,7500.0,5
2024,4,212205,adm,8000.0,4
2024,4,212205,adm,8500.0,3
2024,4,212205,adm,9000.0,3
2024,4,212205,adm,9500.0,4
2024,4,212205,adm,10000.0,6
2024,4,212205,adm,10500.0,2
2024,4,212205,adm,11000.0,6
2024,4,212205,adm,11500.0,2
2024,4,212205,adm,12000.0,4
2024,4,212205,adm,12500.0,2
2024,4,212205,adm,13000.0,4
2024,4,212205,adm,13500.0,4
2024,4,212205,adm,14000.0,3
2024,4,212205,adm,15000.0,5
2024,4,212205,adm,15500.0,1
2024,4,212205,adm,16000.0,7
2024,4,212205,adm,17000.0,2
2024,4,212205,adm,18500.0,2
2024,4,212205,adm,19000.0,1
2024,4,212205,adm,19500.0,3
2024,4,212205,adm,20000.0,1
2024,4,212205,adm,20500.0,2
2024,4,212205,adm,21000.0,1
2024,4,212205,adm,21500.0,2
2024,4,212205,adm,22000.0,1
2024,4,212205,adm,22500.0,1
2024,4,212205,adm,23000.0,1
2024,4,212205,adm,23500.0,1
2024,4,212205,adm,24000.0,4
2024,4,212205,adm,24500.0,1
2024,4,212205,adm,25500.0,1
2024,4,212205,adm,26500.0,1
2024,4,212205,adm,27000.0,3
2024,4,212205,adm,27500.0,2
2024,4,212205,adm,29500.0,1
2024,4,212205,adm,31000.0,1
2024,4,212205,adm,32000.0,1
2024,4,212205,adm,33500.0,1
2024,4,212205,adm,38000.0,1
2024,4,212205,adm,45500.0,1
2024,4,212205,adm,50000.0,3
2024,4,212205,deslig,0.0,1
2024,4,212205,deslig,2000.0,1
2024,4,212205,deslig,2500.0,1
2024,4,212205,deslig,3000.0,2
2024,4,212205,deslig,4000.0,1
2024,4,212205,deslig,4500.0,2
2024,4,212205,deslig,5500.0,3
2024,4,212205,deslig,6000.0,4
2024,4,212205,deslig,6500.0,6
2024,4,212205,deslig,7000.0,4
2024,4,212205,deslig,7500.0,2
2024,4,212205,deslig,8000.0,7
2024,4,212205,deslig,8500.0,2
2024,4,212205,deslig,9000.0,7
2024,4,212205,deslig,9500.0,2
2024,4,212205,deslig,10000.0,5
2024,4,212205,deslig,10500.0,1
2024,4,212205,deslig,11000.0,4
2024,4,212205,deslig,11500.0,3
2024,4,212205,deslig,12000.0,6
2024,4,212205,deslig,12500.0,3
2024,4,212205,deslig,13000.0,3
2024,4,212205,deslig,13500.0,5
2024,4,212205,deslig,14000.0,2
2024,4,212205,deslig,14500.0,2
2024,4,212205,deslig,15000.0,2
2024,4,212205,deslig,15500.0,3
2024,4,212205,deslig,16000.0,3
2024,4,212205,deslig,16500.0,1
2024,4,212205,deslig,17000.0,3
2024,4,212205,deslig,17500.0,2
2024,4,212205,deslig,18000.0,2
2024,4,212205,deslig,18500.0,2
2024,4,212205,deslig,19000.0,1
2024,4,212205,deslig,19500.0,3
2024,4,212205,deslig,20000.0,1
2024,4,212205,deslig,20500.0,2
2024,4,212205,deslig,21500.0,2
2024,4,212205,deslig,22000.0,1
2024,4,212205,deslig,22500.0,3
2024,4,212205,deslig,23000.0,1
2024,4,212205,deslig,23500.0,1
2024,4,212205,deslig,24000.0,1
2024,4,212205,deslig,25000.0,4
2024,4,212205,deslig,25500.0,1
2024,4,212205,deslig,26000.0,1
2024,4,212205,deslig,26500.0,1
2024,4,212205,deslig,27000.0,1
2024,4,212205,deslig,28000.0,1
2024,4,212205,deslig,32500.0,2
2024,4,212205,deslig,38000.0,1
2024,4,212205,deslig,39500.0,1
2024,4,212205,deslig,50000.0,2
2024,4,212210,adm,2500.0,1
2024,4,212210,adm,6000.0,1
2024,4,212210,adm,6500.0,1
2024,4,212210,adm,8000.0,2
2024,4,212210,adm,11000.0,1
2024,4,212210,adm,12000.0,2
2024,4,212210,adm,14000.0,2
2024,4,212210,adm,15000.0,1
2024,4,212210,adm,15500.0,1
2024,4,212210,adm,17000.0,2
2024,4,212210,adm,18000.0,1
2024,4,212210,deslig,6000.0,2
2024,4,212210,deslig,8500.0,1
2024,4,212210,deslig,10500.0,1
2024,4,212210,deslig,13500.0,1
2024,4,212210,deslig,16000.0,1
2024,4,212210,deslig,19500.0,1
2024,4,212215,adm,1500.0,1
2024,4,212215,adm,2000.0,3
2024,4,212215,adm,2500.0,1
2024,4,212215,adm,3000.0,1
2024,4,212215,adm,4000.0,9
2024,4,212215,adm,4500.0,4
2024,4,212215,adm,5000.0,1
2024,4,212215,adm,5500.0,2
2024,4,212215,adm,6000.0,13
2024,4,212215,adm,7000.0,8
2024,4,212215,adm,7500.0,1
2024,4,212215,adm,8000.0,6
2024,4,212215,adm,8500.0,1
2024,4,212215,adm,9000.0,10
2024,4,212215,adm,10000.0,6
2024,4,212215,adm,10500.0,3
2024,4,212215,adm,11000.0,10
2024,4,212215,adm,11500.0,4
2024,4,212215,adm,12000.0,12
2024,4,212215,adm,12500.0,4
2024,4,212215,adm,13000.0,4
2024,4,212215,adm,13500.0,10
2024,4,212215,adm,14000.0,9
2024,4,212215,adm,14500.0,4
2024,4,212215,adm,15000.0,6
2024,4,212215,adm,15500.0,1
2024,4,212215,adm,16000.0,4
2024,4,212215,adm,16500.0,3
2024,4,212215,adm,17000.0,4
2024,4,212215,adm,17500.0,2
2024,4,212215,adm,18000.0,2
2024,4,212215,adm,18500.0,1
2024,4,212215,adm,19000.0,1
2024,4,212215,adm,19500.0,1
2024,4,212215,adm,20000.0,8
2024,4,212215,adm,21000.0,2
2024,4,212215,adm,21500.0,2
2024,4,212215,adm,22000.0,4
2024,4,212215,adm,22500.0,1
2024,4,212215,adm,23000.0,1
2024,4,212215,adm,24000.0,2
2024,4,212215,adm,25000.0,1
2024,4,212215,adm,26000.0,4
2024,4,212215,adm,26500.0,1
2024,4,212215,adm,27000.0,3
2024,4,212215,adm,28000.0,2
2024,4,212215,adm,29500.0,1
2024,4,212215,adm,30000.0,5
2024,4,212215,adm,31000.0,1
2024,4,212215,adm,31500.0,2
2024,4,212215,adm,32000.0,1
2024,4,212215,adm,34500.0,1
2024,4,212215,adm,37000.0,1
2024,4,212215,adm,41000.0,1
2024,4,212215,adm,41500.0,1
2024,4,212215,adm,47000.0,1
2024,4,212215,adm,50000.0,4
2024,4,212215,deslig,2000.0,5
2024,4,212215,deslig,2500.0,2
2024,4,212215,deslig,3000.0,1
2024,4,212215,deslig,3500.0,1
2024,4,212215,deslig,4000.0,3
2024,4,212215,deslig,4500.0,5
2024,4,212215,deslig,5000.0,1
2024,4,212215,deslig,6000.0,9
2024,4,212215,deslig,6500.0,2
2024,4,212215,deslig,7000.0,6
2024,4,212215,deslig,7500.0,8
2024,4,212215,deslig,8000.0,4
2024,4,212215,deslig,8500.0,1
2024,4,212215,deslig,9000.0,8
2024,4,212215,deslig,9500.0,3
2024,4,212215,deslig,10000.0,9
2024,4,212215,deslig,10500.0,7
2024,4,212215,deslig,11000.0,3
2024,4,212215,deslig,11500.0,2
2024,4,212215,deslig,12000.0,4
2024,4,212215,deslig,12500.0,6
2024,4,212215,deslig,13000.0,5
2024,4,212215,deslig,13500.0,5
2024,4,212215,deslig,14000.0,5
2024,4,212215,deslig,14500.0,4
2024,4,212215,deslig,15000.0,6
2024,4,212215,deslig,15500.0,3
2024,4,212215,deslig,16000.0,3
2024,4,212215,deslig,16500.0,2
2024,4,212215,deslig,17000.0,4
2024,4,212215,deslig,17500.0,1
2024,4,212215,deslig,18000.0,4
2024,4,212215,deslig,18500.0,2
2024,4,212215,deslig,19000.0,2
2024,4,212215,deslig,20000.0,3
2024,4,212215,deslig,20500.0,2
2024,4,212215,deslig,21000.0,2
2024,4,212215,deslig,21500.0,1
2024,4,212215,deslig,22500.0,1
2024,4,212215,deslig,23500.0,3
2024,4,212215,deslig,24000.0,1
2024,4,212215,deslig,25500.0,1
2024,4,212215,deslig,26000.0,1
2024,4,212215,deslig,26500.0,2
2024,4,212215,deslig,27500.0,2
2024,4,212215,deslig,28500.0,2
2024,4,212215,deslig,29500.0,1
2024,4,212215,deslig,33500.0,1
2024,4,212215,deslig,35000.0,1
2024,4,212215,deslig,35500.0,1
2024,4,212215,deslig,37500.0,1
2024,4,212215,deslig,38500.0,1
2024,4,212215,deslig,40000.0,2
2024,4,212215,deslig,40500.0,1
2024,4,212215,deslig,43000.0,1
2024,4,212215,deslig,44000.0,1
2024,4,212215,deslig,50000.0,1
2024,4,212305,adm,1500.0,4
2024,4,212305,adm,2000.0,3
2024,4,212305,adm,2500.0,3
2024,4,212305,adm,3000.0,2
2024,4,212305,adm,3500.0,8
2024,4,212305,adm,4000.0,6
2024,4,212305,adm,4500.0,1
2024,4,212305,adm,5000.0,6
2024,4,212305,adm,5500.0,2
2024,4,212305,adm,6000.0,3
2024,4,212305,adm,6500.0,5
2024,4,212305,adm,7000.0,5
2024,4,212305,adm,7500.0,3
2024,4,212305,adm,8000.0,4
2024,4,212305,adm,8500.0,2
2024,4,212305,adm,9000.0,6
2024,4,212305,adm,9500.0,2
2024,4,212305,adm,10000.0,5
2024,4,212305,adm,10500.0,2
2024,4,212305,adm,11000.0,8
2024,4,212305,adm,11500.0,7
2024,4,212305,adm,12000.0,5
2024,4,212305,adm,12500.0,1
2024,4,212305,adm,13000.0,2
2024,4,212305,adm,13500.0,1
2024,4,212305,adm,14000.0,4
2024,4,212305,adm,14500.0,3
2024,4,212305,adm,15000.0,1
2024,4,212305,adm,15500.0,2
2024,4,212305,adm,18000.0,4
2024,4,212305,adm,19500.0,1
2024,4,212305,adm,20000.0,3
2024,4,212305,adm,23000.0,1
2024,4,212305,adm,25000.0,2
2024,4,212305,deslig,1500.0,3
2024,4,212305,deslig,2000.0,5
2024,4,212305,deslig,2500.0,5
2024,4,212305,deslig,3000.0,2
2024,4,212305,deslig,3500.0,4
2024,4,212305,deslig,4000.0,4
2024,4,212305,deslig,4500.0,2
2024,4,212305,deslig,5000.0,5
2024,4,212305,deslig,5500.0,1
2024,4,212305,deslig,6000.0,4
2024,4,212305,deslig,6500.0,6
2024,4,212305,deslig,7000.0,9
2024,4,212305,deslig,7500.0,4
2024,4,212305,deslig,8000.0,4
2024,4,212305,deslig,8500.0,2
2024,4,212305,deslig,9000.0,4
2024,4,212305,deslig,9500.0,4
2024,4,212305,deslig,10000.0,3
2024,4,212305,deslig,10500.0,1
2024,4,212305,deslig,11000.0,2
2024,4,212305,deslig,11500.0,4
2024,4,212305,deslig,12000.0,3
2024,4,212305,deslig,12500.0,3
2024,4,212305,deslig,13000.0,2
2024,4,212305,deslig,13500.0,3
2024,4,212305,deslig,14000.0,2
2024,4,212305,deslig,14500.0,3
2024,4,212305,deslig,15000.0,1
2024,4,212305,deslig,15500.0,2
2024,4,212305,deslig,16000.0,3
2024,4,212305,deslig,17000.0,1
2024,4,212305,deslig,17500.0,1
2024,4,212305,deslig,18500.0,1
2024,4,212305,deslig,20000.0,1
2024,4,212305,deslig,20500.0,1
2024,4,212305,deslig,26500.0,1
2024,4,212405,adm,0.0,2
2024,4,212405,adm,1000.0,84
2024,4,212405,adm,1500.0,49
2024,4,212405,adm,2000.0,148
2024,4,212405,adm,2500.0,145
2024,4,212405,adm,3000.0,143
2024,4,212405,adm,3500.0,131
2024,4,212405,adm,4000.0,116
2024,4,212405,adm,4500.0,116
2024,4,212405,adm,5000.0,140
2024,4,212405,adm,5500.0,93
2024,4,212405,adm,6000.0,148
2024,4,212405,adm,6500.0,137
2024,4,212405,adm,7000.0,115
2024,4,212405,adm,7500.0,113
2024,4,212405,adm,8000.0,131
2024,4,212405,adm,8500.0,77
2024,4,212405,adm,9000.0,101
2024,4,212405,adm,9500.0,87
2024,4,212405,adm,10000.0,162
2024,4,212405,adm,10500.0,79
2024,4,212405,adm,11000.0,93
2024,4,212405,adm,11500.0,52
2024,4,212405,adm,12000.0,119
2024,4,212405,adm,12500.0,47
2024,4,212405,adm,13000.0,79
2024,4,212405,adm,13500.0,39
2024,4,212405,adm,14000.0,68
2024,4,212405,adm,14500.0,31
2024,4,212405,adm,15000.0,73
2024,4,212405,adm,15500.0,27
2024,4,212405,adm,16000.0,55
2024,4,212405,adm,16500.0,16
2024,4,212405,adm,17000.0,28
2024,4,212405,adm,17500.0,10
2024,4,212405,adm,18000.0,22
2024,4,212405,adm,18500.0,8
2024,4,212405,adm,19000.0,15
2024,4,212405,adm,19500.0,1
2024,4,212405,adm,20000.0,15
2024,4,212405,adm,21000.0,6
2024,4,212405,adm,21500.0,2
2024,4,212405,adm,22000.0,7
2024,4,212405,adm,22500.0,3
2024,4,212405,adm,23000.0,4
2024,4,212405,adm,24000.0,2
2024,4,212405,adm,25000.0,1
2024,4,212405,adm,26000.0,1
2024,4,212405,adm,26500.0,5
2024,4,212405,adm,27000.0,3
2024,4,212405,adm,27500.0,2
2024,4,212405,adm,28000.0,3
2024,4,212405,adm,29000.0,1
2024,4,212405,adm,30500.0,1
2024,4,212405,adm,31000.0,1
2024,4,212405,adm,31500.0,1
2024,4,212405,adm,38000.0,1
2024,4,212405,adm,39000.0,1
2024,4,212405,adm,40000.0,1
2024,4,212405,adm,43000.0,1
2024,4,212405,adm,50000.0,1
2024,4,212405,deslig,0.0,1
2024,4,212405,deslig,1000.0,52
2024,4,212405,deslig,1500.0,43
2024,4,212405,deslig,2000.0,127
2024,4,212405,deslig,2500.0,156
2024,4,212405,deslig,3000.0,129
2024,4,212405,deslig,3500.0,136
2024,4,212405,deslig,4000.0,159
2024,4,212405,deslig,4500.0,138
2024,4,212405,deslig,5000.0,150
2024,4,212405,deslig,5500.0,112
2024,4,212405,deslig,6000.0,130
2024,4,212405,deslig,6500.0,96
2024,4,212405,deslig,7000.0,118
2024,4,212405,deslig,7500.0,104
2024,4,212405,deslig,8000.0,114
2024,4,212405,deslig,8500.0,89
2024,4,212405,deslig,9000.0,98
2024,4,212405,deslig,9500.0,93
2024,4,212405,deslig,10000.0,85
2024,4,212405,deslig,10500.0,64
2024,4,212405,deslig,11000.0,79
2024,4,212405,deslig,11500.0,65
2024,4,212405,deslig,12000.0,84
2024,4,212405,deslig,12500.0,61
2024,4,212405,deslig,13000.0,51
2024,4,212405,deslig,13500.0,51
2024,4,212405,deslig,14000.0,52
2024,4,212405,deslig,14500.0,31
2024,4,212405,deslig,15000.0,33
2024,4,212405,deslig,15500.0,40
2024,4,212405,deslig,16000.0,30
2024,4,212405,deslig,16500.0,26
2024,4,212405,deslig,17000.0,26
2024,4,212405,deslig,17500.0,12
2024,4,212405,deslig,18000.0,19
2024,4,212405,deslig,18500.0,13
2024,4,212405,deslig,19000.0,7
2024,4,212405,deslig,19500.0,12
2024,4,212405,deslig,20000.0,16
2024,4,212405,deslig,20500.0,2
2024,4,212405,deslig,21000.0,4
2024,4,212405,deslig,21500.0,6
2024,4,212405,deslig,22000.0,4
2024,4,212405,deslig,22500.0,2
2024,4,212405,deslig,23000.0,2
2024,4,212405,deslig,23500.0,2
2024,4,212405,deslig,24000.0,1
2024,4,212405,deslig,25000.0,4
2024,4,212405,deslig,25500.0,3
2024,4,212405,deslig,26000.0,1
2024,4,212405,deslig,27000.0,2
2024,4,212405,deslig,27500.0,1
2024,4,212405,deslig,28000.0,1
2024,4,212405,deslig,29000.0,1
2024,4,212405,deslig,29500.0,1
2024,4,212405,deslig,30500.0,1
2024,4,212405,deslig,31000.0,1
2024,4,212405,deslig,32000.0,1
2024,4,212405,deslig,34000.0,1
2024,4,212405,deslig,39000.0,1
2024,4,212405,deslig,43000.0,1
2024,4,212405,deslig,45000.0,1
2024,4,212405,deslig,48500.0,1
2024,4,212410,adm,1000.0,2
2024,4,212410,adm,1500.0,32
2024,4,212410,adm,2000.0,56
2024,4,212410,adm,2500.0,43
2024,4,212410,adm,3000.0,58
2024,4,212410,adm,3500.0,43
2024,4,212410,adm,4000.0,37
2024,4,212410,adm,4500.0,35
2024,4,212410,adm,5000.0,22
2024,4,212410,adm,5500.0,17
2024,4,212410,adm,6000.0,13
2024,4,212410,adm,6500.0,13
2024,4,212410,adm,7000.0,17
2024,4,212410,adm,7500.0,7
2024,4,212410,adm,8000.0,18
2024,4,212410,adm,8500.0,7
2024,4,212410,adm,9000.0,15
2024,4,212410,adm,9500.0,6
2024,4,212410,adm,10000.0,15
2024,4,212410,adm,10500.0,8
2024,4,212410,adm,11000.0,13
2024,4,212410,adm,11500.0,11
2024,4,212410,adm,12000.0,6
2024,4,212410,adm,12500.0,3
2024,4,212410,adm,13000.0,4
2024,4,212410,adm,13500.0,2
2024,4,212410,adm,14000.0,5
2024,4,212410,adm,14500.0,5
2024,4,212410,adm,15000.0,1
2024,4,212410,adm,15500.0,1
2024,4,212410,adm,16000.0,4
2024,4,212410,adm,16500.0,4
2024,4,212410,adm,17000.0,4
2024,4,212410,adm,17500.0,1
2024,4,212410,adm,19000.0,2
2024,4,212410,adm,20000.0,1
2024,4,212410,adm,20500.0,2
2024,4,212410,adm,21000.0,1
2024,4,212410,adm,22000.0,1
2024,4,212410,adm,23500.0,1
2024,4,212410,adm,31500.0,1
2024,4,212410,adm,37000.0,1
2024,4,212410,deslig,0.0,1
2024,4,212410,deslig,1000.0,3
2024,4,212410,deslig,1500.0,13
2024,4,212410,deslig,2000.0,49
2024,4,212410,deslig,2500.0,52
2024,4,212410,deslig,3000.0,45
2024,4,212410,deslig,3500.0,35
2024,4,212410,deslig,4000.0,29
2024,4,212410,deslig,4500.0,34
2024,4,212410,deslig,5000.0,34
2024,4,212410,deslig,5500.0,19
2024,4,212410,deslig,6000.0,25
2024,4,212410,deslig,6500.0,10
2024,4,212410,deslig,7000.0,16
2024,4,212410,deslig,7500.0,19
2024,4,212410,deslig,8000.0,11
2024,4,212410,deslig,8500.0,13
2024,4,212410,deslig,9000.0,11
2024,4,212410,deslig,9500.0,10
2024,4,212410,deslig,10000.0,10
2024,4,212410,deslig,10500.0,5
2024,4,212410,deslig,11000.0,5
2024,4,212410,deslig,11500.0,6
2024,4,212410,deslig,12000.0,5
2024,4,212410,deslig,12500.0,4
2024,4,212410,deslig,13000.0,7
2024,4,212410,deslig,13500.0,1
2024,4,212410,deslig,14000.0,2
2024,4,212410,deslig,14500.0,3
2024,4,212410,deslig,15000.0,4
2024,4,212410,deslig,15500.0,1
2024,4,212410,deslig,16500.0,1
2024,4,212410,deslig,17000.0,2
2024,4,212410,deslig,18000.0,3
2024,4,212410,deslig,18500.0,2
2024,4,212410,deslig,19500.0,1
2024,4,212410,deslig,20500.0,3
2024,4,212410,deslig,21000.0,1
2024,4,212410,deslig,21500.0,1
2024,4,212410,deslig,22000.0,1
2024,4,212410,deslig,22500.0,2
2024,4,212410,deslig,24000.0,1
2024,4,212410,deslig,24500.0,1
2024,4,212410,deslig,25500.0,2
2024,4,212410,deslig,26500.0,1
2024,4,212410,deslig,43500.0,1
2024,4,212425,adm,3000.0,2
2024,4,212425,adm,4000.0,1
2024,4,212425,adm,4500.0,2
2024,4,212425,adm,9000.0,1
2024,4,212425,adm,9500.0,1
2024,4,212425,adm,10000.0,2
2024,4,212425,adm,10500.0,1
2024,4,212425,adm,12000.0,2
2024,4,212425,adm,13000.0,3
2024,4,212425,adm,13500.0,2
2024,4,212425,adm,14000.0,1
2024,4,212425,adm,15000.0,4
2024,4,212425,adm,15500.0,1
2024,4,212425,adm,16000.0,8
2024,4,212425,adm,17000.0,3
2024,4,212425,adm,17500.0,4
2024,4,212425,adm,18000.0,4
2024,4,212425,adm,18500.0,1
2024,4,212425,adm,19000.0,1
2024,4,212425,adm,19500.0,1
2024,4,212425,adm,20000.0,1
2024,4,212425,adm,21000.0,5
2024,4,212425,adm,22000.0,3
2024,4,212425,adm,23000.0,2
2024,4,212425,adm,25000.0,1
2024,4,212425,adm,26000.0,1
2024,4,212425,adm,38000.0,2
2024,4,212425,deslig,3000.0,1
2024,4,212425,deslig,4500.0,1
2024,4,212425,deslig,6000.0,4
2024,4,212425,deslig,6500.0,2
2024,4,212425,deslig,7000.0,1
2024,4,212425,deslig,8000.0,1
2024,4,212425,deslig,9000.0,1
2024,4,212425,deslig,10000.0,3
2024,4,212425,deslig,10500.0,3
2024,4,212425,deslig,12000.0,4
2024,4,212425,deslig,13500.0,1
2024,4,212425,deslig,14000.0,2
2024,4,212425,deslig,14500.0,3
2024,4,212425,deslig,15000.0,1
2024,4,212425,deslig,15500.0,1
2024,4,212425,deslig,16000.0,1
2024,4,212425,deslig,16500.0,2
2024,4,212425,deslig,17000.0,1
2024,4,212425,deslig,17500.0,1
2024,4,212425,deslig,18000.0,4
2024,4,212425,deslig,18500.0,1
2024,4,212425,deslig,19000.0,3
2024,4,212425,deslig,19500.0,1
2024,4,212425,deslig,21500.0,2
2024,4,212425,deslig,22000.0,1
2024,5,203105,adm,4000.0,6
2024,5,203105,adm,4500.0,2
2024,5,203105,adm,5000.0,1
2024,5,203105,adm,5500.0,1
2024,5,203105,adm,6000.0,2
2024,5,203105,adm,6500.0,4
2024,5,203105,adm,7000.0,5
2024,5,203105,adm,7500.0,1
2024,5,203105,adm,8000.0,2
2024,5,203105,adm,8500.0,2
2024,5,203105,adm,9500.0,2
2024,5,203105,adm,10000.0,1
2024,5,203105,adm,10500.0,1
2024,5,203105,adm,11000.0,1
2024,5,203105,adm,11500.0,3
2024,5,203105,adm,12000.0,3
2024,5,203105,adm,12500.0,1
2024,5,203105,adm,13000.0,4
2024,5,203105,adm,14000.0,2
2024,5,203105,adm,15000.0,3
2024,5,203105,adm,16000.0,1
2024,5,203105,adm,17500.0,1
2024,5,203105,adm,20000.0,1
2024,5,203105,adm,20500.0,1
2024,5,203105,deslig,2500.0,1
2024,5,203105,deslig,3500.0,3
2024,5,203105,deslig,4000.0,2
2024,5,203105,deslig,4500.0,1
2024,5,203105,deslig,5500.0,3
2024,5,203105,deslig,6000.0,1
2024,5,203105,deslig,6500.0,1
2024,5,203105,deslig,7000.0,4
2024,5,203105,deslig,7500.0,1
2024,5,203105,deslig,8500.0,2
2024,5,203105,deslig,9500.0,1
2024,5,203105,deslig,10000.0,3
2024,5,203105,deslig,11500.0,1
2024,5,203105,deslig,12000.0,4
2024,5,203105,deslig,13000.0,1
2024,5,203105,deslig,13500.0,1
2024,5,203105,deslig,14000.0,3
2024,5,203105,deslig,15000.0,2
2024,5,203105,deslig,15500.0,1
2024,5,203105,deslig,16000.0,1
2024,5,203105,deslig,16500.0,1
2024,5,203105,deslig,17000.0,2
2024,5,203105,deslig,22000.0,1
2024,5,203105,deslig,27000.0,1
2024,5,203105,deslig,35000.0,1
2024,5,211205,adm,1500.0,3
2024,5,211205,adm,2000.0,1
2024,5,211205,adm,3000.0,3
2024,5,211205,adm,4000.0,3
2024,5,211205,adm,4500.0,7
2024,5,211205,adm,5000.0,6
2024,5,211205,adm,5500.0,4
2024,5,211205,adm,6000.0,3
2024,5,211205,adm,7000.0,2
2024,5,211205,adm,7500.0,3
2024,5,211205,adm,8000.0,1
2024,5,211205,adm,8500.0,2
2024,5,211205,adm,9500.0,2
2024,5,211205,adm,10000.0,5
2024,5,211205,adm,10500.0,1
2024,5,211205,adm,11000.0,1
2024,5,211205,adm,12000.0,1
2024,5,211205,adm,12500.0,1
2024,5,211205,adm,13000.0,1
2024,5,211205,adm,14000.0,2
2024,5,211205,adm,14500.0,1
2024,5,211205,adm,15500.0,1
2024,5,211205,adm,16000.0,1
2024,5,211205,adm,19500.0,1
2024,5,211205,adm,20000.0,1
2024,5,211205,adm,28000.0,1
2024,5,211205,deslig,1500.0,1
2024,5,211205,deslig,2000.0,1
2024,5,211205,deslig,3000.0,3
2024,5,211205,deslig,3500.0,1
2024,5,211205,deslig,5000.0,1
2024,5,211205,deslig,5500.0,1
2024,5,211205,deslig,6000.0,1
2024,5,211205,deslig,6500.0,1
2024,5,211205,deslig,7500.0,2
2024,5,211205,deslig,8000.0,3
2024,5,211205,deslig,8500.0,1
2024,5,211205,deslig,9500.0,2
2024,5,211205,deslig,10000.0,2
2024,5,211205,deslig,11000.0,2
2024,5,211205,deslig,11500.0,1
2024,5,211205,deslig,12500.0,1
2024,5,211205,deslig,13500.0,1
2024,5,211205,deslig,16000.0,1
2024,5,211205,deslig,23000.0,1
2024,5,211205,deslig,26500.0,1
2024,5,211210,adm,3500.0,3
2024,5,211210,adm,5500.0,3
2024,5,211210,adm,8000.0,1
2024,5,211210,adm,10500.0,1
2024,5,211210,adm,16500.0,1
2024,5,211210,deslig,2500.0,1
2024,5,211210,deslig,3500.0,1
2024,5,211210,deslig,7000.0,1
2024,5,211210,deslig,13000.0,1
2024,5,211215,deslig,3500.0,1
2024,5,211220,adm,2500.0,1
2024,5,211220,adm,3000.0,1
2024,5,211220,adm,3500.0,1
2024,5,211220,adm,4000.0,1
2024,5,211220,adm,5500.0,2
2024,5,211220,adm,7000.0,1
2024,5,211220,adm,7500.0,1
2024,5,211220,adm,8500.0,1
2024,5,211220,adm,9000.0,1
2024,5,211220,adm,10500.0,2
2024,5,211220,adm,11000.0,1
2024,5,211220,adm,14000.0,4
2024,5,211220,adm,14500.0,1
2024,5,211220,adm,15000.0,1
2024,5,211220,adm,16000.0,2
2024,5,211220,adm,18000.0,1
2024,5,211220,deslig,4500.0,1
2024,5,211220,deslig,5000.0,1
2024,5,211220,deslig,7500.0,1
2024,5,211220,deslig,8000.0,2
2024,5,211220,deslig,9000.0,2
2024,5,211220,deslig,9500.0,1
2024,5,211220,deslig,11500.0,1
2024,5,211220,deslig,12500.0,1
2024,5,211220,deslig,14000.0,1
2024,5,211220,deslig,15000.0,1
2024,5,211220,deslig,19000.0,2
2024,5,211220,deslig,29000.0,1
2024,5,211220,deslig,32500.0,1
2024,5,212205,adm,3000.0,1
2024,5,212205,adm,3500.0,1
2024,5,212205,adm,4000.0,1
2024,5,212205,adm,4500.0,1
2024,5,212205,adm,5500.0,1
2024,5,212205,adm,6000.0,2
2024,5,212205,adm,6500.0,2
2024,5,212205,adm,7000.0,2
2024,5,212205,adm,7500.0,7
2024,5,212205,adm,8000.0,3
2024,5,212205,adm,8500.0,5
2024,5,212205,adm,9000.0,3
2024,5,212205,adm,9500.0,5
2024,5,212205,adm,10000.0,4
2024,5,212205,adm,10500.0,3
2024,5,212205,adm,11000.0,1
2024,5,212205,adm,11500.0,2
2024,5,212205,adm,12000.0,7
2024,5,212205,adm,12500.0,3
2024,5,212205,adm,13000.0,15
2024,5,212205,adm,13500.0,10
2024,5,212205,adm,14000.0,4
2024,5,212205,adm,14500.0,2
2024,5,212205,adm,15000.0,2
2024,5,212205,adm,15500.0,6
2024,5,212205,adm,16000.0,2
2024,5,212205,adm,16500.0,4
2024,5,212205,adm,17000.0,7
2024,5,212205,adm,17500.0,1
2024,5,212205,adm,18000.0,2
2024,5,212205,adm,18500.0,3
2024,5,212205,adm,19000.0,1
2024,5,212205,adm,19500.0,1
2024,5,212205,adm,20000.0,7
2024,5,212205,adm,20500.0,1
2024,5,212205,adm,21000.0,4
2024,5,212205,adm,22000.0,2
2024,5,212205,adm,23000.0,1
2024,5,212205,adm,24000.0,4
2024,5,212205,adm,25000.0,6
2024,5,212205,adm,26000.0,2
2024,5,212205,adm,26500.0,1
2024,5,212205,adm,27000.0,1
2024,5,212205,adm,27500.0,1
2024,5,212205,adm,29000.0,1
2024,5,212205,adm,29500.0,1
2024,5,212205,adm,31000.0,1
2024,5,212205,adm,36000.0,1
2024,5,212205,adm,45000.0,1
2024,5,212205,adm,49500.0,1
2024,5,212205,adm,50000.0,2
2024,5,212205,deslig,2000.0,3
2024,5,212205,deslig,3000.0,2
2024,5,212205,deslig,3500.0,1
2024,5,212205,deslig,4000.0,2
2024,5,212205,deslig,5000.0,1
2024,5,212205,deslig,5500.0,2
2024,5,212205,deslig,6000.0,3
2024,5,212205,deslig,6500.0,1
2024,5,212205,deslig,7000.0,2
2024,5,212205,deslig,7500.0,2
2024,5,212205,deslig,8000.0,10
2024,5,212205,deslig,8500.0,9
2024,5,212205,deslig,9000.0,5
2024,5,212205,deslig,9500.0,6
2024,5,212205,deslig,10000.0,7
2024,5,212205,deslig,10500.0,6
2024,5,212205,deslig,11000.0,6
2024,5,212205,deslig,11500.0,2
2024,5,212205,deslig,12000.0,2
2024,5,212205,deslig,12500.0,5
2024,5,212205,deslig,13000.0,3
2024,5,212205,deslig,13500.0,4
2024,5,212205,deslig,14000.0,5
2024,5,212205,deslig,14500.0,1
2024,5,212205,deslig,15000.0,3
2024,5,212205,deslig,16000.0,5
2024,5,212205,deslig,16500.0,1
2024,5,212205,deslig,17000.0,2
2024,5,212205,deslig,17500.0,2
2024,5,212205,deslig,18000.0,2
2024,5,212205,deslig,18500.0,3
2024,5,212205,deslig,19000.0,2
2024,5,212205,deslig,19500.0,1
2024,5,212205,deslig,20000.0,2
2024,5,212205,deslig,20500.0,3
2024,5,212205,deslig,21000.0,2
2024,5,212205,deslig,21500.0,2
2024,5,212205,deslig,22500.0,1
2024,5,212205,deslig,23500.0,1
2024,5,212205,deslig,24000.0,4
2024,5,212205,deslig,25000.0,1
2024,5,212205,deslig,25500.0,2
2024,5,212205,deslig,27000.0,1
2024,5,212205,deslig,28000.0,1
2024,5,212205,deslig,30000.0,1
2024,5,212205,deslig,31500.0,1
2024,5,212205,deslig,33000.0,1
2024,5,212205,deslig,34000.0,1
2024,5,212205,deslig,37500.0,1
2024,5,212205,deslig,47500.0,1
2024,5,212205,deslig,48000.0,1
2024,5,212205,deslig,50000.0,1
2024,5,212210,adm,2000.0,1
2024,5,212210,adm,8000.0,1
2024,5,212210,adm,9500.0,1
2024,5,212210,adm,12500.0,2
2024,5,212210,adm,20000.0,1
2024,5,212210,adm,21000.0,1
2024,5,212210,adm,43000.0,1
2024,5,212210,deslig,5500.0,1
2024,5,212210,deslig,6000.0,1
2024,5,212210,deslig,8000.0,1
2024,5,212210,deslig,10000.0,1
2024,5,212210,deslig,10500.0,1
2024,5,212210,deslig,11500.0,1
2024,5,212210,deslig,12000.0,1
2024,5,212210,deslig,12500.0,1
2024,5,212210,deslig,13000.0,1
2024,5,212210,deslig,14000.0,1
2024,5,212210,deslig,15500.0,1
2024,5,212210,deslig,20000.0,1
2024,5,212210,deslig,30500.0,1
2024,5,212215,adm,2000.0,22
2024,5,212215,adm,3000.0,1
2024,5,212215,adm,3500.0,2
2024,5,212215,adm,4000.0,1
2024,5,212215,adm,4500.0,2
2024,5,212215,adm,5000.0,1
2024,5,212215,adm,5500.0,2
2024,5,212215,adm,6000.0,6
2024,5,212215,adm,6500.0,3
2024,5,212215,adm,7000.0,6
2024,5,212215,adm,7500.0,6
2024,5,212215,adm,8000.0,6
2024,5,212215,adm,8500.0,2
2024,5,212215,adm,9000.0,13
2024,5,212215,adm,9500.0,2
2024,5,212215,adm,10000.0,8
2024,5,212215,adm,11000.0,11
2024,5,212215,adm,11500.0,2
2024,5,212215,adm,12000.0,8
2024,5,212215,adm,12500.0,5
2024,5,212215,adm,13000.0,5
2024,5,212215,adm,13500.0,6
2024,5,212215,adm,14000.0,7
2024,5,212215,adm,14500.0,1
2024,5,212215,adm,15000.0,13
2024,5,212215,adm,15500.0,3
2024,5,212215,adm,16000.0,5
2024,5,212215,adm,16500.0,2
2024,5,212215,adm,17000.0,1
2024,5,212215,adm,17500.0,3
2024,5,212215,adm,18000.0,5
2024,5,212215,adm,19500.0,1
2024,5,212215,adm,20000.0,4
2024,5,212215,adm,20500.0,3
2024,5,212215,adm,21500.0,2
2024,5,212215,adm,22000.0,1
2024,5,212215,adm,22500.0,3
2024,5,212215,adm,23000.0,1
2024,5,212215,adm,24000.0,3
2024,5,212215,adm,24500.0,1
2024,5,212215,adm,25000.0,6
2024,5,212215,adm,25500.0,1
2024,5,212215,adm,26000.0,1
2024,5,212215,adm,27000.0,2
2024,5,212215,adm,28500.0,2
2024,5,212215,adm,29000.0,1
2024,5,212215,adm,30000.0,1
2024,5,212215,adm,30500.0,1
2024,5,212215,adm,32500.0,2
2024,5,212215,adm,33000.0,1
2024,5,212215,adm,35500.0,1
2024,5,212215,adm,38000.0,1
2024,5,212215,adm,40500.0,1
2024,5,212215,adm,41000.0,1
2024,5,212215,adm,44500.0,1
2024,5,212215,adm,45000.0,1
2024,5,212215,adm,50000.0,1
2024,5,212215,deslig,0.0,1
2024,5,212215,deslig,2000.0,1
2024,5,212215,deslig,2500.0,3
2024,5,212215,deslig,3000.0,2
2024,5,212215,deslig,3500.0,2
2024,5,212215,deslig,4000.0,2
2024,5,212215,deslig,4500.0,1
2024,5,212215,deslig,5000.0,4
2024,5,212215,deslig,6000.0,5
2024,5,212215,deslig,6500.0,3
2024,5,212215,deslig,7000.0,8
2024,5,212215,deslig,7500.0,4
2024,5,212215,deslig,8000.0,7
2024,5,212215,deslig,8500.0,3
2024,5,212215,deslig,9000.0,5
2024,5,212215,deslig,9500.0,2
2024,5,212215,deslig,10000.0,11
2024,5,212215,deslig,10500.0,4
2024,5,212215,deslig,11000.0,6
2024,5,212215,deslig,11500.0,6
2024,5,212215,deslig,12000.0,5
2024,5,212215,deslig,12500.0,3
2024,5,212215,deslig,13000.0,4
2024,5,212215,deslig,13500.0,4
2024,5,212215,deslig,14000.0,8
2024,5,212215,deslig,14500.0,4
2024,5,212215,deslig,15000.0,10
2024,5,212215,deslig,15500.0,3
2024,5,212215,deslig,16000.0,1
2024,5,212215,deslig,16500.0,2
2024,5,212215,deslig,17000.0,1
2024,5,212215,deslig,18000.0,2
2024,5,212215,deslig,18500.0,4
2024,5,212215,deslig,19000.0,2
2024,5,212215,deslig,20000.0,5
2024,5,212215,deslig,20500.0,1
2024,5,212215,deslig,21000.0,6
2024,5,212215,deslig,22500.0,1
2024,5,212215,deslig,23000.0,1
2024,5,212215,deslig,24500.0,2
2024,5,212215,deslig,25000.0,3
2024,5,212215,deslig,27000.0,1
2024,5,212215,deslig,28000.0,1
2024,5,212215,deslig,29500.0,1
2024,5,212215,deslig,31000.0,1
2024,5,212215,deslig,31500.0,1
2024,5,212215,deslig,32500.0,1
2024,5,212215,deslig,35000.0,1
2024,5,212215,deslig,38500.0,1
2024,5,212215,deslig,40500.0,2
2024,5,212215,deslig,42500.0,1
2024,5,212215,deslig,44500.0,1
2024,5,212215,deslig,45000.0,1
2024,5,212215,deslig,49500.0,1
2024,5,212215,deslig,50000.0,2
2024,5,212305,adm,1500.0,4
2024,5,212305,adm,2000.0,2
2024,5,212305,adm,2500.0,1
2024,5,212305,adm,3000.0,4
2024,5,212305,adm,3500.0,6
2024,5,212305,adm,4000.0,12
2024,5,212305,adm,4500.0,4
2024,5,212305,adm,5000.0,5
2024,5,212305,adm,5500.0,2
2024,5,212305,adm,6000.0,3
2024,5,212305,adm,6500.0,6
2024,5,212305,adm,7000.0,5
2024,5,212305,adm,7500.0,4
2024,5,212305,adm,8000.0,6
2024,5,212305,adm,8500.0,3
2024,5,212305,adm,9000.0,5
2024,5,212305,adm,9500.0,4
2024,5,212305,adm,10000.0,4
2024,5,212305,adm,10500.0,3
2024,5,212305,adm,11000.0,3
2024,5,212305,adm,11500.0,7
2024,5,212305,adm,12000.0,8
2024,5,212305,adm,12500.0,3
2024,5,212305,adm,13000.0,5
2024,5,212305,adm,13500.0,4
2024,5,212305,adm,14000.0,4
2024,5,212305,adm,14500.0,1
2024,5,212305,adm,15000.0,4
2024,5,212305,adm,15500.0,1
2024,5,212305,adm,17000.0,2
2024,5,212305,adm,18500.0,1
2024,5,212305,adm,20000.0,1
2024,5,212305,adm,22000.0,1
2024,5,212305,adm,24000.0,1
2024,5,212305,adm,50000.0,1
2024,5,212305,deslig,1000.0,1
2024,5,212305,deslig,1500.0,2
2024,5,212305,deslig,2000.0,1
2024,5,212305,deslig,2500.0,3
2024,5,212305,deslig,3000.0,4
2024,5,212305,deslig,3500.0,3
2024,5,212305,deslig,4000.0,7
2024,5,212305,deslig,4500.0,5
2024,5,212305,deslig,5000.0,9
2024,5,212305,deslig,5500.0,6
2024,5,212305,deslig,6000.0,4
2024,5,212305,deslig,6500.0,4
2024,5,212305,deslig,7000.0,4
2024,5,212305,deslig,7500.0,4
2024,5,212305,deslig,8000.0,4
2024,5,212305,deslig,8500.0,4
2024,5,212305,deslig,9000.0,2
2024,5,212305,deslig,10000.0,6
2024,5,212305,deslig,10500.0,5
2024,5,212305,deslig,11000.0,6
2024,5,212305,deslig,11500.0,3
2024,5,212305,deslig,12000.0,3
2024,5,212305,deslig,12500.0,2
2024,5,212305,deslig,13000.0,4
2024,5,212305,deslig,13500.0,1
2024,5,212305,deslig,14000.0,4
2024,5,212305,deslig,14500.0,3
2024,5,212305,deslig,15000.0,3
2024,5,212305,deslig,15500.0,1
2024,5,212305,deslig,16000.0,2
2024,5,212305,deslig,16500.0,1
2024,5,212305,deslig,17000.0,1
2024,5,212305,deslig,17500.0,2
2024,5,212305,deslig,18000.0,1
2024,5,212305,deslig,19000.0,2
2024,5,212305,deslig,22500.0,1
2024,5,212305,deslig,27000.0,1
2024,5,212405,adm,0.0,5
2024,5,212405,adm,1000.0,9
2024,5,212405,adm,1500.0,35
2024,5,212405,adm,2000.0,168
2024,5,212405,adm,2500.0,146
2024,5,212405,adm,3000.0,157
2024,5,212405,adm,3500.0,125
2024,5,212405,adm,4000.0,157
2024,5,212405,adm,4500.0,106
2024,5,212405,adm,5000.0,130
2024,5,212405,adm,5500.0,83
2024,5,212405,adm,6000.0,158
2024,5,212405,adm,6500.0,132
2024,5,212405,adm,7000.0,138
2024,5,212405,adm,7500.0,95
2024,5,212405,adm,8000.0,136
2024,5,212405,adm,8500.0,86
2024,5,212405,adm,9000.0,120
2024,5,212405,adm,9500.0,95
2024,5,212405,adm,10000.0,158
2024,5,212405,adm,10500.0,64
2024,5,212405,adm,11000.0,102
2024,5,212405,adm,11500.0,55
2024,5,212405,adm,12000.0,123
2024,5,212405,adm,12500.0,48
2024,5,212405,adm,13000.0,66
2024,5,212405,adm,13500.0,28
2024,5,212405,adm,14000.0,83
2024,5,212405,adm,14500.0,30
2024,5,212405,adm,15000.0,60
2024,5,212405,adm,15500.0,24
2024,5,212405,adm,16000.0,46
2024,5,212405,adm,16500.0,22
2024,5,212405,adm,17000.0,38
2024,5,212405,adm,17500.0,20
2024,5,212405,adm,18000.0,30
2024,5,212405,adm,18500.0,12
2024,5,212405,adm,19000.0,21
2024,5,212405,adm,19500.0,3
2024,5,212405,adm,20000.0,21
2024,5,212405,adm,20500.0,3
2024,5,212405,adm,21000.0,11
2024,5,212405,adm,21500.0,4
2024,5,212405,adm,22000.0,8
2024,5,212405,adm,22500.0,3
2024,5,212405,adm,23000.0,5
2024,5,212405,adm,23500.0,1
2024,5,212405,adm,24000.0,3
2024,5,212405,adm,24500.0,4
2024,5,212405,adm,25000.0,8
2024,5,212405,adm,26000.0,3
2024,5,212405,adm,26500.0,1
2024,5,212405,adm,28000.0,1
2024,5,212405,adm,29000.0,1
2024,5,212405,adm,31500.0,1
2024,5,212405,adm,32500.0,1
2024,5,212405,adm,33000.0,1
2024,5,212405,adm,37500.0,2
2024,5,212405,adm,38000.0,1
2024,5,212405,adm,44000.0,1
2024,5,212405,adm,50000.0,1
2024,5,212405,deslig,0.0,3
2024,5,212405,deslig,1000.0,56
2024,5,212405,deslig,1500.0,35
2024,5,212405,deslig,2000.0,139
2024,5,212405,deslig,2500.0,123
2024,5,212405,deslig,3000.0,132
2024,5,212405,deslig,3500.0,118
2024,5,212405,deslig,4000.0,143
2024,5,212405,deslig,4500.0,121
2024,5,212405,deslig,5000.0,150
2024,5,212405,deslig,5500.0,133
2024,5,212405,deslig,6000.0,140
2024,5,212405,deslig,6500.0,123
2024,5,212405,deslig,7000.0,127
2024,5,212405,deslig,7500.0,108
2024,5,212405,deslig,8000.0,130
2024,5,212405,deslig,8500.0,106
2024,5,212405,deslig,9000.0,125
2024,5,212405,deslig,9500.0,90
2024,5,212405,deslig,10000.0,111
2024,5,212405,deslig,10500.0,71
2024,5,212405,deslig,11000.0,89
2024,5,212405,deslig,11500.0,71
2024,5,212405,deslig,12000.0,82
2024,5,212405,deslig,12500.0,57
2024,5,212405,deslig,13000.0,60
2024,5,212405,deslig,13500.0,62
2024,5,212405,deslig,14000.0,47
2024,5,212405,deslig,14500.0,35
2024,5,212405,deslig,15000.0,40
2024,5,212405,deslig,15500.0,26
2024,5,212405,deslig,16000.0,37
2024,5,212405,deslig,16500.0,22
2024,5,212405,deslig,17000.0,33
2024,5,212405,deslig,17500.0,19
2024,5,212405,deslig,18000.0,15
2024,5,212405,deslig,18500.0,12
2024,5,212405,deslig,19000.0,21
2024,5,212405,deslig,19500.0,6
2024,5,212405,deslig,20000.0,8
2024,5,212405,deslig,20500.0,2
2024,5,212405,deslig,21000.0,4
2024,5,212405,deslig,21500.0,6
2024,5,212405,deslig,22000.0,3
2024,5,212405,deslig,23000.0,4
2024,5,212405,deslig,23500.0,2
2024,5,212405,deslig,24000.0,1
2024,5,212405,deslig,24500.0,2
2024,5,212405,deslig,25000.0,5
2024,5,212405,deslig,25500.0,1
2024,5,212405,deslig,26500.0,1
2024,5,212405,deslig,27000.0,1
2024,5,212405,deslig,29000.0,1
2024,5,212405,deslig,30000.0,1
2024,5,212405,deslig,30500.0,1
2024,5,212405,deslig,31000.0,2
2024,5,212405,deslig,34500.0,1
2024,5,212405,deslig,35000.0,1
2024,5,212405,deslig,37500.0,1
2024,5,212405,deslig,38000.0,1
2024,5,212410,adm,0.0,1
2024,5,212410,adm,1000.0,4
2024,5,212410,adm,1500.0,22
2024,5,212410,adm,2000.0,51
2024,5,212410,adm,2500.0,50
2024,5,212410,adm,3000.0,53
2024,5,212410,adm,3500.0,36
2024,5,212410,adm,4000.0,36
2024,5,212410,adm,4500.0,29
2024,5,212410,adm,5000.0,20
2024,5,212410,adm,5500.0,17
2024,5,212410,adm,6000.0,22
2024,5,212410,adm,6500.0,16
2024,5,212410,adm,7000.0,17
2024,5,212410,adm,7500.0,14
2024,5,212410,adm,8000.0,21
2024,5,212410,adm,8500.0,12
2024,5,212410,adm,9000.0,12
2024,5,212410,adm,9500.0,8
2024,5,212410,adm,10000.0,9
2024,5,212410,adm,10500.0,3
2024,5,212410,adm,11000.0,6
2024,5,212410,adm,11500.0,5
2024,5,212410,adm,12000.0,6
2024,5,212410,adm,12500.0,1
2024,5,212410,adm,13000.0,8
2024,5,212410,adm,13500.0,1
2024,5,212410,adm,14000.0,10
2024,5,212410,adm,14500.0,3
2024,5,212410,adm,15000.0,7
2024,5,212410,adm,15500.0,2
2024,5,212410,adm,16000.0,3
2024,5,212410,adm,16500.0,2
2024,5,212410,adm,17000.0,2
2024,5,212410,adm,17500.0,1
2024,5,212410,adm,18000.0,1
2024,5,212410,adm,19000.0,3
2024,5,212410,adm,19500.0,1
2024,5,212410,adm,20000.0,1
2024,5,212410,adm,22500.0,1
2024,5,212410,adm,26500.0,1
2024,5,212410,adm,29500.0,1
2024,5,212410,adm,50000.0,1
2024,5,212410,deslig,0.0,2
2024,5,212410,deslig,1500.0,30
2024,5,212410,deslig,2000.0,42
2024,5,212410,deslig,2500.0,54
2024,5,212410,deslig,3000.0,51
2024,5,212410,deslig,3500.0,48
2024,5,212410,deslig,4000.0,36
2024,5,212410,deslig,4500.0,30
2024,5,212410,deslig,5000.0,30
2024,5,212410,deslig,5500.0,21
2024,5,212410,deslig,6000.0,30
2024,5,212410,deslig,6500.0,19
2024,5,212410,deslig,7000.0,14
2024,5,212410,deslig,7500.0,16
2024,5,212410,deslig,8000.0,12
2024,5,212410,deslig,8500.0,13
2024,5,212410,deslig,9000.0,9
2024,5,212410,deslig,9500.0,4
2024,5,212410,deslig,10000.0,9
2024,5,212410,deslig,10500.0,5
2024,5,212410,deslig,11000.0,9
2024,5,212410,deslig,11500.0,10
2024,5,212410,deslig,12000.0,4
2024,5,212410,deslig,12500.0,1
2024,5,212410,deslig,13000.0,3
2024,5,212410,deslig,13500.0,6
2024,5,212410,deslig,14500.0,4
2024,5,212410,deslig,15000.0,3
2024,5,212410,deslig,15500.0,2
2024,5,212410,deslig,16000.0,1
2024,5,212410,deslig,17000.0,1
2024,5,212410,deslig,17500.0,1
2024,5,212410,deslig,18500.0,1
2024,5,212410,deslig,19500.0,2
2024,5,212410,deslig,20500.0,2
2024,5,212410,deslig,21000.0,1
2024,5,212410,deslig,21500.0,1
2024,5,212410,deslig,24500.0,1
2024,5,212410,deslig,26500.0,1
2024,5,212410,deslig,29500.0,1
2024,5,212425,adm,2000.0,1
2024,5,212425,adm,3000.0,1
2024,5,212425,adm,4000.0,1
2024,5,212425,adm,6000.0,1
2024,5,212425,adm,6500.0,1
2024,5,212425,adm,7000.0,4
2024,5,212425,adm,8000.0,1
2024,5,212425,adm,9500.0,1
2024,5,212425,adm,10000.0,1
2024,5,212425,adm,10500.0,2
2024,5,212425,adm,11000.0,1
2024,5,212425,adm,12000.0,2
2024,5,212425,adm,12500.0,1
2024,5,212425,adm,13000.0,1
2024,5,212425,adm,13500.0,3
2024,5,212425,adm,14000.0,4
2024,5,212425,adm,14500.0,1
2024,5,212425,adm,15000.0,10
2024,5,212425,adm,15500.0,2
2024,5,212425,adm,16000.0,3
2024,5,212425,adm,16500.0,3
2024,5,212425,adm,17000.0,8
2024,5,212425,adm,17500.0,1
2024,5,212425,adm,18000.0,3
2024,5,212425,adm,18500.0,2
2024,5,212425,adm,19000.0,2
2024,5,212425,adm,20000.0,1
2024,5,212425,adm,20500.0,1
2024,5,212425,adm,21000.0,2
2024,5,212425,adm,22500.0,2
2024,5,212425,adm,23000.0,1
2024,5,212425,adm,24000.0,1
2024,5,212425,adm,25000.0,1
2024,5,212425,adm,26000.0,1
2024,5,212425,adm,27000.0,1
2024,5,212425,adm,29500.0,1
2024,5,212425,adm,30000.0,1
2024,5,212425,adm,50000.0,1
2024,5,212425,deslig,0.0,1
2024,5,212425,deslig,1500.0,1
2024,5,212425,deslig,2000.0,1
2024,5,212425,deslig,2500.0,2
2024,5,212425,deslig,3000.0,2
2024,5,212425,deslig,4000.0,1
2024,5,212425,deslig,5000.0,1
2024,5,212425,deslig,5500.0,1
2024,5,212425,deslig,6000.0,4
2024,5,212425,deslig,6500.0,1
2024,5,212425,deslig,7000.0,4
2024,5,212425,deslig,7500.0,3
2024,5,212425,deslig,8000.0,2
2024,5,212425,deslig,8500.0,3
2024,5,212425,deslig,9000.0,2
2024,5,212425,deslig,9500.0,1
2024,5,212425,deslig,10000.0,4
2024,5,212425,deslig,10500.0,2
2024,5,212425,deslig,11000.0,2
2024,5,212425,deslig,11500.0,2
2024,5,212425,deslig,12000.0,2
2024,5,212425,deslig,12500.0,2
2024,5,212425,deslig,13000.0,1
2024,5,212425,deslig,13500.0,2
2024,5,212425,deslig,14000.0,5
2024,5,212425,deslig,14500.0,5
2024,5,212425,deslig,15000.0,3
2024,5,212425,deslig,15500.0,3
2024,5,212425,deslig,16000.0,2
2024,5,212425,deslig,16500.0,2
2024,5,212425,deslig,17000.0,3
2024,5,212425,deslig,17500.0,1
2024,5,212425,deslig,18000.0,1
2024,5,212425,deslig,18500.0,3
2024,5,212425,deslig,21500.0,1
2024,5,212425,deslig,23000.0,1
2024,6,203105,adm,0.0,1
2024,6,203105,adm,2000.0,1
2024,6,203105,adm,4000.0,2
2024,6,203105,adm,4500.0,4
2024,6,203105,adm,5000.0,3
2024,6,203105,adm,5500.0,2
2024,6,203105,adm,7000.0,6
2024,6,203105,adm,7500.0,1
2024,6,203105,adm,8000.0,2
2024,6,203105,adm,8500.0,3
2024,6,203105,adm,9000.0,4
2024,6,203105,adm,10000.0,2
2024,6,203105,adm,10500.0,1
2024,6,203105,adm,11000.0,4
2024,6,203105,adm,12000.0,2
2024,6,203105,adm,13000.0,2
2024,6,203105,adm,13500.0,1
2024,6,203105,adm,14000.0,1
2024,6,203105,adm,15000.0,1
2024,6,203105,adm,15500.0,1
2024,6,203105,adm,16000.0,1
2024,6,203105,adm,17000.0,1
2024,6,203105,adm,17500.0,1
2024,6,203105,adm,18000.0,1
2024,6,203105,adm,20000.0,2
2024,6,203105,adm,21000.0,1
2024,6,203105,adm,22000.0,1
2024,6,203105,adm,31000.0,1
2024,6,203105,deslig,1500.0,1
2024,6,203105,deslig,3500.0,2
2024,6,203105,deslig,4000.0,3
2024,6,203105,deslig,4500.0,1
2024,6,203105,deslig,5000.0,2
2024,6,203105,deslig,5500.0,1
2024,6,203105,deslig,7000.0,2
2024,6,203105,deslig,7500.0,1
2024,6,203105,deslig,8000.0,3
2024,6,203105,deslig,8500.0,2
2024,6,203105,deslig,9000.0,1
2024,6,203105,deslig,10500.0,2
2024,6,203105,deslig,11500.0,2
2024,6,203105,deslig,12000.0,1
2024,6,203105,deslig,12500.0,1
2024,6,203105,deslig,13000.0,2
2024,6,203105,deslig,13500.0,1
2024,6,203105,deslig,14000.0,2
2024,6,203105,deslig,18000.0,2
2024,6,203105,deslig,19000.0,2
2024,6,203105,deslig,21000.0,1
2024,6,211205,adm,2000.0,1
2024,6,211205,adm,2500.0,1
2024,6,211205,adm,3500.0,2
2024,6,211205,adm,4000.0,1
2024,6,211205,adm,4500.0,2
2024,6,211205,adm,5000.0,7
2024,6,211205,adm,5500.0,3
2024,6,211205,adm,6000.0,3
2024,6,211205,adm,6500.0,2
2024,6,211205,adm,7000.0,1
2024,6,211205,adm,7500.0,2
2024,6,211205,adm,8000.0,5
2024,6,211205,adm,8500.0,4
2024,6,211205,adm,9000.0,2
2024,6,211205,adm,9500.0,1
2024,6,211205,adm,11500.0,1
2024,6,211205,adm,14000.0,3
2024,6,211205,adm,22500.0,1
2024,6,211205,deslig,2000.0,1
2024,6,211205,deslig,2500.0,2
2024,6,211205,deslig,3000.0,2
2024,6,211205,deslig,3500.0,2
2024,6,211205,deslig,4000.0,1
2024,6,211205,deslig,4500.0,1
2024,6,211205,deslig,5000.0,1
2024,6,211205,deslig,5500.0,2
2024,6,211205,deslig,6000.0,1
2024,6,211205,deslig,6500.0,1
2024,6,211205,deslig,7000.0,2
2024,6,211205,deslig,7500.0,3
2024,6,211205,deslig,8000.0,3
2024,6,211205,deslig,8500.0,1
2024,6,211205,deslig,9000.0,1
2024,6,211205,deslig,9500.0,2
2024,6,211205,deslig,10000.0,1
2024,6,211205,deslig,11000.0,1
2024,6,211205,deslig,11500.0,1
2024,6,211205,deslig,12000.0,1
2024,6,211205,deslig,12500.0,1
2024,6,211205,deslig,15000.0,2
2024,6,211205,deslig,16000.0,1
2024,6,211205,deslig,16500.0,1
2024,6,211205,deslig,19000.0,1
2024,6,211210,adm,2000.0,1
2024,6,211210,adm,4000.0,2
2024,6,211210,adm,13500.0,1
2024,6,211210,adm,21000.0,1
2024,6,211210,deslig,5000.0,1
2024,6,211210,deslig,5500.0,2
2024,6,211210,deslig,16500.0,1
2024,6,211215,adm,3000.0,1
2024,6,211220,adm,1500.0,1
2024,6,211220,adm,4000.0,2
2024,6,211220,adm,5500.0,1
2024,6,211220,adm,7000.0,2
2024,6,211220,adm,8000.0,1
2024,6,211220,adm,8500.0,1
2024,6,211220,adm,9000.0,1
2024,6,211220,adm,9500.0,2
2024,6,211220,adm,10000.0,1
2024,6,211220,adm,13000.0,1
2024,6,211220,adm,13500.0,1
2024,6,211220,adm,14000.0,1
2024,6,211220,adm,15000.0,1
2024,6,211220,adm,15500.0,1
2024,6,211220,adm,16000.0,1
2024,6,211220,adm,16500.0,1
2024,6,211220,adm,17000.0,1
2024,6,211220,adm,18500.0,1
2024,6,211220,adm,21500.0,1
2024,6,211220,adm,22000.0,1
2024,6,211220,deslig,5000.0,2
2024,6,211220,deslig,7500.0,1
2024,6,211220,deslig,8500.0,1
2024,6,211220,deslig,9000.0,1
2024,6,211220,deslig,10000.0,1
2024,6,211220,deslig,11500.0,1
2024,6,211220,deslig,13000.0,1
2024,6,211220,deslig,13500.0,1
2024,6,211220,deslig,14000.0,2
2024,6,211220,deslig,15000.0,1
2024,6,211220,deslig,16500.0,2
2024,6,211220,deslig,17000.0,1
2024,6,211220,deslig,17500.0,3
2024,6,212205,adm,1500.0,6
2024,6,212205,adm,2500.0,2
2024,6,212205,adm,3000.0,1
2024,6,212205,adm,4000.0,1
2024,6,212205,adm,5000.0,1
2024,6,212205,adm,5500.0,1
2024,6,212205,adm,6000.0,2
2024,6,212205,adm,6500.0,3
2024,6,212205,adm,7000.0,3
2024,6,212205,adm,7500.0,2
2024,6,212205,adm,8000.0,3
2024,6,212205,adm,8500.0,2
2024,6,212205,adm,9000.0,6
2024,6,212205,adm,9500.0,6
2024,6,212205,adm,10000.0,6
2024,6,212205,adm,10500.0,3
2024,6,212205,adm,11000.0,9
2024,6,212205,adm,11500.0,4
2024,6,212205,adm,12000.0,11
2024,6,212205,adm,12500.0,2
2024,6,212205,adm,13000.0,9
2024,6,212205,adm,13500.0,6
2024,6,212205,adm,14000.0,9
2024,6,212205,adm,15000.0,2
2024,6,212205,adm,15500.0,4
2024,6,212205,adm,16000.0,2
2024,6,212205,adm,16500.0,3
2024,6,212205,adm,17000.0,3
2024,6,212205,adm,17500.0,2
2024,6,212205,adm,18000.0,2
2024,6,212205,adm,18500.0,1
2024,6,212205,adm,20000.0,7
2024,6,212205,adm,21000.0,2
2024,6,212205,adm,21500.0,2
2024,6,212205,adm,22000.0,3
2024,6,212205,adm,23000.0,3
2024,6,212205,adm,23500.0,1
2024,6,212205,adm,24000.0,1
2024,6,212205,adm,24500.0,1
2024,6,212205,adm,25000.0,4
2024,6,212205,adm,26000.0,1
2024,6,212205,adm,26500.0,2
2024,6,212205,adm,27000.0,2
2024,6,212205,adm,27500.0,2
2024,6,212205,adm,28500.0,3
2024,6,212205,adm,30000.0,1
2024,6,212205,adm,40000.0,1
2024,6,212205,adm,50000.0,1
2024,6,212205,deslig,2500.0,2
2024,6,212205,deslig,3000.0,1
2024,6,212205,deslig,3500.0,2
2024,6,212205,deslig,4500.0,1
2024,6,212205,deslig,5000.0,4
2024,6,212205,deslig,6000.0,1
2024,6,212205,deslig,6500.0,2
2024,6,212205,deslig,7000.0,2
2024,6,212205,deslig,7500.0,2
2024,6,212205,deslig,8000.0,7
2024,6,212205,deslig,8500.0,4
2024,6,212205,deslig,9000.0,4
2024,6,212205,deslig,9500.0,3
2024,6,212205,deslig,10000.0,1
2024,6,212205,deslig,10500.0,3
2024,6,212205,deslig,11000.0,7
2024,6,212205,deslig,11500.0,3
2024,6,212205,deslig,12000.0,6
2024,6,212205,deslig,12500.0,5
2024,6,212205,deslig,13000.0,4
2024,6,212205,deslig,13500.0,1
2024,6,212205,deslig,14000.0,2
2024,6,212205,deslig,14500.0,1
2024,6,212205,deslig,15000.0,5
2024,6,212205,deslig,15500.0,2
2024,6,212205,deslig,16500.0,3
2024,6,212205,deslig,17000.0,3
2024,6,212205,deslig,18000.0,2
2024,6,212205,deslig,18500.0,4
2024,6,212205,deslig,19000.0,1
2024,6,212205,deslig,19500.0,1
2024,6,212205,deslig,20000.0,3
2024,6,212205,deslig,21500.0,2
2024,6,212205,deslig,23000.0,1
2024,6,212205,deslig,23500.0,1
2024,6,212205,deslig,24000.0,1
2024,6,212205,deslig,24500.0,1
2024,6,212205,deslig,25000.0,1
2024,6,212205,deslig,26000.0,1
2024,6,212205,deslig,27000.0,1
2024,6,212205,deslig,29000.0,2
2024,6,212205,deslig,30500.0,1
2024,6,212205,deslig,32000.0,1
2024,6,212205,deslig,35000.0,1
2024,6,212205,deslig,37500.0,1
2024,6,212205,deslig,39500.0,1
2024,6,212205,deslig,50000.0,1
2024,6,212210,adm,8000.0,1
2024,6,212210,adm,11000.0,1
2024,6,212210,adm,17000.0,1
2024,6,212210,deslig,5500.0,1
2024,6,212210,deslig,6500.0,1
2024,6,212210,deslig,8000.0,1
2024,6,212210,deslig,9500.0,1
2024,6,212210,deslig,10000.0,3
2024,6,212210,deslig,11000.0,1
2024,6,212210,deslig,11500.0,1
2024,6,212210,deslig,12000.0,1
2024,6,212210,deslig,13000.0,1
2024,6,212210,deslig,14000.0,4
2024,6,212210,deslig,14500.0,1
2024,6,212210,deslig,17000.0,1
2024,6,212210,deslig,18000.0,3
2024,6,212210,deslig,22000.0,1
2024,6,212215,adm,1500.0,1
2024,6,212215,adm,2000.0,4
2024,6,212215,adm,2500.0,3
2024,6,212215,adm,3500.0,2
2024,6,212215,adm,4000.0,9
2024,6,212215,adm,4500.0,5
2024,6,212215,adm,5000.0,4
2024,6,212215,adm,5500.0,2
2024,6,212215,adm,6000.0,7
2024,6,212215,adm,7000.0,12
2024,6,212215,adm,7500.0,3
2024,6,212215,adm,8000.0,4
2024,6,212215,adm,8500.0,3
2024,6,212215,adm,9000.0,9
2024,6,212215,adm,9500.0,6
2024,6,212215,adm,10000.0,9
2024,6,212215,adm,10500.0,7
2024,6,212215,adm,11000.0,8
2024,6,212215,adm,11500.0,3
2024,6,212215,adm,12000.0,8
2024,6,212215,adm,12500.0,5
2024,6,212215,adm,13000.0,8
2024,6,212215,adm,13500.0,7
2024,6,212215,adm,14000.0,3
2024,6,212215,adm,14500.0,1
2024,6,212215,adm,15000.0,11
2024,6,212215,adm,15500.0,1
2024,6,212215,adm,16000.0,3
2024,6,212215,adm,16500.0,1
2024,6,212215,adm,17000.0,2
2024,6,212215,adm,17500.0,2
2024,6,212215,adm,18000.0,3
2024,6,212215,adm,18500.0,1
2024,6,212215,adm,19000.0,1
2024,6,212215,adm,20000.0,4
2024,6,212215,adm,21000.0,4
2024,6,212215,adm,21500.0,2
2024,6,212215,adm,22000.0,1
2024,6,212215,adm,22500.0,1
2024,6,212215,adm,23000.0,6
2024,6,212215,adm,23500.0,1
2024,6,212215,adm,24000.0,1
2024,6,212215,adm,24500.0,1
2024,6,212215,adm,25000.0,4
2024,6,212215,adm,26500.0,1
2024,6,212215,adm,29000.0,1
2024,6,212215,adm,30500.0,1
2024,6,212215,adm,31500.0,2
2024,6,212215,adm,32000.0,1
2024,6,212215,adm,34000.0,2
2024,6,212215,adm,37500.0,1
2024,6,212215,adm,41500.0,1
2024,6,212215,adm,50000.0,1
2024,6,212215,deslig,2000.0,6
2024,6,212215,deslig,3000.0,2
2024,6,212215,deslig,3500.0,1
2024,6,212215,deslig,4000.0,5
2024,6,212215,deslig,5500.0,1
2024,6,212215,deslig,6000.0,4
2024,6,212215,deslig,6500.0,6
2024,6,212215,deslig,7000.0,9
2024,6,212215,deslig,8000.0,7
2024,6,212215,deslig,8500.0,5
2024,6,212215,deslig,9000.0,5
2024,6,212215,deslig,9500.0,6
2024,6,212215,deslig,10000.0,7
2024,6,212215,deslig,10500.0,6
2024,6,212215,deslig,11000.0,4
2024,6,212215,deslig,11500.0,5
2024,6,212215,deslig,12000.0,5
2024,6,212215,deslig,12500.0,6
2024,6,212215,deslig,13000.0,4
2024,6,212215,deslig,13500.0,3
2024,6,212215,deslig,14000.0,4
2024,6,212215,deslig,14500.0,1
2024,6,212215,deslig,15000.0,6
2024,6,212215,deslig,15500.0,2
2024,6,212215,deslig,16000.0,6
2024,6,212215,deslig,16500.0,2
2024,6,212215,deslig,17000.0,1
2024,6,212215,deslig,17500.0,4
2024,6,212215,deslig,18000.0,5
2024,6,212215,deslig,18500.0,2
2024,6,212215,deslig,19000.0,4
2024,6,212215,deslig,19500.0,2
2024,6,212215,deslig,20000.0,5
2024,6,212215,deslig,20500.0,1
2024,6,212215,deslig,21000.0,2
2024,6,212215,deslig,22000.0,1
2024,6,212215,deslig,22500.0,1
2024,6,212215,deslig,23000.0,2
2024,6,212215,deslig,24000.0,4
2024,6,212215,deslig,25000.0,1
2024,6,212215,deslig,26000.0,2
2024,6,212215,deslig,26500.0,2
2024,6,212215,deslig,27000.0,2
2024,6,212215,deslig,27500.0,1
2024,6,212215,deslig,28000.0,1
2024,6,212215,deslig,30000.0,1
2024,6,212215,deslig,32500.0,1
2024,6,212215,deslig,34500.0,1
2024,6,212215,deslig,35000.0,1
2024,6,212215,deslig,36500.0,1
2024,6,212215,deslig,39500.0,1
2024,6,212215,deslig,40000.0,1
2024,6,212215,deslig,40500.0,1
2024,6,212215,deslig,45000.0,2
2024,6,212215,deslig,49000.0,1
2024,6,212305,adm,1500.0,1
2024,6,212305,adm,2000.0,4
2024,6,212305,adm,2500.0,3
2024,6,212305,adm,3000.0,3
2024,6,212305,adm,3500.0,6
2024,6,212305,adm,4000.0,5
2024,6,212305,adm,4500.0,3
2024,6,212305,adm,5000.0,4
2024,6,212305,adm,5500.0,3
2024,6,212305,adm,6000.0,2
2024,6,212305,adm,6500.0,4
2024,6,212305,adm,7000.0,7
2024,6,212305,adm,7500.0,5
2024,6,212305,adm,8000.0,6
2024,6,212305,adm,8500.0,6
2024,6,212305,adm,9000.0,10
2024,6,212305,adm,9500.0,8
2024,6,212305,adm,10000.0,3
2024,6,212305,adm,10500.0,6
2024,6,212305,adm,11000.0,4
2024,6,212305,adm,11500.0,4
2024,6,212305,adm,12000.0,6
2024,6,212305,adm,12500.0,2
2024,6,212305,adm,13000.0,4
2024,6,212305,adm,13500.0,1
2024,6,212305,adm,14000.0,2
2024,6,212305,adm,14500.0,1
2024,6,212305,adm,15000.0,3
2024,6,212305,adm,15500.0,2
2024,6,212305,adm,16500.0,3
2024,6,212305,adm,17000.0,1
2024,6,212305,adm,18000.0,3
2024,6,212305,adm,22500.0,1
2024,6,212305,adm,24000.0,1
2024,6,212305,deslig,2000.0,1
2024,6,212305,deslig,2500.0,2
2024,6,212305,deslig,3000.0,5
2024,6,212305,deslig,3500.0,4
2024,6,212305,deslig,4000.0,4
2024,6,212305,deslig,4500.0,4
2024,6,212305,deslig,5000.0,7
2024,6,212305,deslig,5500.0,1
2024,6,212305,deslig,6000.0,7
2024,6,212305,deslig,6500.0,3
2024,6,212305,deslig,7000.0,4
2024,6,212305,deslig,7500.0,3
2024,6,212305,deslig,8000.0,8
2024,6,212305,deslig,8500.0,4
2024,6,212305,deslig,9000.0,8
2024,6,212305,deslig,9500.0,2
2024,6,212305,deslig,10000.0,5
2024,6,212305,deslig,10500.0,3
2024,6,212305,deslig,11000.0,4
2024,6,212305,deslig,11500.0,6
2024,6,212305,deslig,12000.0,1
2024,6,212305,deslig,12500.0,2
2024,6,212305,deslig,13000.0,7
2024,6,212305,deslig,13500.0,2
2024,6,212305,deslig,14000.0,3
2024,6,212305,deslig,14500.0,3
2024,6,212305,deslig,15000.0,1
2024,6,212305,deslig,15500.0,2
2024,6,212305,deslig,17500.0,1
2024,6,212305,deslig,18000.0,2
2024,6,212305,deslig,19000.0,2
2024,6,212305,deslig,19500.0,2
2024,6,212305,deslig,20500.0,1
2024,6,212305,deslig,21000.0,1
2024,6,212305,deslig,24500.0,1
2024,6,212305,deslig,26000.0,1
2024,6,212305,deslig,31500.0,1
2024,6,212405,adm,1000.0,4
2024,6,212405,adm,1500.0,55
2024,6,212405,adm,2000.0,146
2024,6,212405,adm,2500.0,93
2024,6,212405,adm,3000.0,161
2024,6,212405,adm,3500.0,131
2024,6,212405,adm,4000.0,120
2024,6,212405,adm,4500.0,108
2024,6,212405,adm,5000.0,139
2024,6,212405,adm,5500.0,84
2024,6,212405,adm,6000.0,147
2024,6,212405,adm,6500.0,124
2024,6,212405,adm,7000.0,136
2024,6,212405,adm,7500.0,98
2024,6,212405,adm,8000.0,142
2024,6,212405,adm,8500.0,91
2024,6,212405,adm,9000.0,105
2024,6,212405,adm,9500.0,85
2024,6,212405,adm,10000.0,140
2024,6,212405,adm,10500.0,66
2024,6,212405,adm,11000.0,93
2024,6,212405,adm,11500.0,67
2024,6,212405,adm,12000.0,114
2024,6,212405,adm,12500.0,51
2024,6,212405,adm,13000.0,75
2024,6,212405,adm,13500.0,52
2024,6,212405,adm,14000.0,104
2024,6,212405,adm,14500.0,27
2024,6,212405,adm,15000.0,66
2024,6,212405,adm,15500.0,31
2024,6,212405,adm,16000.0,50
2024,6,212405,adm,16500.0,30
2024,6,212405,adm,17000.0,35
2024,6,212405,adm,17500.0,16
2024,6,212405,adm,18000.0,21
2024,6,212405,adm,18500.0,7
2024,6,212405,adm,19000.0,15
2024,6,212405,adm,19500.0,3
2024,6,212405,adm,20000.0,13
2024,6,212405,adm,21000.0,9
2024,6,212405,adm,21500.0,3
2024,6,212405,adm,22000.0,6
2024,6,212405,adm,23000.0,6
2024,6,212405,adm,24000.0,1
2024,6,212405,adm,25000.0,2
2024,6,212405,adm,25500.0,2
2024,6,212405,adm,26000.0,3
2024,6,212405,adm,26500.0,1
2024,6,212405,adm,27500.0,1
2024,6,212405,adm,28000.0,1
2024,6,212405,adm,29000.0,1
2024,6,212405,adm,29500.0,1
2024,6,212405,adm,30000.0,1
2024,6,212405,adm,33000.0,1
2024,6,212405,adm,33500.0,2
2024,6,212405,adm,35000.0,1
2024,6,212405,adm,39500.0,1
2024,6,212405,adm,50000.0,1
2024,6,212405,deslig,1000.0,37
2024,6,212405,deslig,1500.0,48
2024,6,212405,deslig,2000.0,128
2024,6,212405,deslig,2500.0,124
2024,6,212405,deslig,3000.0,121
2024,6,212405,deslig,3500.0,119
2024,6,212405,deslig,4000.0,152
2024,6,212405,deslig,4500.0,123
2024,6,212405,deslig,5000.0,122
2024,6,212405,deslig,5500.0,112
2024,6,212405,deslig,6000.0,138
2024,6,212405,deslig,6500.0,112
2024,6,212405,deslig,7000.0,118
2024,6,212405,deslig,7500.0,107
2024,6,212405,deslig,8000.0,130
2024,6,212405,deslig,8500.0,109
2024,6,212405,deslig,9000.0,101
2024,6,212405,deslig,9500.0,73
2024,6,212405,deslig,10000.0,111
2024,6,212405,deslig,10500.0,66
2024,6,212405,deslig,11000.0,84
2024,6,212405,deslig,11500.0,51
2024,6,212405,deslig,12000.0,57
2024,6,212405,deslig,12500.0,51
2024,6,212405,deslig,13000.0,49
2024,6,212405,deslig,13500.0,56
2024,6,212405,deslig,14000.0,55
2024,6,212405,deslig,14500.0,46
2024,6,212405,deslig,15000.0,52
2024,6,212405,deslig,15500.0,18
2024,6,212405,deslig,16000.0,21
2024,6,212405,deslig,16500.0,19
2024,6,212405,deslig,17000.0,22
2024,6,212405,deslig,17500.0,18
2024,6,212405,deslig,18000.0,14
2024,6,212405,deslig,18500.0,11
2024,6,212405,deslig,19000.0,11
2024,6,212405,deslig,19500.0,3
2024,6,212405,deslig,20000.0,8
2024,6,212405,deslig,20500.0,4
2024,6,212405,deslig,21000.0,3
2024,6,212405,deslig,21500.0,5
2024,6,212405,deslig,22000.0,7
2024,6,212405,deslig,22500.0,2
2024,6,212405,deslig,23000.0,4
2024,6,212405,deslig,23500.0,1
2024,6,212405,deslig,24000.0,4
2024,6,212405,deslig,25000.0,1
2024,6,212405,deslig,25500.0,2
2024,6,212405,deslig,26500.0,4
2024,6,212405,deslig,27000.0,1
2024,6,212405,deslig,27500.0,1
2024,6,212405,deslig,29500.0,1
2024,6,212405,deslig,34500.0,1
2024,6,212405,deslig,39500.0,1
2024,6,212410,adm,1000.0,3
2024,6,212410,adm,1500.0,24
2024,6,212410,adm,2000.0,49
2024,6,212410,adm,2500.0,38
2024,6,212410,adm,3000.0,49
2024,6,212410,adm,3500.0,42
2024,6,212410,adm,4000.0,44
2024,6,212410,adm,4500.0,32
2024,6,212410,adm,5000.0,29
2024,6,212410,adm,5500.0,15
2024,6,212410,adm,6000.0,24
2024,6,212410,adm,6500.0,23
2024,6,212410,adm,7000.0,12
2024,6,212410,adm,7500.0,6
2024,6,212410,adm,8000.0,8
2024,6,212410,adm,8500.0,9
2024,6,212410,adm,9000.0,10
2024,6,212410,adm,9500.0,7
2024,6,212410,adm,10000.0,12
2024,6,212410,adm,10500.0,6
2024,6,212410,adm,11000.0,4
2024,6,212410,adm,11500.0,4
2024,6,212410,adm,12000.0,6
2024,6,212410,adm,12500.0,5
2024,6,212410,adm,13000.0,7
2024,6,212410,adm,13500.0,3
2024,6,212410,adm,14000.0,5
2024,6,212410,adm,14500.0,1
2024,6,212410,adm,15000.0,6
2024,6,212410,adm,16000.0,5
2024,6,212410,adm,16500.0,3
2024,6,212410,adm,17000.0,3
2024,6,212410,adm,17500.0,1
2024,6,212410,adm,18000.0,1
2024,6,212410,adm,20000.0,5
2024,6,212410,adm,22000.0,1
2024,6,212410,adm,23000.0,1
2024,6,212410,adm,24000.0,1
2024,6,212410,deslig,0.0,1
2024,6,212410,deslig,1000.0,1
2024,6,212410,deslig,1500.0,19
2024,6,212410,deslig,2000.0,41
2024,6,212410,deslig,2500.0,37
2024,6,212410,deslig,3000.0,35
2024,6,212410,deslig,3500.0,41
2024,6,212410,deslig,4000.0,43
2024,6,212410,deslig,4500.0,35
2024,6,212410,deslig,5000.0,36
2024,6,212410,deslig,5500.0,22
2024,6,212410,deslig,6000.0,18
2024,6,212410,deslig,6500.0,7
2024,6,212410,deslig,7000.0,16
2024,6,212410,deslig,7500.0,11
2024,6,212410,deslig,8000.0,14
2024,6,212410,deslig,8500.0,15
2024,6,212410,deslig,9000.0,7
2024,6,212410,deslig,9500.0,9
2024,6,212410,deslig,10000.0,11
2024,6,212410,deslig,10500.0,4
2024,6,212410,deslig,11000.0,3
2024,6,212410,deslig,11500.0,4
2024,6,212410,deslig,12000.0,6
2024,6,212410,deslig,12500.0,4
2024,6,212410,deslig,13000.0,8
2024,6,212410,deslig,13500.0,1
2024,6,212410,deslig,14000.0,4
2024,6,212410,deslig,14500.0,4
2024,6,212410,deslig,15000.0,4
2024,6,212410,deslig,15500.0,4
2024,6,212410,deslig,16000.0,1
2024,6,212410,deslig,17000.0,1
2024,6,212410,deslig,18000.0,2
2024,6,212410,deslig,18500.0,1
2024,6,212410,deslig,19000.0,1
2024,6,212410,deslig,20500.0,1
2024,6,212410,deslig,21000.0,2
2024,6,212410,deslig,21500.0,1
2024,6,212410,deslig,22500.0,1
2024,6,212410,deslig,25000.0,1
2024,6,212410,deslig,26000.0,1
2024,6,212410,deslig,50000.0,1
2024,6,212425,adm,2000.0,1
2024,6,212425,adm,4000.0,1
2024,6,212425,adm,5000.0,3
2024,6,212425,adm,6500.0,3
2024,6,212425,adm,7500.0,1
2024,6,212425,adm,8000.0,2
2024,6,212425,adm,9000.0,6
2024,6,212425,adm,9500.0,1
2024,6,212425,adm,10000.0,2
2024,6,212425,adm,11000.0,2
2024,6,212425,adm,11500.0,4
2024,6,212425,adm,12000.0,1
2024,6,212425,adm,12500.0,1
2024,6,212425,adm,13000.0,5
2024,6,212425,adm,13500.0,2
2024,6,212425,adm,14000.0,4
2024,6,212425,adm,14500.0,1
2024,6,212425,adm,15000.0,4
2024,6,212425,adm,15500.0,3
2024,6,212425,adm,16000.0,9
2024,6,212425,adm,16500.0,2
2024,6,212425,adm,17000.0,2
2024,6,212425,adm,17500.0,2
2024,6,212425,adm,18500.0,4
2024,6,212425,adm,19000.0,2
2024,6,212425,adm,20000.0,1
2024,6,212425,adm,21000.0,1
2024,6,212425,adm,21500.0,1
2024,6,212425,adm,22000.0,1
2024,6,212425,adm,23000.0,1
2024,6,212425,adm,27000.0,1
2024,6,212425,adm,32000.0,1
2024,6,212425,adm,34500.0,1
2024,6,212425,adm,35000.0,1
2024,6,212425,adm,38000.0,1
2024,6,212425,adm,39000.0,1
2024,6,212425,adm,42000.0,1
2024,6,212425,adm,49000.0,1
2024,6,212425,deslig,1500.0,1
2024,6,212425,deslig,3500.0,1
2024,6,212425,deslig,4000.0,1
2024,6,212425,deslig,4500.0,1
2024,6,212425,deslig,6500.0,1
2024,6,212425,deslig,7000.0,3
2024,6,212425,deslig,7500.0,3
2024,6,212425,deslig,8500.0,1
2024,6,212425,deslig,9000.0,1
2024,6,212425,deslig,10000.0,6
2024,6,212425,deslig,10500.0,2
2024,6,212425,deslig,11000.0,4
2024,6,212425,deslig,11500.0,3
2024,6,212425,deslig,12000.0,3
2024,6,212425,deslig,12500.0,1
2024,6,212425,deslig,13000.0,4
2024,6,212425,deslig,13500.0,3
2024,6,212425,deslig,14000.0,4
2024,6,212425,deslig,14500.0,3
2024,6,212425,deslig,15000.0,4
2024,6,212425,deslig,15500.0,5
2024,6,212425,deslig,16000.0,4
2024,6,212425,deslig,16500.0,3
2024,6,212425,deslig,17000.0,4
2024,6,212425,deslig,17500.0,4
2024,6,212425,deslig,18500.0,2
2024,6,212425,deslig,19000.0,1
2024,6,212425,deslig,19500.0,1
2024,6,212425,deslig,20000.0,3
2024,6,212425,deslig,21000.0,1
2024,6,212425,deslig,21500.0,2
2024,6,212425,deslig,23500.0,1
2024,6,212425,deslig,25500.0,2
2024,6,212425,deslig,26000.0,1
2024,7,203105,adm,3500.0,4
2024,7,203105,adm,4000.0,8
2024,7,203105,adm,5000.0,2
2024,7,203105,adm,5500.0,1
2024,7,203105,adm,6000.0,4
2024,7,203105,adm,6500.0,1
2024,7,203105,adm,7000.0,3
2024,7,203105,adm,8000.0,1
2024,7,203105,adm,9000.0,1
2024,7,203105,adm,9500.0,2
2024,7,203105,adm,10000.0,3
2024,7,203105,adm,11000.0,2
2024,7,203105,adm,12000.0,2
2024,7,203105,adm,12500.0,1
2024,7,203105,adm,13000.0,4
2024,7,203105,adm,14000.0,1
2024,7,203105,adm,15000.0,1
2024,7,203105,adm,15500.0,2
2024,7,203105,adm,16000.0,1
2024,7,203105,adm,17000.0,2
2024,7,203105,adm,20000.0,1
2024,7,203105,adm,40500.0,1
2024,7,203105,deslig,4500.0,1
2024,7,203105,deslig,6000.0,1
2024,7,203105,deslig,6500.0,2
2024,7,203105,deslig,7000.0,1
2024,7,203105,deslig,7500.0,2
2024,7,203105,deslig,8000.0,1
2024,7,203105,deslig,9000.0,2
2024,7,203105,deslig,9500.0,3
2024,7,203105,deslig,10000.0,3
2024,7,203105,deslig,10500.0,2
2024,7,203105,deslig,11000.0,1
2024,7,203105,deslig,12000.0,1
2024,7,203105,deslig,13000.0,1
2024,7,203105,deslig,13500.0,1
2024,7,203105,deslig,14000.0,1
2024,7,203105,deslig,18500.0,3
2024,7,203105,deslig,21000.0,1
2024,7,203105,deslig,24500.0,1
2024,7,203105,deslig,50000.0,1
2024,7,211205,adm,2000.0,3
2024,7,211205,adm,2500.0,2
2024,7,211205,adm,3000.0,2
2024,7,211205,adm,3500.0,1
2024,7,211205,adm,4000.0,3
2024,7,211205,adm,4500.0,3
2024,7,211205,adm,5000.0,2
2024,7,211205,adm,5500.0,4
2024,7,211205,adm,6000.0,7
2024,7,211205,adm,6500.0,4
2024,7,211205,adm,7000.0,1
2024,7,211205,adm,7500.0,1
2024,7,211205,adm,8000.0,7
2024,7,211205,adm,8500.0,1
2024,7,211205,adm,9000.0,1
2024,7,211205,adm,9500.0,2
2024,7,211205,adm,10000.0,5
2024,7,211205,adm,13000.0,3
2024,7,211205,adm,32000.0,1
2024,7,211205,deslig,2500.0,1
2024,7,211205,deslig,3500.0,1
2024,7,211205,deslig,4000.0,1
2024,7,211205,deslig,4500.0,1
2024,7,211205,deslig,5500.0,3
2024,7,211205,deslig,6000.0,1
2024,7,211205,deslig,6500.0,4
2024,7,211205,deslig,7000.0,1
2024,7,211205,deslig,7500.0,2
2024,7,211205,deslig,8000.0,1
2024,7,211205,deslig,8500.0,1
2024,7,211205,deslig,9500.0,2
2024,7,211205,deslig,10000.0,2
2024,7,211205,deslig,11000.0,2
2024,7,211205,deslig,11500.0,1
2024,7,211205,deslig,15500.0,1
2024,7,211205,deslig,25000.0,1
2024,7,211205,deslig,33000.0,1
2024,7,211210,adm,0.0,2
2024,7,211210,adm,3000.0,2
2024,7,211210,adm,3500.0,1
2024,7,211210,adm,4000.0,2
2024,7,211210,adm,4500.0,1
2024,7,211210,adm,5000.0,1
2024,7,211210,adm,7000.0,1
2024,7,211210,adm,10000.0,1
2024,7,211210,adm,13500.0,1
2024,7,211210,adm,16000.0,1
2024,7,211210,deslig,3000.0,1
2024,7,211210,deslig,4000.0,1
2024,7,211210,deslig,5000.0,1
2024,7,211210,deslig,9000.0,1
2024,7,211210,deslig,9500.0,1
2024,7,211220,adm,2000.0,1
2024,7,211220,adm,3000.0,1
2024,7,211220,adm,4000.0,2
2024,7,211220,adm,4500.0,1
2024,7,211220,adm,5500.0,1
2024,7,211220,adm,6000.0,1
2024,7,211220,adm,6500.0,1
2024,7,211220,adm,7000.0,2
2024,7,211220,adm,7500.0,1
2024,7,211220,adm,8000.0,3
2024,7,211220,adm,8500.0,2
2024,7,211220,adm,9000.0,2
2024,7,211220,adm,10500.0,2
2024,7,211220,adm,13000.0,1
2024,7,211220,adm,13500.0,2
2024,7,211220,adm,14000.0,1
2024,7,211220,adm,16000.0,1
2024,7,211220,adm,18500.0,1
2024,7,211220,adm,21000.0,1
2024,7,211220,adm,23500.0,1
2024,7,211220,adm,25000.0,1
2024,7,211220,deslig,3500.0,2
2024,7,211220,deslig,5000.0,1
2024,7,211220,deslig,5500.0,1
2024,7,211220,deslig,6500.0,3
2024,7,211220,deslig,7000.0,1
2024,7,211220,deslig,8000.0,1
2024,7,211220,deslig,8500.0,1
2024,7,211220,deslig,9000.0,2
2024,7,211220,deslig,9500.0,1
2024,7,211220,deslig,10000.0,2
2024,7,211220,deslig,10500.0,1
2024,7,211220,deslig,13000.0,1
2024,7,211220,deslig,14500.0,1
2024,7,211220,deslig,17000.0,1
2024,7,211220,deslig,18000.0,1
2024,7,211220,deslig,20000.0,1
2024,7,211220,deslig,22000.0,1
2024,7,212205,adm,1500.0,1
2024,7,212205,adm,2000.0,1
2024,7,212205,adm,2500.0,3
2024,7,212205,adm,3000.0,1
2024,7,212205,adm,4000.0,1
2024,7,212205,adm,4500.0,1
2024,7,212205,adm,5000.0,1
2024,7,212205,adm,6000.0,6
2024,7,212205,adm,7000.0,6
2024,7,212205,adm,7500.0,2
2024,7,212205,adm,8000.0,7
2024,7,212205,adm,8500.0,5
2024,7,212205,adm,9000.0,6
2024,7,212205,adm,9500.0,6
2024,7,212205,adm,10000.0,4
2024,7,212205,adm,10500.0,3
2024,7,212205,adm,11000.0,5
2024,7,212205,adm,11500.0,5
2024,7,212205,adm,12000.0,8
2024,7,212205,adm,12500.0,9
2024,7,212205,adm,13000.0,9
2024,7,212205,adm,13500.0,5
2024,7,212205,adm,14000.0,7
2024,7,212205,adm,14500.0,1
2024,7,212205,adm,15000.0,9
2024,7,212205,adm,15500.0,1
2024,7,212205,adm,16000.0,5
2024,7,212205,adm,17000.0,1
2024,7,212205,adm,17500.0,3
2024,7,212205,adm,18000.0,3
2024,7,212205,adm,19000.0,2
2024,7,212205,adm,19500.0,3
2024,7,212205,adm,20000.0,7
2024,7,212205,adm,22000.0,5
2024,7,212205,adm,22500.0,1
2024,7,212205,adm,23000.0,1
2024,7,212205,adm,24000.0,1
2024,7,212205,adm,25000.0,4
2024,7,212205,adm,26000.0,1
2024,7,212205,adm,27000.0,1
2024,7,212205,adm,30500.0,2
2024,7,212205,adm,35000.0,1
2024,7,212205,adm,37000.0,1
2024,7,212205,adm,45000.0,1
2024,7,212205,adm,50000.0,4
2024,7,212205,deslig,2500.0,1
2024,7,212205,deslig,3000.0,1
2024,7,212205,deslig,3500.0,2
2024,7,212205,deslig,4500.0,1
2024,7,212205,deslig,5000.0,3
2024,7,212205,deslig,5500.0,2
2024,7,212205,deslig,6000.0,3
2024,7,212205,deslig,6500.0,4
2024,7,212205,deslig,7000.0,3
2024,7,212205,deslig,7500.0,5
2024,7,212205,deslig,8000.0,7
2024,7,212205,deslig,8500.0,5
2024,7,212205,deslig,9000.0,4
2024,7,212205,deslig,9500.0,3
2024,7,212205,deslig,10000.0,7
2024,7,212205,deslig,10500.0,1
2024,7,212205,deslig,11000.0,3
2024,7,212205,deslig,11500.0,2
2024,7,212205,deslig,12000.0,3
2024,7,212205,deslig,12500.0,4
2024,7,212205,deslig,13000.0,4
2024,7,212205,deslig,13500.0,1
2024,7,212205,deslig,14000.0,4
2024,7,212205,deslig,14500.0,4
2024,7,212205,deslig,15000.0,2
2024,7,212205,deslig,15500.0,1
2024,7,212205,deslig,16000.0,5
2024,7,212205,deslig,16500.0,3
2024,7,212205,deslig,17000.0,5
2024,7,212205,deslig,17500.0,2
2024,7,212205,deslig,18000.0,4
2024,7,212205,deslig,19000.0,2
2024,7,212205,deslig,19500.0,3
2024,7,212205,deslig,20000.0,1
2024,7,212205,deslig,20500.0,4
2024,7,212205,deslig,21000.0,1
2024,7,212205,deslig,21500.0,2
2024,7,212205,deslig,22000.0,1
2024,7,212205,deslig,23000.0,2
2024,7,212205,deslig,24000.0,3
2024,7,212205,deslig,24500.0,1
2024,7,212205,deslig,25000.0,1
2024,7,212205,deslig,25500.0,1
2024,7,212205,deslig,26000.0,2
2024,7,212205,deslig,27500.0,1
2024,7,212205,deslig,29000.0,1
2024,7,212205,deslig,29500.0,1
2024,7,212205,deslig,30000.0,1
2024,7,212205,deslig,33000.0,1
2024,7,212205,deslig,35000.0,1
2024,7,212205,deslig,36500.0,1
2024,7,212205,deslig,39000.0,1
2024,7,212205,deslig,47000.0,1
2024,7,212205,deslig,50000.0,1
2024,7,212210,adm,4000.0,1
2024,7,212210,adm,5000.0,1
2024,7,212210,adm,8000.0,1
2024,7,212210,adm,9500.0,1
2024,7,212210,adm,11500.0,1
2024,7,212210,adm,12000.0,1
2024,7,212210,adm,13000.0,3
2024,7,212210,adm,14000.0,1
2024,7,212210,adm,15000.0,1
2024,7,212210,adm,18000.0,1
2024,7,212210,adm,29000.0,1
2024,7,212210,adm,50000.0,1
2024,7,212210,deslig,4500.0,1
2024,7,212210,deslig,5000.0,1
2024,7,212210,deslig,6000.0,1
2024,7,212210,deslig,6500.0,1
2024,7,212210,deslig,7000.0,1
2024,7,212210,deslig,8000.0,1
2024,7,212210,deslig,8500.0,1
2024,7,212210,deslig,10500.0,1
2024,7,212210,deslig,12000.0,1
2024,7,212210,deslig,13500.0,1
2024,7,212210,deslig,14000.0,2
2024,7,212210,deslig,14500.0,3
2024,7,212210,deslig,16000.0,2
2024,7,212210,deslig,17000.0,1
2024,7,212210,deslig,18000.0,1
2024,7,212210,deslig,23500.0,1
2024,7,212210,deslig,26000.0,1
2024,7,212215,adm,1500.0,1
2024,7,212215,adm,2000.0,1
2024,7,212215,adm,2500.0,1
2024,7,212215,adm,4000.0,3
2024,7,212215,adm,4500.0,2
2024,7,212215,adm,5000.0,4
2024,7,212215,adm,5500.0,1
2024,7,212215,adm,6000.0,8
2024,7,212215,adm,6500.0,2
2024,7,212215,adm,7000.0,12
2024,7,212215,adm,7500.0,6
2024,7,212215,adm,8000.0,3
2024,7,212215,adm,8500.0,3
2024,7,212215,adm,9000.0,10
2024,7,212215,adm,9500.0,3
2024,7,212215,adm,10000.0,6
2024,7,212215,adm,10500.0,5
2024,7,212215,adm,11000.0,8
2024,7,212215,adm,11500.0,3
2024,7,212215,adm,12000.0,10
2024,7,212215,adm,12500.0,2
2024,7,212215,adm,13000.0,10
2024,7,212215,adm,13500.0,3
2024,7,212215,adm,14000.0,12
2024,7,212215,adm,14500.0,4
2024,7,212215,adm,15000.0,8
2024,7,212215,adm,15500.0,1
2024,7,212215,adm,16000.0,8
2024,7,212215,adm,16500.0,3
2024,7,212215,adm,17000.0,5
2024,7,212215,adm,17500.0,1
2024,7,212215,adm,18000.0,5
2024,7,212215,adm,18500.0,4
2024,7,212215,adm,19000.0,2
2024,7,212215,adm,19500.0,1
2024,7,212215,adm,20000.0,3
2024,7,212215,adm,20500.0,4
2024,7,212215,adm,21000.0,4
2024,7,212215,adm,21500.0,1
2024,7,212215,adm,22000.0,1
2024,7,212215,adm,22500.0,2
2024,7,212215,adm,23000.0,2
2024,7,212215,adm,23500.0,1
2024,7,212215,adm,24500.0,1
2024,7,212215,adm,25000.0,4
2024,7,212215,adm,27000.0,2
2024,7,212215,adm,27500.0,1
2024,7,212215,adm,29000.0,1
2024,7,212215,adm,30000.0,1
2024,7,212215,adm,30500.0,1
2024,7,212215,adm,32500.0,1
2024,7,212215,adm,37000.0,1
2024,7,212215,adm,42000.0,1
2024,7,212215,adm,46500.0,1
2024,7,212215,adm,50000.0,1
2024,7,212215,deslig,2000.0,2
2024,7,212215,deslig,2500.0,5
2024,7,212215,deslig,4000.0,4
2024,7,212215,deslig,4500.0,1
2024,7,212215,deslig,5000.0,4
2024,7,212215,deslig,6000.0,5
2024,7,212215,deslig,6500.0,1
2024,7,212215,deslig,7000.0,3
2024,7,212215,deslig,7500.0,4
2024,7,212215,deslig,8000.0,4
2024,7,212215,deslig,8500.0,2
2024,7,212215,deslig,9000.0,8
2024,7,212215,deslig,9500.0,2
2024,7,212215,deslig,10000.0,2
2024,7,212215,deslig,10500.0,1
2024,7,212215,deslig,11000.0,5
2024,7,212215,deslig,12000.0,4
2024,7,212215,deslig,12500.0,3
2024,7,212215,deslig,13000.0,8
2024,7,212215,deslig,13500.0,5
2024,7,212215,deslig,14000.0,5
2024,7,212215,deslig,14500.0,3
2024,7,212215,deslig,15000.0,3
2024,7,212215,deslig,15500.0,3
2024,7,212215,deslig,16000.0,4
2024,7,212215,deslig,16500.0,6
2024,7,212215,deslig,17000.0,2
2024,7,212215,deslig,17500.0,4
2024,7,212215,deslig,18000.0,1
2024,7,212215,deslig,18500.0,1
2024,7,212215,deslig,19000.0,1
2024,7,212215,deslig,20000.0,1
2024,7,212215,deslig,22000.0,1
2024,7,212215,deslig,22500.0,3
2024,7,212215,deslig,23000.0,1
2024,7,212215,deslig,23500.0,1
2024,7,212215,deslig,25000.0,1
2024,7,212215,deslig,26000.0,1
2024,7,212215,deslig,26500.0,1
2024,7,212215,deslig,28000.0,1
2024,7,212215,deslig,29000.0,1
2024,7,212215,deslig,31500.0,1
2024,7,212215,deslig,32000.0,2
2024,7,212215,deslig,34500.0,1
2024,7,212215,deslig,35000.0,1
2024,7,212215,deslig,40500.0,1
2024,7,212215,deslig,41000.0,1
2024,7,212215,deslig,47500.0,1
2024,7,212215,deslig,50000.0,3
2024,7,212305,adm,1500.0,2
2024,7,212305,adm,2000.0,2
2024,7,212305,adm,2500.0,4
2024,7,212305,adm,3000.0,11
2024,7,212305,adm,3500.0,8
2024,7,212305,adm,4000.0,7
2024,7,212305,adm,4500.0,7
2024,7,212305,adm,5000.0,13
2024,7,212305,adm,5500.0,3
2024,7,212305,adm,6000.0,6
2024,7,212305,adm,6500.0,3
2024,7,212305,adm,7000.0,18
2024,7,212305,adm,7500.0,4
2024,7,212305,adm,8000.0,4
2024,7,212305,adm,8500.0,4
2024,7,212305,adm,9000.0,11
2024,7,212305,adm,9500.0,4
2024,7,212305,adm,10000.0,1
2024,7,212305,adm,10500.0,3
2024,7,212305,adm,11000.0,7
2024,7,212305,adm,11500.0,4
2024,7,212305,adm,12000.0,6
2024,7,212305,adm,13000.0,2
2024,7,212305,adm,14000.0,1
2024,7,212305,adm,14500.0,1
2024,7,212305,adm,15000.0,2
2024,7,212305,adm,15500.0,2
2024,7,212305,adm,16000.0,1
2024,7,212305,adm,16500.0,1
2024,7,212305,adm,17000.0,2
2024,7,212305,adm,17500.0,2
2024,7,212305,adm,18500.0,2
2024,7,212305,adm,19000.0,1
2024,7,212305,adm,22000.0,1
2024,7,212305,adm,23000.0,2
2024,7,212305,deslig,1500.0,3
2024,7,212305,deslig,2000.0,2
2024,7,212305,deslig,2500.0,4
2024,7,212305,deslig,3000.0,8
2024,7,212305,deslig,3500.0,4
2024,7,212305,deslig,4000.0,5
2024,7,212305,deslig,4500.0,8
2024,7,212305,deslig,5000.0,6
2024,7,212305,deslig,5500.0,10
2024,7,212305,deslig,6000.0,5
2024,7,212305,deslig,6500.0,8
2024,7,212305,deslig,7500.0,4
2024,7,212305,deslig,8000.0,1
2024,7,212305,deslig,8500.0,4
2024,7,212305,deslig,9000.0,6
2024,7,212305,deslig,9500.0,2
2024,7,212305,deslig,10000.0,7
2024,7,212305,deslig,10500.0,5
2024,7,212305,deslig,11000.0,3
2024,7,212305,deslig,11500.0,2
2024,7,212305,deslig,12000.0,4
2024,7,212305,deslig,12500.0,2
2024,7,212305,deslig,13000.0,1
2024,7,212305,deslig,13500.0,3
2024,7,212305,deslig,14000.0,2
2024,7,212305,deslig,14500.0,2
2024,7,212305,deslig,15000.0,3
2024,7,212305,deslig,15500.0,2
2024,7,212305,deslig,16000.0,1
2024,7,212305,deslig,17000.0,1
2024,7,212305,deslig,17500.0,1
2024,7,212305,deslig,18000.0,1
2024,7,212305,deslig,18500.0,1
2024,7,212305,deslig,19500.0,1
2024,7,212305,deslig,20000.0,1
2024,7,212305,deslig,21500.0,1
2024,7,212305,deslig,22000.0,1
2024,7,212305,deslig,23500.0,1
2024,7,212305,deslig,24500.0,1
2024,7,212305,deslig,25000.0,1
2024,7,212305,deslig,25500.0,1
2024,7,212405,adm,0.0,1
2024,7,212405,adm,1000.0,2
2024,7,212405,adm,1500.0,51
2024,7,212405,adm,2000.0,174
2024,7,212405,adm,2500.0,140
2024,7,212405,adm,3000.0,176
2024,7,212405,adm,3500.0,127
2024,7,212405,adm,4000.0,134
2024,7,212405,adm,4500.0,148
2024,7,212405,adm,5000.0,155
2024,7,212405,adm,5500.0,131
2024,7,212405,adm,6000.0,171
2024,7,212405,adm,6500.0,101
2024,7,212405,adm,7000.0,150
2024,7,212405,adm,7500.0,147
2024,7,212405,adm,8000.0,168
2024,7,212405,adm,8500.0,96
2024,7,212405,adm,9000.0,136
2024,7,212405,adm,9500.0,85
2024,7,212405,adm,10000.0,156
2024,7,212405,adm,10500.0,81
2024,7,212405,adm,11000.0,109
2024,7,212405,adm,11500.0,68
2024,7,212405,adm,12000.0,113
2024,7,212405,adm,12500.0,53
2024,7,212405,adm,13000.0,59
2024,7,212405,adm,13500.0,37
2024,7,212405,adm,14000.0,84
2024,7,212405,adm,14500.0,58
2024,7,212405,adm,15000.0,82
2024,7,212405,adm,15500.0,22
2024,7,212405,adm,16000.0,59
2024,7,212405,adm,16500.0,35
2024,7,212405,adm,17000.0,31
2024,7,212405,adm,17500.0,19
2024,7,212405,adm,18000.0,30
2024,7,212405,adm,18500.0,8
2024,7,212405,adm,19000.0,24
2024,7,212405,adm,19500.0,4
2024,7,212405,adm,20000.0,19
2024,7,212405,adm,21000.0,9
2024,7,212405,adm,21500.0,5
2024,7,212405,adm,22000.0,4
2024,7,212405,adm,22500.0,8
2024,7,212405,adm,23000.0,5
2024,7,212405,adm,25000.0,2
2024,7,212405,adm,25500.0,2
2024,7,212405,adm,26000.0,4
2024,7,212405,adm,27000.0,1
2024,7,212405,adm,27500.0,1
2024,7,212405,adm,28000.0,1
2024,7,212405,adm,29000.0,1
2024,7,212405,adm,30000.0,2
2024,7,212405,adm,30500.0,2
2024,7,212405,adm,31000.0,1
2024,7,212405,adm,35000.0,1
2024,7,212405,adm,37500.0,1
2024,7,212405,adm,42000.0,2
2024,7,212405,adm,45000.0,1
2024,7,212405,adm,48000.0,1
2024,7,212405,deslig,0.0,1
2024,7,212405,deslig,1000.0,24
2024,7,212405,deslig,1500.0,36
2024,7,212405,deslig,2000.0,117
2024,7,212405,deslig,2500.0,128
2024,7,212405,deslig,3000.0,128
2024,7,212405,deslig,3500.0,108
2024,7,212405,deslig,4000.0,120
2024,7,212405,deslig,4500.0,120
2024,7,212405,deslig,5000.0,113
2024,7,212405,deslig,5500.0,101
2024,7,212405,deslig,6000.0,129
2024,7,212405,deslig,6500.0,104
2024,7,212405,deslig,7000.0,111
2024,7,212405,deslig,7500.0,103
2024,7,212405,deslig,8000.0,120
2024,7,212405,deslig,8500.0,94
2024,7,212405,deslig,9000.0,105
2024,7,212405,deslig,9500.0,76
2024,7,212405,deslig,10000.0,107
2024,7,212405,deslig,10500.0,80
2024,7,212405,deslig,11000.0,73
2024,7,212405,deslig,11500.0,73
2024,7,212405,deslig,12000.0,69
2024,7,212405,deslig,12500.0,52
2024,7,212405,deslig,13000.0,71
2024,7,212405,deslig,13500.0,46
2024,7,212405,deslig,14000.0,49
2024,7,212405,deslig,14500.0,33
2024,7,212405,deslig,15000.0,37
2024,7,212405,deslig,15500.0,19
2024,7,212405,deslig,16000.0,25
2024,7,212405,deslig,16500.0,18
2024,7,212405,deslig,17000.0,20
2024,7,212405,deslig,17500.0,16
2024,7,212405,deslig,18000.0,19
2024,7,212405,deslig,18500.0,11
2024,7,212405,deslig,19000.0,9
2024,7,212405,deslig,19500.0,3
2024,7,212405,deslig,20000.0,11
2024,7,212405,deslig,20500.0,11
2024,7,212405,deslig,21000.0,3
2024,7,212405,deslig,21500.0,5
2024,7,212405,deslig,22000.0,6
2024,7,212405,deslig,22500.0,5
2024,7,212405,deslig,23000.0,2
2024,7,212405,deslig,23500.0,1
2024,7,212405,deslig,24000.0,2
2024,7,212405,deslig,24500.0,2
2024,7,212405,deslig,25000.0,2
2024,7,212405,deslig,26500.0,1
2024,7,212405,deslig,28000.0,1
2024,7,212405,deslig,28500.0,1
2024,7,212405,deslig,29000.0,1
2024,7,212405,deslig,29500.0,1
2024,7,212405,deslig,30500.0,1
2024,7,212405,deslig,31000.0,1
2024,7,212405,deslig,32000.0,1
2024,7,212405,deslig,34500.0,1
2024,7,212405,deslig,38500.0,1
2024,7,212405,deslig,40500.0,2
2024,7,212405,deslig,41000.0,1
2024,7,212405,deslig,42000.0,1
2024,7,212410,adm,1000.0,4
2024,7,212410,adm,1500.0,15
2024,7,212410,adm,2000.0,45
2024,7,212410,adm,2500.0,52
2024,7,212410,adm,3000.0,46
2024,7,212410,adm,3500.0,51
2024,7,212410,adm,4000.0,37
2024,7,212410,adm,4500.0,33
2024,7,212410,adm,5000.0,29
2024,7,212410,adm,5500.0,21
2024,7,212410,adm,6000.0,26
2024,7,212410,adm,6500.0,8
2024,7,212410,adm,7000.0,22
2024,7,212410,adm,7500.0,16
2024,7,212410,adm,8000.0,22
2024,7,212410,adm,8500.0,10
2024,7,212410,adm,9000.0,8
2024,7,212410,adm,9500.0,10
2024,7,212410,adm,10000.0,11
2024,7,212410,adm,10500.0,10
2024,7,212410,adm,11000.0,8
2024,7,212410,adm,11500.0,9
2024,7,212410,adm,12000.0,10
2024,7,212410,adm,12500.0,4
2024,7,212410,adm,13000.0,4
2024,7,212410,adm,13500.0,1
2024,7,212410,adm,14000.0,12
2024,7,212410,adm,14500.0,2
2024,7,212410,adm,15000.0,5
2024,7,212410,adm,15500.0,3
2024,7,212410,adm,16000.0,2
2024,7,212410,adm,16500.0,7
2024,7,212410,adm,17000.0,1
2024,7,212410,adm,17500.0,1
2024,7,212410,adm,18000.0,2
2024,7,212410,adm,20000.0,1
2024,7,212410,adm,21000.0,1
2024,7,212410,adm,22000.0,1
2024,7,212410,adm,22500.0,1
2024,7,212410,adm,23500.0,1
2024,7,212410,adm,25000.0,1
2024,7,212410,adm,26000.0,1
2024,7,212410,adm,36000.0,1
2024,7,212410,adm,50000.0,1
2024,7,212410,deslig,1000.0,5
2024,7,212410,deslig,1500.0,25
2024,7,212410,deslig,2000.0,41
2024,7,212410,deslig,2500.0,49
2024,7,212410,deslig,3000.0,45
2024,7,212410,deslig,3500.0,36
2024,7,212410,deslig,4000.0,34
2024,7,212410,deslig,4500.0,31
2024,7,212410,deslig,5000.0,23
2024,7,212410,deslig,5500.0,14
2024,7,212410,deslig,6000.0,25
2024,7,212410,deslig,6500.0,13
2024,7,212410,deslig,7000.0,15
2024,7,212410,deslig,7500.0,11
2024,7,212410,deslig,8000.0,15
2024,7,212410,deslig,8500.0,16
2024,7,212410,deslig,9000.0,5
2024,7,212410,deslig,9500.0,6
2024,7,212410,deslig,10000.0,6
2024,7,212410,deslig,10500.0,4
2024,7,212410,deslig,11000.0,7
2024,7,212410,deslig,11500.0,6
2024,7,212410,deslig,12000.0,2
2024,7,212410,deslig,12500.0,4
2024,7,212410,deslig,13000.0,2
2024,7,212410,deslig,13500.0,6
2024,7,212410,deslig,14000.0,6
2024,7,212410,deslig,14500.0,4
2024,7,212410,deslig,15000.0,4
2024,7,212410,deslig,16000.0,2
2024,7,212410,deslig,16500.0,3
2024,7,212410,deslig,17000.0,2
2024,7,212410,deslig,17500.0,1
2024,7,212410,deslig,18000.0,1
2024,7,212410,deslig,18500.0,4
2024,7,212410,deslig,19000.0,4
2024,7,212410,deslig,20000.0,1
2024,7,212410,deslig,21000.0,3
2024,7,212410,deslig,21500.0,3
2024,7,212410,deslig,22000.0,3
2024,7,212410,deslig,23500.0,1
2024,7,212410,deslig,24000.0,1
2024,7,212410,deslig,28000.0,1
2024,7,212410,deslig,50000.0,1
2024,7,212425,adm,3000.0,1
2024,7,212425,adm,5500.0,1
2024,7,212425,adm,7500.0,3
2024,7,212425,adm,8000.0,3
2024,7,212425,adm,8500.0,2
2024,7,212425,adm,9000.0,1
2024,7,212425,adm,9500.0,3
2024,7,212425,adm,10000.0,3
2024,7,212425,adm,10500.0,1
2024,7,212425,adm,11000.0,1
2024,7,212425,adm,11500.0,1
2024,7,212425,adm,12000.0,6
2024,7,212425,adm,12500.0,2
2024,7,212425,adm,13000.0,3
2024,7,212425,adm,13500.0,1
2024,7,212425,adm,14000.0,3
2024,7,212425,adm,14500.0,3
2024,7,212425,adm,15000.0,5
2024,7,212425,adm,16000.0,6
2024,7,212425,adm,17000.0,2
2024,7,212425,adm,17500.0,3
2024,7,212425,adm,18000.0,4
2024,7,212425,adm,18500.0,2
2024,7,212425,adm,19000.0,4
2024,7,212425,adm,19500.0,1
2024,7,212425,adm,20000.0,4
2024,7,212425,adm,20500.0,2
2024,7,212425,adm,21000.0,3
2024,7,212425,adm,22000.0,1
2024,7,212425,adm,23000.0,1
2024,7,212425,adm,24000.0,1
2024,7,212425,adm,25000.0,1
2024,7,212425,adm,26000.0,1
2024,7,212425,adm,30000.0,1
2024,7,212425,adm,32000.0,1
2024,7,212425,adm,32500.0,1
2024,7,212425,adm,34000.0,1
2024,7,212425,adm,34500.0,1
2024,7,212425,deslig,2500.0,1
2024,7,212425,deslig,3000.0,1
2024,7,212425,deslig,4500.0,2
2024,7,212425,deslig,5000.0,1
2024,7,212425,deslig,6000.0,3
2024,7,212425,deslig,7000.0,2
2024,7,212425,deslig,8000.0,2
2024,7,212425,deslig,8500.0,2
2024,7,212425,deslig,9500.0,2
2024,7,212425,deslig,10000.0,1
2024,7,212425,deslig,10500.0,4
2024,7,212425,deslig,11500.0,3
2024,7,212425,deslig,12000.0,2
2024,7,212425,deslig,13000.0,3
2024,7,212425,deslig,14000.0,3
2024,7,212425,deslig,14500.0,2
2024,7,212425,deslig,15000.0,3
2024,7,212425,deslig,15500.0,1
2024,7,212425,deslig,16000.0,2
2024,7,212425,deslig,16500.0,2
2024,7,212425,deslig,17000.0,3
2024,7,212425,deslig,17500.0,2
2024,7,212425,deslig,18000.0,1
2024,7,212425,deslig,19000.0,1
2024,7,212425,deslig,19500.0,3
2024,7,212425,deslig,20000.0,2
2024,7,212425,deslig,20500.0,2
2024,7,212425,deslig,21000.0,2
2024,7,212425,deslig,22000.0,1
2024,7,212425,deslig,28000.0,1
2024,7,212425,deslig,36000.0,1
2024,7,212425,deslig,40000.0,1
2024,8,203105,adm,3500.0,1
2024,8,203105,adm,4500.0,1
2024,8,203105,adm,5500.0,2
2024,8,203105,adm,6000.0,1
2024,8,203105,adm,6500.0,1
2024,8,203105,adm,7000.0,1
2024,8,203105,adm,7500.0,1
2024,8,203105,adm,8000.0,1
2024,8,203105,adm,8500.0,2
2024,8,203105,adm,9000.0,1
2024,8,203105,adm,10000.0,3
2024,8,203105,adm,10500.0,2
2024,8,203105,adm,11000.0,2
2024,8,203105,adm,12000.0,3
2024,8,203105,adm,12500.0,1
2024,8,203105,adm,13000.0,2
2024,8,203105,adm,14000.0,1
2024,8,203105,adm,14500.0,1
2024,8,203105,adm,15000.0,2
2024,8,203105,adm,15500.0,2
2024,8,203105,adm,17000.0,1
2024,8,203105,adm,20000.0,2
2024,8,203105,adm,24000.0,1
2024,8,203105,deslig,2500.0,1
2024,8,203105,deslig,3000.0,1
2024,8,203105,deslig,4000.0,6
2024,8,203105,deslig,4500.0,2
2024,8,203105,deslig,5000.0,2
2024,8,203105,deslig,5500.0,4
2024,8,203105,deslig,6000.0,1
2024,8,203105,deslig,7000.0,2
2024,8,203105,deslig,7500.0,2
2024,8,203105,deslig,8000.0,2
2024,8,203105,deslig,9000.0,3
2024,8,203105,deslig,9500.0,3
2024,8,203105,deslig,10000.0,4
2024,8,203105,deslig,10500.0,1
2024,8,203105,deslig,11500.0,2
2024,8,203105,deslig,12000.0,2
2024,8,203105,deslig,13000.0,1
2024,8,203105,deslig,13500.0,1
2024,8,203105,deslig,14000.0,1
2024,8,203105,deslig,36000.0,1
2024,8,211205,adm,1500.0,3
2024,8,211205,adm,2000.0,1
2024,8,211205,adm,2500.0,1
2024,8,211205,adm,3000.0,1
2024,8,211205,adm,3500.0,4
2024,8,211205,adm,4000.0,1
2024,8,211205,adm,4500.0,3
2024,8,211205,adm,5000.0,4
2024,8,211205,adm,5500.0,3
2024,8,211205,adm,6000.0,3
2024,8,211205,adm,6500.0,1
2024,8,211205,adm,7000.0,2
2024,8,211205,adm,8000.0,1
2024,8,211205,adm,8500.0,2
2024,8,211205,adm,9000.0,2
2024,8,211205,adm,9500.0,1
2024,8,211205,adm,10000.0,2
2024,8,211205,adm,11000.0,1
2024,8,211205,adm,12000.0,1
2024,8,211205,adm,12500.0,2
2024,8,211205,adm,13000.0,1
2024,8,211205,adm,14000.0,3
2024,8,211205,adm,15000.0,1
2024,8,211205,adm,16000.0,1
2024,8,211205,adm,18000.0,1
2024,8,211205,adm,20500.0,1
2024,8,211205,adm,25000.0,1
2024,8,211205,adm,50000.0,1
2024,8,211205,deslig,4000.0,4
2024,8,211205,deslig,5000.0,1
2024,8,211205,deslig,5500.0,1
2024,8,211205,deslig,6000.0,4
2024,8,211205,deslig,6500.0,1
2024,8,211205,deslig,8000.0,1
2024,8,211205,deslig,8500.0,1
2024,8,211205,deslig,9000.0,3
2024,8,211205,deslig,11000.0,1
2024,8,211205,deslig,12000.0,1
2024,8,211205,deslig,18500.0,3
2024,8,211210,adm,4000.0,1
2024,8,211210,adm,5000.0,1
2024,8,211210,adm,5500.0,1
2024,8,211210,adm,14000.0,1
2024,8,211210,deslig,3500.0,1
2024,8,211210,deslig,4500.0,1
2024,8,211210,deslig,5500.0,1
2024,8,211210,deslig,7500.0,2
2024,8,211210,deslig,15000.0,1
2024,8,211215,adm,3000.0,1
2024,8,211220,adm,3500.0,1
2024,8,211220,adm,4500.0,1
2024,8,211220,adm,5000.0,1
2024,8,211220,adm,6000.0,2
2024,8,211220,adm,6500.0,1
2024,8,211220,adm,7000.0,1
2024,8,211220,adm,7500.0,1
2024,8,211220,adm,8000.0,3
2024,8,211220,adm,8500.0,1
2024,8,211220,adm,9500.0,1
2024,8,211220,adm,10000.0,1
2024,8,211220,adm,11000.0,2
2024,8,211220,adm,11500.0,1
2024,8,211220,adm,12000.0,2
2024,8,211220,adm,13500.0,1
2024,8,211220,adm,14500.0,2
2024,8,211220,adm,15000.0,1
2024,8,211220,adm,16000.0,1
2024,8,211220,adm,17500.0,1
2024,8,211220,adm,18000.0,1
2024,8,211220,adm,23500.0,1
2024,8,211220,adm,28000.0,1
2024,8,211220,deslig,6000.0,2
2024,8,211220,deslig,6500.0,2
2024,8,211220,deslig,7000.0,1
2024,8,211220,deslig,8000.0,2
2024,8,211220,deslig,10000.0,2
2024,8,211220,deslig,12000.0,3
2024,8,211220,deslig,13000.0,1
2024,8,211220,deslig,15000.0,1
2024,8,211220,deslig,19000.0,2
2024,8,211220,deslig,23500.0,1
2024,8,211220,deslig,24000.0,1
2024,8,212205,adm,1500.0,1
2024,8,212205,adm,2000.0,1
2024,8,212205,adm,2500.0,2
2024,8,212205,adm,3000.0,7
2024,8,212205,adm,3500.0,2
2024,8,212205,adm,4000.0,4
2024,8,212205,adm,4500.0,1
2024,8,212205,adm,5000.0,2
2024,8,212205,adm,5500.0,2
2024,8,212205,adm,6000.0,4
2024,8,212205,adm,6500.0,2
2024,8,212205,adm,7000.0,4
2024,8,212205,adm,7500.0,8
2024,8,212205,adm,8000.0,6
2024,8,212205,adm,8500.0,4
2024,8,212205,adm,9000.0,2
2024,8,212205,adm,9500.0,10
2024,8,212205,adm,10000.0,6
2024,8,212205,adm,10500.0,3
2024,8,212205,adm,11000.0,9
2024,8,212205,adm,11500.0,2
2024,8,212205,adm,12000.0,8
2024,8,212205,adm,12500.0,7
2024,8,212205,adm,13000.0,7
2024,8,212205,adm,13500.0,3
2024,8,212205,adm,14000.0,6
2024,8,212205,adm,15000.0,5
2024,8,212205,adm,15500.0,2
2024,8,212205,adm,16000.0,6
2024,8,212205,adm,16500.0,2
2024,8,212205,adm,17000.0,4
2024,8,212205,adm,17500.0,3
2024,8,212205,adm,18000.0,2
2024,8,212205,adm,18500.0,1
2024,8,212205,adm,19000.0,2
2024,8,212205,adm,19500.0,1
2024,8,212205,adm,20000.0,8
2024,8,212205,adm,20500.0,2
2024,8,212205,adm,21500.0,1
2024,8,212205,adm,22000.0,4
2024,8,212205,adm,22500.0,1
2024,8,212205,adm,23500.0,2
2024,8,212205,adm,24000.0,4
2024,8,212205,adm,24500.0,1
2024,8,212205,adm,25000.0,2
2024,8,212205,adm,26500.0,2
2024,8,212205,adm,27000.0,3
2024,8,212205,adm,29000.0,1
2024,8,212205,adm,30000.0,1
2024,8,212205,adm,30500.0,2
2024,8,212205,adm,32500.0,1
2024,8,212205,adm,34000.0,1
2024,8,212205,adm,38500.0,1
2024,8,212205,adm,40000.0,1
2024,8,212205,adm,40500.0,1
2024,8,212205,adm,41000.0,1
2024,8,212205,adm,47500.0,1
2024,8,212205,adm,50000.0,5
2024,8,212205,deslig,0.0,1
2024,8,212205,deslig,2500.0,1
2024,8,212205,deslig,3000.0,2
2024,8,212205,deslig,4000.0,2
2024,8,212205,deslig,4500.0,1
2024,8,212205,deslig,5000.0,1
2024,8,212205,deslig,5500.0,3
2024,8,212205,deslig,6500.0,5
2024,8,212205,deslig,7000.0,4
2024,8,212205,deslig,7500.0,2
2024,8,212205,deslig,8000.0,5
2024,8,212205,deslig,8500.0,3
2024,8,212205,deslig,9000.0,4
2024,8,212205,deslig,9500.0,5
2024,8,212205,deslig,10000.0,6
2024,8,212205,deslig,10500.0,3
2024,8,212205,deslig,11500.0,1
2024,8,212205,deslig,12000.0,5
2024,8,212205,deslig,13000.0,5
2024,8,212205,deslig,13500.0,4
2024,8,212205,deslig,14000.0,3
2024,8,212205,deslig,14500.0,5
2024,8,212205,deslig,15000.0,4
2024,8,212205,deslig,15500.0,2
2024,8,212205,deslig,16000.0,6
2024,8,212205,deslig,16500.0,5
2024,8,212205,deslig,17000.0,2
2024,8,212205,deslig,17500.0,3
2024,8,212205,deslig,18000.0,2
2024,8,212205,deslig,18500.0,2
2024,8,212205,deslig,19000.0,4
2024,8,212205,deslig,19500.0,1
2024,8,212205,deslig,20000.0,1
2024,8,212205,deslig,20500.0,3
2024,8,212205,deslig,21000.0,7
2024,8,212205,deslig,21500.0,2
2024,8,212205,deslig,22000.0,3
2024,8,212205,deslig,23500.0,1
2024,8,212205,deslig,24000.0,1
2024,8,212205,deslig,24500.0,2
2024,8,212205,deslig,25000.0,1
2024,8,212205,deslig,26500.0,1
2024,8,212205,deslig,28500.0,2
2024,8,212205,deslig,29000.0,1
2024,8,212205,deslig,29500.0,2
2024,8,212205,deslig,30000.0,1
2024,8,212205,deslig,35000.0,2
2024,8,212205,deslig,36000.0,1
2024,8,212205,deslig,41500.0,1
2024,8,212210,adm,500.0,1
2024,8,212210,adm,8000.0,1
2024,8,212210,adm,14000.0,2
2024,8,212210,adm,25000.0,1
2024,8,212210,adm,46000.0,1
2024,8,212210,deslig,6000.0,1
2024,8,212210,deslig,7000.0,1
2024,8,212210,deslig,7500.0,1
2024,8,212210,deslig,10000.0,1
2024,8,212210,deslig,13500.0,1
2024,8,212210,deslig,19000.0,1
2024,8,212210,deslig,20000.0,1
2024,8,212210,deslig,21000.0,1
2024,8,212210,deslig,24500.0,1
2024,8,212215,adm,2500.0,3
2024,8,212215,adm,3000.0,1
2024,8,212215,adm,3500.0,2
2024,8,212215,adm,4000.0,4
2024,8,212215,adm,4500.0,2
2024,8,212215,adm,5000.0,2
2024,8,212215,adm,5500.0,6
2024,8,212215,adm,6000.0,11
2024,8,212215,adm,6500.0,3
2024,8,212215,adm,7000.0,6
2024,8,212215,adm,7500.0,5
2024,8,212215,adm,8000.0,5
2024,8,212215,adm,8500.0,2
2024,8,212215,adm,9000.0,14
2024,8,212215,adm,9500.0,7
2024,8,212215,adm,10000.0,8
2024,8,212215,adm,10500.0,3
2024,8,212215,adm,11000.0,6
2024,8,212215,adm,11500.0,5
2024,8,212215,adm,12000.0,12
2024,8,212215,adm,12500.0,3
2024,8,212215,adm,13000.0,8
2024,8,212215,adm,13500.0,2
2024,8,212215,adm,14000.0,3
2024,8,212215,adm,15000.0,9
2024,8,212215,adm,15500.0,2
2024,8,212215,adm,16000.0,8
2024,8,212215,adm,16500.0,6
2024,8,212215,adm,17000.0,1
2024,8,212215,adm,18000.0,8
2024,8,212215,adm,18500.0,3
2024,8,212215,adm,19000.0,3
2024,8,212215,adm,19500.0,2
2024,8,212215,adm,20000.0,4
2024,8,212215,adm,21000.0,4
2024,8,212215,adm,21500.0,1
2024,8,212215,adm,22000.0,2
2024,8,212215,adm,23000.0,2
2024,8,212215,adm,23500.0,1
2024,8,212215,adm,24500.0,1
2024,8,212215,adm,25000.0,3
2024,8,212215,adm,25500.0,1
2024,8,212215,adm,26000.0,3
2024,8,212215,adm,26500.0,1
2024,8,212215,adm,27000.0,3
2024,8,212215,adm,27500.0,1
2024,8,212215,adm,28500.0,2
2024,8,212215,adm,29000.0,1
2024,8,212215,adm,30500.0,2
2024,8,212215,adm,31500.0,1
2024,8,212215,adm,32000.0,1
2024,8,212215,adm,33500.0,1
2024,8,212215,adm,35000.0,1
2024,8,212215,adm,40000.0,1
2024,8,212215,adm,50000.0,4
2024,8,212215,deslig,0.0,3
2024,8,212215,deslig,2000.0,4
2024,8,212215,deslig,2500.0,3
2024,8,212215,deslig,3500.0,1
2024,8,212215,deslig,4000.0,3
2024,8,212215,deslig,4500.0,2
2024,8,212215,deslig,5000.0,3
2024,8,212215,deslig,5500.0,3
2024,8,212215,deslig,6000.0,5
2024,8,212215,deslig,6500.0,2
2024,8,212215,deslig,7000.0,7
2024,8,212215,deslig,7500.0,1
2024,8,212215,deslig,8000.0,4
2024,8,212215,deslig,8500.0,3
2024,8,212215,deslig,9000.0,4
2024,8,212215,deslig,9500.0,5
2024,8,212215,deslig,10000.0,10
2024,8,212215,deslig,10500.0,4
2024,8,212215,deslig,11000.0,12
2024,8,212215,deslig,11500.0,6
2024,8,212215,deslig,12000.0,1
2024,8,212215,deslig,12500.0,3
2024,8,212215,deslig,13000.0,9
2024,8,212215,deslig,13500.0,2
2024,8,212215,deslig,14000.0,6
2024,8,212215,deslig,14500.0,7
2024,8,212215,deslig,15000.0,4
2024,8,212215,deslig,15500.0,3
2024,8,212215,deslig,16000.0,3
2024,8,212215,deslig,16500.0,9
2024,8,212215,deslig,17000.0,5
2024,8,212215,deslig,17500.0,3
2024,8,212215,deslig,18000.0,5
2024,8,212215,deslig,18500.0,2
2024,8,212215,deslig,19000.0,3
2024,8,212215,deslig,19500.0,1
2024,8,212215,deslig,20000.0,4
2024,8,212215,deslig,21000.0,3
2024,8,212215,deslig,21500.0,1
2024,8,212215,deslig,22000.0,3
2024,8,212215,deslig,23000.0,3
2024,8,212215,deslig,23500.0,2
2024,8,212215,deslig,24000.0,3
2024,8,212215,deslig,24500.0,1
2024,8,212215,deslig,25000.0,2
2024,8,212215,deslig,25500.0,2
2024,8,212215,deslig,27000.0,1
2024,8,212215,deslig,28000.0,1
2024,8,212215,deslig,29500.0,1
2024,8,212215,deslig,31000.0,1
2024,8,212215,deslig,31500.0,1
2024,8,212215,deslig,34000.0,1
2024,8,212215,deslig,35000.0,1
2024,8,212215,deslig,36500.0,1
2024,8,212215,deslig,37500.0,1
2024,8,212215,deslig,40000.0,2
2024,8,212215,deslig,45000.0,2
2024,8,212215,deslig,45500.0,1
2024,8,212215,deslig,46500.0,1
2024,8,212215,deslig,48000.0,1
2024,8,212215,deslig,50000.0,3
2024,8,212305,adm,1500.0,1
2024,8,212305,adm,2000.0,8
2024,8,212305,adm,2500.0,6
2024,8,212305,adm,3000.0,9
2024,8,212305,adm,3500.0,4
2024,8,212305,adm,4000.0,5
2024,8,212305,adm,4500.0,7
2024,8,212305,adm,5000.0,3
2024,8,212305,adm,5500.0,2
2024,8,212305,adm,6000.0,4
2024,8,212305,adm,6500.0,1
2024,8,212305,adm,7000.0,4
2024,8,212305,adm,7500.0,8
2024,8,212305,adm,8000.0,4
2024,8,212305,adm,8500.0,8
2024,8,212305,adm,9000.0,9
2024,8,212305,adm,9500.0,5
2024,8,212305,adm,10000.0,3
2024,8,212305,adm,10500.0,3
2024,8,212305,adm,11000.0,3
2024,8,212305,adm,11500.0,6
2024,8,212305,adm,12000.0,9
2024,8,212305,adm,12500.0,5
2024,8,212305,adm,13000.0,7
2024,8,212305,adm,13500.0,8
2024,8,212305,adm,14000.0,5
2024,8,212305,adm,14500.0,1
2024,8,212305,adm,15000.0,2
2024,8,212305,adm,15500.0,2
2024,8,212305,adm,16000.0,3
2024,8,212305,adm,16500.0,2
2024,8,212305,adm,17000.0,3
2024,8,212305,adm,18000.0,4
2024,8,212305,adm,22500.0,1
2024,8,212305,adm,24000.0,1
2024,8,212305,adm,28000.0,1
2024,8,212305,adm,32000.0,1
2024,8,212305,deslig,1500.0,2
2024,8,212305,deslig,2000.0,1
2024,8,212305,deslig,2500.0,4
2024,8,212305,deslig,3000.0,7
2024,8,212305,deslig,3500.0,5
2024,8,212305,deslig,4000.0,7
2024,8,212305,deslig,4500.0,5
2024,8,212305,deslig,5000.0,7
2024,8,212305,deslig,5500.0,2
2024,8,212305,deslig,6000.0,4
2024,8,212305,deslig,6500.0,5
2024,8,212305,deslig,7000.0,1
2024,8,212305,deslig,7500.0,6
2024,8,212305,deslig,8000.0,3
2024,8,212305,deslig,8500.0,5
2024,8,212305,deslig,9000.0,3
2024,8,212305,deslig,9500.0,2
2024,8,212305,deslig,10000.0,5
2024,8,212305,deslig,10500.0,5
2024,8,212305,deslig,11000.0,2
2024,8,212305,deslig,11500.0,4
2024,8,212305,deslig,12000.0,6
2024,8,212305,deslig,12500.0,2
2024,8,212305,deslig,13000.0,4
2024,8,212305,deslig,13500.0,3
2024,8,212305,deslig,14000.0,2
2024,8,212305,deslig,15000.0,4
2024,8,212305,deslig,15500.0,5
2024,8,212305,deslig,16000.0,4
2024,8,212305,deslig,16500.0,3
2024,8,212305,deslig,17500.0,2
2024,8,212305,deslig,18000.0,1
2024,8,212305,deslig,18500.0,2
2024,8,212305,deslig,19000.0,1
2024,8,212305,deslig,20000.0,2
2024,8,212305,deslig,22500.0,1
2024,8,212305,deslig,25000.0,1
2024,8,212305,deslig,26000.0,1
2024,8,212305,deslig,44000.0,1
2024,8,212305,deslig,49500.0,1
2024,8,212405,adm,0.0,3
2024,8,212405,adm,1000.0,1
2024,8,212405,adm,1500.0,56
2024,8,212405,adm,2000.0,164
2024,8,212405,adm,2500.0,132
2024,8,212405,adm,3000.0,214
2024,8,212405,adm,3500.0,144
2024,8,212405,adm,4000.0,150
2024,8,212405,adm,4500.0,146
2024,8,212405,adm,5000.0,143
2024,8,212405,adm,5500.0,129
2024,8,212405,adm,6000.0,174
2024,8,212405,adm,6500.0,112
2024,8,212405,adm,7000.0,154
2024,8,212405,adm,7500.0,147
2024,8,212405,adm,8000.0,177
2024,8,212405,adm,8500.0,96
2024,8,212405,adm,9000.0,123
2024,8,212405,adm,9500.0,98
2024,8,212405,adm,10000.0,167
2024,8,212405,adm,10500.0,99
2024,8,212405,adm,11000.0,98
2024,8,212405,adm,11500.0,55
2024,8,212405,adm,12000.0,121
2024,8,212405,adm,12500.0,54
2024,8,212405,adm,13000.0,77
2024,8,212405,adm,13500.0,52
2024,8,212405,adm,14000.0,107
2024,8,212405,adm,14500.0,47
2024,8,212405,adm,15000.0,85
2024,8,212405,adm,15500.0,30
2024,8,212405,adm,16000.0,54
2024,8,212405,adm,16500.0,20
2024,8,212405,adm,17000.0,30
2024,8,212405,adm,17500.0,14
2024,8,212405,adm,18000.0,35
2024,8,212405,adm,18500.0,15
2024,8,212405,adm,19000.0,16
2024,8,212405,adm,19500.0,14
2024,8,212405,adm,20000.0,17
2024,8,212405,adm,20500.0,2
2024,8,212405,adm,21000.0,7
2024,8,212405,adm,21500.0,11
2024,8,212405,adm,22000.0,5
2024,8,212405,adm,22500.0,3
2024,8,212405,adm,23000.0,7
2024,8,212405,adm,23500.0,1
2024,8,212405,adm,24000.0,2
2024,8,212405,adm,24500.0,2
2024,8,212405,adm,25000.0,2
2024,8,212405,adm,26000.0,3
2024,8,212405,adm,26500.0,1
2024,8,212405,adm,27000.0,2
2024,8,212405,adm,28000.0,2
2024,8,212405,adm,29000.0,1
2024,8,212405,adm,30000.0,1
2024,8,212405,adm,31000.0,1
2024,8,212405,adm,33000.0,1
2024,8,212405,adm,37500.0,2
2024,8,212405,adm,41000.0,1
2024,8,212405,adm,42500.0,1
2024,8,212405,adm,49000.0,1
2024,8,212405,deslig,0.0,8
2024,8,212405,deslig,1000.0,14
2024,8,212405,deslig,1500.0,30
2024,8,212405,deslig,2000.0,127
2024,8,212405,deslig,2500.0,107
2024,8,212405,deslig,3000.0,128
2024,8,212405,deslig,3500.0,122
2024,8,212405,deslig,4000.0,140
2024,8,212405,deslig,4500.0,134
2024,8,212405,deslig,5000.0,156
2024,8,212405,deslig,5500.0,112
2024,8,212405,deslig,6000.0,146
2024,8,212405,deslig,6500.0,112
2024,8,212405,deslig,7000.0,128
2024,8,212405,deslig,7500.0,88
2024,8,212405,deslig,8000.0,132
2024,8,212405,deslig,8500.0,102
2024,8,212405,deslig,9000.0,105
2024,8,212405,deslig,9500.0,61
2024,8,212405,deslig,10000.0,108
2024,8,212405,deslig,10500.0,83
2024,8,212405,deslig,11000.0,108
2024,8,212405,deslig,11500.0,56
2024,8,212405,deslig,12000.0,109
2024,8,212405,deslig,12500.0,79
2024,8,212405,deslig,13000.0,71
2024,8,212405,deslig,13500.0,49
2024,8,212405,deslig,14000.0,62
2024,8,212405,deslig,14500.0,33
2024,8,212405,deslig,15000.0,38
2024,8,212405,deslig,15500.0,28
2024,8,212405,deslig,16000.0,34
2024,8,212405,deslig,16500.0,33
2024,8,212405,deslig,17000.0,26
2024,8,212405,deslig,17500.0,20
2024,8,212405,deslig,18000.0,21
2024,8,212405,deslig,18500.0,12
2024,8,212405,deslig,19000.0,12
2024,8,212405,deslig,19500.0,7
2024,8,212405,deslig,20000.0,8
2024,8,212405,deslig,20500.0,8
2024,8,212405,deslig,21000.0,2
2024,8,212405,deslig,21500.0,4
2024,8,212405,deslig,22000.0,6
2024,8,212405,deslig,22500.0,5
2024,8,212405,deslig,23000.0,2
2024,8,212405,deslig,23500.0,2
2024,8,212405,deslig,24000.0,5
2024,8,212405,deslig,25000.0,4
2024,8,212405,deslig,26000.0,2
2024,8,212405,deslig,26500.0,1
2024,8,212405,deslig,27000.0,1
2024,8,212405,deslig,27500.0,1
2024,8,212405,deslig,28000.0,1
2024,8,212405,deslig,28500.0,2
2024,8,212405,deslig,29000.0,2
2024,8,212405,deslig,30500.0,3
2024,8,212405,deslig,32000.0,2
2024,8,212405,deslig,33000.0,2
2024,8,212405,deslig,33500.0,2
2024,8,212405,deslig,34000.0,1
2024,8,212405,deslig,35000.0,1
2024,8,212405,deslig,35500.0,1
2024,8,212405,deslig,38500.0,1
2024,8,212405,deslig,42000.0,2
2024,8,212405,deslig,50000.0,4
2024,8,212410,adm,1000.0,3
2024,8,212410,adm,1500.0,20
2024,8,212410,adm,2000.0,46
2024,8,212410,adm,2500.0,83
2024,8,212410,adm,3000.0,39
2024,8,212410,adm,3500.0,49
2024,8,212410,adm,4000.0,43
2024,8,212410,adm,4500.0,32
2024,8,212410,adm,5000.0,35
2024,8,212410,adm,5500.0,18
2024,8,212410,adm,6000.0,30
2024,8,212410,adm,6500.0,13
2024,8,212410,adm,7000.0,12
2024,8,212410,adm,7500.0,15
2024,8,212410,adm,8000.0,15
2024,8,212410,adm,8500.0,7
2024,8,212410,adm,9000.0,16
2024,8,212410,adm,9500.0,12
2024,8,212410,adm,10000.0,10
2024,8,212410,adm,10500.0,5
2024,8,212410,adm,11000.0,1
2024,8,212410,adm,11500.0,6
2024,8,212410,adm,12000.0,6
2024,8,212410,adm,12500.0,1
2024,8,212410,adm,13000.0,3
2024,8,212410,adm,13500.0,4
2024,8,212410,adm,14000.0,9
2024,8,212410,adm,14500.0,2
2024,8,212410,adm,15000.0,6
2024,8,212410,adm,15500.0,1
2024,8,212410,adm,16000.0,4
2024,8,212410,adm,16500.0,1
2024,8,212410,adm,17000.0,3
2024,8,212410,adm,18000.0,2
2024,8,212410,adm,18500.0,1
2024,8,212410,adm,19000.0,1
2024,8,212410,adm,19500.0,1
2024,8,212410,adm,20000.0,1
2024,8,212410,adm,21500.0,1
2024,8,212410,adm,22500.0,1
2024,8,212410,adm,25000.0,2
2024,8,212410,deslig,1000.0,4
2024,8,212410,deslig,1500.0,24
2024,8,212410,deslig,2000.0,38
2024,8,212410,deslig,2500.0,49
2024,8,212410,deslig,3000.0,42
2024,8,212410,deslig,3500.0,46
2024,8,212410,deslig,4000.0,34
2024,8,212410,deslig,4500.0,40
2024,8,212410,deslig,5000.0,29
2024,8,212410,deslig,5500.0,16
2024,8,212410,deslig,6000.0,26
2024,8,212410,deslig,6500.0,13
2024,8,212410,deslig,7000.0,10
2024,8,212410,deslig,7500.0,16
2024,8,212410,deslig,8000.0,8
2024,8,212410,deslig,8500.0,8
2024,8,212410,deslig,9000.0,7
2024,8,212410,deslig,9500.0,8
2024,8,212410,deslig,10000.0,6
2024,8,212410,deslig,10500.0,6
2024,8,212410,deslig,11000.0,4
2024,8,212410,deslig,11500.0,6
2024,8,212410,deslig,12000.0,11
2024,8,212410,deslig,12500.0,6
2024,8,212410,deslig,13000.0,3
2024,8,212410,deslig,13500.0,4
2024,8,212410,deslig,14000.0,3
2024,8,212410,deslig,14500.0,7
2024,8,212410,deslig,15000.0,3
2024,8,212410,deslig,15500.0,2
2024,8,212410,deslig,16000.0,2
2024,8,212410,deslig,16500.0,1
2024,8,212410,deslig,17500.0,2
2024,8,212410,deslig,18000.0,2
2024,8,212410,deslig,19000.0,2
2024,8,212410,deslig,19500.0,1
2024,8,212410,deslig,20000.0,2
2024,8,212410,deslig,20500.0,2
2024,8,212410,deslig,21500.0,1
2024,8,212410,deslig,22500.0,1
2024,8,212410,deslig,23000.0,1
2024,8,212410,deslig,28500.0,1
2024,8,212410,deslig,29000.0,1
2024,8,212410,deslig,40000.0,1
2024,8,212410,deslig,48000.0,1
2024,8,212425,adm,1500.0,1
2024,8,212425,adm,2000.0,1
2024,8,212425,adm,3000.0,1
2024,8,212425,adm,4500.0,1
2024,8,212425,adm,6000.0,4
2024,8,212425,adm,7000.0,1
2024,8,212425,adm,7500.0,1
2024,8,212425,adm,8000.0,2
2024,8,212425,adm,9000.0,1
2024,8,212425,adm,10000.0,2
2024,8,212425,adm,10500.0,6
2024,8,212425,adm,11000.0,3
2024,8,212425,adm,12000.0,2
2024,8,212425,adm,12500.0,3
2024,8,212425,adm,13000.0,6
2024,8,212425,adm,13500.0,2
2024,8,212425,adm,14000.0,1
2024,8,212425,adm,14500.0,3
2024,8,212425,adm,15000.0,6
2024,8,212425,adm,15500.0,5
2024,8,212425,adm,16000.0,5
2024,8,212425,adm,16500.0,4
2024,8,212425,adm,17000.0,6
2024,8,212425,adm,17500.0,2
2024,8,212425,adm,18000.0,5
2024,8,212425,adm,18500.0,2
2024,8,212425,adm,19000.0,3
2024,8,212425,adm,20500.0,1
2024,8,212425,adm,21000.0,4
2024,8,212425,adm,21500.0,1
2024,8,212425,adm,22500.0,1
2024,8,212425,adm,26000.0,1
2024,8,212425,adm,27000.0,1
2024,8,212425,adm,30000.0,1
2024,8,212425,adm,35000.0,1
2024,8,212425,adm,36000.0,1
2024,8,212425,deslig,3000.0,5
2024,8,212425,deslig,3500.0,1
2024,8,212425,deslig,4500.0,1
2024,8,212425,deslig,5500.0,2
2024,8,212425,deslig,6500.0,1
2024,8,212425,deslig,7500.0,2
2024,8,212425,deslig,8000.0,2
2024,8,212425,deslig,8500.0,3
2024,8,212425,deslig,9000.0,2
2024,8,212425,deslig,9500.0,1
2024,8,212425,deslig,10500.0,1
2024,8,212425,deslig,11000.0,1
2024,8,212425,deslig,12000.0,4
2024,8,212425,deslig,12500.0,2
2024,8,212425,deslig,13000.0,2
2024,8,212425,deslig,13500.0,3
2024,8,212425,deslig,14000.0,2
2024,8,212425,deslig,14500.0,2
2024,8,212425,deslig,15000.0,5
2024,8,212425,deslig,16000.0,6
2024,8,212425,deslig,16500.0,3
2024,8,212425,deslig,17000.0,3
2024,8,212425,deslig,17500.0,4
2024,8,212425,deslig,18000.0,3
2024,8,212425,deslig,18500.0,2
2024,8,212425,deslig,22000.0,1
2024,8,212425,deslig,22500.0,1
2024,8,212425,deslig,24500.0,2
2024,8,212425,deslig,25000.0,1
2024,9,203105,adm,3500.0,1
2024,9,203105,adm,4000.0,2
2024,9,203105,adm,4500.0,1
2024,9,203105,adm,5000.0,1
2024,9,203105,adm,6000.0,2
2024,9,203105,adm,6500.0,2
2024,9,203105,adm,7000.0,3
2024,9,203105,adm,7500.0,2
2024,9,203105,adm,8000.0,2
2024,9,203105,adm,8500.0,1
2024,9,203105,adm,9000.0,2
2024,9,203105,adm,9500.0,3
2024,9,203105,adm,10000.0,2
2024,9,203105,adm,11000.0,2
2024,9,203105,adm,11500.0,2
2024,9,203105,adm,12000.0,2
2024,9,203105,adm,12500.0,1
2024,9,203105,adm,13000.0,1
2024,9,203105,adm,13500.0,2
2024,9,203105,adm,14000.0,1
2024,9,203105,adm,17500.0,1
2024,9,203105,adm,21000.0,1
2024,9,203105,adm,22000.0,1
2024,9,203105,adm,25000.0,1
2024,9,203105,deslig,3500.0,1
2024,9,203105,deslig,4000.0,2
2024,9,203105,deslig,4500.0,1
2024,9,203105,deslig,6000.0,4
2024,9,203105,deslig,6500.0,3
2024,9,203105,deslig,7000.0,2
2024,9,203105,deslig,7500.0,1
2024,9,203105,deslig,8000.0,4
2024,9,203105,deslig,9000.0,1
2024,9,203105,deslig,10000.0,1
2024,9,203105,deslig,10500.0,1
2024,9,203105,deslig,11000.0,3
2024,9,203105,deslig,12000.0,7
2024,9,203105,deslig,12500.0,1
2024,9,203105,deslig,13500.0,1
2024,9,203105,deslig,14000.0,1
2024,9,203105,deslig,15000.0,1
2024,9,203105,deslig,15500.0,2
2024,9,203105,deslig,17500.0,1
2024,9,203105,deslig,19500.0,1
2024,9,203105,deslig,21000.0,1
2024,9,203105,deslig,23000.0,1
2024,9,211205,adm,1500.0,1
2024,9,211205,adm,3000.0,2
2024,9,211205,adm,4000.0,2
2024,9,211205,adm,4500.0,2
2024,9,211205,adm,5500.0,1
2024,9,211205,adm,6000.0,7
2024,9,211205,adm,6500.0,1
2024,9,211205,adm,7000.0,2
2024,9,211205,adm,7500.0,2
2024,9,211205,adm,8000.0,2
2024,9,211205,adm,8500.0,1
2024,9,211205,adm,9000.0,3
2024,9,211205,adm,9500.0,1
2024,9,211205,adm,10000.0,1
2024,9,211205,adm,12000.0,1
2024,9,211205,adm,12500.0,1
2024,9,211205,adm,13000.0,1
2024,9,211205,adm,14000.0,1
2024,9,211205,adm,16000.0,1
2024,9,211205,deslig,1500.0,1
2024,9,211205,deslig,2000.0,2
2024,9,211205,deslig,2500.0,3
2024,9,211205,deslig,3000.0,2
2024,9,211205,deslig,4500.0,1
2024,9,211205,deslig,5000.0,2
2024,9,211205,deslig,5500.0,2
2024,9,211205,deslig,6500.0,3
2024,9,211205,deslig,7000.0,1
2024,9,211205,deslig,8000.0,3
2024,9,211205,deslig,8500.0,3
2024,9,211205,deslig,9000.0,1
2024,9,211205,deslig,9500.0,2
2024,9,211205,deslig,10000.0,2
2024,9,211205,deslig,10500.0,2
2024,9,211205,deslig,11000.0,1
2024,9,211205,deslig,13000.0,3
2024,9,211205,deslig,13500.0,1
2024,9,211205,deslig,16000.0,2
2024,9,211205,deslig,17500.0,1
2024,9,211205,deslig,20000.0,1
2024,9,211205,deslig,20500.0,1
2024,9,211205,deslig,24500.0,1
2024,9,211205,deslig,28500.0,1
2024,9,211210,adm,3500.0,1
2024,9,211210,adm,5000.0,1
2024,9,211210,adm,5500.0,1
2024,9,211210,adm,7500.0,1
2024,9,211210,deslig,3500.0,1
2024,9,211210,deslig,4000.0,2
2024,9,211210,deslig,8000.0,1
2024,9,211210,deslig,11000.0,1
2024,9,211210,deslig,13000.0,1
2024,9,211210,deslig,15500.0,1
2024,9,211210,deslig,17000.0,1
2024,9,211215,deslig,5500.0,1
2024,9,211220,adm,2000.0,1
2024,9,211220,adm,3500.0,2
2024,9,211220,adm,4000.0,1
2024,9,211220,adm,4500.0,1
2024,9,211220,adm,5000.0,1
2024,9,211220,adm,5500.0,1
2024,9,211220,adm,7000.0,2
2024,9,211220,adm,8000.0,5
2024,9,211220,adm,8500.0,1
2024,9,211220,adm,9000.0,2
2024,9,211220,adm,10000.0,2
2024,9,211220,adm,10500.0,3
2024,9,211220,adm,11000.0,1
2024,9,211220,adm,12500.0,1
2024,9,211220,adm,13000.0,2
2024,9,211220,adm,13500.0,1
2024,9,211220,adm,15000.0,1
2024,9,211220,adm,17000.0,1
2024,9,211220,adm,17500.0,2
2024,9,211220,adm,18000.0,1
2024,9,211220,adm,19500.0,1
2024,9,211220,adm,20000.0,1
2024,9,211220,adm,20500.0,1
2024,9,211220,adm,21000.0,1
2024,9,211220,adm,24000.0,2
2024,9,211220,adm,25000.0,1
2024,9,211220,adm,26500.0,1
2024,9,211220,adm,27500.0,2
2024,9,211220,adm,31500.0,1
2024,9,211220,adm,34000.0,1
2024,9,211220,adm,43500.0,1
2024,9,211220,deslig,1500.0,1
2024,9,211220,deslig,2000.0,1
2024,9,211220,deslig,4000.0,1
2024,9,211220,deslig,5000.0,1
2024,9,211220,deslig,5500.0,1
2024,9,211220,deslig,6000.0,2
2024,9,211220,deslig,7500.0,2
2024,9,211220,deslig,8000.0,1
2024,9,211220,deslig,9000.0,2
2024,9,211220,deslig,10000.0,1
2024,9,211220,deslig,10500.0,2
2024,9,211220,deslig,11000.0,1
2024,9,211220,deslig,11500.0,2
2024,9,211220,deslig,12000.0,1
2024,9,211220,deslig,13000.0,2
2024,9,211220,deslig,14000.0,1
2024,9,211220,deslig,16500.0,1
2024,9,211220,deslig,17500.0,1
2024,9,211220,deslig,21500.0,1
2024,9,212205,adm,2000.0,2
2024,9,212205,adm,2500.0,1
2024,9,212205,adm,3000.0,1
2024,9,212205,adm,3500.0,2
2024,9,212205,adm,4000.0,5
2024,9,212205,adm,4500.0,2
2024,9,212205,adm,5000.0,7
2024,9,212205,adm,5500.0,3
2024,9,212205,adm,6000.0,6
2024,9,212205,adm,6500.0,2
2024,9,212205,adm,7000.0,4
2024,9,212205,adm,7500.0,6
2024,9,212205,adm,8000.0,7
2024,9,212205,adm,8500.0,2
2024,9,212205,adm,9000.0,6
2024,9,212205,adm,9500.0,11
2024,9,212205,adm,10000.0,3
2024,9,212205,adm,10500.0,2
2024,9,212205,adm,11000.0,6
2024,9,212205,adm,11500.0,3
2024,9,212205,adm,12000.0,8
2024,9,212205,adm,12500.0,14
2024,9,212205,adm,13000.0,6
2024,9,212205,adm,13500.0,3
2024,9,212205,adm,14000.0,8
2024,9,212205,adm,14500.0,2
2024,9,212205,adm,15000.0,11
2024,9,212205,adm,15500.0,3
2024,9,212205,adm,16000.0,5
2024,9,212205,adm,17000.0,5
2024,9,212205,adm,17500.0,1
2024,9,212205,adm,18000.0,2
2024,9,212205,adm,18500.0,2
2024,9,212205,adm,19000.0,1
2024,9,212205,adm,19500.0,12
2024,9,212205,adm,20000.0,7
2024,9,212205,adm,20500.0,2
2024,9,212205,adm,21000.0,3
2024,9,212205,adm,21500.0,2
2024,9,212205,adm,22000.0,1
2024,9,212205,adm,22500.0,1
2024,9,212205,adm,23500.0,1
2024,9,212205,adm,24000.0,4
2024,9,212205,adm,25000.0,3
2024,9,212205,adm,25500.0,1
2024,9,212205,adm,26000.0,3
2024,9,212205,adm,26500.0,4
2024,9,212205,adm,27000.0,1
2024,9,212205,adm,27500.0,1
2024,9,212205,adm,28000.0,3
2024,9,212205,adm,28500.0,1
2024,9,212205,adm,30500.0,1
2024,9,212205,adm,36500.0,1
2024,9,212205,adm,41500.0,1
2024,9,212205,adm,45000.0,2
2024,9,212205,adm,50000.0,1
2024,9,212205,deslig,1500.0,1
2024,9,212205,deslig,2000.0,1
2024,9,212205,deslig,3000.0,2
2024,9,212205,deslig,3500.0,2
2024,9,212205,deslig,4000.0,1
2024,9,212205,deslig,4500.0,2
2024,9,212205,deslig,5000.0,2
2024,9,212205,deslig,5500.0,3
2024,9,212205,deslig,6000.0,6
2024,9,212205,deslig,7000.0,3
2024,9,212205,deslig,7500.0,1
2024,9,212205,deslig,8000.0,1
2024,9,212205,deslig,8500.0,5
2024,9,212205,deslig,9000.0,5
2024,9,212205,deslig,9500.0,4
2024,9,212205,deslig,10000.0,8
2024,9,212205,deslig,10500.0,3
2024,9,212205,deslig,11000.0,2
2024,9,212205,deslig,11500.0,2
2024,9,212205,deslig,12000.0,1
2024,9,212205,deslig,12500.0,6
2024,9,212205,deslig,13000.0,2
2024,9,212205,deslig,13500.0,3
2024,9,212205,deslig,14000.0,5
2024,9,212205,deslig,14500.0,5
2024,9,212205,deslig,15000.0,5
2024,9,212205,deslig,15500.0,5
2024,9,212205,deslig,16000.0,2
2024,9,212205,deslig,16500.0,2
2024,9,212205,deslig,17000.0,1
2024,9,212205,deslig,17500.0,3
2024,9,212205,deslig,18500.0,1
2024,9,212205,deslig,19000.0,3
2024,9,212205,deslig,19500.0,1
2024,9,212205,deslig,20000.0,2
2024,9,212205,deslig,20500.0,2
2024,9,212205,deslig,21000.0,1
2024,9,212205,deslig,21500.0,3
2024,9,212205,deslig,22500.0,1
2024,9,212205,deslig,23000.0,1
2024,9,212205,deslig,24000.0,3
2024,9,212205,deslig,24500.0,1
2024,9,212205,deslig,26500.0,2
2024,9,212205,deslig,27000.0,1
2024,9,212205,deslig,29500.0,1
2024,9,212205,deslig,37000.0,2
2024,9,212205,deslig,38500.0,1
2024,9,212205,deslig,46000.0,1
2024,9,212205,deslig,50000.0,3
2024,9,212210,adm,6000.0,1
2024,9,212210,adm,11000.0,2
2024,9,212210,adm,12000.0,1
2024,9,212210,adm,12500.0,1
2024,9,212210,adm,13000.0,1
2024,9,212210,adm,13500.0,1
2024,9,212210,adm,15500.0,1
2024,9,212210,deslig,5500.0,1
2024,9,212210,deslig,6500.0,1
2024,9,212210,deslig,8000.0,1
2024,9,212210,deslig,9000.0,1
2024,9,212210,deslig,13000.0,1
2024,9,212210,deslig,14000.0,3
2024,9,212210,deslig,15500.0,1
2024,9,212210,deslig,17500.0,1
2024,9,212210,deslig,21000.0,1
2024,9,212210,deslig,41000.0,1
2024,9,212210,deslig,46000.0,1
2024,9,212215,adm,2000.0,1
2024,9,212215,adm,4000.0,3
2024,9,212215,adm,4500.0,2
2024,9,212215,adm,5000.0,5
2024,9,212215,adm,5500.0,3
2024,9,212215,adm,6000.0,11
2024,9,212215,adm,6500.0,5
2024,9,212215,adm,7000.0,15
2024,9,212215,adm,7500.0,1
2024,9,212215,adm,8000.0,12
2024,9,212215,adm,8500.0,3
2024,9,212215,adm,9000.0,17
2024,9,212215,adm,9500.0,6
2024,9,212215,adm,10000.0,9
2024,9,212215,adm,10500.0,6
2024,9,212215,adm,11000.0,12
2024,9,212215,adm,11500.0,4
2024,9,212215,adm,12000.0,10
2024,9,212215,adm,12500.0,3
2024,9,212215,adm,13000.0,6
2024,9,212215,adm,13500.0,2
2024,9,212215,adm,14000.0,4
2024,9,212215,adm,14500.0,1
2024,9,212215,adm,15000.0,9
2024,9,212215,adm,15500.0,2
2024,9,212215,adm,16000.0,5
2024,9,212215,adm,16500.0,5
2024,9,212215,adm,17000.0,4
2024,9,212215,adm,18000.0,9
2024,9,212215,adm,18500.0,1
2024,9,212215,adm,19000.0,3
2024,9,212215,adm,19500.0,5
2024,9,212215,adm,20000.0,7
2024,9,212215,adm,21000.0,2
2024,9,212215,adm,21500.0,1
2024,9,212215,adm,22000.0,5
2024,9,212215,adm,23000.0,2
2024,9,212215,adm,24000.0,2
2024,9,212215,adm,24500.0,1
2024,9,212215,adm,25000.0,1
2024,9,212215,adm,25500.0,1
2024,9,212215,adm,26000.0,2
2024,9,212215,adm,26500.0,1
2024,9,212215,adm,27000.0,3
2024,9,212215,adm,27500.0,3
2024,9,212215,adm,28500.0,2
2024,9,212215,adm,29000.0,2
2024,9,212215,adm,30000.0,2
2024,9,212215,adm,30500.0,1
2024,9,212215,adm,33000.0,3
2024,9,212215,adm,33500.0,1
2024,9,212215,adm,35500.0,1
2024,9,212215,adm,36000.0,1
2024,9,212215,adm,39000.0,1
2024,9,212215,adm,40500.0,1
2024,9,212215,adm,41000.0,1
2024,9,212215,adm,41500.0,1
2024,9,212215,adm,45000.0,1
2024,9,212215,adm,45500.0,1
2024,9,212215,deslig,1500.0,1
2024,9,212215,deslig,2500.0,3
2024,9,212215,deslig,3000.0,1
2024,9,212215,deslig,3500.0,2
2024,9,212215,deslig,4000.0,2
2024,9,212215,deslig,4500.0,3
2024,9,212215,deslig,5000.0,5
2024,9,212215,deslig,5500.0,1
2024,9,212215,deslig,6000.0,5
2024,9,212215,deslig,6500.0,5
2024,9,212215,deslig,7000.0,4
2024,9,212215,deslig,7500.0,3
2024,9,212215,deslig,8000.0,5
2024,9,212215,deslig,8500.0,2
2024,9,212215,deslig,9000.0,6
2024,9,212215,deslig,9500.0,4
2024,9,212215,deslig,10000.0,7
2024,9,212215,deslig,10500.0,3
2024,9,212215,deslig,11000.0,7
2024,9,212215,deslig,11500.0,5
2024,9,212215,deslig,12000.0,2
2024,9,212215,deslig,12500.0,3
2024,9,212215,deslig,13000.0,7
2024,9,212215,deslig,13500.0,6
2024,9,212215,deslig,14000.0,5
2024,9,212215,deslig,14500.0,3
2024,9,212215,deslig,15000.0,6
2024,9,212215,deslig,15500.0,2
2024,9,212215,deslig,16000.0,3
2024,9,212215,deslig,16500.0,5
2024,9,212215,deslig,17000.0,3
2024,9,212215,deslig,17500.0,4
2024,9,212215,deslig,18000.0,5
2024,9,212215,deslig,18500.0,2
2024,9,212215,deslig,19000.0,1
2024,9,212215,deslig,19500.0,2
2024,9,212215,deslig,20000.0,4
2024,9,212215,deslig,20500.0,1
2024,9,212215,deslig,21000.0,2
2024,9,212215,deslig,21500.0,2
2024,9,212215,deslig,22000.0,1
2024,9,212215,deslig,23000.0,3
2024,9,212215,deslig,23500.0,1
2024,9,212215,deslig,24500.0,1
2024,9,212215,deslig,25000.0,3
2024,9,212215,deslig,26000.0,2
2024,9,212215,deslig,26500.0,1
2024,9,212215,deslig,27000.0,1
2024,9,212215,deslig,27500.0,1
2024,9,212215,deslig,28000.0,1
2024,9,212215,deslig,29000.0,2
2024,9,212215,deslig,30500.0,1
2024,9,212215,deslig,31500.0,1
2024,9,212215,deslig,33500.0,1
2024,9,212215,deslig,35000.0,2
2024,9,212215,deslig,37000.0,1
2024,9,212215,deslig,39500.0,1
2024,9,212215,deslig,41500.0,2
2024,9,212305,adm,1500.0,5
2024,9,212305,adm,2000.0,2
2024,9,212305,adm,2500.0,3
2024,9,212305,adm,3000.0,7
2024,9,212305,adm,3500.0,1
2024,9,212305,adm,4000.0,5
2024,9,212305,adm,4500.0,7
2024,9,212305,adm,5000.0,3
2024,9,212305,adm,5500.0,4
2024,9,212305,adm,6000.0,3
2024,9,212305,adm,6500.0,3
2024,9,212305,adm,7000.0,5
2024,9,212305,adm,7500.0,11
2024,9,212305,adm,8000.0,6
2024,9,212305,adm,8500.0,4
2024,9,212305,adm,9000.0,7
2024,9,212305,adm,9500.0,1
2024,9,212305,adm,10000.0,7
2024,9,212305,adm,10500.0,2
2024,9,212305,adm,11000.0,8
2024,9,212305,adm,11500.0,3
2024,9,212305,adm,12000.0,6
2024,9,212305,adm,12500.0,4
2024,9,212305,adm,13000.0,4
2024,9,212305,adm,14000.0,4
2024,9,212305,adm,14500.0,3
2024,9,212305,adm,15000.0,4
2024,9,212305,adm,15500.0,1
2024,9,212305,adm,16000.0,3
2024,9,212305,adm,16500.0,1
2024,9,212305,adm,17000.0,1
2024,9,212305,adm,18000.0,1
2024,9,212305,adm,18500.0,1
2024,9,212305,adm,19000.0,3
2024,9,212305,adm,20000.0,1
2024,9,212305,adm,20500.0,2
2024,9,212305,adm,22000.0,1
2024,9,212305,adm,23500.0,1
2024,9,212305,adm,25000.0,2
2024,9,212305,adm,26000.0,1
2024,9,212305,adm,27000.0,1
2024,9,212305,adm,31000.0,1
2024,9,212305,adm,37000.0,1
2024,9,212305,adm,47000.0,1
2024,9,212305,adm,48000.0,1
2024,9,212305,deslig,1500.0,4
2024,9,212305,deslig,2000.0,3
2024,9,212305,deslig,2500.0,4
2024,9,212305,deslig,3000.0,4
2024,9,212305,deslig,3500.0,5
2024,9,212305,deslig,4000.0,7
2024,9,212305,deslig,4500.0,5
2024,9,212305,deslig,5000.0,7
2024,9,212305,deslig,5500.0,3
2024,9,212305,deslig,6000.0,5
2024,9,212305,deslig,6500.0,7
2024,9,212305,deslig,7000.0,7
2024,9,212305,deslig,7500.0,3
2024,9,212305,deslig,8000.0,3
2024,9,212305,deslig,8500.0,4
2024,9,212305,deslig,9000.0,6
2024,9,212305,deslig,9500.0,5
2024,9,212305,deslig,10000.0,1
2024,9,212305,deslig,10500.0,4
2024,9,212305,deslig,11000.0,3
2024,9,212305,deslig,11500.0,2
2024,9,212305,deslig,12000.0,4
2024,9,212305,deslig,12500.0,6
2024,9,212305,deslig,13500.0,2
2024,9,212305,deslig,14000.0,1
2024,9,212305,deslig,15000.0,4
2024,9,212305,deslig,15500.0,1
2024,9,212305,deslig,16000.0,2
2024,9,212305,deslig,16500.0,3
2024,9,212305,deslig,17000.0,1
2024,9,212305,deslig,18000.0,2
2024,9,212305,deslig,18500.0,2
2024,9,212305,deslig,19000.0,1
2024,9,212305,deslig,19500.0,1
2024,9,212305,deslig,20000.0,1
2024,9,212305,deslig,21000.0,1
2024,9,212305,deslig,22000.0,1
2024,9,212305,deslig,22500.0,1
2024,9,212305,deslig,25000.0,1
2024,9,212305,deslig,34500.0,1
2024,9,212405,adm,1000.0,4
2024,9,212405,adm,1500.0,48
2024,9,212405,adm,2000.0,176
2024,9,212405,adm,2500.0,134
2024,9,212405,adm,3000.0,122
2024,9,212405,adm,3500.0,130
2024,9,212405,adm,4000.0,152
2024,9,212405,adm,4500.0,101
2024,9,212405,adm,5000.0,138
2024,9,212405,adm,5500.0,113
2024,9,212405,adm,6000.0,182
2024,9,212405,adm,6500.0,140
2024,9,212405,adm,7000.0,176
2024,9,212405,adm,7500.0,120
2024,9,212405,adm,8000.0,206
2024,9,212405,adm,8500.0,115
2024,9,212405,adm,9000.0,164
2024,9,212405,adm,9500.0,100
2024,9,212405,adm,10000.0,164
2024,9,212405,adm,10500.0,81
2024,9,212405,adm,11000.0,139
2024,9,212405,adm,11500.0,62
2024,9,212405,adm,12000.0,120
2024,9,212405,adm,12500.0,59
2024,9,212405,adm,13000.0,84
2024,9,212405,adm,13500.0,57
2024,9,212405,adm,14000.0,98
2024,9,212405,adm,14500.0,35
2024,9,212405,adm,15000.0,104
2024,9,212405,adm,15500.0,21
2024,9,212405,adm,16000.0,43
2024,9,212405,adm,16500.0,26
2024,9,212405,adm,17000.0,41
2024,9,212405,adm,17500.0,12
2024,9,212405,adm,18000.0,31
2024,9,212405,adm,18500.0,9
2024,9,212405,adm,19000.0,19
2024,9,212405,adm,19500.0,11
2024,9,212405,adm,20000.0,18
2024,9,212405,adm,20500.0,3
2024,9,212405,adm,21000.0,3
2024,9,212405,adm,21500.0,6
2024,9,212405,adm,22000.0,4
2024,9,212405,adm,22500.0,4
2024,9,212405,adm,23000.0,7
2024,9,212405,adm,24000.0,2
2024,9,212405,adm,24500.0,3
2024,9,212405,adm,25000.0,4
2024,9,212405,adm,25500.0,2
2024,9,212405,adm,26000.0,5
2024,9,212405,adm,26500.0,1
2024,9,212405,adm,28000.0,3
2024,9,212405,adm,28500.0,1
2024,9,212405,adm,29500.0,1
2024,9,212405,adm,30000.0,1
2024,9,212405,adm,34000.0,1
2024,9,212405,adm,36000.0,1
2024,9,212405,adm,45000.0,1
2024,9,212405,adm,50000.0,1
2024,9,212405,deslig,1000.0,11
2024,9,212405,deslig,1500.0,35
2024,9,212405,deslig,2000.0,114
2024,9,212405,deslig,2500.0,140
2024,9,212405,deslig,3000.0,129
2024,9,212405,deslig,3500.0,131
2024,9,212405,deslig,4000.0,124
2024,9,212405,deslig,4500.0,128
2024,9,212405,deslig,5000.0,109
2024,9,212405,deslig,5500.0,120
2024,9,212405,deslig,6000.0,103
2024,9,212405,deslig,6500.0,120
2024,9,212405,deslig,7000.0,127
2024,9,212405,deslig,7500.0,109
2024,9,212405,deslig,8000.0,125
2024,9,212405,deslig,8500.0,106
2024,9,212405,deslig,9000.0,112
2024,9,212405,deslig,9500.0,96
2024,9,212405,deslig,10000.0,104
2024,9,212405,deslig,10500.0,83
2024,9,212405,deslig,11000.0,90
2024,9,212405,deslig,11500.0,58
2024,9,212405,deslig,12000.0,81
2024,9,212405,deslig,12500.0,63
2024,9,212405,deslig,13000.0,58
2024,9,212405,deslig,13500.0,37
2024,9,212405,deslig,14000.0,50
2024,9,212405,deslig,14500.0,32
2024,9,212405,deslig,15000.0,51
2024,9,212405,deslig,15500.0,40
2024,9,212405,deslig,16000.0,30
2024,9,212405,deslig,16500.0,18
2024,9,212405,deslig,17000.0,26
2024,9,212405,deslig,17500.0,13
2024,9,212405,deslig,18000.0,17
2024,9,212405,deslig,18500.0,12
2024,9,212405,deslig,19000.0,16
2024,9,212405,deslig,19500.0,4
2024,9,212405,deslig,20000.0,10
2024,9,212405,deslig,20500.0,5
2024,9,212405,deslig,21000.0,5
2024,9,212405,deslig,21500.0,5
2024,9,212405,deslig,22000.0,6
2024,9,212405,deslig,22500.0,5
2024,9,212405,deslig,23000.0,2
2024,9,212405,deslig,23500.0,1
2024,9,212405,deslig,24000.0,5
2024,9,212405,deslig,24500.0,2
2024,9,212405,deslig,25000.0,4
2024,9,212405,deslig,26000.0,4
2024,9,212405,deslig,26500.0,1
2024,9,212405,deslig,27000.0,2
2024,9,212405,deslig,27500.0,1
2024,9,212405,deslig,28500.0,1
2024,9,212405,deslig,30500.0,2
2024,9,212405,deslig,31000.0,2
2024,9,212405,deslig,32000.0,1
2024,9,212405,deslig,33500.0,1
2024,9,212405,deslig,36000.0,1
2024,9,212405,deslig,50000.0,1
2024,9,212410,adm,0.0,1
2024,9,212410,adm,1000.0,2
2024,9,212410,adm,1500.0,22
2024,9,212410,adm,2000.0,60
2024,9,212410,adm,2500.0,47
2024,9,212410,adm,3000.0,57
2024,9,212410,adm,3500.0,44
2024,9,212410,adm,4000.0,34
2024,9,212410,adm,4500.0,22
2024,9,212410,adm,5000.0,33
2024,9,212410,adm,5500.0,19
2024,9,212410,adm,6000.0,26
2024,9,212410,adm,6500.0,17
2024,9,212410,adm,7000.0,15
2024,9,212410,adm,7500.0,12
2024,9,212410,adm,8000.0,18
2024,9,212410,adm,8500.0,16
2024,9,212410,adm,9000.0,10
2024,9,212410,adm,9500.0,4
2024,9,212410,adm,10000.0,9
2024,9,212410,adm,10500.0,8
2024,9,212410,adm,11000.0,7
2024,9,212410,adm,11500.0,3
2024,9,212410,adm,12000.0,12
2024,9,212410,adm,12500.0,1
2024,9,212410,adm,13000.0,6
2024,9,212410,adm,13500.0,3
2024,9,212410,adm,14000.0,3
2024,9,212410,adm,14500.0,3
2024,9,212410,adm,15000.0,9
2024,9,212410,adm,15500.0,2
2024,9,212410,adm,16000.0,4
2024,9,212410,adm,16500.0,1
2024,9,212410,adm,17000.0,4
2024,9,212410,adm,18000.0,4
2024,9,212410,adm,19000.0,1
2024,9,212410,adm,19500.0,2
2024,9,212410,adm,20000.0,2
2024,9,212410,adm,21500.0,3
2024,9,212410,adm,23000.0,1
2024,9,212410,adm,34000.0,1
2024,9,212410,deslig,0.0,1
2024,9,212410,deslig,1000.0,2
2024,9,212410,deslig,1500.0,14
2024,9,212410,deslig,2000.0,64
2024,9,212410,deslig,2500.0,46
2024,9,212410,deslig,3000.0,66
2024,9,212410,deslig,3500.0,50
2024,9,212410,deslig,4000.0,44
2024,9,212410,deslig,4500.0,34
2024,9,212410,deslig,5000.0,24
2024,9,212410,deslig,5500.0,19
2024,9,212410,deslig,6000.0,21
2024,9,212410,deslig,6500.0,13
2024,9,212410,deslig,7000.0,15
2024,9,212410,deslig,7500.0,10
2024,9,212410,deslig,8000.0,13
2024,9,212410,deslig,8500.0,15
2024,9,212410,deslig,9000.0,14
2024,9,212410,deslig,9500.0,5
2024,9,212410,deslig,10000.0,8
2024,9,212410,deslig,10500.0,8
2024,9,212410,deslig,11000.0,4
2024,9,212410,deslig,11500.0,4
2024,9,212410,deslig,12000.0,5
2024,9,212410,deslig,13000.0,5
2024,9,212410,deslig,13500.0,2
2024,9,212410,deslig,14000.0,1
2024,9,212410,deslig,14500.0,2
2024,9,212410,deslig,15000.0,7
2024,9,212410,deslig,15500.0,2
2024,9,212410,deslig,16000.0,1
2024,9,212410,deslig,16500.0,2
2024,9,212410,deslig,17500.0,1
2024,9,212410,deslig,18000.0,1
2024,9,212410,deslig,18500.0,1
2024,9,212410,deslig,19000.0,2
2024,9,212410,deslig,20500.0,1
2024,9,212410,deslig,22500.0,1
2024,9,212410,deslig,29000.0,1
2024,9,212425,adm,4000.0,1
2024,9,212425,adm,6000.0,1
2024,9,212425,adm,6500.0,2
2024,9,212425,adm,7000.0,1
2024,9,212425,adm,8000.0,2
2024,9,212425,adm,8500.0,3
2024,9,212425,adm,9000.0,4
2024,9,212425,adm,9500.0,5
2024,9,212425,adm,10000.0,2
2024,9,212425,adm,10500.0,3
2024,9,212425,adm,11000.0,3
2024,9,212425,adm,12000.0,3
2024,9,212425,adm,12500.0,3
2024,9,212425,adm,13000.0,1
2024,9,212425,adm,13500.0,2
2024,9,212425,adm,14000.0,2
2024,9,212425,adm,14500.0,4
2024,9,212425,adm,15000.0,5
2024,9,212425,adm,15500.0,6
2024,9,212425,adm,16000.0,4
2024,9,212425,adm,17000.0,2
2024,9,212425,adm,17500.0,5
2024,9,212425,adm,18000.0,4
2024,9,212425,adm,18500.0,2
2024,9,212425,adm,19000.0,5
2024,9,212425,adm,19500.0,2
2024,9,212425,adm,20000.0,5
2024,9,212425,adm,21000.0,3
2024,9,212425,adm,22000.0,3
2024,9,212425,adm,23000.0,1
2024,9,212425,adm,23500.0,2
2024,9,212425,adm,24000.0,3
2024,9,212425,adm,25000.0,1
2024,9,212425,adm,26500.0,3
2024,9,212425,adm,28000.0,2
2024,9,212425,adm,29000.0,2
2024,9,212425,adm,30000.0,1
2024,9,212425,adm,30500.0,1
2024,9,212425,adm,31500.0,1
2024,9,212425,adm,32000.0,2
2024,9,212425,adm,32500.0,2
2024,9,212425,adm,33500.0,1
2024,9,212425,adm,34000.0,1
2024,9,212425,adm,35500.0,1
2024,9,212425,adm,36000.0,3
2024,9,212425,adm,36500.0,1
2024,9,212425,adm,37000.0,1
2024,9,212425,adm,37500.0,1
2024,9,212425,adm,38500.0,1
2024,9,212425,adm,40500.0,1
2024,9,212425,adm,41000.0,1
2024,9,212425,adm,41500.0,1
2024,9,212425,adm,43000.0,1
2024,9,212425,adm,43500.0,1
2024,9,212425,adm,47000.0,1
2024,9,212425,adm,47500.0,1
2024,9,212425,adm,50000.0,1
2024,9,212425,deslig,2000.0,1
2024,9,212425,deslig,4000.0,1
2024,9,212425,deslig,5500.0,1
2024,9,212425,deslig,6000.0,2
2024,9,212425,deslig,7500.0,1
2024,9,212425,deslig,8500.0,1
2024,9,212425,deslig,9000.0,1
2024,9,212425,deslig,9500.0,3
2024,9,212425,deslig,10000.0,5
2024,9,212425,deslig,10500.0,1
2024,9,212425,deslig,11000.0,2
2024,9,212425,deslig,12000.0,2
2024,9,212425,deslig,12500.0,2
2024,9,212425,deslig,13000.0,3
2024,9,212425,deslig,13500.0,1
2024,9,212425,deslig,14000.0,4
2024,9,212425,deslig,14500.0,1
2024,9,212425,deslig,15000.0,2
2024,9,212425,deslig,15500.0,3
2024,9,212425,deslig,16000.0,2
2024,9,212425,deslig,16500.0,2
2024,9,212425,deslig,17000.0,4
2024,9,212425,deslig,17500.0,3
2024,9,212425,deslig,18000.0,5
2024,9,212425,deslig,18500.0,1
2024,9,212425,deslig,19000.0,1
2024,9,212425,deslig,20000.0,3
2024,9,212425,deslig,20500.0,1
2024,9,212425,deslig,21500.0,3
2024,9,212425,deslig,22000.0,2
2024,9,212425,deslig,22500.0,2
2024,9,212425,deslig,24500.0,3
2024,9,212425,deslig,26000.0,1
2024,9,212425,deslig,26500.0,1
2024,9,212425,deslig,30000.0,1
2024,9,212425,deslig,35000.0,1
2024,10,203105,adm,3500.0,1
2024,10,203105,adm,4000.0,1
2024,10,203105,adm,5000.0,2
2024,10,203105,adm,6000.0,4
2024,10,203105,adm,7000.0,2
2024,10,203105,adm,7500.0,2
2024,10,203105,adm,8000.0,2
2024,10,203105,adm,8500.0,1
2024,10,203105,adm,9000.0,5
2024,10,203105,adm,9500.0,2
2024,10,203105,adm,10000.0,1
2024,10,203105,adm,10500.0,1
2024,10,203105,adm,12000.0,1
2024,10,203105,adm,12500.0,1
2024,10,203105,adm,13000.0,2
2024,10,203105,adm,13500.0,1
2024,10,203105,adm,14000.0,3
2024,10,203105,adm,14500.0,1
2024,10,203105,adm,15000.0,4
2024,10,203105,adm,15500.0,1
2024,10,203105,adm,16000.0,1
2024,10,203105,adm,17000.0,2
2024,10,203105,adm,17500.0,2
2024,10,203105,adm,18000.0,1
2024,10,203105,adm,19000.0,1
2024,10,203105,adm,28000.0,1
2024,10,203105,adm,29000.0,1
2024,10,203105,adm,37000.0,1
2024,10,203105,deslig,3500.0,3
2024,10,203105,deslig,4000.0,2
2024,10,203105,deslig,5000.0,1
2024,10,203105,deslig,6000.0,1
2024,10,203105,deslig,7000.0,2
2024,10,203105,deslig,7500.0,3
2024,10,203105,deslig,8500.0,2
2024,10,203105,deslig,9000.0,4
2024,10,203105,deslig,9500.0,2
2024,10,203105,deslig,10000.0,2
2024,10,203105,deslig,10500.0,1
2024,10,203105,deslig,11000.0,1
2024,10,203105,deslig,11500.0,1
2024,10,203105,deslig,12000.0,1
2024,10,203105,deslig,12500.0,1
2024,10,203105,deslig,13500.0,1
2024,10,203105,deslig,14000.0,1
2024,10,203105,deslig,17000.0,1
2024,10,203105,deslig,18500.0,3
2024,10,203105,deslig,19500.0,2
2024,10,203105,deslig,21000.0,1
2024,10,203105,deslig,22000.0,1
2024,10,211205,adm,1500.0,2
2024,10,211205,adm,2000.0,2
2024,10,211205,adm,2500.0,2
2024,10,211205,adm,3000.0,5
2024,10,211205,adm,3500.0,1
2024,10,211205,adm,4000.0,2
2024,10,211205,adm,4500.0,7
2024,10,211205,adm,5000.0,4
2024,10,211205,adm,5500.0,2
2024,10,211205,adm,6000.0,2
2024,10,211205,adm,6500.0,3
2024,10,211205,adm,7000.0,2
2024,10,211205,adm,7500.0,2
2024,10,211205,adm,8000.0,1
2024,10,211205,adm,9000.0,2
2024,10,211205,adm,9500.0,1
2024,10,211205,adm,10000.0,2
2024,10,211205,adm,12000.0,2
2024,10,211205,adm,13000.0,2
2024,10,211205,adm,13500.0,2
2024,10,211205,adm,14000.0,1
2024,10,211205,adm,15000.0,1
2024,10,211205,adm,17000.0,1
2024,10,211205,deslig,1500.0,2
2024,10,211205,deslig,2000.0,3
2024,10,211205,deslig,2500.0,2
2024,10,211205,deslig,3000.0,1
2024,10,211205,deslig,4500.0,2
2024,10,211205,deslig,5000.0,1
2024,10,211205,deslig,5500.0,2
2024,10,211205,deslig,6000.0,2
2024,10,211205,deslig,6500.0,2
2024,10,211205,deslig,7000.0,1
2024,10,211205,deslig,7500.0,4
2024,10,211205,deslig,8000.0,1
2024,10,211205,deslig,8500.0,2
2024,10,211205,deslig,9000.0,2
2024,10,211205,deslig,9500.0,2
2024,10,211205,deslig,10000.0,4
2024,10,211205,deslig,10500.0,1
2024,10,211205,deslig,11000.0,1
2024,10,211205,deslig,14000.0,2
2024,10,211205,deslig,16000.0,1
2024,10,211205,deslig,17000.0,1
2024,10,211205,deslig,17500.0,1
2024,10,211205,deslig,24000.0,1
2024,10,211205,deslig,26000.0,1
2024,10,211210,adm,3000.0,1
2024,10,211210,adm,3500.0,2
2024,10,211210,adm,4000.0,1
2024,10,211210,adm,8500.0,1
2024,10,211210,deslig,2500.0,1
2024,10,211210,deslig,3500.0,2
2024,10,211210,deslig,8500.0,1
2024,10,211210,deslig,10500.0,1
2024,10,211210,deslig,11500.0,1
2024,10,211220,adm,1500.0,2
2024,10,211220,adm,2000.0,2
2024,10,211220,adm,2500.0,1
2024,10,211220,adm,3000.0,4
2024,10,211220,adm,3500.0,1
2024,10,211220,adm,4000.0,2
2024,10,211220,adm,4500.0,2
2024,10,211220,adm,5000.0,2
2024,10,211220,adm,5500.0,1
2024,10,211220,adm,6000.0,1
2024,10,211220,adm,6500.0,1
2024,10,211220,adm,7000.0,2
2024,10,211220,adm,7500.0,1
2024,10,211220,adm,8000.0,1
2024,10,211220,adm,8500.0,1
2024,10,211220,adm,9000.0,1
2024,10,211220,adm,9500.0,1
2024,10,211220,adm,10000.0,1
2024,10,211220,adm,10500.0,1
2024,10,211220,adm,11000.0,2
2024,10,211220,adm,12000.0,3
2024,10,211220,adm,12500.0,1
2024,10,211220,adm,13000.0,1
2024,10,211220,adm,14000.0,3
2024,10,211220,adm,14500.0,2
2024,10,211220,adm,15000.0,1
2024,10,211220,adm,16000.0,1
2024,10,211220,adm,16500.0,1
2024,10,211220,adm,18000.0,2
2024,10,211220,adm,18500.0,1
2024,10,211220,adm,19000.0,1
2024,10,211220,adm,20000.0,1
2024,10,211220,adm,22500.0,1
2024,10,211220,adm,24000.0,1
2024,10,211220,adm,32500.0,1
2024,10,211220,adm,50000.0,1
2024,10,211220,deslig,2000.0,1
2024,10,211220,deslig,3000.0,1
2024,10,211220,deslig,3500.0,1
2024,10,211220,deslig,4000.0,2
2024,10,211220,deslig,5000.0,3
2024,10,211220,deslig,6000.0,1
2024,10,211220,deslig,7500.0,1
2024,10,211220,deslig,8000.0,4
2024,10,211220,deslig,9500.0,1
2024,10,211220,deslig,10000.0,3
2024,10,211220,deslig,10500.0,1
2024,10,211220,deslig,11000.0,2
2024,10,211220,deslig,14000.0,3
2024,10,211220,deslig,15500.0,2
2024,10,211220,deslig,16000.0,1
2024,10,211220,deslig,17000.0,1
2024,10,211220,deslig,18500.0,1
2024,10,211220,deslig,23000.0,1
2024,10,212205,adm,1500.0,2
2024,10,212205,adm,2000.0,1
2024,10,212205,adm,2500.0,6
2024,10,212205,adm,3000.0,1
2024,10,212205,adm,3500.0,2
2024,10,212205,adm,4000.0,3
2024,10,212205,adm,4500.0,3
2024,10,212205,adm,5000.0,6
2024,10,212205,adm,5500.0,6
2024,10,212205,adm,6000.0,4
2024,10,212205,adm,6500.0,7
2024,10,212205,adm,7000.0,4
2024,10,212205,adm,7500.0,3
2024,10,212205,adm,8000.0,3
2024,10,212205,adm,8500.0,4
2024,10,212205,adm,9000.0,7
2024,10,212205,adm,9500.0,4
2024,10,212205,adm,10000.0,7
2024,10,212205,adm,10500.0,3
2024,10,212205,adm,11000.0,6
2024,10,212205,adm,11500.0,3
2024,10,212205,adm,12000.0,5
2024,10,212205,adm,12500.0,5
2024,10,212205,adm,13000.0,8
2024,10,212205,adm,13500.0,4
2024,10,212205,adm,14000.0,11
2024,10,212205,adm,14500.0,4
2024,10,212205,adm,15000.0,7
2024,10,212205,adm,15500.0,5
2024,10,212205,adm,16000.0,2
2024,10,212205,adm,16500.0,3
2024,10,212205,adm,17000.0,6
2024,10,212205,adm,17500.0,3
2024,10,212205,adm,18000.0,3
2024,10,212205,adm,18500.0,1
2024,10,212205,adm,19000.0,4
2024,10,212205,adm,19500.0,4
2024,10,212205,adm,20000.0,5
2024,10,212205,adm,20500.0,4
2024,10,212205,adm,21000.0,2
2024,10,212205,adm,21500.0,1
2024,10,212205,adm,22000.0,6
2024,10,212205,adm,22500.0,2
2024,10,212205,adm,23000.0,1
2024,10,212205,adm,23500.0,2
2024,10,212205,adm,24000.0,4
2024,10,212205,adm,24500.0,1
2024,10,212205,adm,25000.0,1
2024,10,212205,adm,26000.0,2
2024,10,212205,adm,26500.0,2
2024,10,212205,adm,27000.0,2
2024,10,212205,adm,28000.0,4
2024,10,212205,adm,29000.0,1
2024,10,212205,adm,29500.0,1
2024,10,212205,adm,30000.0,3
2024,10,212205,adm,30500.0,1
2024,10,212205,adm,31500.0,1
2024,10,212205,adm,33000.0,1
2024,10,212205,adm,34000.0,1
2024,10,212205,adm,35000.0,1
2024,10,212205,adm,38000.0,1
2024,10,212205,adm,45000.0,1
2024,10,212205,adm,45500.0,1
2024,10,212205,adm,46000.0,1
2024,10,212205,adm,50000.0,2
2024,10,212205,deslig,2000.0,1
2024,10,212205,deslig,2500.0,2
2024,10,212205,deslig,3000.0,1
2024,10,212205,deslig,4000.0,1
2024,10,212205,deslig,4500.0,1
2024,10,212205,deslig,5000.0,3
2024,10,212205,deslig,5500.0,5
2024,10,212205,deslig,6000.0,3
2024,10,212205,deslig,6500.0,4
2024,10,212205,deslig,7000.0,4
2024,10,212205,deslig,7500.0,1
2024,10,212205,deslig,8000.0,4
2024,10,212205,deslig,8500.0,1
2024,10,212205,deslig,9000.0,1
2024,10,212205,deslig,9500.0,2
2024,10,212205,deslig,10000.0,4
2024,10,212205,deslig,10500.0,5
2024,10,212205,deslig,11000.0,2
2024,10,212205,deslig,11500.0,3
2024,10,212205,deslig,12000.0,2
2024,10,212205,deslig,12500.0,3
2024,10,212205,deslig,13000.0,5
2024,10,212205,deslig,13500.0,5
2024,10,212205,deslig,14000.0,7
2024,10,212205,deslig,14500.0,4
2024,10,212205,deslig,15000.0,2
2024,10,212205,deslig,15500.0,7
2024,10,212205,deslig,16000.0,2
2024,10,212205,deslig,16500.0,2
2024,10,212205,deslig,17000.0,4
2024,10,212205,deslig,17500.0,3
2024,10,212205,deslig,18000.0,3
2024,10,212205,deslig,18500.0,2
2024,10,212205,deslig,19500.0,3
2024,10,212205,deslig,20000.0,1
2024,10,212205,deslig,20500.0,1
2024,10,212205,deslig,21000.0,1
2024,10,212205,deslig,22500.0,2
2024,10,212205,deslig,23500.0,1
2024,10,212205,deslig,24000.0,1
2024,10,212205,deslig,25000.0,1
2024,10,212205,deslig,25500.0,2
2024,10,212205,deslig,26000.0,2
2024,10,212205,deslig,27000.0,1
2024,10,212205,deslig,30000.0,1
2024,10,212205,deslig,35000.0,1
2024,10,212205,deslig,37500.0,1
2024,10,212205,deslig,39500.0,1
2024,10,212205,deslig,40500.0,1
2024,10,212205,deslig,45000.0,1
2024,10,212205,deslig,50000.0,1
2024,10,212210,adm,8000.0,1
2024,10,212210,adm,14000.0,3
2024,10,212210,adm,15000.0,1
2024,10,212210,adm,18000.0,2
2024,10,212210,deslig,2500.0,1
2024,10,212210,deslig,9500.0,1
2024,10,212210,deslig,13000.0,1
2024,10,212215,adm,2000.0,5
2024,10,212215,adm,3000.0,3
2024,10,212215,adm,3500.0,2
2024,10,212215,adm,4000.0,2
2024,10,212215,adm,4500.0,3
2024,10,212215,adm,5000.0,3
2024,10,212215,adm,5500.0,1
2024,10,212215,adm,6000.0,12
2024,10,212215,adm,6500.0,4
2024,10,212215,adm,7000.0,17
2024,10,212215,adm,7500.0,3
2024,10,212215,adm,8000.0,8
2024,10,212215,adm,8500.0,2
2024,10,212215,adm,9000.0,15
2024,10,212215,adm,9500.0,2
2024,10,212215,adm,10000.0,10
2024,10,212215,adm,10500.0,3
2024,10,212215,adm,11000.0,8
2024,10,212215,adm,11500.0,5
2024,10,212215,adm,12000.0,5
2024,10,212215,adm,12500.0,5
2024,10,212215,adm,13000.0,6
2024,10,212215,adm,13500.0,7
2024,10,212215,adm,14000.0,4
2024,10,212215,adm,14500.0,4
2024,10,212215,adm,15000.0,6
2024,10,212215,adm,15500.0,4
2024,10,212215,adm,16000.0,5
2024,10,212215,adm,16500.0,7
2024,10,212215,adm,17000.0,4
2024,10,212215,adm,17500.0,1
2024,10,212215,adm,18000.0,4
2024,10,212215,adm,19000.0,4
2024,10,212215,adm,20000.0,6
2024,10,212215,adm,20500.0,1
2024,10,212215,adm,21000.0,1
2024,10,212215,adm,21500.0,2
2024,10,212215,adm,22000.0,1
2024,10,212215,adm,23000.0,3
2024,10,212215,adm,24000.0,2
2024,10,212215,adm,25000.0,3
2024,10,212215,adm,25500.0,1
2024,10,212215,adm,26000.0,1
2024,10,212215,adm,26500.0,1
2024,10,212215,adm,27000.0,3
2024,10,212215,adm,27500.0,3
2024,10,212215,adm,28000.0,2
2024,10,212215,adm,28500.0,1
2024,10,212215,adm,29000.0,2
2024,10,212215,adm,29500.0,1
2024,10,212215,adm,30000.0,2
2024,10,212215,adm,30500.0,1
2024,10,212215,adm,32000.0,1
2024,10,212215,adm,32500.0,1
2024,10,212215,adm,33000.0,1
2024,10,212215,adm,33500.0,1
2024,10,212215,adm,34000.0,1
2024,10,212215,adm,38500.0,1
2024,10,212215,adm,50000.0,2
2024,10,212215,deslig,2000.0,2
2024,10,212215,deslig,2500.0,2
2024,10,212215,deslig,3000.0,1
2024,10,212215,deslig,3500.0,1
2024,10,212215,deslig,4000.0,2
2024,10,212215,deslig,4500.0,4
2024,10,212215,deslig,5000.0,1
2024,10,212215,deslig,5500.0,3
2024,10,212215,deslig,6000.0,3
2024,10,212215,deslig,6500.0,2
2024,10,212215,deslig,7000.0,6
2024,10,212215,deslig,7500.0,1
2024,10,212215,deslig,8000.0,3
2024,10,212215,deslig,8500.0,3
2024,10,212215,deslig,9000.0,4
2024,10,212215,deslig,9500.0,7
2024,10,212215,deslig,10000.0,6
2024,10,212215,deslig,10500.0,5
2024,10,212215,deslig,11000.0,6
2024,10,212215,deslig,11500.0,5
2024,10,212215,deslig,12000.0,8
2024,10,212215,deslig,12500.0,3
2024,10,212215,deslig,13000.0,6
2024,10,212215,deslig,13500.0,3
2024,10,212215,deslig,14000.0,2
2024,10,212215,deslig,14500.0,3
2024,10,212215,deslig,15000.0,3
2024,10,212215,deslig,15500.0,1
2024,10,212215,deslig,16000.0,2
2024,10,212215,deslig,16500.0,7
2024,10,212215,deslig,17000.0,2
2024,10,212215,deslig,17500.0,2
2024,10,212215,deslig,18000.0,3
2024,10,212215,deslig,18500.0,2
2024,10,212215,deslig,19000.0,1
2024,10,212215,deslig,19500.0,2
2024,10,212215,deslig,20000.0,3
2024,10,212215,deslig,20500.0,1
2024,10,212215,deslig,21000.0,1
2024,10,212215,deslig,21500.0,1
2024,10,212215,deslig,22000.0,2
2024,10,212215,deslig,22500.0,2
2024,10,212215,deslig,23000.0,2
2024,10,212215,deslig,24000.0,1
2024,10,212215,deslig,25000.0,3
2024,10,212215,deslig,25500.0,1
2024,10,212215,deslig,26500.0,1
2024,10,212215,deslig,29000.0,2
2024,10,212215,deslig,30000.0,1
2024,10,212215,deslig,31000.0,2
2024,10,212215,deslig,31500.0,2
2024,10,212215,deslig,32500.0,1
2024,10,212215,deslig,33500.0,1
2024,10,212215,deslig,37000.0,1
2024,10,212215,deslig,38000.0,1
2024,10,212215,deslig,49500.0,1
2024,10,212215,deslig,50000.0,2
2024,10,212305,adm,1500.0,1
2024,10,212305,adm,2000.0,2
2024,10,212305,adm,2500.0,5
2024,10,212305,adm,3000.0,10
2024,10,212305,adm,3500.0,1
2024,10,212305,adm,4000.0,8
2024,10,212305,adm,4500.0,6
2024,10,212305,adm,5000.0,3
2024,10,212305,adm,5500.0,5
2024,10,212305,adm,6000.0,3
2024,10,212305,adm,6500.0,2
2024,10,212305,adm,7000.0,6
2024,10,212305,adm,7500.0,6
2024,10,212305,adm,8000.0,3
2024,10,212305,adm,8500.0,4
2024,10,212305,adm,9000.0,9
2024,10,212305,adm,9500.0,5
2024,10,212305,adm,10000.0,10
2024,10,212305,adm,10500.0,3
2024,10,212305,adm,11000.0,5
2024,10,212305,adm,11500.0,3
2024,10,212305,adm,12000.0,7
2024,10,212305,adm,12500.0,3
2024,10,212305,adm,13000.0,5
2024,10,212305,adm,13500.0,2
2024,10,212305,adm,14000.0,3
2024,10,212305,adm,14500.0,2
2024,10,212305,adm,15000.0,5
2024,10,212305,adm,16000.0,3
2024,10,212305,adm,17000.0,2
2024,10,212305,adm,17500.0,3
2024,10,212305,adm,18000.0,1
2024,10,212305,adm,22000.0,1
2024,10,212305,adm,27000.0,1
2024,10,212305,adm,30000.0,1
2024,10,212305,adm,42500.0,1
2024,10,212305,deslig,1000.0,1
2024,10,212305,deslig,1500.0,1
2024,10,212305,deslig,2000.0,2
2024,10,212305,deslig,2500.0,3
2024,10,212305,deslig,3000.0,5
2024,10,212305,deslig,3500.0,4
2024,10,212305,deslig,4000.0,2
2024,10,212305,deslig,4500.0,5
2024,10,212305,deslig,5000.0,2
2024,10,212305,deslig,5500.0,4
2024,10,212305,deslig,6000.0,6
2024,10,212305,deslig,6500.0,3
2024,10,212305,deslig,7000.0,2
2024,10,212305,deslig,7500.0,3
2024,10,212305,deslig,8000.0,1
2024,10,212305,deslig,8500.0,3
2024,10,212305,deslig,9000.0,3
2024,10,212305,deslig,9500.0,5
2024,10,212305,deslig,10000.0,4
2024,10,212305,deslig,10500.0,2
2024,10,212305,deslig,11000.0,4
2024,10,212305,deslig,11500.0,7
2024,10,212305,deslig,12000.0,6
2024,10,212305,deslig,12500.0,3
2024,10,212305,deslig,13000.0,4
2024,10,212305,deslig,13500.0,4
2024,10,212305,deslig,14000.0,3
2024,10,212305,deslig,15000.0,7
2024,10,212305,deslig,15500.0,2
2024,10,212305,deslig,17000.0,1
2024,10,212305,deslig,19000.0,1
2024,10,212305,deslig,19500.0,2
2024,10,212305,deslig,24000.0,1
2024,10,212405,adm,0.0,1
2024,10,212405,adm,1000.0,4
2024,10,212405,adm,1500.0,30
2024,10,212405,adm,2000.0,117
2024,10,212405,adm,2500.0,128
2024,10,212405,adm,3000.0,133
2024,10,212405,adm,3500.0,130
2024,10,212405,adm,4000.0,155
2024,10,212405,adm,4500.0,122
2024,10,212405,adm,5000.0,111
2024,10,212405,adm,5500.0,114
2024,10,212405,adm,6000.0,144
2024,10,212405,adm,6500.0,168
2024,10,212405,adm,7000.0,179
2024,10,212405,adm,7500.0,127
2024,10,212405,adm,8000.0,183
2024,10,212405,adm,8500.0,114
2024,10,212405,adm,9000.0,155
2024,10,212405,adm,9500.0,100
2024,10,212405,adm,10000.0,173
2024,10,212405,adm,10500.0,90
2024,10,212405,adm,11000.0,142
2024,10,212405,adm,11500.0,72
2024,10,212405,adm,12000.0,139
2024,10,212405,adm,12500.0,81
2024,10,212405,adm,13000.0,83
2024,10,212405,adm,13500.0,57
2024,10,212405,adm,14000.0,84
2024,10,212405,adm,14500.0,43
2024,10,212405,adm,15000.0,130
2024,10,212405,adm,15500.0,39
2024,10,212405,adm,16000.0,47
2024,10,212405,adm,16500.0,35
2024,10,212405,adm,17000.0,51
2024,10,212405,adm,17500.0,19
2024,10,212405,adm,18000.0,36
2024,10,212405,adm,18500.0,11
2024,10,212405,adm,19000.0,22
2024,10,212405,adm,19500.0,8
2024,10,212405,adm,20000.0,16
2024,10,212405,adm,20500.0,6
2024,10,212405,adm,21000.0,7
2024,10,212405,adm,21500.0,7
2024,10,212405,adm,22000.0,5
2024,10,212405,adm,22500.0,4
2024,10,212405,adm,23000.0,3
2024,10,212405,adm,24000.0,1
2024,10,212405,adm,24500.0,2
2024,10,212405,adm,25000.0,3
2024,10,212405,adm,25500.0,1
2024,10,212405,adm,26500.0,2
2024,10,212405,adm,28500.0,1
2024,10,212405,adm,29000.0,1
2024,10,212405,adm,30000.0,1
2024,10,212405,adm,30500.0,1
2024,10,212405,adm,31000.0,2
2024,10,212405,adm,31500.0,1
2024,10,212405,adm,32000.0,1
2024,10,212405,adm,32500.0,2
2024,10,212405,adm,36000.0,1
2024,10,212405,adm,39500.0,1
2024,10,212405,deslig,1000.0,10
2024,10,212405,deslig,1500.0,39
2024,10,212405,deslig,2000.0,132
2024,10,212405,deslig,2500.0,144
2024,10,212405,deslig,3000.0,130
2024,10,212405,deslig,3500.0,109
2024,10,212405,deslig,4000.0,128
2024,10,212405,deslig,4500.0,116
2024,10,212405,deslig,5000.0,157
2024,10,212405,deslig,5500.0,117
2024,10,212405,deslig,6000.0,125
2024,10,212405,deslig,6500.0,128
2024,10,212405,deslig,7000.0,122
2024,10,212405,deslig,7500.0,120
2024,10,212405,deslig,8000.0,130
2024,10,212405,deslig,8500.0,99
2024,10,212405,deslig,9000.0,108
2024,10,212405,deslig,9500.0,93
2024,10,212405,deslig,10000.0,131
2024,10,212405,deslig,10500.0,87
2024,10,212405,deslig,11000.0,91
2024,10,212405,deslig,11500.0,65
2024,10,212405,deslig,12000.0,77
2024,10,212405,deslig,12500.0,60
2024,10,212405,deslig,13000.0,58
2024,10,212405,deslig,13500.0,48
2024,10,212405,deslig,14000.0,46
2024,10,212405,deslig,14500.0,29
2024,10,212405,deslig,15000.0,62
2024,10,212405,deslig,15500.0,31
2024,10,212405,deslig,16000.0,43
2024,10,212405,deslig,16500.0,28
2024,10,212405,deslig,17000.0,22
2024,10,212405,deslig,17500.0,16
2024,10,212405,deslig,18000.0,12
2024,10,212405,deslig,18500.0,10
2024,10,212405,deslig,19000.0,7
2024,10,212405,deslig,19500.0,10
2024,10,212405,deslig,20000.0,9
2024,10,212405,deslig,20500.0,3
2024,10,212405,deslig,21000.0,7
2024,10,212405,deslig,21500.0,4
2024,10,212405,deslig,22500.0,1
2024,10,212405,deslig,23000.0,5
2024,10,212405,deslig,25000.0,3
2024,10,212405,deslig,26000.0,1
2024,10,212405,deslig,26500.0,1
2024,10,212405,deslig,27000.0,1
2024,10,212405,deslig,27500.0,1
2024,10,212405,deslig,28000.0,1
2024,10,212405,deslig,29500.0,1
2024,10,212405,deslig,30000.0,1
2024,10,212405,deslig,31000.0,1
2024,10,212405,deslig,32500.0,1
2024,10,212405,deslig,35000.0,2
2024,10,212405,deslig,39500.0,1
2024,10,212405,deslig,45500.0,1
2024,10,212405,deslig,50000.0,2
2024,10,212410,adm,1000.0,1
2024,10,212410,adm,1500.0,35
2024,10,212410,adm,2000.0,64
2024,10,212410,adm,2500.0,30
2024,10,212410,adm,3000.0,51
2024,10,212410,adm,3500.0,29
2024,10,212410,adm,4000.0,35
2024,10,212410,adm,4500.0,29
2024,10,212410,adm,5000.0,13
2024,10,212410,adm,5500.0,18
2024,10,212410,adm,6000.0,30
2024,10,212410,adm,6500.0,10
2024,10,212410,adm,7000.0,12
2024,10,212410,adm,7500.0,17
2024,10,212410,adm,8000.0,12
2024,10,212410,adm,8500.0,8
2024,10,212410,adm,9000.0,8
2024,10,212410,adm,9500.0,3
2024,10,212410,adm,10000.0,14
2024,10,212410,adm,10500.0,2
2024,10,212410,adm,11000.0,5
2024,10,212410,adm,11500.0,3
2024,10,212410,adm,12000.0,5
2024,10,212410,adm,12500.0,4
2024,10,212410,adm,13000.0,2
2024,10,212410,adm,13500.0,2
2024,10,212410,adm,14000.0,9
2024,10,212410,adm,14500.0,1
2024,10,212410,adm,15000.0,5
2024,10,212410,adm,15500.0,1
2024,10,212410,adm,16000.0,2
2024,10,212410,adm,16500.0,1
2024,10,212410,adm,17000.0,2
2024,10,212410,adm,17500.0,1
2024,10,212410,adm,19000.0,2
2024,10,212410,adm,20000.0,2
2024,10,212410,adm,21500.0,1
2024,10,212410,adm,25000.0,1
2024,10,212410,adm,27000.0,1
2024,10,212410,adm,50000.0,1
2024,10,212410,deslig,1000.0,2
2024,10,212410,deslig,1500.0,19
2024,10,212410,deslig,2000.0,53
2024,10,212410,deslig,2500.0,50
2024,10,212410,deslig,3000.0,45
2024,10,212410,deslig,3500.0,33
2024,10,212410,deslig,4000.0,33
2024,10,212410,deslig,4500.0,27
2024,10,212410,deslig,5000.0,42
2024,10,212410,deslig,5500.0,34
2024,10,212410,deslig,6000.0,26
2024,10,212410,deslig,6500.0,18
2024,10,212410,deslig,7000.0,12
2024,10,212410,deslig,7500.0,11
2024,10,212410,deslig,8000.0,18
2024,10,212410,deslig,8500.0,5
2024,10,212410,deslig,9000.0,15
2024,10,212410,deslig,9500.0,8
2024,10,212410,deslig,10000.0,9
2024,10,212410,deslig,10500.0,7
2024,10,212410,deslig,11000.0,7
2024,10,212410,deslig,11500.0,6
2024,10,212410,deslig,12000.0,5
2024,10,212410,deslig,12500.0,5
2024,10,212410,deslig,13000.0,5
2024,10,212410,deslig,13500.0,4
2024,10,212410,deslig,14000.0,6
2024,10,212410,deslig,14500.0,3
2024,10,212410,deslig,15000.0,2
2024,10,212410,deslig,15500.0,1
2024,10,212410,deslig,16000.0,1
2024,10,212410,deslig,16500.0,1
2024,10,212410,deslig,17000.0,3
2024,10,212410,deslig,17500.0,1
2024,10,212410,deslig,18000.0,3
2024,10,212410,deslig,18500.0,1
2024,10,212410,deslig,20000.0,6
2024,10,212410,deslig,21000.0,1
2024,10,212410,deslig,21500.0,1
2024,10,212410,deslig,22000.0,3
2024,10,212410,deslig,29000.0,1
2024,10,212410,deslig,50000.0,1
2024,10,212425,adm,2000.0,1
2024,10,212425,adm,2500.0,1
2024,10,212425,adm,3000.0,1
2024,10,212425,adm,4500.0,1
2024,10,212425,adm,5000.0,2
2024,10,212425,adm,5500.0,2
2024,10,212425,adm,7000.0,1
2024,10,212425,adm,8000.0,1
2024,10,212425,adm,9500.0,3
2024,10,212425,adm,10000.0,4
2024,10,212425,adm,10500.0,1
2024,10,212425,adm,11000.0,1
2024,10,212425,adm,11500.0,1
2024,10,212425,adm,12000.0,6
2024,10,212425,adm,12500.0,1
2024,10,212425,adm,13000.0,3
2024,10,212425,adm,14000.0,2
2024,10,212425,adm,14500.0,5
2024,10,212425,adm,15000.0,8
2024,10,212425,adm,15500.0,2
2024,10,212425,adm,16000.0,4
2024,10,212425,adm,16500.0,1
2024,10,212425,adm,17000.0,7
2024,10,212425,adm,17500.0,3
2024,10,212425,adm,18000.0,4
2024,10,212425,adm,19000.0,1
2024,10,212425,adm,20000.0,8
2024,10,212425,adm,21000.0,2
2024,10,212425,adm,22000.0,2
2024,10,212425,adm,25000.0,1
2024,10,212425,adm,30000.0,4
2024,10,212425,adm,50000.0,2
2024,10,212425,deslig,1500.0,1
2024,10,212425,deslig,2500.0,1
2024,10,212425,deslig,3000.0,1
2024,10,212425,deslig,3500.0,1
2024,10,212425,deslig,4000.0,1
2024,10,212425,deslig,5000.0,1
2024,10,212425,deslig,5500.0,3
2024,10,212425,deslig,6500.0,1
2024,10,212425,deslig,7000.0,1
2024,10,212425,deslig,7500.0,3
2024,10,212425,deslig,8000.0,1
2024,10,212425,deslig,10000.0,5
2024,10,212425,deslig,10500.0,2
2024,10,212425,deslig,11000.0,4
2024,10,212425,deslig,11500.0,4
2024,10,212425,deslig,12000.0,2
2024,10,212425,deslig,12500.0,2
2024,10,212425,deslig,13000.0,3
2024,10,212425,deslig,13500.0,4
2024,10,212425,deslig,14000.0,1
2024,10,212425,deslig,14500.0,5
2024,10,212425,deslig,15000.0,5
2024,10,212425,deslig,16000.0,5
2024,10,212425,deslig,16500.0,2
2024,10,212425,deslig,17000.0,6
2024,10,212425,deslig,17500.0,4
2024,10,212425,deslig,18000.0,4
2024,10,212425,deslig,18500.0,2
2024,10,212425,deslig,19000.0,2
2024,10,212425,deslig,19500.0,2
2024,10,212425,deslig,20000.0,2
2024,10,212425,deslig,21000.0,4
2024,10,212425,deslig,21500.0,1
2024,10,212425,deslig,24000.0,1
2024,10,212425,deslig,26000.0,1
2024,11,203105,adm,3000.0,1
2024,11,203105,adm,4000.0,3
2024,11,203105,adm,5000.0,1
2024,11,203105,adm,5500.0,1
2024,11,203105,adm,6000.0,3
2024,11,203105,adm,6500.0,1
2024,11,203105,adm,7000.0,1
2024,11,203105,adm,7500.0,2
2024,11,203105,adm,8000.0,4
2024,11,203105,adm,8500.0,2
2024,11,203105,adm,9000.0,4
2024,11,203105,adm,10000.0,1
2024,11,203105,adm,10500.0,1
2024,11,203105,adm,11000.0,1
2024,11,203105,adm,12000.0,4
2024,11,203105,adm,12500.0,1
2024,11,203105,adm,13000.0,4
2024,11,203105,adm,13500.0,1
2024,11,203105,adm,14000.0,3
2024,11,203105,adm,15000.0,3
2024,11,203105,adm,17000.0,1
2024,11,203105,adm,21500.0,1
2024,11,203105,adm,22500.0,1
2024,11,203105,adm,25000.0,1
2024,11,203105,adm,50000.0,1
2024,11,203105,deslig,2500.0,1
2024,11,203105,deslig,4500.0,2
2024,11,203105,deslig,5000.0,2
2024,11,203105,deslig,5500.0,3
2024,11,203105,deslig,6000.0,1
2024,11,203105,deslig,7000.0,1
2024,11,203105,deslig,7500.0,3
2024,11,203105,deslig,8000.0,1
2024,11,203105,deslig,9000.0,3
2024,11,203105,deslig,9500.0,1
2024,11,203105,deslig,10000.0,1
2024,11,203105,deslig,11500.0,1
2024,11,203105,deslig,12000.0,1
2024,11,203105,deslig,12500.0,1
2024,11,203105,deslig,13000.0,1
2024,11,203105,deslig,15500.0,1
2024,11,203105,deslig,16000.0,1
2024,11,203105,deslig,16500.0,1
2024,11,203105,deslig,17000.0,1
2024,11,203105,deslig,20000.0,1
2024,11,203105,deslig,26500.0,1
2024,11,211205,adm,2500.0,1
2024,11,211205,adm,3000.0,1
2024,11,211205,adm,4000.0,5
2024,11,211205,adm,4500.0,2
2024,11,211205,adm,5000.0,2
2024,11,211205,adm,5500.0,5
2024,11,211205,adm,6000.0,1
2024,11,211205,adm,7000.0,3
2024,11,211205,adm,8000.0,2
2024,11,211205,adm,8500.0,1
2024,11,211205,adm,9500.0,1
2024,11,211205,adm,10500.0,1
2024,11,211205,adm,11500.0,1
2024,11,211205,adm,12000.0,1
2024,11,211205,adm,13000.0,1
2024,11,211205,adm,13500.0,1
2024,11,211205,adm,32000.0,1
2024,11,211205,deslig,3000.0,1
2024,11,211205,deslig,3500.0,1
2024,11,211205,deslig,4000.0,4
2024,11,211205,deslig,5500.0,2
2024,11,211205,deslig,6000.0,1
2024,11,211205,deslig,6500.0,4
2024,11,211205,deslig,7000.0,1
2024,11,211205,deslig,8000.0,2
2024,11,211205,deslig,8500.0,1
2024,11,211205,deslig,9000.0,1
2024,11,211205,deslig,9500.0,2
2024,11,211205,deslig,10000.0,1
2024,11,211205,deslig,11000.0,1
2024,11,211205,deslig,11500.0,1
2024,11,211205,deslig,13500.0,1
2024,11,211205,deslig,14000.0,1
2024,11,211205,deslig,16000.0,1
2024,11,211205,deslig,24500.0,1
2024,11,211210,adm,1500.0,1
2024,11,211210,adm,5000.0,1
2024,11,211210,adm,7500.0,1
2024,11,211210,adm,8000.0,1
2024,11,211210,adm,11000.0,1
2024,11,211210,adm,12000.0,1
2024,11,211210,adm,14000.0,1
2024,11,211210,adm,15000.0,1
2024,11,211210,adm,18000.0,1
2024,11,211210,deslig,0.0,1
2024,11,211210,deslig,4000.0,1
2024,11,211210,deslig,4500.0,1
2024,11,211210,deslig,12000.0,1
2024,11,211210,deslig,13500.0,1
2024,11,211215,deslig,10000.0,1
2024,11,211220,adm,2500.0,1
2024,11,211220,adm,3000.0,1
2024,11,211220,adm,3500.0,1
2024,11,211220,adm,4000.0,3
2024,11,211220,adm,5000.0,1
2024,11,211220,adm,5500.0,2
2024,11,211220,adm,6000.0,3
2024,11,211220,adm,7000.0,2
2024,11,211220,adm,7500.0,3
2024,11,211220,adm,8000.0,6
2024,11,211220,adm,8500.0,3
2024,11,211220,adm,9500.0,1
2024,11,211220,adm,10000.0,1
2024,11,211220,adm,10500.0,1
2024,11,211220,adm,12500.0,2
2024,11,211220,adm,13000.0,2
2024,11,211220,adm,15000.0,3
2024,11,211220,adm,16000.0,5
2024,11,211220,adm,17000.0,1
2024,11,211220,adm,20000.0,1
2024,11,211220,adm,22000.0,1
2024,11,211220,adm,23000.0,1
2024,11,211220,adm,27000.0,2
2024,11,211220,adm,32000.0,1
2024,11,211220,adm,35000.0,1
2024,11,211220,deslig,3000.0,2
2024,11,211220,deslig,4000.0,1
2024,11,211220,deslig,5500.0,2
2024,11,211220,deslig,6000.0,1
2024,11,211220,deslig,6500.0,1
2024,11,211220,deslig,7500.0,1
2024,11,211220,deslig,8000.0,3
2024,11,211220,deslig,8500.0,1
2024,11,211220,deslig,9000.0,1
2024,11,211220,deslig,13500.0,1
2024,11,211220,deslig,14000.0,1
2024,11,211220,deslig,14500.0,1
2024,11,211220,deslig,16500.0,1
2024,11,211220,deslig,18000.0,1
2024,11,211220,deslig,22000.0,1
2024,11,211220,deslig,24000.0,1
2024,11,212205,adm,0.0,1
2024,11,212205,adm,3000.0,3
2024,11,212205,adm,3500.0,1
2024,11,212205,adm,4000.0,6
2024,11,212205,adm,4500.0,4
2024,11,212205,adm,5000.0,2
2024,11,212205,adm,6000.0,4
2024,11,212205,adm,6500.0,4
2024,11,212205,adm,7000.0,5
2024,11,212205,adm,7500.0,4
2024,11,212205,adm,8000.0,9
2024,11,212205,adm,9000.0,3
2024,11,212205,adm,9500.0,1
2024,11,212205,adm,10000.0,9
2024,11,212205,adm,10500.0,2
2024,11,212205,adm,11000.0,2
2024,11,212205,adm,11500.0,1
2024,11,212205,adm,12000.0,6
2024,11,212205,adm,12500.0,10
2024,11,212205,adm,13000.0,2
2024,11,212205,adm,13500.0,10
2024,11,212205,adm,14000.0,7
2024,11,212205,adm,14500.0,3
2024,11,212205,adm,15000.0,8
2024,11,212205,adm,15500.0,1
2024,11,212205,adm,16000.0,6
2024,11,212205,adm,16500.0,1
2024,11,212205,adm,17000.0,2
2024,11,212205,adm,17500.0,6
2024,11,212205,adm,18000.0,1
2024,11,212205,adm,18500.0,1
2024,11,212205,adm,19000.0,2
2024,11,212205,adm,19500.0,4
2024,11,212205,adm,20000.0,6
2024,11,212205,adm,21000.0,2
2024,11,212205,adm,22000.0,2
2024,11,212205,adm,23000.0,2
2024,11,212205,adm,23500.0,2
2024,11,212205,adm,24000.0,3
2024,11,212205,adm,25000.0,2
2024,11,212205,adm,25500.0,1
2024,11,212205,adm,27000.0,1
2024,11,212205,adm,28500.0,1
2024,11,212205,adm,29500.0,1
2024,11,212205,adm,30000.0,2
2024,11,212205,adm,30500.0,1
2024,11,212205,adm,34000.0,1
2024,11,212205,adm,36500.0,2
2024,11,212205,adm,41000.0,2
2024,11,212205,adm,42000.0,1
2024,11,212205,adm,45000.0,2
2024,11,212205,adm,48500.0,1
2024,11,212205,adm,50000.0,2
2024,11,212205,deslig,0.0,1
2024,11,212205,deslig,2000.0,2
2024,11,212205,deslig,3000.0,3
2024,11,212205,deslig,4000.0,2
2024,11,212205,deslig,4500.0,1
2024,11,212205,deslig,5000.0,2
2024,11,212205,deslig,6000.0,2
2024,11,212205,deslig,6500.0,5
2024,11,212205,deslig,7000.0,1
2024,11,212205,deslig,7500.0,2
2024,11,212205,deslig,8000.0,5
2024,11,212205,deslig,8500.0,3
2024,11,212205,deslig,9000.0,1
2024,11,212205,deslig,9500.0,5
2024,11,212205,deslig,10000.0,3
2024,11,212205,deslig,10500.0,2
2024,11,212205,deslig,11000.0,4
2024,11,212205,deslig,11500.0,3
2024,11,212205,deslig,12000.0,2
2024,11,212205,deslig,12500.0,6
2024,11,212205,deslig,13000.0,4
2024,11,212205,deslig,13500.0,5
2024,11,212205,deslig,14000.0,2
2024,11,212205,deslig,14500.0,3
2024,11,212205,deslig,15000.0,1
2024,11,212205,deslig,15500.0,3
2024,11,212205,deslig,16500.0,1
2024,11,212205,deslig,17000.0,3
2024,11,212205,deslig,17500.0,3
2024,11,212205,deslig,18000.0,2
2024,11,212205,deslig,18500.0,1
2024,11,212205,deslig,19000.0,1
2024,11,212205,deslig,19500.0,2
2024,11,212205,deslig,20000.0,1
2024,11,212205,deslig,22000.0,2
2024,11,212205,deslig,22500.0,1
2024,11,212205,deslig,24000.0,1
2024,11,212205,deslig,25000.0,1
2024,11,212205,deslig,28500.0,1
2024,11,212205,deslig,30000.0,1
2024,11,212205,deslig,33500.0,1
2024,11,212205,deslig,46000.0,2
2024,11,212205,deslig,50000.0,2
2024,11,212210,adm,5000.0,2
2024,11,212210,adm,8000.0,1
2024,11,212210,adm,9000.0,1
2024,11,212210,adm,10000.0,1
2024,11,212210,adm,11000.0,1
2024,11,212210,adm,12000.0,2
2024,11,212210,adm,13000.0,1
2024,11,212210,adm,14000.0,1
2024,11,212210,adm,14500.0,2
2024,11,212210,adm,16000.0,1
2024,11,212210,adm,41000.0,1
2024,11,212210,deslig,7000.0,2
2024,11,212210,deslig,8500.0,1
2024,11,212210,deslig,11000.0,1
2024,11,212210,deslig,14500.0,1
2024,11,212210,deslig,17000.0,1
2024,11,212210,deslig,19500.0,1
2024,11,212210,deslig,20500.0,1
2024,11,212210,deslig,21000.0,2
2024,11,212210,deslig,21500.0,1
2024,11,212210,deslig,23000.0,1
2024,11,212210,deslig,24500.0,1
2024,11,212210,deslig,28000.0,1
2024,11,212215,adm,0.0,1
2024,11,212215,adm,2000.0,2
2024,11,212215,adm,2500.0,1
2024,11,212215,adm,3000.0,2
2024,11,212215,adm,3500.0,3
2024,11,212215,adm,4000.0,2
2024,11,212215,adm,5000.0,5
2024,11,212215,adm,5500.0,4
2024,11,212215,adm,6000.0,15
2024,11,212215,adm,6500.0,4
2024,11,212215,adm,7000.0,17
2024,11,212215,adm,7500.0,4
2024,11,212215,adm,8000.0,3
2024,11,212215,adm,8500.0,1
2024,11,212215,adm,9000.0,17
2024,11,212215,adm,9500.0,3
2024,11,212215,adm,10000.0,6
2024,11,212215,adm,10500.0,5
2024,11,212215,adm,11000.0,12
2024,11,212215,adm,11500.0,1
2024,11,212215,adm,12000.0,7
2024,11,212215,adm,12500.0,3
2024,11,212215,adm,13000.0,7
2024,11,212215,adm,13500.0,2
2024,11,212215,adm,14000.0,7
2024,11,212215,adm,14500.0,3
2024,11,212215,adm,15000.0,3
2024,11,212215,adm,15500.0,1
2024,11,212215,adm,16000.0,5
2024,11,212215,adm,16500.0,3
2024,11,212215,adm,17000.0,6
2024,11,212215,adm,18000.0,7
2024,11,212215,adm,18500.0,6
2024,11,212215,adm,19000.0,5
2024,11,212215,adm,19500.0,1
2024,11,212215,adm,20000.0,4
2024,11,212215,adm,20500.0,1
2024,11,212215,adm,21500.0,1
2024,11,212215,adm,22000.0,3
2024,11,212215,adm,22500.0,1
2024,11,212215,adm,23000.0,1
2024,11,212215,adm,24000.0,2
2024,11,212215,adm,25000.0,3
2024,11,212215,adm,25500.0,1
2024,11,212215,adm,26500.0,1
2024,11,212215,adm,27000.0,2
2024,11,212215,adm,28000.0,10
2024,11,212215,adm,28500.0,1
2024,11,212215,adm,29000.0,2
2024,11,212215,adm,30000.0,2
2024,11,212215,adm,30500.0,2
2024,11,212215,adm,32000.0,2
2024,11,212215,adm,34000.0,1
2024,11,212215,adm,38000.0,2
2024,11,212215,adm,42000.0,1
2024,11,212215,adm,47500.0,1
2024,11,212215,adm,50000.0,4
2024,11,212215,deslig,2000.0,6
2024,11,212215,deslig,3000.0,3
2024,11,212215,deslig,3500.0,1
2024,11,212215,deslig,4000.0,1
2024,11,212215,deslig,4500.0,5
2024,11,212215,deslig,5000.0,1
2024,11,212215,deslig,6000.0,3
2024,11,212215,deslig,6500.0,4
2024,11,212215,deslig,7000.0,4
2024,11,212215,deslig,7500.0,5
2024,11,212215,deslig,8000.0,5
2024,11,212215,deslig,8500.0,3
2024,11,212215,deslig,9000.0,9
2024,11,212215,deslig,9500.0,3
2024,11,212215,deslig,10000.0,6
2024,11,212215,deslig,10500.0,2
2024,11,212215,deslig,11000.0,4
2024,11,212215,deslig,11500.0,2
2024,11,212215,deslig,12000.0,3
2024,11,212215,deslig,12500.0,2
2024,11,212215,deslig,13000.0,5
2024,11,212215,deslig,13500.0,3
2024,11,212215,deslig,14000.0,3
2024,11,212215,deslig,14500.0,1
2024,11,212215,deslig,15000.0,3
2024,11,212215,deslig,15500.0,2
2024,11,212215,deslig,16000.0,1
2024,11,212215,deslig,16500.0,3
2024,11,212215,deslig,17000.0,5
2024,11,212215,deslig,17500.0,1
2024,11,212215,deslig,18000.0,5
2024,11,212215,deslig,19500.0,1
2024,11,212215,deslig,20000.0,3
2024,11,212215,deslig,20500.0,1
2024,11,212215,deslig,21500.0,2
2024,11,212215,deslig,22000.0,2
2024,11,212215,deslig,22500.0,3
2024,11,212215,deslig,23000.0,2
2024,11,212215,deslig,23500.0,2
2024,11,212215,deslig,24000.0,1
2024,11,212215,deslig,25000.0,2
2024,11,212215,deslig,25500.0,2
2024,11,212215,deslig,26000.0,2
2024,11,212215,deslig,26500.0,1
2024,11,212215,deslig,27500.0,2
2024,11,212215,deslig,28500.0,2
2024,11,212215,deslig,29000.0,1
2024,11,212215,deslig,29500.0,1
2024,11,212215,deslig,30000.0,1
2024,11,212215,deslig,30500.0,2
2024,11,212215,deslig,31500.0,1
2024,11,212215,deslig,33000.0,1
2024,11,212215,deslig,35000.0,2
2024,11,212215,deslig,35500.0,1
2024,11,212215,deslig,38500.0,4
2024,11,212215,deslig,41000.0,1
2024,11,212215,deslig,47000.0,1
2024,11,212215,deslig,47500.0,1
2024,11,212215,deslig,50000.0,5
2024,11,212305,adm,0.0,1
2024,11,212305,adm,1500.0,1
2024,11,212305,adm,2000.0,4
2024,11,212305,adm,2500.0,1
2024,11,212305,adm,3000.0,2
2024,11,212305,adm,3500.0,1
2024,11,212305,adm,4000.0,2
2024,11,212305,adm,4500.0,4
2024,11,212305,adm,5000.0,7
2024,11,212305,adm,5500.0,3
2024,11,212305,adm,6000.0,3
2024,11,212305,adm,6500.0,2
2024,11,212305,adm,7000.0,4
2024,11,212305,adm,7500.0,6
2024,11,212305,adm,8000.0,4
2024,11,212305,adm,8500.0,5
2024,11,212305,adm,9000.0,9
2024,11,212305,adm,9500.0,8
2024,11,212305,adm,10000.0,7
2024,11,212305,adm,10500.0,4
2024,11,212305,adm,11000.0,2
2024,11,212305,adm,11500.0,7
2024,11,212305,adm,12000.0,4
2024,11,212305,adm,12500.0,6
2024,11,212305,adm,13000.0,4
2024,11,212305,adm,13500.0,1
2024,11,212305,adm,14000.0,1
2024,11,212305,adm,14500.0,2
2024,11,212305,adm,15000.0,10
2024,11,212305,adm,15500.0,1
2024,11,212305,adm,16000.0,3
2024,11,212305,adm,16500.0,2
2024,11,212305,adm,17000.0,2
2024,11,212305,adm,18000.0,1
2024,11,212305,adm,19000.0,1
2024,11,212305,adm,20000.0,1
2024,11,212305,adm,22000.0,1
2024,11,212305,adm,28500.0,1
2024,11,212305,deslig,2500.0,3
2024,11,212305,deslig,3000.0,8
2024,11,212305,deslig,3500.0,3
2024,11,212305,deslig,4000.0,2
2024,11,212305,deslig,4500.0,2
2024,11,212305,deslig,5000.0,1
2024,11,212305,deslig,5500.0,3
2024,11,212305,deslig,6000.0,3
2024,11,212305,deslig,6500.0,5
2024,11,212305,deslig,7000.0,2
2024,11,212305,deslig,7500.0,5
2024,11,212305,deslig,8000.0,5
2024,11,212305,deslig,8500.0,5
2024,11,212305,deslig,9000.0,5
2024,11,212305,deslig,9500.0,1
2024,11,212305,deslig,10000.0,4
2024,11,212305,deslig,10500.0,2
2024,11,212305,deslig,11000.0,4
2024,11,212305,deslig,11500.0,2
2024,11,212305,deslig,12000.0,7
2024,11,212305,deslig,12500.0,2
2024,11,212305,deslig,13000.0,5
2024,11,212305,deslig,13500.0,1
2024,11,212305,deslig,14000.0,6
2024,11,212305,deslig,14500.0,2
2024,11,212305,deslig,15000.0,4
2024,11,212305,deslig,15500.0,1
2024,11,212305,deslig,16000.0,1
2024,11,212305,deslig,16500.0,1
2024,11,212305,deslig,17000.0,1
2024,11,212305,deslig,17500.0,1
2024,11,212305,deslig,18000.0,3
2024,11,212305,deslig,18500.0,1
2024,11,212305,deslig,19500.0,1
2024,11,212305,deslig,32500.0,1
2024,11,212405,adm,0.0,3
2024,11,212405,adm,1500.0,28
2024,11,212405,adm,2000.0,123
2024,11,212405,adm,2500.0,138
2024,11,212405,adm,3000.0,131
2024,11,212405,adm,3500.0,138
2024,11,212405,adm,4000.0,117
2024,11,212405,adm,4500.0,103
2024,11,212405,adm,5000.0,127
2024,11,212405,adm,5500.0,92
2024,11,212405,adm,6000.0,126
2024,11,212405,adm,6500.0,109
2024,11,212405,adm,7000.0,147
2024,11,212405,adm,7500.0,115
2024,11,212405,adm,8000.0,144
2024,11,212405,adm,8500.0,92
2024,11,212405,adm,9000.0,116
2024,11,212405,adm,9500.0,77
2024,11,212405,adm,10000.0,133
2024,11,212405,adm,10500.0,76
2024,11,212405,adm,11000.0,116
2024,11,212405,adm,11500.0,63
2024,11,212405,adm,12000.0,103
2024,11,212405,adm,12500.0,69
2024,11,212405,adm,13000.0,74
2024,11,212405,adm,13500.0,55
2024,11,212405,adm,14000.0,51
2024,11,212405,adm,14500.0,27
2024,11,212405,adm,15000.0,70
2024,11,212405,adm,15500.0,17
2024,11,212405,adm,16000.0,42
2024,11,212405,adm,16500.0,15
2024,11,212405,adm,17000.0,33
2024,11,212405,adm,17500.0,9
2024,11,212405,adm,18000.0,27
2024,11,212405,adm,18500.0,10
2024,11,212405,adm,19000.0,17
2024,11,212405,adm,19500.0,5
2024,11,212405,adm,20000.0,18
2024,11,212405,adm,20500.0,1
2024,11,212405,adm,21000.0,10
2024,11,212405,adm,21500.0,5
2024,11,212405,adm,22000.0,2
2024,11,212405,adm,22500.0,1
2024,11,212405,adm,23000.0,4
2024,11,212405,adm,23500.0,2
2024,11,212405,adm,24000.0,4
2024,11,212405,adm,25000.0,3
2024,11,212405,adm,25500.0,3
2024,11,212405,adm,26000.0,1
2024,11,212405,adm,28000.0,2
2024,11,212405,adm,28500.0,1
2024,11,212405,adm,30000.0,1
2024,11,212405,adm,30500.0,1
2024,11,212405,adm,32500.0,2
2024,11,212405,adm,33000.0,1
2024,11,212405,adm,34000.0,1
2024,11,212405,adm,35000.0,2
2024,11,212405,adm,38000.0,1
2024,11,212405,adm,40000.0,1
2024,11,212405,adm,50000.0,1
2024,11,212405,deslig,1000.0,4
2024,11,212405,deslig,1500.0,33
2024,11,212405,deslig,2000.0,108
2024,11,212405,deslig,2500.0,86
2024,11,212405,deslig,3000.0,105
2024,11,212405,deslig,3500.0,119
2024,11,212405,deslig,4000.0,110
2024,11,212405,deslig,4500.0,109
2024,11,212405,deslig,5000.0,102
2024,11,212405,deslig,5500.0,82
2024,11,212405,deslig,6000.0,123
2024,11,212405,deslig,6500.0,104
2024,11,212405,deslig,7000.0,106
2024,11,212405,deslig,7500.0,76
2024,11,212405,deslig,8000.0,116
2024,11,212405,deslig,8500.0,77
2024,11,212405,deslig,9000.0,85
2024,11,212405,deslig,9500.0,79
2024,11,212405,deslig,10000.0,103
2024,11,212405,deslig,10500.0,62
2024,11,212405,deslig,11000.0,59
2024,11,212405,deslig,11500.0,52
2024,11,212405,deslig,12000.0,68
2024,11,212405,deslig,12500.0,51
2024,11,212405,deslig,13000.0,55
2024,11,212405,deslig,13500.0,46
2024,11,212405,deslig,14000.0,49
2024,11,212405,deslig,14500.0,35
2024,11,212405,deslig,15000.0,42
2024,11,212405,deslig,15500.0,29
2024,11,212405,deslig,16000.0,33
2024,11,212405,deslig,16500.0,22
2024,11,212405,deslig,17000.0,18
2024,11,212405,deslig,17500.0,13
2024,11,212405,deslig,18000.0,14
2024,11,212405,deslig,18500.0,9
2024,11,212405,deslig,19000.0,9
2024,11,212405,deslig,19500.0,4
2024,11,212405,deslig,20000.0,6
2024,11,212405,deslig,20500.0,8
2024,11,212405,deslig,21000.0,6
2024,11,212405,deslig,21500.0,4
2024,11,212405,deslig,22000.0,3
2024,11,212405,deslig,22500.0,2
2024,11,212405,deslig,23000.0,2
2024,11,212405,deslig,23500.0,2
2024,11,212405,deslig,25000.0,2
2024,11,212405,deslig,25500.0,5
2024,11,212405,deslig,26000.0,2
2024,11,212405,deslig,26500.0,2
2024,11,212405,deslig,27000.0,1
2024,11,212405,deslig,28000.0,1
2024,11,212405,deslig,28500.0,1
2024,11,212405,deslig,29000.0,3
2024,11,212405,deslig,29500.0,1
2024,11,212405,deslig,30500.0,1
2024,11,212405,deslig,31500.0,1
2024,11,212405,deslig,37500.0,1
2024,11,212405,deslig,39000.0,1
2024,11,212405,deslig,41500.0,1
2024,11,212405,deslig,42000.0,1
2024,11,212405,deslig,44500.0,1
2024,11,212410,adm,1000.0,4
2024,11,212410,adm,1500.0,11
2024,11,212410,adm,2000.0,56
2024,11,212410,adm,2500.0,34
2024,11,212410,adm,3000.0,34
2024,11,212410,adm,3500.0,34
2024,11,212410,adm,4000.0,28
2024,11,212410,adm,4500.0,20
2024,11,212410,adm,5000.0,25
2024,11,212410,adm,5500.0,29
2024,11,212410,adm,6000.0,23
2024,11,212410,adm,6500.0,12
2024,11,212410,adm,7000.0,17
2024,11,212410,adm,7500.0,14
2024,11,212410,adm,8000.0,20
2024,11,212410,adm,8500.0,12
2024,11,212410,adm,9000.0,10
2024,11,212410,adm,9500.0,8
2024,11,212410,adm,10000.0,9
2024,11,212410,adm,10500.0,7
2024,11,212410,adm,11000.0,9
2024,11,212410,adm,11500.0,5
2024,11,212410,adm,12000.0,11
2024,11,212410,adm,12500.0,3
2024,11,212410,adm,13000.0,3
2024,11,212410,adm,14000.0,7
2024,11,212410,adm,14500.0,1
2024,11,212410,adm,15000.0,4
2024,11,212410,adm,15500.0,1
2024,11,212410,adm,16000.0,4
2024,11,212410,adm,16500.0,2
2024,11,212410,adm,17000.0,2
2024,11,212410,adm,18000.0,3
2024,11,212410,adm,19500.0,1
2024,11,212410,adm,20000.0,1
2024,11,212410,adm,21500.0,1
2024,11,212410,adm,22000.0,1
2024,11,212410,adm,24000.0,1
2024,11,212410,adm,27000.0,2
2024,11,212410,adm,28500.0,1
2024,11,212410,deslig,1000.0,4
2024,11,212410,deslig,1500.0,19
2024,11,212410,deslig,2000.0,41
2024,11,212410,deslig,2500.0,40
2024,11,212410,deslig,3000.0,46
2024,11,212410,deslig,3500.0,34
2024,11,212410,deslig,4000.0,43
2024,11,212410,deslig,4500.0,17
2024,11,212410,deslig,5000.0,27
2024,11,212410,deslig,5500.0,19
2024,11,212410,deslig,6000.0,29
2024,11,212410,deslig,6500.0,19
2024,11,212410,deslig,7000.0,19
2024,11,212410,deslig,7500.0,13
2024,11,212410,deslig,8000.0,11
2024,11,212410,deslig,8500.0,8
2024,11,212410,deslig,9000.0,13
2024,11,212410,deslig,9500.0,7
2024,11,212410,deslig,10000.0,5
2024,11,212410,deslig,10500.0,2
2024,11,212410,deslig,11000.0,5
2024,11,212410,deslig,11500.0,7
2024,11,212410,deslig,12000.0,6
2024,11,212410,deslig,12500.0,3
2024,11,212410,deslig,13000.0,3
2024,11,212410,deslig,13500.0,3
2024,11,212410,deslig,14000.0,5
2024,11,212410,deslig,14500.0,4
2024,11,212410,deslig,15000.0,3
2024,11,212410,deslig,15500.0,3
2024,11,212410,deslig,16000.0,3
2024,11,212410,deslig,17000.0,1
2024,11,212410,deslig,17500.0,1
2024,11,212410,deslig,18000.0,2
2024,11,212410,deslig,18500.0,1
2024,11,212410,deslig,19500.0,2
2024,11,212410,deslig,20000.0,1
2024,11,212410,deslig,20500.0,1
2024,11,212410,deslig,21000.0,1
2024,11,212410,deslig,26500.0,2
2024,11,212410,deslig,32500.0,1
2024,11,212410,deslig,35500.0,1
2024,11,212410,deslig,42500.0,1
2024,11,212425,adm,2500.0,2
2024,11,212425,adm,3000.0,1
2024,11,212425,adm,4500.0,3
2024,11,212425,adm,5500.0,1
2024,11,212425,adm,6000.0,1
2024,11,212425,adm,7000.0,4
2024,11,212425,adm,7500.0,2
2024,11,212425,adm,8000.0,1
2024,11,212425,adm,8500.0,2
2024,11,212425,adm,9000.0,2
2024,11,212425,adm,9500.0,5
2024,11,212425,adm,10000.0,3
2024,11,212425,adm,10500.0,2
2024,11,212425,adm,11000.0,1
2024,11,212425,adm,12000.0,6
2024,11,212425,adm,12500.0,1
2024,11,212425,adm,13000.0,4
2024,11,212425,adm,13500.0,1
2024,11,212425,adm,14500.0,3
2024,11,212425,adm,15000.0,5
2024,11,212425,adm,15500.0,1
2024,11,212425,adm,16000.0,4
2024,11,212425,adm,16500.0,2
2024,11,212425,adm,17000.0,9
2024,11,212425,adm,17500.0,3
2024,11,212425,adm,18000.0,6
2024,11,212425,adm,18500.0,1
2024,11,212425,adm,19000.0,2
2024,11,212425,adm,20000.0,5
2024,11,212425,adm,21000.0,3
2024,11,212425,adm,22500.0,1
2024,11,212425,adm,23000.0,3
2024,11,212425,adm,24500.0,1
2024,11,212425,adm,26000.0,1
2024,11,212425,adm,30000.0,2
2024,11,212425,adm,32000.0,1
2024,11,212425,adm,35000.0,1
2024,11,212425,adm,42500.0,1
2024,11,212425,adm,50000.0,1
2024,11,212425,deslig,2000.0,1
2024,11,212425,deslig,4000.0,1
2024,11,212425,deslig,4500.0,1
2024,11,212425,deslig,5000.0,1
2024,11,212425,deslig,6000.0,1
2024,11,212425,deslig,7500.0,2
2024,11,212425,deslig,8000.0,2
2024,11,212425,deslig,8500.0,2
2024,11,212425,deslig,9000.0,2
2024,11,212425,deslig,9500.0,5
2024,11,212425,deslig,10000.0,1
2024,11,212425,deslig,10500.0,2
2024,11,212425,deslig,11000.0,1
2024,11,212425,deslig,11500.0,1
2024,11,212425,deslig,12500.0,2
2024,11,212425,deslig,13000.0,1
2024,11,212425,deslig,13500.0,2
2024,11,212425,deslig,14000.0,6
2024,11,212425,deslig,14500.0,1
2024,11,212425,deslig,15000.0,3
2024,11,212425,deslig,15500.0,5
2024,11,212425,deslig,16000.0,4
2024,11,212425,deslig,16500.0,1
2024,11,212425,deslig,17000.0,4
2024,11,212425,deslig,17500.0,3
2024,11,212425,deslig,18000.0,1
2024,11,212425,deslig,19000.0,1
2024,11,212425,deslig,19500.0,2
2024,11,212425,deslig,20500.0,1
2024,11,212425,deslig,21000.0,1
2024,11,212425,deslig,22500.0,1
2024,11,212425,deslig,23000.0,1
2024,11,212425,deslig,23500.0,1
2024,11,212425,deslig,24500.0,1
2024,11,212425,deslig,25500.0,2
2024,11,212425,deslig,28000.0,1
2024,11,212425,deslig,35000.0,1
2024,12,203105,adm,2500.0,1
2024,12,203105,adm,4000.0,2
2024,12,203105,adm,4500.0,1
2024,12,203105,adm,5500.0,3
2024,12,203105,adm,6000.0,1
2024,12,203105,adm,6500.0,1
2024,12,203105,adm,7000.0,2
2024,12,203105,adm,8000.0,1
2024,12,203105,adm,9000.0,1
2024,12,203105,adm,10000.0,1
2024,12,203105,adm,13000.0,1
2024,12,203105,adm,15500.0,1
2024,12,203105,adm,16500.0,1
2024,12,203105,adm,17500.0,1
2024,12,203105,adm,40500.0,1
2024,12,203105,deslig,4000.0,3
2024,12,203105,deslig,4500.0,1
2024,12,203105,deslig,5000.0,2
2024,12,203105,deslig,5500.0,2
2024,12,203105,deslig,6500.0,1
2024,12,203105,deslig,7500.0,1
2024,12,203105,deslig,8000.0,2
2024,12,203105,deslig,9500.0,1
2024,12,203105,deslig,10000.0,1
2024,12,203105,deslig,10500.0,1
2024,12,203105,deslig,11000.0,2
2024,12,203105,deslig,12500.0,1
2024,12,203105,deslig,13500.0,1
2024,12,203105,deslig,14000.0,1
2024,12,203105,deslig,15000.0,2
2024,12,203105,deslig,15500.0,2
2024,12,203105,deslig,16000.0,1
2024,12,203105,deslig,17000.0,1
2024,12,203105,deslig,31500.0,1
2024,12,203105,deslig,45500.0,1
2024,12,211205,adm,1500.0,1
2024,12,211205,adm,2000.0,2
2024,12,211205,adm,3000.0,1
2024,12,211205,adm,4500.0,2
2024,12,211205,adm,5500.0,1
2024,12,211205,adm,7000.0,2
2024,12,211205,adm,8000.0,1
2024,12,211205,deslig,2000.0,2
2024,12,211205,deslig,2500.0,1
2024,12,211205,deslig,3500.0,1
2024,12,211205,deslig,4000.0,2
2024,12,211205,deslig,5000.0,2
2024,12,211205,deslig,5500.0,1
2024,12,211205,deslig,7000.0,1
2024,12,211205,deslig,7500.0,2
2024,12,211205,deslig,8500.0,1
2024,12,211205,deslig,9000.0,2
2024,12,211205,deslig,9500.0,2
2024,12,211205,deslig,10000.0,1
2024,12,211205,deslig,11000.0,1
2024,12,211205,deslig,11500.0,1
2024,12,211205,deslig,14000.0,1
2024,12,211205,deslig,15000.0,1
2024,12,211205,deslig,16500.0,1
2024,12,211205,deslig,17000.0,1
2024,12,211205,deslig,18500.0,1
2024,12,211205,deslig,38500.0,1
2024,12,211210,deslig,3500.0,1
2024,12,211210,deslig,4000.0,1
2024,12,211210,deslig,5500.0,1
2024,12,211210,deslig,8000.0,1
2024,12,211210,deslig,10000.0,1
2024,12,211210,deslig,12000.0,1
2024,12,211210,deslig,13500.0,2
2024,12,211215,deslig,4500.0,1
2024,12,211220,adm,2000.0,1
2024,12,211220,adm,2500.0,1
2024,12,211220,adm,3000.0,3
2024,12,211220,adm,4000.0,1
2024,12,211220,adm,5000.0,2
2024,12,211220,adm,5500.0,3
2024,12,211220,adm,6000.0,3
2024,12,211220,adm,8000.0,2
2024,12,211220,adm,8500.0,2
2024,12,211220,adm,9000.0,1
2024,12,211220,adm,9500.0,2
2024,12,211220,adm,10500.0,2
2024,12,211220,adm,11500.0,1
2024,12,211220,adm,12000.0,1
2024,12,211220,adm,13000.0,2
2024,12,211220,adm,13500.0,1
2024,12,211220,adm,15000.0,3
2024,12,211220,adm,17500.0,1
2024,12,211220,adm,18000.0,3
2024,12,211220,adm,18500.0,2
2024,12,211220,adm,19000.0,1
2024,12,211220,adm,25000.0,1
2024,12,211220,deslig,5000.0,1
2024,12,211220,deslig,5500.0,2
2024,12,211220,deslig,6000.0,2
2024,12,211220,deslig,7000.0,1
2024,12,211220,deslig,7500.0,2
2024,12,211220,deslig,8000.0,3
2024,12,211220,deslig,10500.0,2
2024,12,211220,deslig,11000.0,2
2024,12,211220,deslig,11500.0,1
2024,12,211220,deslig,12000.0,2
2024,12,211220,deslig,13500.0,1
2024,12,211220,deslig,15000.0,2
2024,12,211220,deslig,15500.0,1
2024,12,211220,deslig,16000.0,1
2024,12,211220,deslig,16500.0,1
2024,12,211220,deslig,18500.0,1
2024,12,211220,deslig,25500.0,1
2024,12,212205,adm,2000.0,7
2024,12,212205,adm,4000.0,1
2024,12,212205,adm,4500.0,2
2024,12,212205,adm,5000.0,3
2024,12,212205,adm,6000.0,3
2024,12,212205,adm,6500.0,2
2024,12,212205,adm,7000.0,2
2024,12,212205,adm,7500.0,1
2024,12,212205,adm,8000.0,7
2024,12,212205,adm,8500.0,1
2024,12,212205,adm,9000.0,4
2024,12,212205,adm,9500.0,3
2024,12,212205,adm,10000.0,4
2024,12,212205,adm,10500.0,3
2024,12,212205,adm,11000.0,3
2024,12,212205,adm,11500.0,1
2024,12,212205,adm,12000.0,6
2024,12,212205,adm,12500.0,16
2024,12,212205,adm,13000.0,4
2024,12,212205,adm,14000.0,6
2024,12,212205,adm,14500.0,2
2024,12,212205,adm,15000.0,12
2024,12,212205,adm,15500.0,4
2024,12,212205,adm,16000.0,5
2024,12,212205,adm,16500.0,3
2024,12,212205,adm,17000.0,2
2024,12,212205,adm,17500.0,2
2024,12,212205,adm,18000.0,4
2024,12,212205,adm,19000.0,3
2024,12,212205,adm,19500.0,4
2024,12,212205,adm,20000.0,8
2024,12,212205,adm,20500.0,3
2024,12,212205,adm,21000.0,1
2024,12,212205,adm,22000.0,2
2024,12,212205,adm,24000.0,7
2024,12,212205,adm,25000.0,3
2024,12,212205,adm,25500.0,1
2024,12,212205,adm,26000.0,1
2024,12,212205,adm,26500.0,4
2024,12,212205,adm,28000.0,1
2024,12,212205,adm,29000.0,1
2024,12,212205,adm,29500.0,1
2024,12,212205,adm,31000.0,1
2024,12,212205,adm,35000.0,1
2024,12,212205,adm,38000.0,1
2024,12,212205,adm,39500.0,1
2024,12,212205,adm,45000.0,2
2024,12,212205,adm,50000.0,2
2024,12,212205,deslig,2000.0,3
2024,12,212205,deslig,2500.0,1
2024,12,212205,deslig,3000.0,3
2024,12,212205,deslig,3500.0,2
2024,12,212205,deslig,4000.0,2
2024,12,212205,deslig,4500.0,3
2024,12,212205,deslig,5000.0,1
2024,12,212205,deslig,5500.0,2
2024,12,212205,deslig,6500.0,4
2024,12,212205,deslig,7000.0,2
2024,12,212205,deslig,8500.0,2
2024,12,212205,deslig,9000.0,4
2024,12,212205,deslig,9500.0,1
2024,12,212205,deslig,10000.0,1
2024,12,212205,deslig,10500.0,1
2024,12,212205,deslig,11000.0,2
2024,12,212205,deslig,12500.0,5
2024,12,212205,deslig,13000.0,1
2024,12,212205,deslig,13500.0,4
2024,12,212205,deslig,14000.0,4
2024,12,212205,deslig,14500.0,2
2024,12,212205,deslig,15000.0,2
2024,12,212205,deslig,15500.0,3
2024,12,212205,deslig,16000.0,4
2024,12,212205,deslig,16500.0,3
2024,12,212205,deslig,17000.0,4
2024,12,212205,deslig,18000.0,1
2024,12,212205,deslig,18500.0,2
2024,12,212205,deslig,19000.0,2
2024,12,212205,deslig,19500.0,1
2024,12,212205,deslig,20000.0,6
2024,12,212205,deslig,20500.0,1
2024,12,212205,deslig,21000.0,1
2024,12,212205,deslig,21500.0,1
2024,12,212205,deslig,22500.0,1
2024,12,212205,deslig,23000.0,3
2024,12,212205,deslig,23500.0,3
2024,12,212205,deslig,26000.0,1
2024,12,212205,deslig,28500.0,1
2024,12,212205,deslig,29000.0,1
2024,12,212205,deslig,29500.0,2
2024,12,212205,deslig,31000.0,1
2024,12,212205,deslig,32000.0,2
2024,12,212205,deslig,37000.0,1
2024,12,212205,deslig,45000.0,1
2024,12,212205,deslig,50000.0,1
2024,12,212210,adm,10500.0,1
2024,12,212210,adm,11000.0,1
2024,12,212210,deslig,5500.0,1
2024,12,212210,deslig,7000.0,1
2024,12,212210,deslig,12000.0,1
2024,12,212210,deslig,13500.0,1
2024,12,212210,deslig,23500.0,1
2024,12,212215,adm,1500.0,1
2024,12,212215,adm,2000.0,3
2024,12,212215,adm,3000.0,1
2024,12,212215,adm,4500.0,3
2024,12,212215,adm,5000.0,2
2024,12,212215,adm,6000.0,3
2024,12,212215,adm,6500.0,4
2024,12,212215,adm,7000.0,2
2024,12,212215,adm,7500.0,2
2024,12,212215,adm,8000.0,3
2024,12,212215,adm,8500.0,1
2024,12,212215,adm,9000.0,2
2024,12,212215,adm,9500.0,3
2024,12,212215,adm,10000.0,6
2024,12,212215,adm,10500.0,1
2024,12,212215,adm,11000.0,5
2024,12,212215,adm,11500.0,3
2024,12,212215,adm,12000.0,2
2024,12,212215,adm,12500.0,4
2024,12,212215,adm,13000.0,3
2024,12,212215,adm,13500.0,3
2024,12,212215,adm,14000.0,3
2024,12,212215,adm,14500.0,1
2024,12,212215,adm,15000.0,6
2024,12,212215,adm,15500.0,1
2024,12,212215,adm,16000.0,5
2024,12,212215,adm,16500.0,2
2024,12,212215,adm,17000.0,5
2024,12,212215,adm,17500.0,2
2024,12,212215,adm,18000.0,4
2024,12,212215,adm,19000.0,2
2024,12,212215,adm,19500.0,2
2024,12,212215,adm,20000.0,5
2024,12,212215,adm,20500.0,1
2024,12,212215,adm,21500.0,1
2024,12,212215,adm,23000.0,1
2024,12,212215,adm,24000.0,3
2024,12,212215,adm,25000.0,2
2024,12,212215,adm,27000.0,1
2024,12,212215,adm,28000.0,2
2024,12,212215,adm,32000.0,3
2024,12,212215,adm,33000.0,1
2024,12,212215,adm,34000.0,1
2024,12,212215,adm,35000.0,1
2024,12,212215,adm,35500.0,1
2024,12,212215,adm,37000.0,1
2024,12,212215,adm,42000.0,1
2024,12,212215,adm,47000.0,1
2024,12,212215,adm,47500.0,1
2024,12,212215,adm,50000.0,1
2024,12,212215,deslig,2000.0,1
2024,12,212215,deslig,4000.0,5
2024,12,212215,deslig,4500.0,1
2024,12,212215,deslig,5000.0,5
2024,12,212215,deslig,5500.0,1
2024,12,212215,deslig,6000.0,6
2024,12,212215,deslig,6500.0,3
2024,12,212215,deslig,7000.0,2
2024,12,212215,deslig,7500.0,2
2024,12,212215,deslig,8000.0,4
2024,12,212215,deslig,9000.0,6
2024,12,212215,deslig,9500.0,6
2024,12,212215,deslig,10000.0,2
2024,12,212215,deslig,10500.0,5
2024,12,212215,deslig,11000.0,7
2024,12,212215,deslig,11500.0,2
2024,12,212215,deslig,12000.0,5
2024,12,212215,deslig,12500.0,7
2024,12,212215,deslig,13000.0,3
2024,12,212215,deslig,13500.0,7
2024,12,212215,deslig,14000.0,3
2024,12,212215,deslig,14500.0,6
2024,12,212215,deslig,15000.0,7
2024,12,212215,deslig,15500.0,5
2024,12,212215,deslig,16000.0,3
2024,12,212215,deslig,16500.0,2
2024,12,212215,deslig,17000.0,3
2024,12,212215,deslig,17500.0,2
2024,12,212215,deslig,18000.0,4
2024,12,212215,deslig,18500.0,4
2024,12,212215,deslig,19000.0,2
2024,12,212215,deslig,19500.0,1
2024,12,212215,deslig,20000.0,4
2024,12,212215,deslig,20500.0,1
2024,12,212215,deslig,22000.0,1
2024,12,212215,deslig,23000.0,3
2024,12,212215,deslig,23500.0,3
2024,12,212215,deslig,24500.0,1
2024,12,212215,deslig,25500.0,2
2024,12,212215,deslig,26500.0,1
2024,12,212215,deslig,28000.0,1
2024,12,212215,deslig,28500.0,1
2024,12,212215,deslig,29000.0,1
2024,12,212215,deslig,30500.0,1
2024,12,212215,deslig,32500.0,2
2024,12,212215,deslig,35500.0,1
2024,12,212215,deslig,37000.0,1
2024,12,212215,deslig,41000.0,1
2024,12,212215,deslig,43500.0,1
2024,12,212215,deslig,46000.0,2
2024,12,212215,deslig,48500.0,1
2024,12,212215,deslig,50000.0,2
2024,12,212305,adm,1500.0,3
2024,12,212305,adm,2000.0,1
2024,12,212305,adm,2500.0,4
2024,12,212305,adm,3000.0,1
2024,12,212305,adm,3500.0,2
2024,12,212305,adm,4000.0,5
2024,12,212305,adm,4500.0,1
2024,12,212305,adm,5000.0,3
2024,12,212305,adm,5500.0,1
2024,12,212305,adm,6000.0,4
2024,12,212305,adm,6500.0,2
2024,12,212305,adm,7000.0,4
2024,12,212305,adm,7500.0,4
2024,12,212305,adm,8000.0,3
2024,12,212305,adm,8500.0,2
2024,12,212305,adm,9000.0,1
2024,12,212305,adm,9500.0,4
2024,12,212305,adm,10000.0,3
2024,12,212305,adm,10500.0,6
2024,12,212305,adm,11000.0,1
2024,12,212305,adm,11500.0,1
2024,12,212305,adm,12000.0,5
2024,12,212305,adm,12500.0,2
2024,12,212305,adm,13000.0,1
2024,12,212305,adm,13500.0,4
2024,12,212305,adm,14000.0,2
2024,12,212305,adm,14500.0,3
2024,12,212305,adm,15000.0,2
2024,12,212305,adm,15500.0,2
2024,12,212305,adm,16500.0,2
2024,12,212305,adm,17000.0,2
2024,12,212305,adm,18000.0,2
2024,12,212305,adm,19000.0,1
2024,12,212305,adm,20500.0,1
2024,12,212305,adm,24500.0,1
2024,12,212305,adm,32000.0,1
2024,12,212305,adm,33000.0,1
2024,12,212305,adm,35000.0,1
2024,12,212305,adm,50000.0,1
2024,12,212305,deslig,1500.0,7
2024,12,212305,deslig,2000.0,1
2024,12,212305,deslig,2500.0,2
2024,12,212305,deslig,3000.0,7
2024,12,212305,deslig,3500.0,1
2024,12,212305,deslig,4000.0,4
2024,12,212305,deslig,4500.0,3
2024,12,212305,deslig,5000.0,4
2024,12,212305,deslig,5500.0,2
2024,12,212305,deslig,6000.0,2
2024,12,212305,deslig,6500.0,1
2024,12,212305,deslig,7000.0,3
2024,12,212305,deslig,8000.0,1
2024,12,212305,deslig,8500.0,1
2024,12,212305,deslig,9000.0,5
2024,12,212305,deslig,9500.0,2
2024,12,212305,deslig,10000.0,7
2024,12,212305,deslig,10500.0,2
2024,12,212305,deslig,11000.0,3
2024,12,212305,deslig,12000.0,4
2024,12,212305,deslig,12500.0,1
2024,12,212305,deslig,13000.0,2
2024,12,212305,deslig,13500.0,1
2024,12,212305,deslig,14000.0,2
2024,12,212305,deslig,14500.0,3
2024,12,212305,deslig,15000.0,1
2024,12,212305,deslig,15500.0,2
2024,12,212305,deslig,16500.0,1
2024,12,212305,deslig,17000.0,1
2024,12,212305,deslig,17500.0,2
2024,12,212305,deslig,18000.0,1
2024,12,212305,deslig,20000.0,1
2024,12,212305,deslig,20500.0,1
2024,12,212305,deslig,22000.0,1
2024,12,212305,deslig,22500.0,2
2024,12,212405,adm,1000.0,3
2024,12,212405,adm,1500.0,28
2024,12,212405,adm,2000.0,120
2024,12,212405,adm,2500.0,91
2024,12,212405,adm,3000.0,134
2024,12,212405,adm,3500.0,90
2024,12,212405,adm,4000.0,103
2024,12,212405,adm,4500.0,81
2024,12,212405,adm,5000.0,78
2024,12,212405,adm,5500.0,74
2024,12,212405,adm,6000.0,92
2024,12,212405,adm,6500.0,57
2024,12,212405,adm,7000.0,85
2024,12,212405,adm,7500.0,84
2024,12,212405,adm,8000.0,93
2024,12,212405,adm,8500.0,57
2024,12,212405,adm,9000.0,97
2024,12,212405,adm,9500.0,61
2024,12,212405,adm,10000.0,86
2024,12,212405,adm,10500.0,50
2024,12,212405,adm,11000.0,62
2024,12,212405,adm,11500.0,26
2024,12,212405,adm,12000.0,88
2024,12,212405,adm,12500.0,39
2024,12,212405,adm,13000.0,57
2024,12,212405,adm,13500.0,44
2024,12,212405,adm,14000.0,32
2024,12,212405,adm,14500.0,19
2024,12,212405,adm,15000.0,51
2024,12,212405,adm,15500.0,17
2024,12,212405,adm,16000.0,28
2024,12,212405,adm,16500.0,16
2024,12,212405,adm,17000.0,25
2024,12,212405,adm,17500.0,8
2024,12,212405,adm,18000.0,19
2024,12,212405,adm,18500.0,8
2024,12,212405,adm,19000.0,7
2024,12,212405,adm,19500.0,9
2024,12,212405,adm,20000.0,16
2024,12,212405,adm,20500.0,2
2024,12,212405,adm,21000.0,3
2024,12,212405,adm,22000.0,4
2024,12,212405,adm,22500.0,4
2024,12,212405,adm,23000.0,6
2024,12,212405,adm,23500.0,1
2024,12,212405,adm,24000.0,4
2024,12,212405,adm,24500.0,1
2024,12,212405,adm,25000.0,4
2024,12,212405,adm,25500.0,1
2024,12,212405,adm,26500.0,1
2024,12,212405,adm,27000.0,1
2024,12,212405,adm,28000.0,4
2024,12,212405,adm,29000.0,1
2024,12,212405,adm,29500.0,2
2024,12,212405,adm,30000.0,1
2024,12,212405,adm,30500.0,1
2024,12,212405,adm,32000.0,1
2024,12,212405,adm,32500.0,1
2024,12,212405,adm,33000.0,4
2024,12,212405,adm,34000.0,1
2024,12,212405,adm,34500.0,1
2024,12,212405,adm,35000.0,1
2024,12,212405,adm,40000.0,1
2024,12,212405,adm,45500.0,1
2024,12,212405,adm,50000.0,2
2024,12,212405,deslig,1500.0,21
2024,12,212405,deslig,2000.0,95
2024,12,212405,deslig,2500.0,85
2024,12,212405,deslig,3000.0,97
2024,12,212405,deslig,3500.0,94
2024,12,212405,deslig,4000.0,90
2024,12,212405,deslig,4500.0,91
2024,12,212405,deslig,5000.0,88
2024,12,212405,deslig,5500.0,69
2024,12,212405,deslig,6000.0,95
2024,12,212405,deslig,6500.0,86
2024,12,212405,deslig,7000.0,88
2024,12,212405,deslig,7500.0,72
2024,12,212405,deslig,8000.0,81
2024,12,212405,deslig,8500.0,73
2024,12,212405,deslig,9000.0,80
2024,12,212405,deslig,9500.0,59
2024,12,212405,deslig,10000.0,92
2024,12,212405,deslig,10500.0,43
2024,12,212405,deslig,11000.0,58
2024,12,212405,deslig,11500.0,43
2024,12,212405,deslig,12000.0,60
2024,12,212405,deslig,12500.0,51
2024,12,212405,deslig,13000.0,54
2024,12,212405,deslig,13500.0,33
2024,12,212405,deslig,14000.0,41
2024,12,212405,deslig,14500.0,23
2024,12,212405,deslig,15000.0,34
2024,12,212405,deslig,15500.0,25
2024,12,212405,deslig,16000.0,21
2024,12,212405,deslig,16500.0,15
2024,12,212405,deslig,17000.0,18
2024,12,212405,deslig,17500.0,16
2024,12,212405,deslig,18000.0,14
2024,12,212405,deslig,18500.0,8
2024,12,212405,deslig,19000.0,6
2024,12,212405,deslig,19500.0,10
2024,12,212405,deslig,20000.0,8
2024,12,212405,deslig,20500.0,8
2024,12,212405,deslig,21000.0,4
2024,12,212405,deslig,21500.0,5
2024,12,212405,deslig,22000.0,3
2024,12,212405,deslig,22500.0,1
2024,12,212405,deslig,23000.0,7
2024,12,212405,deslig,23500.0,2
2024,12,212405,deslig,24000.0,4
2024,12,212405,deslig,25000.0,1
2024,12,212405,deslig,25500.0,1
2024,12,212405,deslig,26000.0,2
2024,12,212405,deslig,26500.0,1
2024,12,212405,deslig,28000.0,4
2024,12,212405,deslig,29000.0,1
2024,12,212405,deslig,30000.0,1
2024,12,212405,deslig,30500.0,1
2024,12,212405,deslig,31500.0,1
2024,12,212405,deslig,35000.0,1
2024,12,212405,deslig,37000.0,1
2024,12,212405,deslig,39000.0,1
2024,12,212405,deslig,40500.0,1
2024,12,212405,deslig,41500.0,1
2024,12,212405,deslig,42000.0,1
2024,12,212405,deslig,43000.0,1
2024,12,212405,deslig,43500.0,1
2024,12,212405,deslig,44000.0,1
2024,12,212405,deslig,50000.0,1
2024,12,212410,adm,0.0,1
2024,12,212410,adm,1000.0,1
2024,12,212410,adm,1500.0,8
2024,12,212410,adm,2000.0,33
2024,12,212410,adm,2500.0,21
2024,12,212410,adm,3000.0,37
2024,12,212410,adm,3500.0,17
2024,12,212410,adm,4000.0,19
2024,12,212410,adm,4500.0,25
2024,12,212410,adm,5000.0,17
2024,12,212410,adm,5500.0,10
2024,12,212410,adm,6000.0,17
2024,12,212410,adm,6500.0,15
2024,12,212410,adm,7000.0,15
2024,12,212410,adm,7500.0,7
2024,12,212410,adm,8000.0,12
2024,12,212410,adm,8500.0,13
2024,12,212410,adm,9000.0,17
2024,12,212410,adm,9500.0,4
2024,12,212410,adm,10000.0,6
2024,12,212410,adm,10500.0,5
2024,12,212410,adm,11000.0,7
2024,12,212410,adm,12000.0,8
2024,12,212410,adm,12500.0,4
2024,12,212410,adm,13000.0,3
2024,12,212410,adm,13500.0,4
2024,12,212410,adm,14000.0,4
2024,12,212410,adm,14500.0,5
2024,12,212410,adm,15000.0,9
2024,12,212410,adm,15500.0,1
2024,12,212410,adm,16000.0,2
2024,12,212410,adm,16500.0,1
2024,12,212410,adm,17000.0,4
2024,12,212410,adm,18000.0,1
2024,12,212410,adm,18500.0,2
2024,12,212410,adm,19500.0,1
2024,12,212410,adm,20000.0,1
2024,12,212410,adm,24500.0,1
2024,12,212410,adm,27000.0,2
2024,12,212410,adm,32000.0,1
2024,12,212410,adm,50000.0,1
2024,12,212410,deslig,1000.0,1
2024,12,212410,deslig,1500.0,22
2024,12,212410,deslig,2000.0,37
2024,12,212410,deslig,2500.0,32
2024,12,212410,deslig,3000.0,27
2024,12,212410,deslig,3500.0,25
2024,12,212410,deslig,4000.0,36
2024,12,212410,deslig,4500.0,14
2024,12,212410,deslig,5000.0,21
2024,12,212410,deslig,5500.0,14
2024,12,212410,deslig,6000.0,18
2024,12,212410,deslig,6500.0,11
2024,12,212410,deslig,7000.0,15
2024,12,212410,deslig,7500.0,7
2024,12,212410,deslig,8000.0,11
2024,12,212410,deslig,8500.0,11
2024,12,212410,deslig,9000.0,12
2024,12,212410,deslig,9500.0,5
2024,12,212410,deslig,10000.0,13
2024,12,212410,deslig,10500.0,4
2024,12,212410,deslig,11000.0,3
2024,12,212410,deslig,11500.0,6
2024,12,212410,deslig,12000.0,1
2024,12,212410,deslig,12500.0,6
2024,12,212410,deslig,13000.0,3
2024,12,212410,deslig,13500.0,4
2024,12,212410,deslig,14000.0,2
2024,12,212410,deslig,14500.0,3
2024,12,212410,deslig,15000.0,2
2024,12,212410,deslig,15500.0,2
2024,12,212410,deslig,16000.0,4
2024,12,212410,deslig,16500.0,1
2024,12,212410,deslig,17000.0,2
2024,12,212410,deslig,17500.0,2
2024,12,212410,deslig,19000.0,1
2024,12,212410,deslig,19500.0,1
2024,12,212410,deslig,21000.0,1
2024,12,212410,deslig,25000.0,1
2024,12,212410,deslig,25500.0,1
2024,12,212425,adm,2000.0,1
2024,12,212425,adm,4000.0,1
2024,12,212425,adm,5000.0,1
2024,12,212425,adm,7000.0,1
2024,12,212425,adm,7500.0,1
2024,12,212425,adm,9500.0,3
2024,12,212425,adm,10000.0,1
2024,12,212425,adm,10500.0,1
2024,12,212425,adm,11000.0,1
2024,12,212425,adm,12000.0,4
2024,12,212425,adm,12500.0,1
2024,12,212425,adm,13000.0,2
2024,12,212425,adm,13500.0,1
2024,12,212425,adm,14000.0,4
2024,12,212425,adm,15000.0,6
2024,12,212425,adm,15500.0,1
2024,12,212425,adm,16000.0,4
2024,12,212425,adm,17000.0,2
2024,12,212425,adm,17500.0,2
2024,12,212425,adm,18000.0,2
2024,12,212425,adm,19000.0,2
2024,12,212425,adm,20000.0,2
2024,12,212425,adm,20500.0,1
2024,12,212425,adm,21000.0,2
2024,12,212425,adm,21500.0,1
2024,12,212425,adm,23000.0,1
2024,12,212425,adm,25000.0,2
2024,12,212425,adm,27500.0,1
2024,12,212425,adm,30000.0,1
2024,12,212425,adm,33000.0,1
2024,12,212425,adm,33500.0,1
2024,12,212425,adm,35000.0,2
2024,12,212425,adm,36000.0,1
2024,12,212425,adm,50000.0,2
2024,12,212425,deslig,3000.0,2
2024,12,212425,deslig,3500.0,2
2024,12,212425,deslig,4500.0,1
2024,12,212425,deslig,5000.0,1
2024,12,212425,deslig,5500.0,1
2024,12,212425,deslig,7000.0,1
2024,12,212425,deslig,7500.0,2
2024,12,212425,deslig,8000.0,1
2024,12,212425,deslig,8500.0,1
2024,12,212425,deslig,9500.0,3
2024,12,212425,deslig,10500.0,1
2024,12,212425,deslig,11500.0,1
2024,12,212425,deslig,12000.0,3
2024,12,212425,deslig,12500.0,1
2024,12,212425,deslig,13000.0,3
2024,12,212425,deslig,13500.0,1
2024,12,212425,deslig,14000.0,3
2024,12,212425,deslig,14500.0,2
2024,12,212425,deslig,15000.0,6
2024,12,212425,deslig,15500.0,1
2024,12,212425,deslig,16000.0,1
2024,12,212425,deslig,16500.0,2
2024,12,212425,deslig,17000.0,3
2024,12,212425,deslig,17500.0,2
2024,12,212425,deslig,18000.0,3
2024,12,212425,deslig,19000.0,1
2024,12,212425,deslig,19500.0,1
2024,12,212425,deslig,20500.0,1
2024,12,212425,deslig,21000.0,2
2024,12,212425,deslig,21500.0,1
2024,12,212425,deslig,22000.0,1
2024,12,212425,deslig,23000.0,2
2024,12,212425,deslig,23500.0,1
2024,12,212425,deslig,24000.0,1
2024,12,212425,deslig,29500.0,1
2024,12,212425,deslig,31000.0,1
2024,12,212425,deslig,33000.0,1
2024,12,212425,deslig,34500.0,1
2024,12,212425,deslig,37000.0,1
2024,12,212425,deslig,45500.0,1
2025,1,203105,adm,3000.0,3
2025,1,203105,adm,4000.0,6
2025,1,203105,adm,4500.0,1
2025,1,203105,adm,5000.0,1
2025,1,203105,adm,7000.0,3
2025,1,203105,adm,7500.0,1
2025,1,203105,adm,8000.0,4
2025,1,203105,adm,8500.0,1
2025,1,203105,adm,9000.0,1
2025,1,203105,adm,10000.0,3
2025,1,203105,adm,10500.0,2
2025,1,203105,adm,11000.0,3
2025,1,203105,adm,11500.0,1
2025,1,203105,adm,12000.0,1
2025,1,203105,adm,13000.0,3
2025,1,203105,adm,13500.0,1
2025,1,203105,adm,14500.0,1
2025,1,203105,adm,15500.0,1
2025,1,203105,adm,16000.0,1
2025,1,203105,adm,18000.0,2
2025,1,203105,adm,20000.0,1
2025,1,203105,adm,47000.0,1
2025,1,203105,adm,50000.0,1
2025,1,203105,deslig,0.0,1
2025,1,203105,deslig,2500.0,1
2025,1,203105,deslig,5000.0,2
2025,1,203105,deslig,5500.0,1
2025,1,203105,deslig,6000.0,2
2025,1,203105,deslig,6500.0,1
2025,1,203105,deslig,8000.0,1
2025,1,203105,deslig,8500.0,2
2025,1,203105,deslig,9500.0,1
2025,1,203105,deslig,10000.0,4
2025,1,203105,deslig,10500.0,1
2025,1,203105,deslig,11000.0,1
2025,1,203105,deslig,13000.0,1
2025,1,203105,deslig,14000.0,1
2025,1,203105,deslig,15500.0,1
2025,1,203105,deslig,17000.0,1
2025,1,203105,deslig,18000.0,1
2025,1,203105,deslig,20000.0,1
2025,1,211205,adm,1500.0,1
2025,1,211205,adm,2000.0,3
2025,1,211205,adm,3000.0,2
2025,1,211205,adm,3500.0,1
2025,1,211205,adm,4000.0,1
2025,1,211205,adm,4500.0,2
2025,1,211205,adm,5000.0,4
2025,1,211205,adm,5500.0,1
2025,1,211205,adm,6000.0,3
2025,1,211205,adm,6500.0,2
2025,1,211205,adm,7000.0,2
2025,1,211205,adm,7500.0,3
2025,1,211205,adm,8000.0,3
2025,1,211205,adm,8500.0,1
2025,1,211205,adm,9000.0,1
2025,1,211205,adm,10500.0,1
2025,1,211205,adm,11000.0,1
2025,1,211205,adm,11500.0,1
2025,1,211205,adm,13000.0,1
2025,1,211205,adm,13500.0,1
2025,1,211205,adm,14500.0,1
2025,1,211205,adm,16000.0,1
2025,1,211205,adm,16500.0,1
2025,1,211205,adm,20000.0,1
2025,1,211205,adm,20500.0,1
2025,1,211205,deslig,2000.0,1
2025,1,211205,deslig,2500.0,1
2025,1,211205,deslig,3000.0,1
2025,1,211205,deslig,4000.0,2
2025,1,211205,deslig,5000.0,2
2025,1,211205,deslig,5500.0,2
2025,1,211205,deslig,6000.0,3
2025,1,211205,deslig,6500.0,1
2025,1,211205,deslig,7000.0,1
2025,1,211205,deslig,8000.0,3
2025,1,211205,deslig,8500.0,1
2025,1,211205,deslig,9000.0,2
2025,1,211205,deslig,9500.0,1
2025,1,211205,deslig,10000.0,1
2025,1,211205,deslig,10500.0,1
2025,1,211205,deslig,11500.0,1
2025,1,211205,deslig,12000.0,1
2025,1,211205,deslig,12500.0,1
2025,1,211205,deslig,13500.0,1
2025,1,211205,deslig,15000.0,1
2025,1,211205,deslig,15500.0,1
2025,1,211205,deslig,25000.0,1
2025,1,211205,deslig,35500.0,1
2025,1,211210,adm,2500.0,1
2025,1,211210,adm,4500.0,1
2025,1,211210,adm,6000.0,1
2025,1,211210,adm,6500.0,1
2025,1,211210,adm,7000.0,1
2025,1,211210,adm,8000.0,1
2025,1,211210,adm,9500.0,1
2025,1,211210,adm,15000.0,1
2025,1,211210,deslig,0.0,1
2025,1,211210,deslig,4000.0,1
2025,1,211210,deslig,6000.0,1
2025,1,211210,deslig,10000.0,1
2025,1,211210,deslig,11500.0,1
2025,1,211210,deslig,12500.0,1
2025,1,211210,deslig,18500.0,1
2025,1,211215,adm,5500.0,1
2025,1,211215,adm,7000.0,2
2025,1,211215,adm,7500.0,1
2025,1,211215,deslig,13500.0,1
2025,1,211220,adm,2000.0,2
2025,1,211220,adm,2500.0,1
2025,1,211220,adm,3000.0,3
2025,1,211220,adm,4000.0,2
2025,1,211220,adm,5000.0,3
2025,1,211220,adm,5500.0,1
2025,1,211220,adm,6000.0,1
2025,1,211220,adm,6500.0,1
2025,1,211220,adm,7500.0,2
2025,1,211220,adm,8000.0,2
2025,1,211220,adm,8500.0,2
2025,1,211220,adm,9500.0,2
2025,1,211220,adm,10000.0,2
2025,1,211220,adm,10500.0,1
2025,1,211220,adm,13000.0,1
2025,1,211220,adm,14000.0,1
2025,1,211220,adm,14500.0,1
2025,1,211220,adm,15000.0,2
2025,1,211220,adm,16000.0,1
2025,1,211220,adm,17000.0,3
2025,1,211220,adm,18500.0,1
2025,1,211220,adm,21000.0,1
2025,1,211220,adm,25000.0,1
2025,1,211220,adm,30000.0,1
2025,1,211220,adm,31000.0,1
2025,1,211220,adm,50000.0,1
2025,1,211220,deslig,3500.0,1
2025,1,211220,deslig,6000.0,2
2025,1,211220,deslig,7000.0,2
2025,1,211220,deslig,8000.0,1
2025,1,211220,deslig,8500.0,3
2025,1,211220,deslig,9000.0,3
2025,1,211220,deslig,9500.0,2
2025,1,211220,deslig,10000.0,1
2025,1,211220,deslig,10500.0,1
2025,1,211220,deslig,11000.0,2
2025,1,211220,deslig,11500.0,1
2025,1,211220,deslig,12500.0,2
2025,1,211220,deslig,14000.0,2
2025,1,211220,deslig,15000.0,2
2025,1,211220,deslig,16500.0,1
2025,1,211220,deslig,17500.0,2
2025,1,211220,deslig,32000.0,1
2025,1,211220,deslig,50000.0,1
2025,1,212205,adm,1500.0,2
2025,1,212205,adm,2000.0,1
2025,1,212205,adm,2500.0,1
2025,1,212205,adm,3000.0,2
2025,1,212205,adm,4000.0,6
2025,1,212205,adm,4500.0,2
2025,1,212205,adm,5000.0,1
2025,1,212205,adm,5500.0,2
2025,1,212205,adm,6000.0,5
2025,1,212205,adm,7000.0,2
2025,1,212205,adm,7500.0,2
2025,1,212205,adm,8000.0,7
2025,1,212205,adm,8500.0,4
2025,1,212205,adm,9000.0,2
2025,1,212205,adm,9500.0,3
2025,1,212205,adm,10000.0,3
2025,1,212205,adm,10500.0,6
2025,1,212205,adm,11000.0,2
2025,1,212205,adm,11500.0,3
2025,1,212205,adm,12500.0,12
2025,1,212205,adm,13000.0,2
2025,1,212205,adm,13500.0,5
2025,1,212205,adm,14000.0,11
2025,1,212205,adm,14500.0,1
2025,1,212205,adm,15000.0,11
2025,1,212205,adm,15500.0,9
2025,1,212205,adm,16000.0,8
2025,1,212205,adm,16500.0,1
2025,1,212205,adm,17000.0,1
2025,1,212205,adm,17500.0,2
2025,1,212205,adm,18000.0,3
2025,1,212205,adm,19000.0,1
2025,1,212205,adm,19500.0,1
2025,1,212205,adm,20000.0,1
2025,1,212205,adm,20500.0,2
2025,1,212205,adm,21000.0,3
2025,1,212205,adm,22000.0,1
2025,1,212205,adm,23000.0,2
2025,1,212205,adm,23500.0,1
2025,1,212205,adm,24000.0,12
2025,1,212205,adm,24500.0,1
2025,1,212205,adm,25000.0,2
2025,1,212205,adm,25500.0,1
2025,1,212205,adm,26500.0,1
2025,1,212205,adm,27500.0,1
2025,1,212205,adm,28500.0,3
2025,1,212205,adm,29000.0,2
2025,1,212205,adm,30000.0,1
2025,1,212205,adm,32500.0,1
2025,1,212205,adm,33000.0,1
2025,1,212205,adm,34000.0,1
2025,1,212205,adm,36000.0,1
2025,1,212205,adm,36500.0,1
2025,1,212205,adm,38000.0,1
2025,1,212205,adm,39500.0,1
2025,1,212205,adm,42000.0,1
2025,1,212205,adm,43000.0,1
2025,1,212205,deslig,0.0,3
2025,1,212205,deslig,1500.0,1
2025,1,212205,deslig,3500.0,1
2025,1,212205,deslig,4000.0,3
2025,1,212205,deslig,4500.0,1
2025,1,212205,deslig,5000.0,2
2025,1,212205,deslig,5500.0,1
2025,1,212205,deslig,6000.0,4
2025,1,212205,deslig,6500.0,1
2025,1,212205,deslig,7000.0,1
2025,1,212205,deslig,7500.0,3
2025,1,212205,deslig,8000.0,2
2025,1,212205,deslig,9000.0,4
2025,1,212205,deslig,9500.0,4
2025,1,212205,deslig,10000.0,3
2025,1,212205,deslig,10500.0,1
2025,1,212205,deslig,11000.0,3
2025,1,212205,deslig,11500.0,2
2025,1,212205,deslig,12000.0,2
2025,1,212205,deslig,12500.0,2
2025,1,212205,deslig,13500.0,2
2025,1,212205,deslig,14000.0,8
2025,1,212205,deslig,14500.0,4
2025,1,212205,deslig,15000.0,4
2025,1,212205,deslig,16000.0,4
2025,1,212205,deslig,16500.0,2
2025,1,212205,deslig,17000.0,1
2025,1,212205,deslig,19000.0,1
2025,1,212205,deslig,19500.0,1
2025,1,212205,deslig,20000.0,2
2025,1,212205,deslig,20500.0,1
2025,1,212205,deslig,21000.0,1
2025,1,212205,deslig,21500.0,1
2025,1,212205,deslig,22500.0,1
2025,1,212205,deslig,23000.0,1
2025,1,212205,deslig,24500.0,1
2025,1,212205,deslig,25000.0,1
2025,1,212205,deslig,27000.0,1
2025,1,212205,deslig,30000.0,1
2025,1,212205,deslig,31000.0,1
2025,1,212205,deslig,33000.0,1
2025,1,212205,deslig,38500.0,1
2025,1,212205,deslig,40000.0,1
2025,1,212205,deslig,42000.0,2
2025,1,212205,deslig,45000.0,1
2025,1,212205,deslig,50000.0,1
2025,1,212210,adm,3000.0,2
2025,1,212210,adm,5500.0,1
2025,1,212210,adm,6000.0,1
2025,1,212210,adm,9000.0,1
2025,1,212210,adm,9500.0,1
2025,1,212210,adm,10000.0,1
2025,1,212210,adm,10500.0,1
2025,1,212210,adm,11000.0,1
2025,1,212210,adm,19000.0,1
2025,1,212210,deslig,0.0,1
2025,1,212210,deslig,6000.0,1
2025,1,212210,deslig,7000.0,1
2025,1,212210,deslig,7500.0,1
2025,1,212210,deslig,8000.0,2
2025,1,212210,deslig,10500.0,2
2025,1,212210,deslig,12500.0,1
2025,1,212210,deslig,14500.0,1
2025,1,212210,deslig,15000.0,1
2025,1,212210,deslig,16000.0,1
2025,1,212210,deslig,17000.0,1
2025,1,212210,deslig,18000.0,1
2025,1,212215,adm,2000.0,3
2025,1,212215,adm,2500.0,2
2025,1,212215,adm,3000.0,3
2025,1,212215,adm,3500.0,4
2025,1,212215,adm,4000.0,4
2025,1,212215,adm,4500.0,3
2025,1,212215,adm,5000.0,4
2025,1,212215,adm,5500.0,2
2025,1,212215,adm,6000.0,2
2025,1,212215,adm,6500.0,2
2025,1,212215,adm,7000.0,5
2025,1,212215,adm,7500.0,3
2025,1,212215,adm,8000.0,5
2025,1,212215,adm,8500.0,1
2025,1,212215,adm,9000.0,3
2025,1,212215,adm,9500.0,1
2025,1,212215,adm,10000.0,8
2025,1,212215,adm,10500.0,6
2025,1,212215,adm,11000.0,3
2025,1,212215,adm,11500.0,3
2025,1,212215,adm,12000.0,8
2025,1,212215,adm,12500.0,2
2025,1,212215,adm,13000.0,4
2025,1,212215,adm,13500.0,3
2025,1,212215,adm,14000.0,5
2025,1,212215,adm,14500.0,2
2025,1,212215,adm,15000.0,8
2025,1,212215,adm,16000.0,5
2025,1,212215,adm,16500.0,1
2025,1,212215,adm,17000.0,5
2025,1,212215,adm,18000.0,6
2025,1,212215,adm,19000.0,1
2025,1,212215,adm,20000.0,6
2025,1,212215,adm,20500.0,1
2025,1,212215,adm,21000.0,3
2025,1,212215,adm,21500.0,1
2025,1,212215,adm,22000.0,6
2025,1,212215,adm,22500.0,4
2025,1,212215,adm,23000.0,1
2025,1,212215,adm,23500.0,1
2025,1,212215,adm,24000.0,2
2025,1,212215,adm,24500.0,1
2025,1,212215,adm,25000.0,5
2025,1,212215,adm,26500.0,2
2025,1,212215,adm,27000.0,2
2025,1,212215,adm,27500.0,1
2025,1,212215,adm,28000.0,2
2025,1,212215,adm,29000.0,2
2025,1,212215,adm,29500.0,1
2025,1,212215,adm,30000.0,2
2025,1,212215,adm,32000.0,6
2025,1,212215,adm,33000.0,1
2025,1,212215,adm,33500.0,1
2025,1,212215,adm,34000.0,1
2025,1,212215,adm,34500.0,2
2025,1,212215,adm,35500.0,1
2025,1,212215,adm,36000.0,1
2025,1,212215,adm,37000.0,3
2025,1,212215,adm,40000.0,1
2025,1,212215,adm,40500.0,3
2025,1,212215,adm,42000.0,1
2025,1,212215,adm,43000.0,1
2025,1,212215,adm,43500.0,2
2025,1,212215,adm,45000.0,2
2025,1,212215,adm,45500.0,1
2025,1,212215,adm,47000.0,1
2025,1,212215,adm,47500.0,1
2025,1,212215,adm,50000.0,3
2025,1,212215,deslig,0.0,6
2025,1,212215,deslig,2000.0,3
2025,1,212215,deslig,3000.0,3
2025,1,212215,deslig,4000.0,3
2025,1,212215,deslig,4500.0,3
2025,1,212215,deslig,5000.0,2
2025,1,212215,deslig,5500.0,4
2025,1,212215,deslig,6000.0,6
2025,1,212215,deslig,6500.0,4
2025,1,212215,deslig,7000.0,10
2025,1,212215,deslig,7500.0,6
2025,1,212215,deslig,8000.0,5
2025,1,212215,deslig,8500.0,4
2025,1,212215,deslig,9000.0,9
2025,1,212215,deslig,9500.0,5
2025,1,212215,deslig,10000.0,7
2025,1,212215,deslig,10500.0,6
2025,1,212215,deslig,11000.0,9
2025,1,212215,deslig,11500.0,7
2025,1,212215,deslig,12000.0,7
2025,1,212215,deslig,12500.0,4
2025,1,212215,deslig,13000.0,5
2025,1,212215,deslig,13500.0,3
2025,1,212215,deslig,14000.0,4
2025,1,212215,deslig,14500.0,2
2025,1,212215,deslig,15000.0,3
2025,1,212215,deslig,15500.0,5
2025,1,212215,deslig,16000.0,6
2025,1,212215,deslig,16500.0,2
2025,1,212215,deslig,17000.0,1
2025,1,212215,deslig,17500.0,5
2025,1,212215,deslig,18000.0,4
2025,1,212215,deslig,18500.0,6
2025,1,212215,deslig,19000.0,2
2025,1,212215,deslig,19500.0,1
2025,1,212215,deslig,20000.0,1
2025,1,212215,deslig,20500.0,2
2025,1,212215,deslig,21500.0,1
2025,1,212215,deslig,22000.0,1
2025,1,212215,deslig,22500.0,2
2025,1,212215,deslig,23000.0,3
2025,1,212215,deslig,24000.0,2
2025,1,212215,deslig,24500.0,1
2025,1,212215,deslig,25000.0,4
2025,1,212215,deslig,25500.0,2
2025,1,212215,deslig,26000.0,2
2025,1,212215,deslig,26500.0,3
2025,1,212215,deslig,27000.0,2
2025,1,212215,deslig,28000.0,1
2025,1,212215,deslig,28500.0,1
2025,1,212215,deslig,29000.0,2
2025,1,212215,deslig,29500.0,1
2025,1,212215,deslig,33000.0,1
2025,1,212215,deslig,34000.0,2
2025,1,212215,deslig,34500.0,1
2025,1,212215,deslig,35500.0,1
2025,1,212215,deslig,36000.0,1
2025,1,212215,deslig,37500.0,1
2025,1,212215,deslig,38000.0,1
2025,1,212215,deslig,41000.0,1
2025,1,212215,deslig,42000.0,1
2025,1,212215,deslig,49000.0,1
2025,1,212215,deslig,49500.0,1
2025,1,212215,deslig,50000.0,4
2025,1,212305,adm,1500.0,2
2025,1,212305,adm,2000.0,2
2025,1,212305,adm,2500.0,1
2025,1,212305,adm,3000.0,3
2025,1,212305,adm,3500.0,8
2025,1,212305,adm,4000.0,4
2025,1,212305,adm,4500.0,3
2025,1,212305,adm,5000.0,2
2025,1,212305,adm,5500.0,4
2025,1,212305,adm,6000.0,3
2025,1,212305,adm,6500.0,4
2025,1,212305,adm,7000.0,8
2025,1,212305,adm,7500.0,3
2025,1,212305,adm,8000.0,8
2025,1,212305,adm,8500.0,5
2025,1,212305,adm,9000.0,8
2025,1,212305,adm,9500.0,4
2025,1,212305,adm,10000.0,8
2025,1,212305,adm,10500.0,2
2025,1,212305,adm,11000.0,1
2025,1,212305,adm,11500.0,4
2025,1,212305,adm,12000.0,6
2025,1,212305,adm,12500.0,2
2025,1,212305,adm,13000.0,2
2025,1,212305,adm,13500.0,3
2025,1,212305,adm,14000.0,6
2025,1,212305,adm,14500.0,1
2025,1,212305,adm,15000.0,5
2025,1,212305,adm,15500.0,1
2025,1,212305,adm,16000.0,1
2025,1,212305,adm,16500.0,1
2025,1,212305,adm,17000.0,2
2025,1,212305,adm,17500.0,1
2025,1,212305,adm,18000.0,3
2025,1,212305,adm,18500.0,1
2025,1,212305,adm,21000.0,1
2025,1,212305,adm,27000.0,1
2025,1,212305,adm,30500.0,1
2025,1,212305,adm,39000.0,1
2025,1,212305,adm,50000.0,1
2025,1,212305,deslig,0.0,3
2025,1,212305,deslig,3000.0,3
2025,1,212305,deslig,3500.0,2
2025,1,212305,deslig,4000.0,4
2025,1,212305,deslig,4500.0,4
2025,1,212305,deslig,5000.0,8
2025,1,212305,deslig,5500.0,3
2025,1,212305,deslig,6000.0,7
2025,1,212305,deslig,6500.0,5
2025,1,212305,deslig,7000.0,3
2025,1,212305,deslig,7500.0,3
2025,1,212305,deslig,8000.0,6
2025,1,212305,deslig,8500.0,5
2025,1,212305,deslig,9000.0,5
2025,1,212305,deslig,9500.0,6
2025,1,212305,deslig,10000.0,8
2025,1,212305,deslig,10500.0,3
2025,1,212305,deslig,11000.0,6
2025,1,212305,deslig,11500.0,2
2025,1,212305,deslig,12000.0,8
2025,1,212305,deslig,12500.0,4
2025,1,212305,deslig,13000.0,3
2025,1,212305,deslig,13500.0,2
2025,1,212305,deslig,14000.0,1
2025,1,212305,deslig,14500.0,2
2025,1,212305,deslig,15000.0,5
2025,1,212305,deslig,15500.0,5
2025,1,212305,deslig,16000.0,2
2025,1,212305,deslig,16500.0,2
2025,1,212305,deslig,17000.0,1
2025,1,212305,deslig,17500.0,1
2025,1,212305,deslig,18000.0,3
2025,1,212305,deslig,18500.0,1
2025,1,212305,deslig,19500.0,1
2025,1,212305,deslig,21500.0,1
2025,1,212305,deslig,22000.0,1
2025,1,212305,deslig,22500.0,1
2025,1,212305,deslig,27500.0,1
2025,1,212305,deslig,31500.0,1
2025,1,212405,adm,0.0,5
2025,1,212405,adm,1000.0,1
2025,1,212405,adm,1500.0,57
2025,1,212405,adm,2000.0,181
2025,1,212405,adm,2500.0,135
2025,1,212405,adm,3000.0,229
2025,1,212405,adm,3500.0,175
2025,1,212405,adm,4000.0,135
2025,1,212405,adm,4500.0,131
2025,1,212405,adm,5000.0,134
2025,1,212405,adm,5500.0,107
2025,1,212405,adm,6000.0,156
2025,1,212405,adm,6500.0,86
2025,1,212405,adm,7000.0,135
2025,1,212405,adm,7500.0,102
2025,1,212405,adm,8000.0,118
2025,1,212405,adm,8500.0,79
2025,1,212405,adm,9000.0,98
2025,1,212405,adm,9500.0,68
2025,1,212405,adm,10000.0,113
2025,1,212405,adm,10500.0,109
2025,1,212405,adm,11000.0,97
2025,1,212405,adm,11500.0,52
2025,1,212405,adm,12000.0,86
2025,1,212405,adm,12500.0,46
2025,1,212405,adm,13000.0,68
2025,1,212405,adm,13500.0,41
2025,1,212405,adm,14000.0,46
2025,1,212405,adm,14500.0,33
2025,1,212405,adm,15000.0,87
2025,1,212405,adm,15500.0,21
2025,1,212405,adm,16000.0,36
2025,1,212405,adm,16500.0,18
2025,1,212405,adm,17000.0,31
2025,1,212405,adm,17500.0,8
2025,1,212405,adm,18000.0,34
2025,1,212405,adm,18500.0,7
2025,1,212405,adm,19000.0,18
2025,1,212405,adm,19500.0,10
2025,1,212405,adm,20000.0,18
2025,1,212405,adm,20500.0,3
2025,1,212405,adm,21000.0,7
2025,1,212405,adm,21500.0,4
2025,1,212405,adm,22000.0,4
2025,1,212405,adm,22500.0,5
2025,1,212405,adm,23000.0,4
2025,1,212405,adm,23500.0,1
2025,1,212405,adm,24000.0,4
2025,1,212405,adm,24500.0,2
2025,1,212405,adm,25000.0,10
2025,1,212405,adm,25500.0,1
2025,1,212405,adm,26000.0,2
2025,1,212405,adm,26500.0,2
2025,1,212405,adm,27500.0,1
2025,1,212405,adm,28000.0,1
2025,1,212405,adm,28500.0,1
2025,1,212405,adm,29000.0,1
2025,1,212405,adm,30000.0,3
2025,1,212405,adm,31000.0,3
2025,1,212405,adm,32000.0,1
2025,1,212405,adm,33000.0,1
2025,1,212405,adm,35000.0,1
2025,1,212405,adm,36000.0,1
2025,1,212405,adm,38500.0,1
2025,1,212405,adm,40000.0,1
2025,1,212405,adm,42000.0,1
2025,1,212405,adm,42500.0,1
2025,1,212405,adm,50000.0,1
2025,1,212405,deslig,0.0,38
2025,1,212405,deslig,1000.0,1
2025,1,212405,deslig,1500.0,32
2025,1,212405,deslig,2000.0,119
2025,1,212405,deslig,2500.0,129
2025,1,212405,deslig,3000.0,138
2025,1,212405,deslig,3500.0,122
2025,1,212405,deslig,4000.0,131
2025,1,212405,deslig,4500.0,141
2025,1,212405,deslig,5000.0,135
2025,1,212405,deslig,5500.0,92
2025,1,212405,deslig,6000.0,113
2025,1,212405,deslig,6500.0,89
2025,1,212405,deslig,7000.0,137
2025,1,212405,deslig,7500.0,121
2025,1,212405,deslig,8000.0,94
2025,1,212405,deslig,8500.0,103
2025,1,212405,deslig,9000.0,115
2025,1,212405,deslig,9500.0,86
2025,1,212405,deslig,10000.0,130
2025,1,212405,deslig,10500.0,87
2025,1,212405,deslig,11000.0,100
2025,1,212405,deslig,11500.0,69
2025,1,212405,deslig,12000.0,85
2025,1,212405,deslig,12500.0,70
2025,1,212405,deslig,13000.0,65
2025,1,212405,deslig,13500.0,47
2025,1,212405,deslig,14000.0,52
2025,1,212405,deslig,14500.0,47
2025,1,212405,deslig,15000.0,33
2025,1,212405,deslig,15500.0,44
2025,1,212405,deslig,16000.0,36
2025,1,212405,deslig,16500.0,22
2025,1,212405,deslig,17000.0,22
2025,1,212405,deslig,17500.0,21
2025,1,212405,deslig,18000.0,19
2025,1,212405,deslig,18500.0,15
2025,1,212405,deslig,19000.0,15
2025,1,212405,deslig,19500.0,9
2025,1,212405,deslig,20000.0,13
2025,1,212405,deslig,20500.0,6
2025,1,212405,deslig,21000.0,4
2025,1,212405,deslig,21500.0,9
2025,1,212405,deslig,22000.0,3
2025,1,212405,deslig,22500.0,5
2025,1,212405,deslig,23000.0,6
2025,1,212405,deslig,23500.0,3
2025,1,212405,deslig,24000.0,1
2025,1,212405,deslig,24500.0,2
2025,1,212405,deslig,25000.0,1
2025,1,212405,deslig,25500.0,2
2025,1,212405,deslig,27500.0,2
2025,1,212405,deslig,28000.0,2
2025,1,212405,deslig,28500.0,1
2025,1,212405,deslig,29000.0,1
2025,1,212405,deslig,29500.0,1
2025,1,212405,deslig,30500.0,1
2025,1,212405,deslig,33000.0,1
2025,1,212405,deslig,35000.0,1
2025,1,212405,deslig,38000.0,1
2025,1,212405,deslig,46500.0,1
2025,1,212405,deslig,50000.0,2
2025,1,212410,adm,1500.0,22
2025,1,212410,adm,2000.0,58
2025,1,212410,adm,2500.0,47
2025,1,212410,adm,3000.0,59
2025,1,212410,adm,3500.0,44
2025,1,212410,adm,4000.0,31
2025,1,212410,adm,4500.0,38
2025,1,212410,adm,5000.0,38
2025,1,212410,adm,5500.0,27
2025,1,212410,adm,6000.0,23
2025,1,212410,adm,6500.0,19
2025,1,212410,adm,7000.0,16
2025,1,212410,adm,7500.0,19
2025,1,212410,adm,8000.0,12
2025,1,212410,adm,8500.0,8
2025,1,212410,adm,9000.0,7
2025,1,212410,adm,9500.0,14
2025,1,212410,adm,10000.0,11
2025,1,212410,adm,10500.0,6
2025,1,212410,adm,11000.0,6
2025,1,212410,adm,11500.0,3
2025,1,212410,adm,12000.0,9
2025,1,212410,adm,12500.0,4
2025,1,212410,adm,13000.0,5
2025,1,212410,adm,13500.0,2
2025,1,212410,adm,14000.0,6
2025,1,212410,adm,14500.0,2
2025,1,212410,adm,15000.0,8
2025,1,212410,adm,15500.0,2
2025,1,212410,adm,16000.0,4
2025,1,212410,adm,17000.0,2
2025,1,212410,adm,17500.0,1
2025,1,212410,adm,18000.0,3
2025,1,212410,adm,18500.0,1
2025,1,212410,adm,19000.0,2
2025,1,212410,adm,20000.0,5
2025,1,212410,adm,23000.0,2
2025,1,212410,adm,24000.0,1
2025,1,212410,adm,24500.0,3
2025,1,212410,adm,25000.0,1
2025,1,212410,adm,26000.0,2
2025,1,212410,adm,33000.0,1
2025,1,212410,adm,47000.0,1
2025,1,212410,deslig,0.0,1
2025,1,212410,deslig,1000.0,2
2025,1,212410,deslig,1500.0,28
2025,1,212410,deslig,2000.0,43
2025,1,212410,deslig,2500.0,43
2025,1,212410,deslig,3000.0,41
2025,1,212410,deslig,3500.0,40
2025,1,212410,deslig,4000.0,40
2025,1,212410,deslig,4500.0,21
2025,1,212410,deslig,5000.0,26
2025,1,212410,deslig,5500.0,18
2025,1,212410,deslig,6000.0,28
2025,1,212410,deslig,6500.0,10
2025,1,212410,deslig,7000.0,16
2025,1,212410,deslig,7500.0,11
2025,1,212410,deslig,8000.0,10
2025,1,212410,deslig,8500.0,15
2025,1,212410,deslig,9000.0,2
2025,1,212410,deslig,9500.0,10
2025,1,212410,deslig,10000.0,10
2025,1,212410,deslig,10500.0,2
2025,1,212410,deslig,11000.0,6
2025,1,212410,deslig,11500.0,4
2025,1,212410,deslig,12000.0,5
2025,1,212410,deslig,12500.0,7
2025,1,212410,deslig,13000.0,3
2025,1,212410,deslig,13500.0,1
2025,1,212410,deslig,14000.0,4
2025,1,212410,deslig,14500.0,3
2025,1,212410,deslig,15000.0,4
2025,1,212410,deslig,15500.0,2
2025,1,212410,deslig,16000.0,3
2025,1,212410,deslig,16500.0,1
2025,1,212410,deslig,17000.0,1
2025,1,212410,deslig,17500.0,2
2025,1,212410,deslig,20500.0,1
2025,1,212410,deslig,21500.0,2
2025,1,212410,deslig,22500.0,1
2025,1,212410,deslig,24500.0,1
2025,1,212410,deslig,25500.0,1
2025,1,212410,deslig,28000.0,1
2025,1,212410,deslig,30000.0,1
2025,1,212425,adm,2000.0,1
2025,1,212425,adm,3500.0,2
2025,1,212425,adm,4000.0,1
2025,1,212425,adm,4500.0,3
2025,1,212425,adm,5000.0,2
2025,1,212425,adm,6000.0,3
2025,1,212425,adm,6500.0,2
2025,1,212425,adm,7000.0,7
2025,1,212425,adm,7500.0,1
2025,1,212425,adm,8000.0,5
2025,1,212425,adm,8500.0,2
2025,1,212425,adm,9000.0,2
2025,1,212425,adm,9500.0,1
2025,1,212425,adm,10000.0,2
2025,1,212425,adm,10500.0,6
2025,1,212425,adm,11000.0,5
2025,1,212425,adm,11500.0,1
2025,1,212425,adm,12000.0,3
2025,1,212425,adm,12500.0,1
2025,1,212425,adm,13000.0,7
2025,1,212425,adm,14000.0,2
2025,1,212425,adm,14500.0,3
2025,1,212425,adm,15000.0,2
2025,1,212425,adm,15500.0,2
2025,1,212425,adm,16000.0,1
2025,1,212425,adm,16500.0,3
2025,1,212425,adm,17000.0,2
2025,1,212425,adm,17500.0,1
2025,1,212425,adm,18000.0,4
2025,1,212425,adm,18500.0,1
2025,1,212425,adm,19000.0,1
2025,1,212425,adm,19500.0,2
2025,1,212425,adm,20000.0,2
2025,1,212425,adm,20500.0,1
2025,1,212425,adm,21000.0,4
2025,1,212425,adm,21500.0,2
2025,1,212425,adm,22000.0,1
2025,1,212425,adm,22500.0,2
2025,1,212425,adm,23000.0,1
2025,1,212425,adm,25000.0,3
2025,1,212425,adm,26000.0,1
2025,1,212425,adm,28000.0,1
2025,1,212425,adm,32000.0,1
2025,1,212425,adm,33000.0,1
2025,1,212425,adm,33500.0,1
2025,1,212425,adm,34000.0,1
2025,1,212425,adm,37000.0,1
2025,1,212425,adm,48000.0,1
2025,1,212425,adm,50000.0,1
2025,1,212425,deslig,0.0,2
2025,1,212425,deslig,3000.0,2
2025,1,212425,deslig,3500.0,1
2025,1,212425,deslig,4500.0,2
2025,1,212425,deslig,5000.0,2
2025,1,212425,deslig,6000.0,1
2025,1,212425,deslig,6500.0,1
2025,1,212425,deslig,7000.0,3
2025,1,212425,deslig,7500.0,1
2025,1,212425,deslig,8000.0,1
2025,1,212425,deslig,8500.0,1
2025,1,212425,deslig,9000.0,1
2025,1,212425,deslig,9500.0,3
2025,1,212425,deslig,10500.0,2
2025,1,212425,deslig,11000.0,3
2025,1,212425,deslig,11500.0,1
2025,1,212425,deslig,12500.0,1
2025,1,212425,deslig,13000.0,3
2025,1,212425,deslig,13500.0,4
2025,1,212425,deslig,14000.0,7
2025,1,212425,deslig,15000.0,6
2025,1,212425,deslig,15500.0,3
2025,1,212425,deslig,16000.0,3
2025,1,212425,deslig,16500.0,3
2025,1,212425,deslig,17000.0,5
2025,1,212425,deslig,17500.0,4
2025,1,212425,deslig,18000.0,5
2025,1,212425,deslig,18500.0,7
2025,1,212425,deslig,19000.0,4
2025,1,212425,deslig,19500.0,2
2025,1,212425,deslig,20000.0,4
2025,1,212425,deslig,21000.0,4
2025,1,212425,deslig,21500.0,2
2025,1,212425,deslig,22000.0,1
2025,1,212425,deslig,23000.0,1
2025,1,212425,deslig,23500.0,1
2025,1,212425,deslig,25000.0,1
2025,1,212425,deslig,26000.0,1
2025,1,212425,deslig,27000.0,1
2025,1,212425,deslig,28000.0,1
2025,1,212425,deslig,32000.0,1
2025,1,212425,deslig,35000.0,1
2025,1,212425,deslig,38000.0,1
2025,1,212425,deslig,39000.0,1
2025,1,212425,deslig,41000.0,1
2025,1,212425,deslig,42500.0,1
2025,1,212425,deslig,46500.0,1
2025,2,203105,adm,3500.0,1
2025,2,203105,adm,4000.0,4
2025,2,203105,adm,4500.0,2
2025,2,203105,adm,5000.0,2
2025,2,203105,adm,5500.0,1
2025,2,203105,adm,6000.0,1
2025,2,203105,adm,7000.0,1
2025,2,203105,adm,7500.0,3
2025,2,203105,adm,9500.0,5
2025,2,203105,adm,10000.0,2
2025,2,203105,adm,10500.0,11
2025,2,203105,adm,11000.0,1
2025,2,203105,adm,11500.0,1
2025,2,203105,adm,12500.0,1
2025,2,203105,adm,13000.0,1
2025,2,203105,adm,14000.0,1
2025,2,203105,adm,14500.0,1
2025,2,203105,adm,15000.0,2
2025,2,203105,adm,15500.0,2
2025,2,203105,adm,16000.0,1
2025,2,203105,adm,17000.0,2
2025,2,203105,adm,19500.0,6
2025,2,203105,adm,23000.0,1
2025,2,203105,adm,38000.0,1
2025,2,203105,adm,50000.0,4
2025,2,203105,deslig,2000.0,1
2025,2,203105,deslig,4000.0,3
2025,2,203105,deslig,4500.0,1
2025,2,203105,deslig,6000.0,1
2025,2,203105,deslig,6500.0,1
2025,2,203105,deslig,7500.0,2
2025,2,203105,deslig,8000.0,2
2025,2,203105,deslig,8500.0,2
2025,2,203105,deslig,9000.0,2
2025,2,203105,deslig,9500.0,3
2025,2,203105,deslig,10000.0,1
2025,2,203105,deslig,10500.0,2
2025,2,203105,deslig,12000.0,1
2025,2,203105,deslig,12500.0,3
2025,2,203105,deslig,14000.0,2
2025,2,203105,deslig,15000.0,2
2025,2,203105,deslig,15500.0,1
2025,2,203105,deslig,16500.0,1
2025,2,203105,deslig,20000.0,1
2025,2,203105,deslig,20500.0,1
2025,2,203105,deslig,31000.0,1
2025,2,211205,adm,1500.0,1
2025,2,211205,adm,2000.0,1
2025,2,211205,adm,3000.0,1
2025,2,211205,adm,3500.0,1
2025,2,211205,adm,4000.0,3
2025,2,211205,adm,4500.0,3
2025,2,211205,adm,5000.0,2
2025,2,211205,adm,5500.0,1
2025,2,211205,adm,6000.0,3
2025,2,211205,adm,6500.0,2
2025,2,211205,adm,7000.0,2
2025,2,211205,adm,7500.0,2
2025,2,211205,adm,8000.0,3
2025,2,211205,adm,8500.0,1
2025,2,211205,adm,10000.0,2
2025,2,211205,adm,11000.0,2
2025,2,211205,adm,11500.0,1
2025,2,211205,adm,15500.0,1
2025,2,211205,adm,19000.0,1
2025,2,211205,deslig,2000.0,1
2025,2,211205,deslig,2500.0,1
2025,2,211205,deslig,3500.0,4
2025,2,211205,deslig,4000.0,2
2025,2,211205,deslig,4500.0,2
2025,2,211205,deslig,5000.0,3
2025,2,211205,deslig,5500.0,1
2025,2,211205,deslig,7000.0,5
2025,2,211205,deslig,7500.0,1
2025,2,211205,deslig,9000.0,2
2025,2,211205,deslig,10000.0,4
2025,2,211205,deslig,11500.0,1
2025,2,211205,deslig,12000.0,1
2025,2,211205,deslig,12500.0,1
2025,2,211205,deslig,13000.0,1
2025,2,211205,deslig,16500.0,1
2025,2,211205,deslig,18000.0,3
2025,2,211205,deslig,24000.0,1
2025,2,211210,adm,2000.0,1
2025,2,211210,adm,3500.0,2
2025,2,211210,adm,5500.0,1
2025,2,211210,adm,8000.0,1
2025,2,211210,adm,8500.0,1
2025,2,211210,deslig,4000.0,1
2025,2,211210,deslig,4500.0,1
2025,2,211210,deslig,5500.0,1
2025,2,211210,deslig,7500.0,1
2025,2,211210,deslig,8000.0,1
2025,2,211210,deslig,10000.0,1
2025,2,211210,deslig,16500.0,1
2025,2,211220,adm,3000.0,1
2025,2,211220,adm,4000.0,1
2025,2,211220,adm,4500.0,1
2025,2,211220,adm,5000.0,1
2025,2,211220,adm,5500.0,1
2025,2,211220,adm,6000.0,3
2025,2,211220,adm,6500.0,1
2025,2,211220,adm,7000.0,7
2025,2,211220,adm,8000.0,2
2025,2,211220,adm,8500.0,2
2025,2,211220,adm,9000.0,1
2025,2,211220,adm,9500.0,1
2025,2,211220,adm,10000.0,8
2025,2,211220,adm,10500.0,1
2025,2,211220,adm,11000.0,1
2025,2,211220,adm,11500.0,1
2025,2,211220,adm,12000.0,2
2025,2,211220,adm,12500.0,1
2025,2,211220,adm,13000.0,4
2025,2,211220,adm,14000.0,2
2025,2,211220,adm,15000.0,2
2025,2,211220,adm,15500.0,1
2025,2,211220,adm,16000.0,1
2025,2,211220,adm,17500.0,2
2025,2,211220,adm,20000.0,1
2025,2,211220,adm,20500.0,2
2025,2,211220,adm,22000.0,1
2025,2,211220,adm,32000.0,1
2025,2,211220,deslig,2000.0,1
2025,2,211220,deslig,2500.0,1
2025,2,211220,deslig,3000.0,1
2025,2,211220,deslig,4000.0,1
2025,2,211220,deslig,4500.0,1
2025,2,211220,deslig,5000.0,1
2025,2,211220,deslig,7000.0,2
2025,2,211220,deslig,8000.0,1
2025,2,211220,deslig,8500.0,1
2025,2,211220,deslig,9000.0,2
2025,2,211220,deslig,9500.0,1
2025,2,211220,deslig,10000.0,1
2025,2,211220,deslig,10500.0,2
2025,2,211220,deslig,11000.0,2
2025,2,211220,deslig,12000.0,1
2025,2,211220,deslig,12500.0,1
2025,2,211220,deslig,13000.0,1
2025,2,211220,deslig,13500.0,1
2025,2,211220,deslig,14000.0,1
2025,2,211220,deslig,14500.0,1
2025,2,211220,deslig,16000.0,1
2025,2,211220,deslig,17000.0,3
2025,2,211220,deslig,19500.0,1
2025,2,211220,deslig,24000.0,1
2025,2,212205,adm,0.0,1
2025,2,212205,adm,1500.0,1
2025,2,212205,adm,2000.0,2
2025,2,212205,adm,3000.0,5
2025,2,212205,adm,3500.0,3
2025,2,212205,adm,4000.0,4
2025,2,212205,adm,4500.0,4
2025,2,212205,adm,5000.0,10
2025,2,212205,adm,5500.0,1
2025,2,212205,adm,6000.0,1
2025,2,212205,adm,6500.0,1
2025,2,212205,adm,7000.0,5
2025,2,212205,adm,7500.0,3
2025,2,212205,adm,8000.0,4
2025,2,212205,adm,8500.0,7
2025,2,212205,adm,9000.0,2
2025,2,212205,adm,9500.0,2
2025,2,212205,adm,10000.0,4
2025,2,212205,adm,10500.0,2
2025,2,212205,adm,11000.0,8
2025,2,212205,adm,11500.0,4
2025,2,212205,adm,12000.0,6
2025,2,212205,adm,12500.0,8
2025,2,212205,adm,13000.0,9
2025,2,212205,adm,13500.0,2
2025,2,212205,adm,14000.0,8
2025,2,212205,adm,14500.0,2
2025,2,212205,adm,15000.0,6
2025,2,212205,adm,15500.0,5
2025,2,212205,adm,16000.0,4
2025,2,212205,adm,16500.0,1
2025,2,212205,adm,17000.0,6
2025,2,212205,adm,17500.0,1
2025,2,212205,adm,18000.0,3
2025,2,212205,adm,18500.0,1
2025,2,212205,adm,19000.0,2
2025,2,212205,adm,19500.0,2
2025,2,212205,adm,20000.0,5
2025,2,212205,adm,20500.0,2
2025,2,212205,adm,21000.0,1
2025,2,212205,adm,22000.0,3
2025,2,212205,adm,23000.0,1
2025,2,212205,adm,23500.0,1
2025,2,212205,adm,24000.0,5
2025,2,212205,adm,25000.0,1
2025,2,212205,adm,26000.0,1
2025,2,212205,adm,26500.0,1
2025,2,212205,adm,30000.0,2
2025,2,212205,adm,32500.0,2
2025,2,212205,adm,34500.0,2
2025,2,212205,adm,37500.0,1
2025,2,212205,adm,40000.0,2
2025,2,212205,adm,40500.0,1
2025,2,212205,adm,42000.0,1
2025,2,212205,adm,43000.0,1
2025,2,212205,adm,44000.0,2
2025,2,212205,adm,45500.0,1
2025,2,212205,adm,47500.0,1
2025,2,212205,adm,49500.0,1
2025,2,212205,adm,50000.0,11
2025,2,212205,deslig,2000.0,3
2025,2,212205,deslig,2500.0,2
2025,2,212205,deslig,3000.0,1
2025,2,212205,deslig,4000.0,1
2025,2,212205,deslig,4500.0,1
2025,2,212205,deslig,5000.0,1
2025,2,212205,deslig,5500.0,1
2025,2,212205,deslig,6000.0,2
2025,2,212205,deslig,7000.0,5
2025,2,212205,deslig,7500.0,1
2025,2,212205,deslig,8000.0,2
2025,2,212205,deslig,8500.0,1
2025,2,212205,deslig,9000.0,3
2025,2,212205,deslig,9500.0,3
2025,2,212205,deslig,10000.0,5
2025,2,212205,deslig,10500.0,1
2025,2,212205,deslig,11000.0,2
2025,2,212205,deslig,11500.0,2
2025,2,212205,deslig,12000.0,5
2025,2,212205,deslig,12500.0,4
2025,2,212205,deslig,13000.0,2
2025,2,212205,deslig,13500.0,1
2025,2,212205,deslig,14000.0,5
2025,2,212205,deslig,14500.0,4
2025,2,212205,deslig,15000.0,1
2025,2,212205,deslig,15500.0,4
2025,2,212205,deslig,16000.0,2
2025,2,212205,deslig,16500.0,1
2025,2,212205,deslig,17000.0,6
2025,2,212205,deslig,17500.0,5
2025,2,212205,deslig,18000.0,3
2025,2,212205,deslig,18500.0,2
2025,2,212205,deslig,19000.0,3
2025,2,212205,deslig,19500.0,1
2025,2,212205,deslig,20500.0,3
2025,2,212205,deslig,21000.0,2
2025,2,212205,deslig,21500.0,1
2025,2,212205,deslig,22500.0,1
2025,2,212205,deslig,23000.0,2
2025,2,212205,deslig,23500.0,2
2025,2,212205,deslig,24000.0,3
2025,2,212205,deslig,24500.0,1
2025,2,212205,deslig,25000.0,1
2025,2,212205,deslig,27000.0,1
2025,2,212205,deslig,27500.0,2
2025,2,212205,deslig,28000.0,1
2025,2,212205,deslig,32500.0,1
2025,2,212205,deslig,35500.0,1
2025,2,212205,deslig,45000.0,1
2025,2,212210,adm,15000.0,2
2025,2,212210,adm,20000.0,1
2025,2,212210,adm,32000.0,1
2025,2,212210,adm,37000.0,1
2025,2,212210,adm,41500.0,1
2025,2,212210,deslig,9000.0,1
2025,2,212210,deslig,10000.0,1
2025,2,212210,deslig,15000.0,1
2025,2,212210,deslig,16500.0,2
2025,2,212210,deslig,20500.0,1
2025,2,212210,deslig,23500.0,1
2025,2,212210,deslig,27500.0,1
2025,2,212215,adm,2000.0,35
2025,2,212215,adm,2500.0,1
2025,2,212215,adm,3000.0,2
2025,2,212215,adm,3500.0,3
2025,2,212215,adm,4000.0,4
2025,2,212215,adm,5000.0,4
2025,2,212215,adm,5500.0,15
2025,2,212215,adm,6000.0,2
2025,2,212215,adm,6500.0,6
2025,2,212215,adm,7000.0,10
2025,2,212215,adm,7500.0,2
2025,2,212215,adm,8000.0,2
2025,2,212215,adm,8500.0,6
2025,2,212215,adm,9000.0,7
2025,2,212215,adm,9500.0,1
2025,2,212215,adm,10000.0,9
2025,2,212215,adm,10500.0,2
2025,2,212215,adm,11000.0,7
2025,2,212215,adm,11500.0,8
2025,2,212215,adm,12000.0,10
2025,2,212215,adm,12500.0,1
2025,2,212215,adm,13000.0,13
2025,2,212215,adm,13500.0,5
2025,2,212215,adm,14000.0,5
2025,2,212215,adm,14500.0,2
2025,2,212215,adm,15000.0,13
2025,2,212215,adm,15500.0,1
2025,2,212215,adm,16000.0,5
2025,2,212215,adm,16500.0,6
2025,2,212215,adm,17000.0,1
2025,2,212215,adm,17500.0,5
2025,2,212215,adm,18000.0,3
2025,2,212215,adm,19000.0,2
2025,2,212215,adm,19500.0,3
2025,2,212215,adm,20000.0,4
2025,2,212215,adm,21000.0,1
2025,2,212215,adm,22000.0,3
2025,2,212215,adm,22500.0,3
2025,2,212215,adm,23000.0,3
2025,2,212215,adm,24000.0,5
2025,2,212215,adm,25000.0,1
2025,2,212215,adm,26500.0,1
2025,2,212215,adm,29000.0,1
2025,2,212215,adm,31000.0,3
2025,2,212215,adm,32000.0,2
2025,2,212215,adm,32500.0,1
2025,2,212215,adm,33000.0,1
2025,2,212215,adm,33500.0,1
2025,2,212215,adm,39000.0,1
2025,2,212215,adm,40000.0,1
2025,2,212215,adm,42000.0,1
2025,2,212215,adm,42500.0,1
2025,2,212215,adm,43500.0,1
2025,2,212215,adm,50000.0,2
2025,2,212215,deslig,2000.0,1
2025,2,212215,deslig,3000.0,2
2025,2,212215,deslig,3500.0,2
2025,2,212215,deslig,4000.0,2
2025,2,212215,deslig,5500.0,2
2025,2,212215,deslig,6000.0,5
2025,2,212215,deslig,6500.0,1
2025,2,212215,deslig,7000.0,7
2025,2,212215,deslig,7500.0,2
2025,2,212215,deslig,8000.0,5
2025,2,212215,deslig,8500.0,1
2025,2,212215,deslig,9000.0,5
2025,2,212215,deslig,9500.0,2
2025,2,212215,deslig,10000.0,8
2025,2,212215,deslig,10500.0,5
2025,2,212215,deslig,11000.0,3
2025,2,212215,deslig,11500.0,1
2025,2,212215,deslig,12000.0,4
2025,2,212215,deslig,12500.0,1
2025,2,212215,deslig,13000.0,4
2025,2,212215,deslig,13500.0,3
2025,2,212215,deslig,14000.0,7
2025,2,212215,deslig,14500.0,4
2025,2,212215,deslig,15000.0,6
2025,2,212215,deslig,15500.0,1
2025,2,212215,deslig,16000.0,6
2025,2,212215,deslig,16500.0,4
2025,2,212215,deslig,17000.0,1
2025,2,212215,deslig,17500.0,1
2025,2,212215,deslig,18000.0,2
2025,2,212215,deslig,18500.0,2
2025,2,212215,deslig,19500.0,1
2025,2,212215,deslig,20500.0,3
2025,2,212215,deslig,21500.0,2
2025,2,212215,deslig,22000.0,1
2025,2,212215,deslig,22500.0,2
2025,2,212215,deslig,23000.0,3
2025,2,212215,deslig,24000.0,3
2025,2,212215,deslig,25000.0,2
2025,2,212215,deslig,25500.0,1
2025,2,212215,deslig,26000.0,1
2025,2,212215,deslig,26500.0,1
2025,2,212215,deslig,27000.0,2
2025,2,212215,deslig,27500.0,1
2025,2,212215,deslig,28000.0,4
2025,2,212215,deslig,29500.0,1
2025,2,212215,deslig,30000.0,1
2025,2,212215,deslig,30500.0,1
2025,2,212215,deslig,32000.0,1
2025,2,212215,deslig,34000.0,2
2025,2,212215,deslig,34500.0,1
2025,2,212215,deslig,37000.0,1
2025,2,212215,deslig,39500.0,1
2025,2,212215,deslig,45000.0,1
2025,2,212215,deslig,50000.0,1
2025,2,212305,adm,1500.0,2
2025,2,212305,adm,2000.0,2
2025,2,212305,adm,2500.0,13
2025,2,212305,adm,3000.0,3
2025,2,212305,adm,3500.0,2
2025,2,212305,adm,4000.0,9
2025,2,212305,adm,4500.0,3
2025,2,212305,adm,5000.0,2
2025,2,212305,adm,5500.0,2
2025,2,212305,adm,6000.0,2
2025,2,212305,adm,6500.0,1
2025,2,212305,adm,7000.0,9
2025,2,212305,adm,7500.0,2
2025,2,212305,adm,8000.0,3
2025,2,212305,adm,8500.0,9
2025,2,212305,adm,9000.0,8
2025,2,212305,adm,9500.0,2
2025,2,212305,adm,10000.0,5
2025,2,212305,adm,10500.0,4
2025,2,212305,adm,11000.0,5
2025,2,212305,adm,11500.0,5
2025,2,212305,adm,12000.0,13
2025,2,212305,adm,13000.0,2
2025,2,212305,adm,13500.0,6
2025,2,212305,adm,14000.0,4
2025,2,212305,adm,14500.0,4
2025,2,212305,adm,15000.0,2
2025,2,212305,adm,15500.0,3
2025,2,212305,adm,16000.0,5
2025,2,212305,adm,16500.0,1
2025,2,212305,adm,17000.0,1
2025,2,212305,adm,18000.0,1
2025,2,212305,adm,18500.0,1
2025,2,212305,adm,19500.0,1
2025,2,212305,adm,20000.0,2
2025,2,212305,adm,30500.0,1
2025,2,212305,adm,32000.0,1
2025,2,212305,deslig,0.0,1
2025,2,212305,deslig,1500.0,11
2025,2,212305,deslig,2500.0,3
2025,2,212305,deslig,3500.0,1
2025,2,212305,deslig,4000.0,9
2025,2,212305,deslig,4500.0,3
2025,2,212305,deslig,5000.0,3
2025,2,212305,deslig,5500.0,2
2025,2,212305,deslig,6000.0,3
2025,2,212305,deslig,6500.0,6
2025,2,212305,deslig,7000.0,7
2025,2,212305,deslig,7500.0,3
2025,2,212305,deslig,8000.0,4
2025,2,212305,deslig,8500.0,2
2025,2,212305,deslig,9000.0,5
2025,2,212305,deslig,9500.0,2
2025,2,212305,deslig,10000.0,7
2025,2,212305,deslig,10500.0,1
2025,2,212305,deslig,11000.0,4
2025,2,212305,deslig,11500.0,3
2025,2,212305,deslig,12000.0,4
2025,2,212305,deslig,12500.0,5
2025,2,212305,deslig,13000.0,3
2025,2,212305,deslig,13500.0,2
2025,2,212305,deslig,14000.0,3
2025,2,212305,deslig,14500.0,1
2025,2,212305,deslig,15000.0,6
2025,2,212305,deslig,15500.0,4
2025,2,212305,deslig,16500.0,1
2025,2,212305,deslig,17000.0,1
2025,2,212305,deslig,18000.0,1
2025,2,212305,deslig,18500.0,2
2025,2,212305,deslig,19000.0,1
2025,2,212305,deslig,19500.0,1
2025,2,212305,deslig,25000.0,2
2025,2,212305,deslig,35000.0,1
2025,2,212405,adm,0.0,1
2025,2,212405,adm,1500.0,43
2025,2,212405,adm,2000.0,108
2025,2,212405,adm,2500.0,121
2025,2,212405,adm,3000.0,172
2025,2,212405,adm,3500.0,116
2025,2,212405,adm,4000.0,128
2025,2,212405,adm,4500.0,125
2025,2,212405,adm,5000.0,135
2025,2,212405,adm,5500.0,107
2025,2,212405,adm,6000.0,126
2025,2,212405,adm,6500.0,103
2025,2,212405,adm,7000.0,134
2025,2,212405,adm,7500.0,126
2025,2,212405,adm,8000.0,134
2025,2,212405,adm,8500.0,80
2025,2,212405,adm,9000.0,96
2025,2,212405,adm,9500.0,61
2025,2,212405,adm,10000.0,95
2025,2,212405,adm,10500.0,120
2025,2,212405,adm,11000.0,99
2025,2,212405,adm,11500.0,51
2025,2,212405,adm,12000.0,96
2025,2,212405,adm,12500.0,31
2025,2,212405,adm,13000.0,81
2025,2,212405,adm,13500.0,37
2025,2,212405,adm,14000.0,66
2025,2,212405,adm,14500.0,45
2025,2,212405,adm,15000.0,88
2025,2,212405,adm,15500.0,15
2025,2,212405,adm,16000.0,43
2025,2,212405,adm,16500.0,24
2025,2,212405,adm,17000.0,34
2025,2,212405,adm,17500.0,11
2025,2,212405,adm,18000.0,25
2025,2,212405,adm,18500.0,11
2025,2,212405,adm,19000.0,10
2025,2,212405,adm,19500.0,7
2025,2,212405,adm,20000.0,21
2025,2,212405,adm,20500.0,5
2025,2,212405,adm,21000.0,5
2025,2,212405,adm,21500.0,5
2025,2,212405,adm,22000.0,6
2025,2,212405,adm,22500.0,4
2025,2,212405,adm,23000.0,2
2025,2,212405,adm,23500.0,2
2025,2,212405,adm,24000.0,2
2025,2,212405,adm,24500.0,1
2025,2,212405,adm,25000.0,5
2025,2,212405,adm,26000.0,3
2025,2,212405,adm,27000.0,2
2025,2,212405,adm,27500.0,1
2025,2,212405,adm,28000.0,3
2025,2,212405,adm,29000.0,1
2025,2,212405,adm,30000.0,1
2025,2,212405,adm,31500.0,1
2025,2,212405,adm,33000.0,1
2025,2,212405,adm,33500.0,1
2025,2,212405,adm,35000.0,1
2025,2,212405,adm,42000.0,1
2025,2,212405,adm,50000.0,5
2025,2,212405,deslig,1000.0,1
2025,2,212405,deslig,1500.0,25
2025,2,212405,deslig,2000.0,110
2025,2,212405,deslig,2500.0,121
2025,2,212405,deslig,3000.0,140
2025,2,212405,deslig,3500.0,140
2025,2,212405,deslig,4000.0,108
2025,2,212405,deslig,4500.0,125
2025,2,212405,deslig,5000.0,110
2025,2,212405,deslig,5500.0,104
2025,2,212405,deslig,6000.0,116
2025,2,212405,deslig,6500.0,96
2025,2,212405,deslig,7000.0,129
2025,2,212405,deslig,7500.0,95
2025,2,212405,deslig,8000.0,123
2025,2,212405,deslig,8500.0,89
2025,2,212405,deslig,9000.0,109
2025,2,212405,deslig,9500.0,81
2025,2,212405,deslig,10000.0,108
2025,2,212405,deslig,10500.0,72
2025,2,212405,deslig,11000.0,100
2025,2,212405,deslig,11500.0,66
2025,2,212405,deslig,12000.0,84
2025,2,212405,deslig,12500.0,44
2025,2,212405,deslig,13000.0,78
2025,2,212405,deslig,13500.0,49
2025,2,212405,deslig,14000.0,56
2025,2,212405,deslig,14500.0,51
2025,2,212405,deslig,15000.0,64
2025,2,212405,deslig,15500.0,48
2025,2,212405,deslig,16000.0,41
2025,2,212405,deslig,16500.0,25
2025,2,212405,deslig,17000.0,25
2025,2,212405,deslig,17500.0,16
2025,2,212405,deslig,18000.0,19
2025,2,212405,deslig,18500.0,21
2025,2,212405,deslig,19000.0,10
2025,2,212405,deslig,19500.0,11
2025,2,212405,deslig,20000.0,11
2025,2,212405,deslig,20500.0,5
2025,2,212405,deslig,21000.0,6
2025,2,212405,deslig,21500.0,1
2025,2,212405,deslig,22000.0,3
2025,2,212405,deslig,22500.0,5
2025,2,212405,deslig,23000.0,1
2025,2,212405,deslig,23500.0,2
2025,2,212405,deslig,24000.0,4
2025,2,212405,deslig,24500.0,2
2025,2,212405,deslig,25000.0,1
2025,2,212405,deslig,25500.0,2
2025,2,212405,deslig,26000.0,2
2025,2,212405,deslig,27000.0,2
2025,2,212405,deslig,27500.0,1
2025,2,212405,deslig,28000.0,2
2025,2,212405,deslig,28500.0,2
2025,2,212405,deslig,29000.0,1
2025,2,212405,deslig,29500.0,1
2025,2,212405,deslig,31500.0,1
2025,2,212405,deslig,32500.0,1
2025,2,212405,deslig,34500.0,1
2025,2,212405,deslig,35000.0,1
2025,2,212405,deslig,36000.0,1
2025,2,212405,deslig,37500.0,1
2025,2,212405,deslig,40500.0,1
2025,2,212405,deslig,41500.0,1
2025,2,212405,deslig,45000.0,1
2025,2,212405,deslig,50000.0,2
2025,2,212410,adm,1500.0,25
2025,2,212410,adm,2000.0,76
2025,2,212410,adm,2500.0,52
2025,2,212410,adm,3000.0,67
2025,2,212410,adm,3500.0,45
2025,2,212410,adm,4000.0,54
2025,2,212410,adm,4500.0,26
2025,2,212410,adm,5000.0,34
2025,2,212410,adm,5500.0,23
2025,2,212410,adm,6000.0,29
2025,2,212410,adm,6500.0,19
2025,2,212410,adm,7000.0,16
2025,2,212410,adm,7500.0,24
2025,2,212410,adm,8000.0,21
2025,2,212410,adm,8500.0,11
2025,2,212410,adm,9000.0,9
2025,2,212410,adm,9500.0,2
2025,2,212410,adm,10000.0,9
2025,2,212410,adm,10500.0,7
2025,2,212410,adm,11000.0,16
2025,2,212410,adm,11500.0,3
2025,2,212410,adm,12000.0,9
2025,2,212410,adm,12500.0,1
2025,2,212410,adm,13000.0,9
2025,2,212410,adm,13500.0,2
2025,2,212410,adm,14000.0,4
2025,2,212410,adm,14500.0,4
2025,2,212410,adm,15000.0,6
2025,2,212410,adm,15500.0,3
2025,2,212410,adm,16000.0,2
2025,2,212410,adm,17000.0,4
2025,2,212410,adm,18000.0,2
2025,2,212410,adm,18500.0,2
2025,2,212410,adm,20000.0,2
2025,2,212410,adm,21000.0,1
2025,2,212410,adm,21500.0,1
2025,2,212410,adm,22000.0,1
2025,2,212410,adm,25000.0,1
2025,2,212410,adm,26000.0,1
2025,2,212410,adm,50000.0,1
2025,2,212410,deslig,1500.0,21
2025,2,212410,deslig,2000.0,49
2025,2,212410,deslig,2500.0,47
2025,2,212410,deslig,3000.0,53
2025,2,212410,deslig,3500.0,40
2025,2,212410,deslig,4000.0,33
2025,2,212410,deslig,4500.0,25
2025,2,212410,deslig,5000.0,25
2025,2,212410,deslig,5500.0,20
2025,2,212410,deslig,6000.0,16
2025,2,212410,deslig,6500.0,20
2025,2,212410,deslig,7000.0,18
2025,2,212410,deslig,7500.0,13
2025,2,212410,deslig,8000.0,12
2025,2,212410,deslig,8500.0,5
2025,2,212410,deslig,9000.0,3
2025,2,212410,deslig,9500.0,6
2025,2,212410,deslig,10000.0,6
2025,2,212410,deslig,10500.0,8
2025,2,212410,deslig,11000.0,1
2025,2,212410,deslig,11500.0,3
2025,2,212410,deslig,12000.0,4
2025,2,212410,deslig,12500.0,5
2025,2,212410,deslig,13000.0,3
2025,2,212410,deslig,13500.0,3
2025,2,212410,deslig,14000.0,5
2025,2,212410,deslig,14500.0,3
2025,2,212410,deslig,15000.0,2
2025,2,212410,deslig,16000.0,2
2025,2,212410,deslig,16500.0,3
2025,2,212410,deslig,17000.0,3
2025,2,212410,deslig,18000.0,1
2025,2,212410,deslig,18500.0,3
2025,2,212410,deslig,19000.0,3
2025,2,212410,deslig,19500.0,1
2025,2,212410,deslig,20000.0,2
2025,2,212410,deslig,24500.0,1
2025,2,212410,deslig,29000.0,1
2025,2,212410,deslig,31500.0,1
2025,2,212425,adm,2000.0,3
2025,2,212425,adm,2500.0,2
2025,2,212425,adm,4000.0,1
2025,2,212425,adm,4500.0,1
2025,2,212425,adm,6500.0,1
2025,2,212425,adm,7500.0,2
2025,2,212425,adm,8000.0,2
2025,2,212425,adm,8500.0,2
2025,2,212425,adm,9000.0,2
2025,2,212425,adm,9500.0,2
2025,2,212425,adm,10000.0,1
2025,2,212425,adm,10500.0,3
2025,2,212425,adm,11000.0,2
2025,2,212425,adm,11500.0,2
2025,2,212425,adm,12000.0,4
2025,2,212425,adm,13000.0,2
2025,2,212425,adm,13500.0,1
2025,2,212425,adm,14000.0,2
2025,2,212425,adm,15000.0,4
2025,2,212425,adm,15500.0,1
2025,2,212425,adm,16000.0,4
2025,2,212425,adm,16500.0,3
2025,2,212425,adm,17000.0,18
2025,2,212425,adm,17500.0,4
2025,2,212425,adm,18000.0,1
2025,2,212425,adm,19000.0,1
2025,2,212425,adm,20000.0,4
2025,2,212425,adm,20500.0,1
2025,2,212425,adm,21000.0,1
2025,2,212425,adm,21500.0,2
2025,2,212425,adm,22000.0,4
2025,2,212425,adm,23000.0,7
2025,2,212425,adm,25000.0,3
2025,2,212425,adm,26500.0,2
2025,2,212425,adm,27000.0,2
2025,2,212425,adm,28000.0,1
2025,2,212425,adm,32000.0,2
2025,2,212425,adm,33500.0,2
2025,2,212425,adm,34000.0,1
2025,2,212425,adm,35000.0,1
2025,2,212425,adm,42500.0,2
2025,2,212425,deslig,2000.0,1
2025,2,212425,deslig,2500.0,1
2025,2,212425,deslig,3000.0,1
2025,2,212425,deslig,4000.0,1
2025,2,212425,deslig,5500.0,1
2025,2,212425,deslig,6500.0,1
2025,2,212425,deslig,7000.0,3
2025,2,212425,deslig,7500.0,1
2025,2,212425,deslig,8500.0,1
2025,2,212425,deslig,9000.0,1
2025,2,212425,deslig,9500.0,3
2025,2,212425,deslig,10500.0,2
2025,2,212425,deslig,11000.0,4
2025,2,212425,deslig,11500.0,4
2025,2,212425,deslig,12000.0,1
2025,2,212425,deslig,12500.0,1
2025,2,212425,deslig,13000.0,3
2025,2,212425,deslig,13500.0,5
2025,2,212425,deslig,14000.0,2
2025,2,212425,deslig,14500.0,1
2025,2,212425,deslig,15000.0,4
2025,2,212425,deslig,15500.0,1
2025,2,212425,deslig,16000.0,8
2025,2,212425,deslig,16500.0,3
2025,2,212425,deslig,17000.0,3
2025,2,212425,deslig,17500.0,3
2025,2,212425,deslig,18000.0,2
2025,2,212425,deslig,18500.0,1
2025,2,212425,deslig,19000.0,1
2025,2,212425,deslig,19500.0,3
2025,2,212425,deslig,20000.0,3
2025,2,212425,deslig,20500.0,2
2025,2,212425,deslig,21000.0,3
2025,2,212425,deslig,22000.0,2
2025,2,212425,deslig,24000.0,1
2025,2,212425,deslig,26000.0,1
2025,2,212425,deslig,28000.0,1
2025,2,212425,deslig,40000.0,1
2025,3,203105,adm,1500.0,1
2025,3,203105,adm,3500.0,1
2025,3,203105,adm,4000.0,2
2025,3,203105,adm,6000.0,1
2025,3,203105,adm,7000.0,3
2025,3,203105,adm,7500.0,4
2025,3,203105,adm,8000.0,4
2025,3,203105,adm,8500.0,1
2025,3,203105,adm,10000.0,3
2025,3,203105,adm,10500.0,4
2025,3,203105,adm,11000.0,4
2025,3,203105,adm,12000.0,1
2025,3,203105,adm,12500.0,2
2025,3,203105,adm,13500.0,1
2025,3,203105,adm,14000.0,3
2025,3,203105,adm,14500.0,1
2025,3,203105,adm,15000.0,3
2025,3,203105,adm,15500.0,1
2025,3,203105,adm,17000.0,2
2025,3,203105,adm,20000.0,2
2025,3,203105,adm,21000.0,1
2025,3,203105,adm,30000.0,1
2025,3,203105,deslig,4000.0,1
2025,3,203105,deslig,4500.0,3
2025,3,203105,deslig,5000.0,1
2025,3,203105,deslig,5500.0,1
2025,3,203105,deslig,6500.0,2
2025,3,203105,deslig,7000.0,1
2025,3,203105,deslig,7500.0,2
2025,3,203105,deslig,8000.0,4
2025,3,203105,deslig,8500.0,4
2025,3,203105,deslig,9000.0,1
2025,3,203105,deslig,9500.0,1
2025,3,203105,deslig,10000.0,2
2025,3,203105,deslig,12000.0,1
2025,3,203105,deslig,12500.0,2
2025,3,203105,deslig,14000.0,3
2025,3,203105,deslig,15500.0,2
2025,3,203105,deslig,16000.0,1
2025,3,203105,deslig,17000.0,1
2025,3,203105,deslig,18000.0,1
2025,3,203105,deslig,30000.0,1
2025,3,211205,adm,2000.0,1
2025,3,211205,adm,3000.0,1
2025,3,211205,adm,3500.0,1
2025,3,211205,adm,4000.0,2
2025,3,211205,adm,4500.0,3
2025,3,211205,adm,5000.0,5
2025,3,211205,adm,5500.0,2
2025,3,211205,adm,6000.0,3
2025,3,211205,adm,6500.0,3
2025,3,211205,adm,7000.0,4
2025,3,211205,adm,9000.0,1
2025,3,211205,adm,9500.0,1
2025,3,211205,adm,11000.0,2
2025,3,211205,adm,12500.0,3
2025,3,211205,adm,13500.0,1
2025,3,211205,adm,19000.0,1
2025,3,211205,adm,20500.0,1
2025,3,211205,adm,30000.0,1
2025,3,211205,deslig,2500.0,1
2025,3,211205,deslig,3000.0,1
2025,3,211205,deslig,3500.0,1
2025,3,211205,deslig,4000.0,3
2025,3,211205,deslig,4500.0,1
2025,3,211205,deslig,5000.0,2
2025,3,211205,deslig,5500.0,2
2025,3,211205,deslig,7000.0,1
2025,3,211205,deslig,8000.0,2
2025,3,211205,deslig,8500.0,2
2025,3,211205,deslig,10000.0,1
2025,3,211205,deslig,10500.0,1
2025,3,211205,deslig,11500.0,1
2025,3,211205,deslig,12500.0,1
2025,3,211205,deslig,13500.0,1
2025,3,211205,deslig,14500.0,1
2025,3,211205,deslig,15500.0,1
2025,3,211205,deslig,17000.0,1
2025,3,211205,deslig,17500.0,1
2025,3,211205,deslig,24500.0,1
2025,3,211210,adm,2000.0,1
2025,3,211210,adm,6000.0,1
2025,3,211210,adm,7500.0,1
2025,3,211210,adm,17500.0,1
2025,3,211210,deslig,3000.0,1
2025,3,211210,deslig,3500.0,1
2025,3,211210,deslig,5000.0,1
2025,3,211210,deslig,5500.0,1
2025,3,211210,deslig,6500.0,2
2025,3,211210,deslig,11000.0,1
2025,3,211210,deslig,12500.0,1
2025,3,211210,deslig,20000.0,1
2025,3,211215,adm,7000.0,2
2025,3,211220,adm,2500.0,2
2025,3,211220,adm,3000.0,3
2025,3,211220,adm,3500.0,2
2025,3,211220,adm,4000.0,2
2025,3,211220,adm,5500.0,3
2025,3,211220,adm,6000.0,5
2025,3,211220,adm,6500.0,1
2025,3,211220,adm,7000.0,3
2025,3,211220,adm,8000.0,1
2025,3,211220,adm,8500.0,1
2025,3,211220,adm,9000.0,2
2025,3,211220,adm,9500.0,2
2025,3,211220,adm,10000.0,1
2025,3,211220,adm,10500.0,3
2025,3,211220,adm,11500.0,1
2025,3,211220,adm,12000.0,3
2025,3,211220,adm,12500.0,3
2025,3,211220,adm,13000.0,3
2025,3,211220,adm,13500.0,1
2025,3,211220,adm,14000.0,2
2025,3,211220,adm,14500.0,1
2025,3,211220,adm,16000.0,2
2025,3,211220,adm,17000.0,2
2025,3,211220,adm,17500.0,1
2025,3,211220,adm,20000.0,1
2025,3,211220,adm,22000.0,1
2025,3,211220,adm,22500.0,1
2025,3,211220,adm,24000.0,1
2025,3,211220,adm,25000.0,3
2025,3,211220,adm,33000.0,1
2025,3,211220,adm,40000.0,1
2025,3,211220,adm,42000.0,1
2025,3,211220,deslig,1500.0,1
2025,3,211220,deslig,3500.0,1
2025,3,211220,deslig,4000.0,1
2025,3,211220,deslig,4500.0,2
2025,3,211220,deslig,5000.0,3
2025,3,211220,deslig,6000.0,1
2025,3,211220,deslig,6500.0,1
2025,3,211220,deslig,7000.0,2
2025,3,211220,deslig,7500.0,2
2025,3,211220,deslig,8000.0,3
2025,3,211220,deslig,8500.0,1
2025,3,211220,deslig,9500.0,1
2025,3,211220,deslig,10000.0,2
2025,3,211220,deslig,11500.0,1
2025,3,211220,deslig,12000.0,2
2025,3,211220,deslig,13000.0,3
2025,3,211220,deslig,13500.0,1
2025,3,211220,deslig,14000.0,1
2025,3,211220,deslig,14500.0,1
2025,3,211220,deslig,15000.0,1
2025,3,211220,deslig,15500.0,1
2025,3,211220,deslig,17000.0,2
2025,3,211220,deslig,17500.0,1
2025,3,211220,deslig,18000.0,1
2025,3,211220,deslig,23000.0,1
2025,3,212205,adm,0.0,1
2025,3,212205,adm,2000.0,1
2025,3,212205,adm,2500.0,1
2025,3,212205,adm,3000.0,4
2025,3,212205,adm,3500.0,1
2025,3,212205,adm,4000.0,1
2025,3,212205,adm,4500.0,1
2025,3,212205,adm,5000.0,1
2025,3,212205,adm,5500.0,2
2025,3,212205,adm,6000.0,4
2025,3,212205,adm,6500.0,11
2025,3,212205,adm,7000.0,4
2025,3,212205,adm,7500.0,1
2025,3,212205,adm,8000.0,11
2025,3,212205,adm,8500.0,3
2025,3,212205,adm,9000.0,5
2025,3,212205,adm,9500.0,4
2025,3,212205,adm,10000.0,7
2025,3,212205,adm,10500.0,5
2025,3,212205,adm,11000.0,4
2025,3,212205,adm,11500.0,8
2025,3,212205,adm,12000.0,8
2025,3,212205,adm,12500.0,8
2025,3,212205,adm,13000.0,11
2025,3,212205,adm,13500.0,3
2025,3,212205,adm,14000.0,12
2025,3,212205,adm,14500.0,1
2025,3,212205,adm,15000.0,14
2025,3,212205,adm,15500.0,4
2025,3,212205,adm,16000.0,8
2025,3,212205,adm,16500.0,4
2025,3,212205,adm,17000.0,8
2025,3,212205,adm,17500.0,4
2025,3,212205,adm,18000.0,8
2025,3,212205,adm,18500.0,6
2025,3,212205,adm,19000.0,1
2025,3,212205,adm,20000.0,9
2025,3,212205,adm,20500.0,1
2025,3,212205,adm,21000.0,3
2025,3,212205,adm,21500.0,2
2025,3,212205,adm,23000.0,1
2025,3,212205,adm,23500.0,3
2025,3,212205,adm,24000.0,4
2025,3,212205,adm,24500.0,2
2025,3,212205,adm,25000.0,8
2025,3,212205,adm,25500.0,1
2025,3,212205,adm,26000.0,5
2025,3,212205,adm,26500.0,4
2025,3,212205,adm,27000.0,2
2025,3,212205,adm,27500.0,1
2025,3,212205,adm,28000.0,1
2025,3,212205,adm,29000.0,1
2025,3,212205,adm,30500.0,3
2025,3,212205,adm,31000.0,2
2025,3,212205,adm,32000.0,1
2025,3,212205,adm,34000.0,1
2025,3,212205,adm,36500.0,1
2025,3,212205,adm,41500.0,1
2025,3,212205,adm,45000.0,1
2025,3,212205,adm,45500.0,2
2025,3,212205,adm,46000.0,1
2025,3,212205,adm,47000.0,1
2025,3,212205,adm,48000.0,1
2025,3,212205,adm,48500.0,1
2025,3,212205,adm,50000.0,7
2025,3,212205,deslig,2000.0,3
2025,3,212205,deslig,2500.0,2
2025,3,212205,deslig,3000.0,3
2025,3,212205,deslig,3500.0,1
2025,3,212205,deslig,4000.0,2
2025,3,212205,deslig,4500.0,1
2025,3,212205,deslig,5000.0,1
2025,3,212205,deslig,5500.0,1
2025,3,212205,deslig,6000.0,4
2025,3,212205,deslig,6500.0,1
2025,3,212205,deslig,7000.0,7
2025,3,212205,deslig,7500.0,5
2025,3,212205,deslig,8000.0,3
2025,3,212205,deslig,8500.0,3
2025,3,212205,deslig,9000.0,2
2025,3,212205,deslig,9500.0,1
2025,3,212205,deslig,10000.0,5
2025,3,212205,deslig,10500.0,5
2025,3,212205,deslig,11000.0,4
2025,3,212205,deslig,11500.0,2
2025,3,212205,deslig,12000.0,5
2025,3,212205,deslig,12500.0,5
2025,3,212205,deslig,13500.0,2
2025,3,212205,deslig,14000.0,8
2025,3,212205,deslig,14500.0,1
2025,3,212205,deslig,15000.0,8
2025,3,212205,deslig,15500.0,3
2025,3,212205,deslig,16500.0,3
2025,3,212205,deslig,17000.0,3
2025,3,212205,deslig,17500.0,4
2025,3,212205,deslig,18000.0,1
2025,3,212205,deslig,18500.0,2
2025,3,212205,deslig,19500.0,3
2025,3,212205,deslig,21000.0,1
2025,3,212205,deslig,22000.0,1
2025,3,212205,deslig,22500.0,2
2025,3,212205,deslig,23000.0,1
2025,3,212205,deslig,24000.0,2
2025,3,212205,deslig,24500.0,2
2025,3,212205,deslig,25000.0,4
2025,3,212205,deslig,26000.0,1
2025,3,212205,deslig,26500.0,1
2025,3,212205,deslig,27000.0,1
2025,3,212205,deslig,31500.0,1
2025,3,212205,deslig,32000.0,1
2025,3,212205,deslig,33500.0,1
2025,3,212205,deslig,36000.0,1
2025,3,212205,deslig,40000.0,1
2025,3,212205,deslig,42500.0,2
2025,3,212205,deslig,50000.0,1
2025,3,212210,adm,3500.0,1
2025,3,212210,adm,7500.0,1
2025,3,212210,adm,11000.0,1
2025,3,212210,adm,17000.0,1
2025,3,212210,adm,27000.0,1
2025,3,212210,adm,50000.0,1
2025,3,212210,deslig,5500.0,1
2025,3,212210,deslig,8000.0,1
2025,3,212210,deslig,9500.0,1
2025,3,212210,deslig,13000.0,1
2025,3,212210,deslig,13500.0,1
2025,3,212210,deslig,19000.0,3
2025,3,212210,deslig,31500.0,1
2025,3,212210,deslig,38000.0,1
2025,3,212215,adm,2000.0,1
2025,3,212215,adm,2500.0,1
2025,3,212215,adm,3500.0,1
2025,3,212215,adm,4000.0,2
2025,3,212215,adm,4500.0,1
2025,3,212215,adm,5000.0,4
2025,3,212215,adm,6000.0,10
2025,3,212215,adm,6500.0,6
2025,3,212215,adm,7000.0,3
2025,3,212215,adm,7500.0,3
2025,3,212215,adm,8000.0,5
2025,3,212215,adm,9000.0,12
2025,3,212215,adm,9500.0,1
2025,3,212215,adm,10000.0,5
2025,3,212215,adm,10500.0,2
2025,3,212215,adm,11000.0,4
2025,3,212215,adm,11500.0,5
2025,3,212215,adm,12000.0,4
2025,3,212215,adm,13000.0,8
2025,3,212215,adm,13500.0,3
2025,3,212215,adm,14000.0,9
2025,3,212215,adm,14500.0,3
2025,3,212215,adm,15000.0,8
2025,3,212215,adm,15500.0,4
2025,3,212215,adm,16000.0,9
2025,3,212215,adm,16500.0,3
2025,3,212215,adm,17000.0,8
2025,3,212215,adm,17500.0,6
2025,3,212215,adm,18000.0,5
2025,3,212215,adm,19000.0,3
2025,3,212215,adm,19500.0,1
2025,3,212215,adm,20000.0,3
2025,3,212215,adm,20500.0,3
2025,3,212215,adm,21000.0,1
2025,3,212215,adm,22500.0,1
2025,3,212215,adm,23000.0,1
2025,3,212215,adm,24000.0,2
2025,3,212215,adm,25000.0,7
2025,3,212215,adm,25500.0,5
2025,3,212215,adm,26000.0,2
2025,3,212215,adm,27000.0,2
2025,3,212215,adm,27500.0,3
2025,3,212215,adm,28500.0,2
2025,3,212215,adm,30500.0,1
2025,3,212215,adm,31000.0,1
2025,3,212215,adm,31500.0,1
2025,3,212215,adm,32000.0,1
2025,3,212215,adm,33000.0,2
2025,3,212215,adm,33500.0,1
2025,3,212215,adm,35000.0,1
2025,3,212215,adm,36500.0,1
2025,3,212215,adm,38500.0,1
2025,3,212215,adm,39000.0,1
2025,3,212215,adm,45000.0,1
2025,3,212215,adm,50000.0,5
2025,3,212215,deslig,1500.0,1
2025,3,212215,deslig,2000.0,1
2025,3,212215,deslig,3000.0,1
2025,3,212215,deslig,3500.0,2
2025,3,212215,deslig,4000.0,3
2025,3,212215,deslig,5000.0,5
2025,3,212215,deslig,5500.0,3
2025,3,212215,deslig,6000.0,7
2025,3,212215,deslig,6500.0,1
2025,3,212215,deslig,7000.0,4
2025,3,212215,deslig,7500.0,2
2025,3,212215,deslig,8000.0,3
2025,3,212215,deslig,8500.0,3
2025,3,212215,deslig,9000.0,13
2025,3,212215,deslig,9500.0,6
2025,3,212215,deslig,10000.0,3
2025,3,212215,deslig,10500.0,5
2025,3,212215,deslig,11000.0,8
2025,3,212215,deslig,11500.0,2
2025,3,212215,deslig,12000.0,4
2025,3,212215,deslig,12500.0,7
2025,3,212215,deslig,13000.0,5
2025,3,212215,deslig,13500.0,3
2025,3,212215,deslig,14000.0,3
2025,3,212215,deslig,14500.0,3
2025,3,212215,deslig,15000.0,3
2025,3,212215,deslig,15500.0,2
2025,3,212215,deslig,16000.0,8
2025,3,212215,deslig,16500.0,13
2025,3,212215,deslig,17000.0,2
2025,3,212215,deslig,17500.0,5
2025,3,212215,deslig,18000.0,4
2025,3,212215,deslig,18500.0,1
2025,3,212215,deslig,20000.0,5
2025,3,212215,deslig,21000.0,1
2025,3,212215,deslig,21500.0,4
2025,3,212215,deslig,22000.0,2
2025,3,212215,deslig,23000.0,2
2025,3,212215,deslig,24000.0,1
2025,3,212215,deslig,24500.0,1
2025,3,212215,deslig,25500.0,1
2025,3,212215,deslig,27500.0,2
2025,3,212215,deslig,28000.0,1
2025,3,212215,deslig,28500.0,2
2025,3,212215,deslig,30000.0,3
2025,3,212215,deslig,30500.0,1
2025,3,212215,deslig,31500.0,1
2025,3,212215,deslig,35500.0,1
2025,3,212215,deslig,38000.0,1
2025,3,212215,deslig,39500.0,1
2025,3,212215,deslig,40500.0,1
2025,3,212215,deslig,41500.0,1
2025,3,212215,deslig,44500.0,2
2025,3,212215,deslig,46000.0,1
2025,3,212215,deslig,47000.0,1
2025,3,212215,deslig,48500.0,1
2025,3,212305,adm,1500.0,1
2025,3,212305,adm,2500.0,3
2025,3,212305,adm,3000.0,8
2025,3,212305,adm,3500.0,6
2025,3,212305,adm,4000.0,5
2025,3,212305,adm,4500.0,3
2025,3,212305,adm,5000.0,5
2025,3,212305,adm,5500.0,5
2025,3,212305,adm,6000.0,6
2025,3,212305,adm,6500.0,3
2025,3,212305,adm,7000.0,6
2025,3,212305,adm,8000.0,6
2025,3,212305,adm,8500.0,6
2025,3,212305,adm,9000.0,7
2025,3,212305,adm,9500.0,3
2025,3,212305,adm,10000.0,5
2025,3,212305,adm,10500.0,2
2025,3,212305,adm,11000.0,5
2025,3,212305,adm,11500.0,3
2025,3,212305,adm,12000.0,10
2025,3,212305,adm,12500.0,4
2025,3,212305,adm,13000.0,1
2025,3,212305,adm,13500.0,3
2025,3,212305,adm,14000.0,3
2025,3,212305,adm,14500.0,4
2025,3,212305,adm,15000.0,5
2025,3,212305,adm,15500.0,1
2025,3,212305,adm,16000.0,1
2025,3,212305,adm,16500.0,1
2025,3,212305,adm,17000.0,3
2025,3,212305,adm,17500.0,1
2025,3,212305,adm,18000.0,3
2025,3,212305,adm,20000.0,1
2025,3,212305,adm,21500.0,1
2025,3,212305,adm,25500.0,1
2025,3,212305,adm,30000.0,1
2025,3,212305,adm,36000.0,1
2025,3,212305,deslig,1500.0,1
2025,3,212305,deslig,2000.0,3
2025,3,212305,deslig,2500.0,1
2025,3,212305,deslig,3000.0,1
2025,3,212305,deslig,3500.0,4
2025,3,212305,deslig,4000.0,7
2025,3,212305,deslig,4500.0,2
2025,3,212305,deslig,5000.0,6
2025,3,212305,deslig,5500.0,5
2025,3,212305,deslig,6000.0,2
2025,3,212305,deslig,6500.0,1
2025,3,212305,deslig,7000.0,4
2025,3,212305,deslig,7500.0,2
2025,3,212305,deslig,8000.0,4
2025,3,212305,deslig,8500.0,5
2025,3,212305,deslig,9000.0,6
2025,3,212305,deslig,9500.0,4
2025,3,212305,deslig,10000.0,6
2025,3,212305,deslig,10500.0,3
2025,3,212305,deslig,11000.0,6
2025,3,212305,deslig,11500.0,4
2025,3,212305,deslig,12000.0,3
2025,3,212305,deslig,12500.0,2
2025,3,212305,deslig,13000.0,3
2025,3,212305,deslig,13500.0,5
2025,3,212305,deslig,14000.0,2
2025,3,212305,deslig,14500.0,2
2025,3,212305,deslig,15000.0,3
2025,3,212305,deslig,15500.0,1
2025,3,212305,deslig,17000.0,1
2025,3,212305,deslig,17500.0,1
2025,3,212305,deslig,18000.0,1
2025,3,212305,deslig,18500.0,1
2025,3,212305,deslig,19000.0,2
2025,3,212305,deslig,19500.0,1
2025,3,212305,deslig,20000.0,1
2025,3,212305,deslig,21000.0,1
2025,3,212305,deslig,22000.0,1
2025,3,212305,deslig,23000.0,1
2025,3,212305,deslig,24000.0,2
2025,3,212305,deslig,24500.0,2
2025,3,212305,deslig,25500.0,1
2025,3,212305,deslig,40500.0,1
2025,3,212305,deslig,42500.0,1
2025,3,212405,adm,0.0,6
2025,3,212405,adm,1000.0,1
2025,3,212405,adm,1500.0,41
2025,3,212405,adm,2000.0,136
2025,3,212405,adm,2500.0,116
2025,3,212405,adm,3000.0,134
2025,3,212405,adm,3500.0,124
2025,3,212405,adm,4000.0,131
2025,3,212405,adm,4500.0,106
2025,3,212405,adm,5000.0,104
2025,3,212405,adm,5500.0,102
2025,3,212405,adm,6000.0,95
2025,3,212405,adm,6500.0,125
2025,3,212405,adm,7000.0,128
2025,3,212405,adm,7500.0,93
2025,3,212405,adm,8000.0,123
2025,3,212405,adm,8500.0,67
2025,3,212405,adm,9000.0,100
2025,3,212405,adm,9500.0,88
2025,3,212405,adm,10000.0,141
2025,3,212405,adm,10500.0,52
2025,3,212405,adm,11000.0,89
2025,3,212405,adm,11500.0,54
2025,3,212405,adm,12000.0,97
2025,3,212405,adm,12500.0,44
2025,3,212405,adm,13000.0,66
2025,3,212405,adm,13500.0,37
2025,3,212405,adm,14000.0,65
2025,3,212405,adm,14500.0,32
2025,3,212405,adm,15000.0,91
2025,3,212405,adm,15500.0,27
2025,3,212405,adm,16000.0,38
2025,3,212405,adm,16500.0,16
2025,3,212405,adm,17000.0,39
2025,3,212405,adm,17500.0,13
2025,3,212405,adm,18000.0,30
2025,3,212405,adm,18500.0,11
2025,3,212405,adm,19000.0,12
2025,3,212405,adm,19500.0,18
2025,3,212405,adm,20000.0,16
2025,3,212405,adm,20500.0,3
2025,3,212405,adm,21000.0,8
2025,3,212405,adm,21500.0,1
2025,3,212405,adm,22000.0,8
2025,3,212405,adm,22500.0,3
2025,3,212405,adm,23000.0,4
2025,3,212405,adm,23500.0,1
2025,3,212405,adm,24000.0,8
2025,3,212405,adm,25000.0,4
2025,3,212405,adm,25500.0,2
2025,3,212405,adm,26000.0,1
2025,3,212405,adm,26500.0,2
2025,3,212405,adm,28000.0,1
2025,3,212405,adm,28500.0,1
2025,3,212405,adm,29000.0,1
2025,3,212405,adm,29500.0,1
2025,3,212405,adm,30000.0,3
2025,3,212405,adm,32000.0,1
2025,3,212405,adm,33000.0,4
2025,3,212405,adm,34000.0,2
2025,3,212405,adm,38000.0,1
2025,3,212405,adm,48000.0,1
2025,3,212405,adm,50000.0,2
2025,3,212405,deslig,0.0,10
2025,3,212405,deslig,1500.0,34
2025,3,212405,deslig,2000.0,116
2025,3,212405,deslig,2500.0,106
2025,3,212405,deslig,3000.0,103
2025,3,212405,deslig,3500.0,120
2025,3,212405,deslig,4000.0,99
2025,3,212405,deslig,4500.0,116
2025,3,212405,deslig,5000.0,126
2025,3,212405,deslig,5500.0,99
2025,3,212405,deslig,6000.0,117
2025,3,212405,deslig,6500.0,89
2025,3,212405,deslig,7000.0,109
2025,3,212405,deslig,7500.0,98
2025,3,212405,deslig,8000.0,121
2025,3,212405,deslig,8500.0,73
2025,3,212405,deslig,9000.0,109
2025,3,212405,deslig,9500.0,88
2025,3,212405,deslig,10000.0,105
2025,3,212405,deslig,10500.0,89
2025,3,212405,deslig,11000.0,84
2025,3,212405,deslig,11500.0,60
2025,3,212405,deslig,12000.0,90
2025,3,212405,deslig,12500.0,58
2025,3,212405,deslig,13000.0,76
2025,3,212405,deslig,13500.0,48
2025,3,212405,deslig,14000.0,64
2025,3,212405,deslig,14500.0,39
2025,3,212405,deslig,15000.0,70
2025,3,212405,deslig,15500.0,26
2025,3,212405,deslig,16000.0,33
2025,3,212405,deslig,16500.0,28
2025,3,212405,deslig,17000.0,28
2025,3,212405,deslig,17500.0,19
2025,3,212405,deslig,18000.0,22
2025,3,212405,deslig,18500.0,15
2025,3,212405,deslig,19000.0,17
2025,3,212405,deslig,19500.0,9
2025,3,212405,deslig,20000.0,8
2025,3,212405,deslig,20500.0,7
2025,3,212405,deslig,21000.0,5
2025,3,212405,deslig,21500.0,2
2025,3,212405,deslig,22000.0,4
2025,3,212405,deslig,22500.0,3
2025,3,212405,deslig,23000.0,7
2025,3,212405,deslig,23500.0,1
2025,3,212405,deslig,24000.0,2
2025,3,212405,deslig,24500.0,1
2025,3,212405,deslig,25500.0,1
2025,3,212405,deslig,26000.0,2
2025,3,212405,deslig,26500.0,1
2025,3,212405,deslig,27000.0,1
2025,3,212405,deslig,27500.0,1
2025,3,212405,deslig,29000.0,1
2025,3,212405,deslig,30500.0,1
2025,3,212405,deslig,32000.0,1
2025,3,212405,deslig,35000.0,1
2025,3,212405,deslig,36500.0,1
2025,3,212405,deslig,39000.0,1
2025,3,212405,deslig,39500.0,1
2025,3,212405,deslig,45000.0,1
2025,3,212410,adm,0.0,1
2025,3,212410,adm,1000.0,1
2025,3,212410,adm,1500.0,38
2025,3,212410,adm,2000.0,43
2025,3,212410,adm,2500.0,34
2025,3,212410,adm,3000.0,38
2025,3,212410,adm,3500.0,41
2025,3,212410,adm,4000.0,27
2025,3,212410,adm,4500.0,36
2025,3,212410,adm,5000.0,28
2025,3,212410,adm,5500.0,15
2025,3,212410,adm,6000.0,17
2025,3,212410,adm,6500.0,15
2025,3,212410,adm,7000.0,8
2025,3,212410,adm,7500.0,9
2025,3,212410,adm,8000.0,21
2025,3,212410,adm,8500.0,6
2025,3,212410,adm,9000.0,6
2025,3,212410,adm,9500.0,7
2025,3,212410,adm,10000.0,9
2025,3,212410,adm,10500.0,2
2025,3,212410,adm,11000.0,6
2025,3,212410,adm,11500.0,6
2025,3,212410,adm,12000.0,13
2025,3,212410,adm,12500.0,6
2025,3,212410,adm,13000.0,3
2025,3,212410,adm,13500.0,1
2025,3,212410,adm,14000.0,6
2025,3,212410,adm,14500.0,4
2025,3,212410,adm,15000.0,4
2025,3,212410,adm,15500.0,4
2025,3,212410,adm,16000.0,3
2025,3,212410,adm,16500.0,6
2025,3,212410,adm,17000.0,2
2025,3,212410,adm,18500.0,1
2025,3,212410,adm,19000.0,1
2025,3,212410,adm,20000.0,2
2025,3,212410,adm,21500.0,1
2025,3,212410,adm,22000.0,2
2025,3,212410,adm,23000.0,1
2025,3,212410,adm,24000.0,1
2025,3,212410,adm,42500.0,1
2025,3,212410,deslig,0.0,2
2025,3,212410,deslig,1500.0,32
2025,3,212410,deslig,2000.0,41
2025,3,212410,deslig,2500.0,37
2025,3,212410,deslig,3000.0,54
2025,3,212410,deslig,3500.0,38
2025,3,212410,deslig,4000.0,38
2025,3,212410,deslig,4500.0,27
2025,3,212410,deslig,5000.0,14
2025,3,212410,deslig,5500.0,29
2025,3,212410,deslig,6000.0,18
2025,3,212410,deslig,6500.0,19
2025,3,212410,deslig,7000.0,16
2025,3,212410,deslig,7500.0,9
2025,3,212410,deslig,8000.0,12
2025,3,212410,deslig,8500.0,8
2025,3,212410,deslig,9000.0,12
2025,3,212410,deslig,9500.0,14
2025,3,212410,deslig,10000.0,7
2025,3,212410,deslig,10500.0,5
2025,3,212410,deslig,11000.0,9
2025,3,212410,deslig,11500.0,5
2025,3,212410,deslig,12000.0,7
2025,3,212410,deslig,12500.0,7
2025,3,212410,deslig,13000.0,4
2025,3,212410,deslig,13500.0,6
2025,3,212410,deslig,14000.0,1
2025,3,212410,deslig,14500.0,2
2025,3,212410,deslig,15000.0,4
2025,3,212410,deslig,15500.0,3
2025,3,212410,deslig,16000.0,5
2025,3,212410,deslig,16500.0,4
2025,3,212410,deslig,17000.0,5
2025,3,212410,deslig,17500.0,2
2025,3,212410,deslig,18000.0,1
2025,3,212410,deslig,18500.0,1
2025,3,212410,deslig,19000.0,1
2025,3,212410,deslig,20500.0,1
2025,3,212410,deslig,24000.0,1
2025,3,212410,deslig,25500.0,1
2025,3,212410,deslig,27000.0,2
2025,3,212410,deslig,28500.0,1
2025,3,212410,deslig,32500.0,1
2025,3,212410,deslig,40000.0,1
2025,3,212410,deslig,41500.0,1
2025,3,212410,deslig,50000.0,1
2025,3,212425,adm,2000.0,1
2025,3,212425,adm,2500.0,1
2025,3,212425,adm,4000.0,2
2025,3,212425,adm,4500.0,1
2025,3,212425,adm,5000.0,1
2025,3,212425,adm,6000.0,1
2025,3,212425,adm,6500.0,1
2025,3,212425,adm,7500.0,1
2025,3,212425,adm,8000.0,3
2025,3,212425,adm,9000.0,2
2025,3,212425,adm,9500.0,1
2025,3,212425,adm,10000.0,3
2025,3,212425,adm,10500.0,1
2025,3,212425,adm,11000.0,3
2025,3,212425,adm,11500.0,1
2025,3,212425,adm,12000.0,6
2025,3,212425,adm,13000.0,1
2025,3,212425,adm,13500.0,1
2025,3,212425,adm,14000.0,2
2025,3,212425,adm,14500.0,3
2025,3,212425,adm,15000.0,6
2025,3,212425,adm,16000.0,1
2025,3,212425,adm,16500.0,2
2025,3,212425,adm,17000.0,7
2025,3,212425,adm,17500.0,1
2025,3,212425,adm,18000.0,6
2025,3,212425,adm,18500.0,2
2025,3,212425,adm,20000.0,1
2025,3,212425,adm,21000.0,5
2025,3,212425,adm,21500.0,3
2025,3,212425,adm,23000.0,2
2025,3,212425,adm,24000.0,2
2025,3,212425,adm,25000.0,4
2025,3,212425,adm,27500.0,1
2025,3,212425,adm,30000.0,1
2025,3,212425,adm,31500.0,1
2025,3,212425,adm,50000.0,1
2025,3,212425,deslig,2000.0,1
2025,3,212425,deslig,2500.0,1
2025,3,212425,deslig,3500.0,1
2025,3,212425,deslig,4000.0,1
2025,3,212425,deslig,4500.0,1
2025,3,212425,deslig,6500.0,3
2025,3,212425,deslig,7500.0,3
2025,3,212425,deslig,8000.0,1
2025,3,212425,deslig,9500.0,2
2025,3,212425,deslig,10000.0,3
2025,3,212425,deslig,10500.0,4
2025,3,212425,deslig,11500.0,2
2025,3,212425,deslig,12000.0,4
2025,3,212425,deslig,12500.0,1
2025,3,212425,deslig,13000.0,3
2025,3,212425,deslig,13500.0,3
2025,3,212425,deslig,14000.0,2
2025,3,212425,deslig,14500.0,4
2025,3,212425,deslig,15000.0,3
2025,3,212425,deslig,15500.0,1
2025,3,212425,deslig,16000.0,5
2025,3,212425,deslig,16500.0,4
2025,3,212425,deslig,17000.0,3
2025,3,212425,deslig,17500.0,5
2025,3,212425,deslig,18000.0,2
2025,3,212425,deslig,18500.0,5
2025,3,212425,deslig,19000.0,1
2025,3,212425,deslig,19500.0,5
2025,3,212425,deslig,20000.0,1
2025,3,212425,deslig,20500.0,2
2025,3,212425,deslig,21000.0,1
2025,3,212425,deslig,21500.0,1
2025,3,212425,deslig,22000.0,2
2025,3,212425,deslig,23500.0,1
2025,3,212425,deslig,25000.0,2
2025,3,212425,deslig,29500.0,1
2025,4,203105,adm,3000.0,1
2025,4,203105,adm,4000.0,2
2025,4,203105,adm,5000.0,3
2025,4,203105,adm,5500.0,1
2025,4,203105,adm,6000.0,2
2025,4,203105,adm,6500.0,2
2025,4,203105,adm,7000.0,3
2025,4,203105,adm,7500.0,1
2025,4,203105,adm,8000.0,1
2025,4,203105,adm,9000.0,1
2025,4,203105,adm,10500.0,5
2025,4,203105,adm,11000.0,2
2025,4,203105,adm,12000.0,2
2025,4,203105,adm,13000.0,2
2025,4,203105,adm,13500.0,1
2025,4,203105,adm,14000.0,1
2025,4,203105,adm,15500.0,1
2025,4,203105,adm,17000.0,1
2025,4,203105,adm,20000.0,1
2025,4,203105,adm,50000.0,1
2025,4,203105,deslig,3000.0,1
2025,4,203105,deslig,4000.0,2
2025,4,203105,deslig,6000.0,2
2025,4,203105,deslig,6500.0,1
2025,4,203105,deslig,8500.0,1
2025,4,203105,deslig,9000.0,2
2025,4,203105,deslig,9500.0,1
2025,4,203105,deslig,10000.0,2
2025,4,203105,deslig,10500.0,2
2025,4,203105,deslig,11000.0,2
2025,4,203105,deslig,12000.0,2
2025,4,203105,deslig,12500.0,1
2025,4,203105,deslig,13500.0,1
2025,4,203105,deslig,14500.0,1
2025,4,203105,deslig,16500.0,1
2025,4,203105,deslig,18500.0,1
2025,4,203105,deslig,19000.0,1
2025,4,203105,deslig,20000.0,1
2025,4,203105,deslig,22000.0,1
2025,4,203105,deslig,24000.0,1
2025,4,203105,deslig,26500.0,1
2025,4,211205,adm,0.0,1
2025,4,211205,adm,2000.0,1
2025,4,211205,adm,2500.0,2
2025,4,211205,adm,3500.0,1
2025,4,211205,adm,4000.0,1
2025,4,211205,adm,4500.0,4
2025,4,211205,adm,5000.0,1
2025,4,211205,adm,6000.0,3
2025,4,211205,adm,7000.0,4
2025,4,211205,adm,7500.0,1
2025,4,211205,adm,8000.0,3
2025,4,211205,adm,9000.0,1
2025,4,211205,adm,10000.0,4
2025,4,211205,adm,11500.0,2
2025,4,211205,adm,12000.0,1
2025,4,211205,adm,15000.0,2
2025,4,211205,adm,16000.0,1
2025,4,211205,adm,17000.0,2
2025,4,211205,adm,21000.0,1
2025,4,211205,adm,22000.0,1
2025,4,211205,deslig,3000.0,1
2025,4,211205,deslig,3500.0,2
2025,4,211205,deslig,4000.0,2
2025,4,211205,deslig,4500.0,1
2025,4,211205,deslig,5000.0,7
2025,4,211205,deslig,5500.0,5
2025,4,211205,deslig,6000.0,1
2025,4,211205,deslig,6500.0,1
2025,4,211205,deslig,7500.0,2
2025,4,211205,deslig,8000.0,4
2025,4,211205,deslig,8500.0,1
2025,4,211205,deslig,9000.0,1
2025,4,211205,deslig,9500.0,3
2025,4,211205,deslig,10000.0,2
2025,4,211205,deslig,10500.0,2
2025,4,211205,deslig,11500.0,2
2025,4,211205,deslig,12000.0,1
2025,4,211205,deslig,13000.0,1
2025,4,211205,deslig,15000.0,2
2025,4,211205,deslig,18500.0,1
2025,4,211205,deslig,19000.0,1
2025,4,211205,deslig,20500.0,1
2025,4,211205,deslig,21000.0,1
2025,4,211205,deslig,23000.0,1
2025,4,211205,deslig,24000.0,1
2025,4,211205,deslig,27500.0,1
2025,4,211210,adm,2000.0,1
2025,4,211210,adm,3000.0,1
2025,4,211210,adm,3500.0,1
2025,4,211210,adm,7500.0,1
2025,4,211210,adm,16500.0,1
2025,4,211210,adm,18000.0,1
2025,4,211210,adm,22500.0,1
2025,4,211210,deslig,8500.0,1
2025,4,211210,deslig,14500.0,1
2025,4,211210,deslig,19000.0,1
2025,4,211220,adm,1500.0,1
2025,4,211220,adm,3000.0,3
2025,4,211220,adm,3500.0,1
2025,4,211220,adm,4000.0,1
2025,4,211220,adm,4500.0,2
2025,4,211220,adm,5000.0,1
2025,4,211220,adm,5500.0,2
2025,4,211220,adm,6000.0,2
2025,4,211220,adm,6500.0,2
2025,4,211220,adm,7000.0,1
2025,4,211220,adm,7500.0,1
2025,4,211220,adm,8000.0,6
2025,4,211220,adm,8500.0,1
2025,4,211220,adm,9000.0,3
2025,4,211220,adm,9500.0,1
2025,4,211220,adm,10000.0,1
2025,4,211220,adm,10500.0,2
2025,4,211220,adm,11000.0,2
2025,4,211220,adm,11500.0,2
2025,4,211220,adm,12000.0,1
2025,4,211220,adm,12500.0,2
2025,4,211220,adm,13000.0,1
2025,4,211220,adm,13500.0,1
2025,4,211220,adm,14000.0,2
2025,4,211220,adm,14500.0,2
2025,4,211220,adm,15000.0,2
2025,4,211220,adm,15500.0,1
2025,4,211220,adm,16000.0,1
2025,4,211220,adm,18000.0,1
2025,4,211220,adm,20000.0,2
2025,4,211220,adm,22000.0,1
2025,4,211220,adm,22500.0,2
2025,4,211220,adm,23000.0,1
2025,4,211220,adm,24000.0,1
2025,4,211220,adm,27000.0,1
2025,4,211220,adm,28000.0,1
2025,4,211220,deslig,1500.0,1
2025,4,211220,deslig,2500.0,1
2025,4,211220,deslig,3500.0,2
2025,4,211220,deslig,4000.0,2
2025,4,211220,deslig,4500.0,3
2025,4,211220,deslig,6000.0,1
2025,4,211220,deslig,7000.0,1
2025,4,211220,deslig,8000.0,1
2025,4,211220,deslig,8500.0,3
2025,4,211220,deslig,9500.0,1
2025,4,211220,deslig,11000.0,1
2025,4,211220,deslig,12000.0,2
2025,4,211220,deslig,12500.0,2
2025,4,211220,deslig,13000.0,1
2025,4,211220,deslig,13500.0,1
2025,4,211220,deslig,15000.0,1
2025,4,211220,deslig,15500.0,2
2025,4,211220,deslig,16000.0,1
2025,4,211220,deslig,16500.0,2
2025,4,211220,deslig,17500.0,1
2025,4,211220,deslig,18000.0,1
2025,4,211220,deslig,21000.0,1
2025,4,211220,deslig,23000.0,1
2025,4,211220,deslig,23500.0,1
2025,4,211220,deslig,25000.0,1
2025,4,211220,deslig,32500.0,1
2025,4,212205,adm,1500.0,2
2025,4,212205,adm,2000.0,2
2025,4,212205,adm,2500.0,1
2025,4,212205,adm,3000.0,1
2025,4,212205,adm,3500.0,3
2025,4,212205,adm,4000.0,12
2025,4,212205,adm,4500.0,2
2025,4,212205,adm,5000.0,7
2025,4,212205,adm,5500.0,3
2025,4,212205,adm,6000.0,1
2025,4,212205,adm,6500.0,2
2025,4,212205,adm,7000.0,5
2025,4,212205,adm,7500.0,3
2025,4,212205,adm,8000.0,7
2025,4,212205,adm,8500.0,3
2025,4,212205,adm,9000.0,4
2025,4,212205,adm,9500.0,6
2025,4,212205,adm,10000.0,5
2025,4,212205,adm,10500.0,8
2025,4,212205,adm,11000.0,5
2025,4,212205,adm,11500.0,7
2025,4,212205,adm,12000.0,9
2025,4,212205,adm,12500.0,6
2025,4,212205,adm,13000.0,1
2025,4,212205,adm,13500.0,8
2025,4,212205,adm,14000.0,15
2025,4,212205,adm,14500.0,2
2025,4,212205,adm,15000.0,9
2025,4,212205,adm,15500.0,2
2025,4,212205,adm,16000.0,9
2025,4,212205,adm,16500.0,4
2025,4,212205,adm,17000.0,9
2025,4,212205,adm,18000.0,3
2025,4,212205,adm,18500.0,3
2025,4,212205,adm,19000.0,2
2025,4,212205,adm,19500.0,1
2025,4,212205,adm,20000.0,2
2025,4,212205,adm,20500.0,3
2025,4,212205,adm,21000.0,2
2025,4,212205,adm,21500.0,3
2025,4,212205,adm,22000.0,6
2025,4,212205,adm,22500.0,4
2025,4,212205,adm,23000.0,5
2025,4,212205,adm,23500.0,3
2025,4,212205,adm,24000.0,1
2025,4,212205,adm,24500.0,1
2025,4,212205,adm,26500.0,2
2025,4,212205,adm,28500.0,4
2025,4,212205,adm,29000.0,5
2025,4,212205,adm,31500.0,1
2025,4,212205,adm,34000.0,1
2025,4,212205,adm,36500.0,1
2025,4,212205,adm,38000.0,1
2025,4,212205,adm,44000.0,1
2025,4,212205,adm,45000.0,1
2025,4,212205,adm,48500.0,1
2025,4,212205,adm,50000.0,4
2025,4,212205,deslig,1500.0,2
2025,4,212205,deslig,3500.0,1
2025,4,212205,deslig,4000.0,2
2025,4,212205,deslig,4500.0,1
2025,4,212205,deslig,5000.0,2
2025,4,212205,deslig,5500.0,2
2025,4,212205,deslig,6000.0,4
2025,4,212205,deslig,6500.0,6
2025,4,212205,deslig,7000.0,4
2025,4,212205,deslig,7500.0,6
2025,4,212205,deslig,8000.0,5
2025,4,212205,deslig,8500.0,3
2025,4,212205,deslig,9000.0,7
2025,4,212205,deslig,9500.0,4
2025,4,212205,deslig,10000.0,6
2025,4,212205,deslig,10500.0,4
2025,4,212205,deslig,11000.0,5
2025,4,212205,deslig,11500.0,5
2025,4,212205,deslig,12000.0,3
2025,4,212205,deslig,12500.0,3
2025,4,212205,deslig,13000.0,7
2025,4,212205,deslig,13500.0,4
2025,4,212205,deslig,14000.0,7
2025,4,212205,deslig,14500.0,5
2025,4,212205,deslig,15000.0,8
2025,4,212205,deslig,16000.0,7
2025,4,212205,deslig,16500.0,4
2025,4,212205,deslig,17000.0,4
2025,4,212205,deslig,17500.0,2
2025,4,212205,deslig,18000.0,1
2025,4,212205,deslig,18500.0,7
2025,4,212205,deslig,19000.0,4
2025,4,212205,deslig,19500.0,2
2025,4,212205,deslig,20000.0,2
2025,4,212205,deslig,20500.0,1
2025,4,212205,deslig,21000.0,3
2025,4,212205,deslig,21500.0,2
2025,4,212205,deslig,22000.0,1
2025,4,212205,deslig,23000.0,2
2025,4,212205,deslig,23500.0,3
2025,4,212205,deslig,24000.0,1
2025,4,212205,deslig,24500.0,2
2025,4,212205,deslig,25000.0,2
2025,4,212205,deslig,25500.0,2
2025,4,212205,deslig,26000.0,1
2025,4,212205,deslig,27000.0,2
2025,4,212205,deslig,28500.0,1
2025,4,212205,deslig,29000.0,4
2025,4,212205,deslig,32000.0,2
2025,4,212205,deslig,32500.0,1
2025,4,212205,deslig,42000.0,1
2025,4,212205,deslig,44000.0,1
2025,4,212205,deslig,50000.0,2
2025,4,212210,adm,7000.0,1
2025,4,212210,adm,8000.0,1
2025,4,212210,adm,8500.0,3
2025,4,212210,adm,9500.0,1
2025,4,212210,adm,10000.0,1
2025,4,212210,adm,11000.0,1
2025,4,212210,adm,12500.0,1
2025,4,212210,adm,13000.0,1
2025,4,212210,adm,50000.0,1
2025,4,212210,deslig,8000.0,2
2025,4,212210,deslig,11500.0,1
2025,4,212210,deslig,14500.0,2
2025,4,212210,deslig,19000.0,1
2025,4,212210,deslig,25000.0,1
2025,4,212210,deslig,37000.0,1
2025,4,212215,adm,2000.0,4
2025,4,212215,adm,2500.0,1
2025,4,212215,adm,3500.0,2
2025,4,212215,adm,4000.0,4
2025,4,212215,adm,4500.0,3
2025,4,212215,adm,5000.0,1
2025,4,212215,adm,5500.0,2
2025,4,212215,adm,6000.0,4
2025,4,212215,adm,6500.0,1
2025,4,212215,adm,7000.0,6
2025,4,212215,adm,7500.0,6
2025,4,212215,adm,8000.0,3
2025,4,212215,adm,8500.0,1
2025,4,212215,adm,9000.0,7
2025,4,212215,adm,9500.0,4
2025,4,212215,adm,10000.0,2
2025,4,212215,adm,10500.0,2
2025,4,212215,adm,11000.0,4
2025,4,212215,adm,11500.0,1
2025,4,212215,adm,12000.0,4
2025,4,212215,adm,12500.0,3
2025,4,212215,adm,13000.0,11
2025,4,212215,adm,13500.0,3
2025,4,212215,adm,14000.0,8
2025,4,212215,adm,14500.0,2
2025,4,212215,adm,15000.0,4
2025,4,212215,adm,15500.0,1
2025,4,212215,adm,16000.0,7
2025,4,212215,adm,16500.0,1
2025,4,212215,adm,17000.0,7
2025,4,212215,adm,17500.0,3
2025,4,212215,adm,18000.0,4
2025,4,212215,adm,18500.0,3
2025,4,212215,adm,19000.0,3
2025,4,212215,adm,20000.0,5
2025,4,212215,adm,21000.0,1
2025,4,212215,adm,22000.0,2
2025,4,212215,adm,22500.0,1
2025,4,212215,adm,23000.0,1
2025,4,212215,adm,25000.0,2
2025,4,212215,adm,25500.0,4
2025,4,212215,adm,26000.0,2
2025,4,212215,adm,27000.0,3
2025,4,212215,adm,28000.0,1
2025,4,212215,adm,29000.0,2
2025,4,212215,adm,30000.0,2
2025,4,212215,adm,31000.0,1
2025,4,212215,adm,33000.0,1
2025,4,212215,adm,33500.0,4
2025,4,212215,adm,34500.0,1
2025,4,212215,adm,35000.0,1
2025,4,212215,adm,36500.0,1
2025,4,212215,adm,37500.0,4
2025,4,212215,adm,39000.0,1
2025,4,212215,adm,40000.0,1
2025,4,212215,adm,41000.0,1
2025,4,212215,deslig,2000.0,1
2025,4,212215,deslig,3500.0,2
2025,4,212215,deslig,4000.0,1
2025,4,212215,deslig,4500.0,3
2025,4,212215,deslig,5000.0,6
2025,4,212215,deslig,5500.0,3
2025,4,212215,deslig,6000.0,4
2025,4,212215,deslig,6500.0,7
2025,4,212215,deslig,7000.0,8
2025,4,212215,deslig,7500.0,4
2025,4,212215,deslig,8000.0,7
2025,4,212215,deslig,8500.0,2
2025,4,212215,deslig,9000.0,4
2025,4,212215,deslig,9500.0,3
2025,4,212215,deslig,10000.0,6
2025,4,212215,deslig,10500.0,8
2025,4,212215,deslig,11000.0,3
2025,4,212215,deslig,11500.0,5
2025,4,212215,deslig,12000.0,2
2025,4,212215,deslig,12500.0,4
2025,4,212215,deslig,13000.0,3
2025,4,212215,deslig,13500.0,4
2025,4,212215,deslig,14000.0,5
2025,4,212215,deslig,14500.0,6
2025,4,212215,deslig,15000.0,4
2025,4,212215,deslig,15500.0,1
2025,4,212215,deslig,16000.0,8
2025,4,212215,deslig,16500.0,3
2025,4,212215,deslig,17000.0,6
2025,4,212215,deslig,17500.0,1
2025,4,212215,deslig,18000.0,6
2025,4,212215,deslig,18500.0,2
2025,4,212215,deslig,19000.0,3
2025,4,212215,deslig,19500.0,1
2025,4,212215,deslig,20000.0,6
2025,4,212215,deslig,20500.0,3
2025,4,212215,deslig,21500.0,2
2025,4,212215,deslig,22000.0,4
2025,4,212215,deslig,22500.0,1
2025,4,212215,deslig,23000.0,4
2025,4,212215,deslig,24000.0,4
2025,4,212215,deslig,24500.0,1
2025,4,212215,deslig,25000.0,1
2025,4,212215,deslig,25500.0,2
2025,4,212215,deslig,26000.0,2
2025,4,212215,deslig,27500.0,1
2025,4,212215,deslig,28000.0,1
2025,4,212215,deslig,28500.0,1
2025,4,212215,deslig,29000.0,3
2025,4,212215,deslig,30500.0,1
2025,4,212215,deslig,31000.0,1
2025,4,212215,deslig,32000.0,2
2025,4,212215,deslig,33000.0,1
2025,4,212215,deslig,36000.0,1
2025,4,212215,deslig,41000.0,1
2025,4,212215,deslig,42000.0,1
2025,4,212215,deslig,43500.0,1
2025,4,212215,deslig,50000.0,4
2025,4,212305,adm,1500.0,3
2025,4,212305,adm,2000.0,2
2025,4,212305,adm,2500.0,3
2025,4,212305,adm,3000.0,2
2025,4,212305,adm,3500.0,6
2025,4,212305,adm,4000.0,7
2025,4,212305,adm,4500.0,5
2025,4,212305,adm,5000.0,8
2025,4,212305,adm,5500.0,2
2025,4,212305,adm,6000.0,7
2025,4,212305,adm,6500.0,6
2025,4,212305,adm,7000.0,7
2025,4,212305,adm,7500.0,2
2025,4,212305,adm,8000.0,4
2025,4,212305,adm,8500.0,12
2025,4,212305,adm,9000.0,7
2025,4,212305,adm,9500.0,2
2025,4,212305,adm,10000.0,9
2025,4,212305,adm,10500.0,5
2025,4,212305,adm,11000.0,10
2025,4,212305,adm,11500.0,6
2025,4,212305,adm,12000.0,12
2025,4,212305,adm,12500.0,2
2025,4,212305,adm,13000.0,5
2025,4,212305,adm,13500.0,4
2025,4,212305,adm,14000.0,1
2025,4,212305,adm,15000.0,5
2025,4,212305,adm,16000.0,2
2025,4,212305,adm,16500.0,2
2025,4,212305,adm,17000.0,1
2025,4,212305,adm,17500.0,1
2025,4,212305,adm,18000.0,3
2025,4,212305,adm,18500.0,1
2025,4,212305,adm,19000.0,2
2025,4,212305,adm,20000.0,1
2025,4,212305,adm,21000.0,2
2025,4,212305,adm,22000.0,1
2025,4,212305,adm,23000.0,1
2025,4,212305,adm,26000.0,1
2025,4,212305,adm,39000.0,1
2025,4,212305,deslig,1500.0,2
2025,4,212305,deslig,2000.0,1
2025,4,212305,deslig,2500.0,2
2025,4,212305,deslig,3000.0,5
2025,4,212305,deslig,3500.0,5
2025,4,212305,deslig,4000.0,6
2025,4,212305,deslig,4500.0,1
2025,4,212305,deslig,5000.0,5
2025,4,212305,deslig,5500.0,3
2025,4,212305,deslig,6000.0,5
2025,4,212305,deslig,6500.0,2
2025,4,212305,deslig,7000.0,4
2025,4,212305,deslig,7500.0,3
2025,4,212305,deslig,8000.0,6
2025,4,212305,deslig,8500.0,8
2025,4,212305,deslig,9000.0,8
2025,4,212305,deslig,9500.0,6
2025,4,212305,deslig,10000.0,3
2025,4,212305,deslig,10500.0,5
2025,4,212305,deslig,11000.0,6
2025,4,212305,deslig,11500.0,6
2025,4,212305,deslig,12000.0,2
2025,4,212305,deslig,12500.0,4
2025,4,212305,deslig,13000.0,3
2025,4,212305,deslig,13500.0,3
2025,4,212305,deslig,14000.0,2
2025,4,212305,deslig,14500.0,4
2025,4,212305,deslig,15000.0,3
2025,4,212305,deslig,15500.0,4
2025,4,212305,deslig,16000.0,4
2025,4,212305,deslig,17000.0,1
2025,4,212305,deslig,17500.0,4
2025,4,212305,deslig,18000.0,3
2025,4,212305,deslig,18500.0,1
2025,4,212305,deslig,19500.0,2
2025,4,212305,deslig,20000.0,1
2025,4,212305,deslig,22000.0,1
2025,4,212305,deslig,31000.0,1
2025,4,212305,deslig,33500.0,1
2025,4,212405,adm,0.0,4
2025,4,212405,adm,1000.0,1
2025,4,212405,adm,1500.0,29
2025,4,212405,adm,2000.0,177
2025,4,212405,adm,2500.0,130
2025,4,212405,adm,3000.0,142
2025,4,212405,adm,3500.0,129
2025,4,212405,adm,4000.0,125
2025,4,212405,adm,4500.0,129
2025,4,212405,adm,5000.0,127
2025,4,212405,adm,5500.0,92
2025,4,212405,adm,6000.0,131
2025,4,212405,adm,6500.0,126
2025,4,212405,adm,7000.0,140
2025,4,212405,adm,7500.0,120
2025,4,212405,adm,8000.0,146
2025,4,212405,adm,8500.0,98
2025,4,212405,adm,9000.0,106
2025,4,212405,adm,9500.0,86
2025,4,212405,adm,10000.0,154
2025,4,212405,adm,10500.0,72
2025,4,212405,adm,11000.0,129
2025,4,212405,adm,11500.0,75
2025,4,212405,adm,12000.0,144
2025,4,212405,adm,12500.0,54
2025,4,212405,adm,13000.0,87
2025,4,212405,adm,13500.0,43
2025,4,212405,adm,14000.0,78
2025,4,212405,adm,14500.0,23
2025,4,212405,adm,15000.0,109
2025,4,212405,adm,15500.0,30
2025,4,212405,adm,16000.0,39
2025,4,212405,adm,16500.0,32
2025,4,212405,adm,17000.0,44
2025,4,212405,adm,17500.0,18
2025,4,212405,adm,18000.0,28
2025,4,212405,adm,18500.0,9
2025,4,212405,adm,19000.0,16
2025,4,212405,adm,19500.0,8
2025,4,212405,adm,20000.0,21
2025,4,212405,adm,20500.0,9
2025,4,212405,adm,21000.0,4
2025,4,212405,adm,21500.0,3
2025,4,212405,adm,22000.0,15
2025,4,212405,adm,22500.0,7
2025,4,212405,adm,23000.0,4
2025,4,212405,adm,23500.0,1
2025,4,212405,adm,24000.0,6
2025,4,212405,adm,25000.0,7
2025,4,212405,adm,25500.0,1
2025,4,212405,adm,26000.0,4
2025,4,212405,adm,27000.0,3
2025,4,212405,adm,27500.0,2
2025,4,212405,adm,28000.0,5
2025,4,212405,adm,28500.0,1
2025,4,212405,adm,29000.0,2
2025,4,212405,adm,30000.0,3
2025,4,212405,adm,33000.0,2
2025,4,212405,adm,34000.0,1
2025,4,212405,adm,35000.0,1
2025,4,212405,adm,41000.0,1
2025,4,212405,adm,43000.0,1
2025,4,212405,adm,44000.0,1
2025,4,212405,adm,50000.0,2
2025,4,212405,deslig,1000.0,1
2025,4,212405,deslig,1500.0,33
2025,4,212405,deslig,2000.0,97
2025,4,212405,deslig,2500.0,122
2025,4,212405,deslig,3000.0,139
2025,4,212405,deslig,3500.0,125
2025,4,212405,deslig,4000.0,132
2025,4,212405,deslig,4500.0,133
2025,4,212405,deslig,5000.0,132
2025,4,212405,deslig,5500.0,115
2025,4,212405,deslig,6000.0,105
2025,4,212405,deslig,6500.0,127
2025,4,212405,deslig,7000.0,110
2025,4,212405,deslig,7500.0,110
2025,4,212405,deslig,8000.0,122
2025,4,212405,deslig,8500.0,102
2025,4,212405,deslig,9000.0,112
2025,4,212405,deslig,9500.0,95
2025,4,212405,deslig,10000.0,112
2025,4,212405,deslig,10500.0,70
2025,4,212405,deslig,11000.0,91
2025,4,212405,deslig,11500.0,61
2025,4,212405,deslig,12000.0,84
2025,4,212405,deslig,12500.0,64
2025,4,212405,deslig,13000.0,78
2025,4,212405,deslig,13500.0,71
2025,4,212405,deslig,14000.0,62
2025,4,212405,deslig,14500.0,42
2025,4,212405,deslig,15000.0,75
2025,4,212405,deslig,15500.0,46
2025,4,212405,deslig,16000.0,28
2025,4,212405,deslig,16500.0,32
2025,4,212405,deslig,17000.0,33
2025,4,212405,deslig,17500.0,29
2025,4,212405,deslig,18000.0,23
2025,4,212405,deslig,18500.0,19
2025,4,212405,deslig,19000.0,5
2025,4,212405,deslig,19500.0,8
2025,4,212405,deslig,20000.0,16
2025,4,212405,deslig,20500.0,9
2025,4,212405,deslig,21000.0,7
2025,4,212405,deslig,21500.0,6
2025,4,212405,deslig,22000.0,6
2025,4,212405,deslig,22500.0,2
2025,4,212405,deslig,23000.0,3
2025,4,212405,deslig,23500.0,4
2025,4,212405,deslig,24000.0,2
2025,4,212405,deslig,24500.0,2
2025,4,212405,deslig,25000.0,3
2025,4,212405,deslig,25500.0,4
2025,4,212405,deslig,26000.0,3
2025,4,212405,deslig,26500.0,2
2025,4,212405,deslig,27000.0,1
2025,4,212405,deslig,27500.0,1
2025,4,212405,deslig,28000.0,2
2025,4,212405,deslig,29000.0,1
2025,4,212405,deslig,32000.0,2
2025,4,212405,deslig,35500.0,2
2025,4,212405,deslig,50000.0,2
2025,4,212410,adm,0.0,1
2025,4,212410,adm,1500.0,23
2025,4,212410,adm,2000.0,63
2025,4,212410,adm,2500.0,54
2025,4,212410,adm,3000.0,54
2025,4,212410,adm,3500.0,40
2025,4,212410,adm,4000.0,37
2025,4,212410,adm,4500.0,35
2025,4,212410,adm,5000.0,19
2025,4,212410,adm,5500.0,18
2025,4,212410,adm,6000.0,21
2025,4,212410,adm,6500.0,18
2025,4,212410,adm,7000.0,13
2025,4,212410,adm,7500.0,10
2025,4,212410,adm,8000.0,19
2025,4,212410,adm,8500.0,9
2025,4,212410,adm,9000.0,10
2025,4,212410,adm,9500.0,6
2025,4,212410,adm,10000.0,9
2025,4,212410,adm,10500.0,3
2025,4,212410,adm,11000.0,8
2025,4,212410,adm,11500.0,2
2025,4,212410,adm,12000.0,10
2025,4,212410,adm,12500.0,4
2025,4,212410,adm,13000.0,7
2025,4,212410,adm,13500.0,5
2025,4,212410,adm,14000.0,10
2025,4,212410,adm,14500.0,1
2025,4,212410,adm,15000.0,10
2025,4,212410,adm,15500.0,2
2025,4,212410,adm,16000.0,3
2025,4,212410,adm,16500.0,2
2025,4,212410,adm,17000.0,3
2025,4,212410,adm,18000.0,3
2025,4,212410,adm,18500.0,1
2025,4,212410,adm,19000.0,1
2025,4,212410,adm,19500.0,1
2025,4,212410,adm,20000.0,2
2025,4,212410,adm,20500.0,1
2025,4,212410,adm,21500.0,1
2025,4,212410,adm,22500.0,1
2025,4,212410,adm,23500.0,1
2025,4,212410,adm,24000.0,1
2025,4,212410,adm,24500.0,1
2025,4,212410,adm,26000.0,1
2025,4,212410,adm,50000.0,1
2025,4,212410,deslig,1500.0,31
2025,4,212410,deslig,2000.0,41
2025,4,212410,deslig,2500.0,44
2025,4,212410,deslig,3000.0,56
2025,4,212410,deslig,3500.0,50
2025,4,212410,deslig,4000.0,40
2025,4,212410,deslig,4500.0,30
2025,4,212410,deslig,5000.0,35
2025,4,212410,deslig,5500.0,18
2025,4,212410,deslig,6000.0,33
2025,4,212410,deslig,6500.0,14
2025,4,212410,deslig,7000.0,20
2025,4,212410,deslig,7500.0,11
2025,4,212410,deslig,8000.0,12
2025,4,212410,deslig,8500.0,13
2025,4,212410,deslig,9000.0,12
2025,4,212410,deslig,9500.0,9
2025,4,212410,deslig,10000.0,7
2025,4,212410,deslig,10500.0,6
2025,4,212410,deslig,11000.0,7
2025,4,212410,deslig,11500.0,7
2025,4,212410,deslig,12000.0,4
2025,4,212410,deslig,12500.0,5
2025,4,212410,deslig,13000.0,5
2025,4,212410,deslig,13500.0,3
2025,4,212410,deslig,14000.0,5
2025,4,212410,deslig,14500.0,5
2025,4,212410,deslig,15500.0,1
2025,4,212410,deslig,16000.0,1
2025,4,212410,deslig,16500.0,3
2025,4,212410,deslig,17000.0,2
2025,4,212410,deslig,18000.0,2
2025,4,212410,deslig,18500.0,4
2025,4,212410,deslig,19500.0,1
2025,4,212410,deslig,20000.0,2
2025,4,212410,deslig,21000.0,1
2025,4,212410,deslig,21500.0,1
2025,4,212410,deslig,22000.0,2
2025,4,212410,deslig,31000.0,1
2025,4,212410,deslig,33000.0,1
2025,4,212410,deslig,34500.0,1
2025,4,212425,adm,2000.0,1
2025,4,212425,adm,3500.0,1
2025,4,212425,adm,4500.0,1
2025,4,212425,adm,6000.0,2
2025,4,212425,adm,6500.0,3
2025,4,212425,adm,7000.0,2
2025,4,212425,adm,8000.0,1
2025,4,212425,adm,8500.0,1
2025,4,212425,adm,9000.0,2
2025,4,212425,adm,9500.0,3
2025,4,212425,adm,10000.0,2
2025,4,212425,adm,10500.0,4
2025,4,212425,adm,11000.0,4
2025,4,212425,adm,11500.0,1
2025,4,212425,adm,12000.0,4
2025,4,212425,adm,12500.0,2
2025,4,212425,adm,13000.0,2
2025,4,212425,adm,13500.0,1
2025,4,212425,adm,14000.0,1
2025,4,212425,adm,14500.0,1
2025,4,212425,adm,15000.0,3
2025,4,212425,adm,15500.0,1
2025,4,212425,adm,16000.0,5
2025,4,212425,adm,16500.0,1
2025,4,212425,adm,17000.0,7
2025,4,212425,adm,17500.0,2
2025,4,212425,adm,18000.0,4
2025,4,212425,adm,18500.0,2
2025,4,212425,adm,19000.0,1
2025,4,212425,adm,20000.0,5
2025,4,212425,adm,21000.0,5
2025,4,212425,adm,22000.0,1
2025,4,212425,adm,25000.0,2
2025,4,212425,adm,29000.0,1
2025,4,212425,adm,30000.0,2
2025,4,212425,adm,36500.0,1
2025,4,212425,adm,46000.0,1
2025,4,212425,deslig,2000.0,3
2025,4,212425,deslig,4000.0,1
2025,4,212425,deslig,5000.0,1
2025,4,212425,deslig,5500.0,1
2025,4,212425,deslig,6000.0,2
2025,4,212425,deslig,6500.0,2
2025,4,212425,deslig,7000.0,3
2025,4,212425,deslig,8000.0,2
2025,4,212425,deslig,8500.0,1
2025,4,212425,deslig,9000.0,2
2025,4,212425,deslig,9500.0,3
2025,4,212425,deslig,10500.0,1
2025,4,212425,deslig,11000.0,4
2025,4,212425,deslig,11500.0,2
2025,4,212425,deslig,12000.0,3
2025,4,212425,deslig,12500.0,3
2025,4,212425,deslig,13000.0,2
2025,4,212425,deslig,13500.0,3
2025,4,212425,deslig,14000.0,5
2025,4,212425,deslig,15000.0,6
2025,4,212425,deslig,15500.0,1
2025,4,212425,deslig,16000.0,3
2025,4,212425,deslig,16500.0,3
2025,4,212425,deslig,17000.0,5
2025,4,212425,deslig,17500.0,1
2025,4,212425,deslig,18000.0,6
2025,4,212425,deslig,18500.0,1
2025,4,212425,deslig,19000.0,4
2025,4,212425,deslig,19500.0,1
2025,4,212425,deslig,21000.0,1
2025,4,212425,deslig,21500.0,3
2025,4,212425,deslig,22500.0,1
2025,4,212425,deslig,23000.0,1
2025,4,212425,deslig,23500.0,1
2025,4,212425,deslig,24000.0,1
2025,4,212425,deslig,24500.0,2
2025,4,212425,deslig,25000.0,2
2025,4,212425,deslig,26500.0,1
2025,4,212425,deslig,28000.0,1
2025,4,212425,deslig,28500.0,1
2025,4,212425,deslig,29000.0,1
2025,4,212425,deslig,30500.0,1
2025,4,212425,deslig,31500.0,1
2025,4,212425,deslig,34500.0,1
2025,4,212425,deslig,35000.0,1
2025,4,212425,deslig,35500.0,1
2025,4,212425,deslig,39000.0,1
2025,4,212425,deslig,46500.0,1
2025,4,212425,deslig,50000.0,1
2025,6,203105,adm,4000.0,3
2025,6,203105,adm,4500.0,1
2025,6,203105,adm,5000.0,1
2025,6,203105,adm,5500.0,2
2025,6,203105,adm,6500.0,1
2025,6,203105,adm,7000.0,2
2025,6,203105,adm,7500.0,2
2025,6,203105,adm,8000.0,2
2025,6,203105,adm,8500.0,2
2025,6,203105,adm,9500.0,1
2025,6,203105,adm,10000.0,2
2025,6,203105,adm,10500.0,2
2025,6,203105,adm,11000.0,7
2025,6,203105,adm,12000.0,3
2025,6,203105,adm,12500.0,2
2025,6,203105,adm,13000.0,2
2025,6,203105,adm,14000.0,3
2025,6,203105,adm,15000.0,1
2025,6,203105,adm,17000.0,1
2025,6,203105,adm,19500.0,1
2025,6,203105,adm,34000.0,1
2025,6,203105,adm,36000.0,1
2025,6,203105,deslig,3000.0,1
2025,6,203105,deslig,3500.0,2
2025,6,203105,deslig,4000.0,1
2025,6,203105,deslig,4500.0,2
2025,6,203105,deslig,5000.0,3
2025,6,203105,deslig,5500.0,2
2025,6,203105,deslig,6000.0,1
2025,6,203105,deslig,6500.0,1
2025,6,203105,deslig,7000.0,2
2025,6,203105,deslig,7500.0,1
2025,6,203105,deslig,8000.0,3
2025,6,203105,deslig,9500.0,1
2025,6,203105,deslig,10500.0,3
2025,6,203105,deslig,11500.0,2
2025,6,203105,deslig,12000.0,2
2025,6,203105,deslig,12500.0,1
2025,6,203105,deslig,13000.0,1
2025,6,203105,deslig,14000.0,3
2025,6,203105,deslig,15000.0,2
2025,6,203105,deslig,16000.0,1
2025,6,203105,deslig,17000.0,1
2025,6,203105,deslig,19500.0,1
2025,6,203105,deslig,20500.0,1
2025,6,203105,deslig,21000.0,1
2025,6,203105,deslig,21500.0,1
2025,6,203105,deslig,24000.0,1
2025,6,203105,deslig,25000.0,1
2025,6,203105,deslig,48500.0,1
2025,6,203105,deslig,50000.0,1
2025,6,211205,adm,2000.0,1
2025,6,211205,adm,2500.0,1
2025,6,211205,adm,3500.0,1
2025,6,211205,adm,4000.0,2
2025,6,211205,adm,4500.0,4
2025,6,211205,adm,5500.0,1
2025,6,211205,adm,6000.0,1
2025,6,211205,adm,6500.0,2
2025,6,211205,adm,7000.0,3
2025,6,211205,adm,7500.0,1
2025,6,211205,adm,8000.0,3
2025,6,211205,adm,8500.0,1
2025,6,211205,adm,9000.0,2
2025,6,211205,adm,10500.0,2
2025,6,211205,adm,11000.0,1
2025,6,211205,adm,11500.0,1
2025,6,211205,adm,15000.0,1
2025,6,211205,adm,16500.0,1
2025,6,211205,adm,17000.0,1
2025,6,211205,adm,18000.0,1
2025,6,211205,adm,18500.0,1
2025,6,211205,adm,20000.0,1
2025,6,211205,adm,23500.0,1
2025,6,211205,adm,26500.0,1
2025,6,211205,adm,30000.0,1
2025,6,211205,deslig,2000.0,2
2025,6,211205,deslig,3000.0,1
2025,6,211205,deslig,3500.0,1
2025,6,211205,deslig,4000.0,1
2025,6,211205,deslig,4500.0,1
2025,6,211205,deslig,6000.0,2
2025,6,211205,deslig,6500.0,1
2025,6,211205,deslig,7000.0,1
2025,6,211205,deslig,8500.0,2
2025,6,211205,deslig,9000.0,1
2025,6,211205,deslig,9500.0,3
2025,6,211205,deslig,10500.0,1
2025,6,211205,deslig,11000.0,1
2025,6,211205,deslig,11500.0,1
2025,6,211205,deslig,13000.0,1
2025,6,211205,deslig,13500.0,1
2025,6,211205,deslig,14000.0,1
2025,6,211205,deslig,16000.0,1
2025,6,211205,deslig,16500.0,1
2025,6,211205,deslig,17000.0,1
2025,6,211205,deslig,17500.0,1
2025,6,211205,deslig,21000.0,1
2025,6,211205,deslig,22000.0,1
2025,6,211205,deslig,27500.0,1
2025,6,211205,deslig,36000.0,1
2025,6,211210,adm,1500.0,1
2025,6,211210,deslig,3000.0,1
2025,6,211210,deslig,18500.0,1
2025,6,211215,adm,5000.0,1
2025,6,211215,adm,12000.0,1
2025,6,211220,adm,1500.0,2
2025,6,211220,adm,2000.0,1
2025,6,211220,adm,2500.0,1
2025,6,211220,adm,3000.0,1
2025,6,211220,adm,4000.0,3
2025,6,211220,adm,4500.0,3
2025,6,211220,adm,5000.0,3
2025,6,211220,adm,5500.0,1
2025,6,211220,adm,6000.0,5
2025,6,211220,adm,6500.0,1
2025,6,211220,adm,7500.0,1
2025,6,211220,adm,8000.0,3
2025,6,211220,adm,8500.0,1
2025,6,211220,adm,9000.0,2
2025,6,211220,adm,9500.0,3
2025,6,211220,adm,10000.0,2
2025,6,211220,adm,10500.0,2
2025,6,211220,adm,11000.0,4
2025,6,211220,adm,11500.0,2
2025,6,211220,adm,12000.0,3
2025,6,211220,adm,12500.0,3
2025,6,211220,adm,13000.0,2
2025,6,211220,adm,13500.0,1
2025,6,211220,adm,14000.0,2
2025,6,211220,adm,15000.0,1
2025,6,211220,adm,15500.0,2
2025,6,211220,adm,16000.0,1
2025,6,211220,adm,17000.0,2
2025,6,211220,adm,17500.0,1
2025,6,211220,adm,18000.0,2
2025,6,211220,adm,18500.0,2
2025,6,211220,adm,19000.0,1
2025,6,211220,adm,19500.0,2
2025,6,211220,adm,20000.0,1
2025,6,211220,adm,21000.0,1
2025,6,211220,adm,25500.0,1
2025,6,211220,adm,30000.0,1
2025,6,211220,adm,32500.0,1
2025,6,211220,adm,47000.0,1
2025,6,211220,adm,50000.0,4
2025,6,211220,deslig,1500.0,1
2025,6,211220,deslig,2000.0,1
2025,6,211220,deslig,3000.0,1
2025,6,211220,deslig,4000.0,1
2025,6,211220,deslig,4500.0,2
2025,6,211220,deslig,5500.0,1
2025,6,211220,deslig,6000.0,2
2025,6,211220,deslig,6500.0,2
2025,6,211220,deslig,7500.0,1
2025,6,211220,deslig,8500.0,1
2025,6,211220,deslig,9500.0,3
2025,6,211220,deslig,10000.0,3
2025,6,211220,deslig,11000.0,1
2025,6,211220,deslig,11500.0,1
2025,6,211220,deslig,12000.0,1
2025,6,211220,deslig,12500.0,1
2025,6,211220,deslig,13000.0,2
2025,6,211220,deslig,15000.0,2
2025,6,211220,deslig,16000.0,3
2025,6,211220,deslig,16500.0,1
2025,6,211220,deslig,18500.0,1
2025,6,211220,deslig,20000.0,2
2025,6,211220,deslig,21000.0,1
2025,6,211220,deslig,24000.0,1
2025,6,212205,adm,0.0,1
2025,6,212205,adm,1500.0,3
2025,6,212205,adm,2000.0,5
2025,6,212205,adm,3000.0,2
2025,6,212205,adm,4000.0,19
2025,6,212205,adm,5000.0,4
2025,6,212205,adm,5500.0,4
2025,6,212205,adm,6000.0,6
2025,6,212205,adm,6500.0,1
2025,6,212205,adm,7000.0,5
2025,6,212205,adm,7500.0,4
2025,6,212205,adm,8000.0,5
2025,6,212205,adm,8500.0,1
2025,6,212205,adm,9000.0,4
2025,6,212205,adm,9500.0,1
2025,6,212205,adm,10000.0,5
2025,6,212205,adm,10500.0,2
2025,6,212205,adm,11000.0,1
2025,6,212205,adm,11500.0,4
2025,6,212205,adm,12000.0,6
2025,6,212205,adm,12500.0,7
2025,6,212205,adm,13000.0,9
2025,6,212205,adm,13500.0,6
2025,6,212205,adm,14000.0,8
2025,6,212205,adm,14500.0,2
2025,6,212205,adm,15000.0,19
2025,6,212205,adm,15500.0,7
2025,6,212205,adm,16000.0,8
2025,6,212205,adm,16500.0,1
2025,6,212205,adm,17000.0,6
2025,6,212205,adm,17500.0,2
2025,6,212205,adm,18000.0,3
2025,6,212205,adm,18500.0,1
2025,6,212205,adm,19500.0,1
2025,6,212205,adm,20000.0,2
2025,6,212205,adm,20500.0,1
2025,6,212205,adm,21000.0,4
2025,6,212205,adm,21500.0,2
2025,6,212205,adm,22000.0,6
2025,6,212205,adm,22500.0,2
2025,6,212205,adm,23500.0,4
2025,6,212205,adm,24000.0,2
2025,6,212205,adm,25000.0,4
2025,6,212205,adm,26000.0,2
2025,6,212205,adm,26500.0,2
2025,6,212205,adm,27500.0,2
2025,6,212205,adm,28000.0,2
2025,6,212205,adm,28500.0,2
2025,6,212205,adm,29000.0,1
2025,6,212205,adm,30000.0,1
2025,6,212205,adm,30500.0,3
2025,6,212205,adm,31000.0,1
2025,6,212205,adm,31500.0,1
2025,6,212205,adm,32000.0,3
2025,6,212205,adm,33500.0,1
2025,6,212205,adm,34000.0,1
2025,6,212205,adm,35500.0,1
2025,6,212205,adm,38000.0,1
2025,6,212205,adm,38500.0,1
2025,6,212205,adm,39000.0,1
2025,6,212205,adm,39500.0,1
2025,6,212205,adm,41000.0,1
2025,6,212205,adm,41500.0,2
2025,6,212205,adm,42500.0,1
2025,6,212205,adm,45000.0,1
2025,6,212205,adm,47000.0,2
2025,6,212205,adm,50000.0,7
2025,6,212205,deslig,1500.0,1
2025,6,212205,deslig,2500.0,2
2025,6,212205,deslig,3000.0,1
2025,6,212205,deslig,3500.0,3
2025,6,212205,deslig,4000.0,38
2025,6,212205,deslig,5000.0,1
2025,6,212205,deslig,5500.0,3
2025,6,212205,deslig,6000.0,4
2025,6,212205,deslig,6500.0,1
2025,6,212205,deslig,7000.0,1
2025,6,212205,deslig,7500.0,4
2025,6,212205,deslig,8000.0,4
2025,6,212205,deslig,8500.0,2
2025,6,212205,deslig,9000.0,3
2025,6,212205,deslig,9500.0,2
2025,6,212205,deslig,10000.0,7
2025,6,212205,deslig,10500.0,2
2025,6,212205,deslig,11000.0,6
2025,6,212205,deslig,11500.0,4
2025,6,212205,deslig,12000.0,3
2025,6,212205,deslig,12500.0,5
2025,6,212205,deslig,13000.0,3
2025,6,212205,deslig,13500.0,6
2025,6,212205,deslig,14000.0,6
2025,6,212205,deslig,14500.0,3
2025,6,212205,deslig,15000.0,2
2025,6,212205,deslig,15500.0,9
2025,6,212205,deslig,16000.0,4
2025,6,212205,deslig,16500.0,2
2025,6,212205,deslig,17000.0,2
2025,6,212205,deslig,17500.0,2
2025,6,212205,deslig,18000.0,1
2025,6,212205,deslig,19500.0,1
2025,6,212205,deslig,20000.0,3
2025,6,212205,deslig,20500.0,1
2025,6,212205,deslig,21000.0,3
2025,6,212205,deslig,22000.0,2
2025,6,212205,deslig,22500.0,1
2025,6,212205,deslig,23500.0,1
2025,6,212205,deslig,24000.0,3
2025,6,212205,deslig,24500.0,1
2025,6,212205,deslig,25000.0,2
2025,6,212205,deslig,25500.0,1
2025,6,212205,deslig,26000.0,1
2025,6,212205,deslig,26500.0,2
2025,6,212205,deslig,28000.0,2
2025,6,212205,deslig,30000.0,3
2025,6,212205,deslig,36000.0,1
2025,6,212205,deslig,41500.0,1
2025,6,212205,deslig,43000.0,1
2025,6,212205,deslig,50000.0,3
2025,6,212210,adm,2000.0,1
2025,6,212210,adm,3000.0,1
2025,6,212210,adm,8000.0,1
2025,6,212210,adm,9500.0,1
2025,6,212210,adm,10000.0,1
2025,6,212210,adm,11000.0,1
2025,6,212210,adm,18000.0,1
2025,6,212210,adm,30500.0,1
2025,6,212210,adm,38500.0,1
2025,6,212210,deslig,6500.0,1
2025,6,212210,deslig,7500.0,1
2025,6,212210,deslig,8000.0,2
2025,6,212210,deslig,9000.0,1
2025,6,212210,deslig,10500.0,1
2025,6,212210,deslig,11500.0,1
2025,6,212210,deslig,12000.0,1
2025,6,212210,deslig,12500.0,1
2025,6,212210,deslig,13000.0,2
2025,6,212210,deslig,14000.0,1
2025,6,212210,deslig,21500.0,1
2025,6,212210,deslig,23000.0,1
2025,6,212215,adm,2000.0,1
2025,6,212215,adm,3000.0,1
2025,6,212215,adm,4000.0,4
2025,6,212215,adm,5000.0,3
2025,6,212215,adm,5500.0,3
2025,6,212215,adm,6000.0,11
2025,6,212215,adm,6500.0,2
2025,6,212215,adm,7000.0,8
2025,6,212215,adm,7500.0,5
2025,6,212215,adm,8000.0,6
2025,6,212215,adm,8500.0,2
2025,6,212215,adm,9000.0,11
2025,6,212215,adm,9500.0,1
2025,6,212215,adm,10000.0,11
2025,6,212215,adm,10500.0,4
2025,6,212215,adm,11000.0,5
2025,6,212215,adm,11500.0,1
2025,6,212215,adm,12000.0,9
2025,6,212215,adm,12500.0,4
2025,6,212215,adm,13000.0,11
2025,6,212215,adm,13500.0,1
2025,6,212215,adm,14000.0,10
2025,6,212215,adm,14500.0,1
2025,6,212215,adm,15000.0,9
2025,6,212215,adm,16000.0,6
2025,6,212215,adm,16500.0,9
2025,6,212215,adm,17000.0,6
2025,6,212215,adm,17500.0,3
2025,6,212215,adm,18000.0,10
2025,6,212215,adm,18500.0,1
2025,6,212215,adm,19000.0,9
2025,6,212215,adm,19500.0,2
2025,6,212215,adm,20000.0,8
2025,6,212215,adm,21000.0,2
2025,6,212215,adm,21500.0,2
2025,6,212215,adm,22000.0,1
2025,6,212215,adm,22500.0,1
2025,6,212215,adm,23000.0,4
2025,6,212215,adm,23500.0,1
2025,6,212215,adm,24000.0,2
2025,6,212215,adm,24500.0,1
2025,6,212215,adm,25000.0,1
2025,6,212215,adm,26000.0,1
2025,6,212215,adm,27000.0,1
2025,6,212215,adm,28000.0,2
2025,6,212215,adm,29000.0,6
2025,6,212215,adm,29500.0,1
2025,6,212215,adm,30000.0,3
2025,6,212215,adm,30500.0,1
2025,6,212215,adm,31000.0,1
2025,6,212215,adm,32000.0,1
2025,6,212215,adm,32500.0,1
2025,6,212215,adm,34500.0,2
2025,6,212215,adm,37000.0,1
2025,6,212215,adm,37500.0,1
2025,6,212215,adm,40000.0,2
2025,6,212215,adm,41500.0,1
2025,6,212215,adm,43000.0,1
2025,6,212215,adm,43500.0,1
2025,6,212215,adm,45000.0,1
2025,6,212215,adm,50000.0,6
2025,6,212215,deslig,0.0,1
2025,6,212215,deslig,2000.0,1
2025,6,212215,deslig,3000.0,1
2025,6,212215,deslig,3500.0,1
2025,6,212215,deslig,4000.0,4
2025,6,212215,deslig,4500.0,2
2025,6,212215,deslig,5000.0,4
2025,6,212215,deslig,6000.0,4
2025,6,212215,deslig,6500.0,2
2025,6,212215,deslig,7000.0,4
2025,6,212215,deslig,7500.0,4
2025,6,212215,deslig,8000.0,3
2025,6,212215,deslig,8500.0,5
2025,6,212215,deslig,9000.0,5
2025,6,212215,deslig,9500.0,7
2025,6,212215,deslig,10000.0,10
2025,6,212215,deslig,10500.0,7
2025,6,212215,deslig,11000.0,4
2025,6,212215,deslig,11500.0,3
2025,6,212215,deslig,12000.0,11
2025,6,212215,deslig,12500.0,2
2025,6,212215,deslig,13000.0,5
2025,6,212215,deslig,13500.0,3
2025,6,212215,deslig,14000.0,2
2025,6,212215,deslig,14500.0,1
2025,6,212215,deslig,15000.0,5
2025,6,212215,deslig,15500.0,3
2025,6,212215,deslig,16000.0,1
2025,6,212215,deslig,16500.0,2
2025,6,212215,deslig,17000.0,5
2025,6,212215,deslig,17500.0,4
2025,6,212215,deslig,18000.0,6
2025,6,212215,deslig,18500.0,1
2025,6,212215,deslig,19000.0,3
2025,6,212215,deslig,19500.0,2
2025,6,212215,deslig,20000.0,3
2025,6,212215,deslig,21000.0,2
2025,6,212215,deslig,22000.0,1
2025,6,212215,deslig,22500.0,4
2025,6,212215,deslig,23000.0,1
2025,6,212215,deslig,23500.0,1
2025,6,212215,deslig,24000.0,2
2025,6,212215,deslig,25500.0,2
2025,6,212215,deslig,27000.0,1
2025,6,212215,deslig,28000.0,3
2025,6,212215,deslig,29000.0,2
2025,6,212215,deslig,30000.0,2
2025,6,212215,deslig,32500.0,2
2025,6,212215,deslig,34000.0,1
2025,6,212215,deslig,40000.0,1
2025,6,212215,deslig,40500.0,1
2025,6,212215,deslig,42500.0,1
2025,6,212215,deslig,44000.0,1
2025,6,212215,deslig,48000.0,1
2025,6,212215,deslig,49500.0,1
2025,6,212215,deslig,50000.0,2
2025,6,212305,adm,1500.0,3
2025,6,212305,adm,2000.0,3
2025,6,212305,adm,2500.0,2
2025,6,212305,adm,3000.0,8
2025,6,212305,adm,3500.0,6
2025,6,212305,adm,4000.0,12
2025,6,212305,adm,4500.0,7
2025,6,212305,adm,5000.0,9
2025,6,212305,adm,5500.0,4
2025,6,212305,adm,6000.0,7
2025,6,212305,adm,6500.0,6
2025,6,212305,adm,7000.0,10
2025,6,212305,adm,7500.0,6
2025,6,212305,adm,8000.0,9
2025,6,212305,adm,8500.0,6
2025,6,212305,adm,9000.0,8
2025,6,212305,adm,9500.0,2
2025,6,212305,adm,10000.0,9
2025,6,212305,adm,10500.0,3
2025,6,212305,adm,11000.0,3
2025,6,212305,adm,11500.0,2
2025,6,212305,adm,12000.0,4
2025,6,212305,adm,12500.0,4
2025,6,212305,adm,13000.0,4
2025,6,212305,adm,13500.0,3
2025,6,212305,adm,14000.0,1
2025,6,212305,adm,14500.0,2
2025,6,212305,adm,15000.0,1
2025,6,212305,adm,15500.0,1
2025,6,212305,adm,16000.0,4
2025,6,212305,adm,17000.0,1
2025,6,212305,adm,17500.0,1
2025,6,212305,adm,18000.0,1
2025,6,212305,adm,19000.0,1
2025,6,212305,adm,19500.0,1
2025,6,212305,adm,20000.0,1
2025,6,212305,adm,21000.0,2
2025,6,212305,adm,21500.0,1
2025,6,212305,adm,24000.0,1
2025,6,212305,adm,34000.0,1
2025,6,212305,deslig,1500.0,3
2025,6,212305,deslig,2000.0,2
2025,6,212305,deslig,2500.0,2
2025,6,212305,deslig,3000.0,3
2025,6,212305,deslig,3500.0,9
2025,6,212305,deslig,4000.0,7
2025,6,212305,deslig,4500.0,4
2025,6,212305,deslig,5000.0,4
2025,6,212305,deslig,5500.0,4
2025,6,212305,deslig,6000.0,6
2025,6,212305,deslig,6500.0,1
2025,6,212305,deslig,7000.0,6
2025,6,212305,deslig,7500.0,5
2025,6,212305,deslig,8000.0,6
2025,6,212305,deslig,8500.0,4
2025,6,212305,deslig,9000.0,4
2025,6,212305,deslig,9500.0,6
2025,6,212305,deslig,10000.0,5
2025,6,212305,deslig,10500.0,4
2025,6,212305,deslig,11000.0,4
2025,6,212305,deslig,11500.0,1
2025,6,212305,deslig,12000.0,5
2025,6,212305,deslig,12500.0,1
2025,6,212305,deslig,13000.0,5
2025,6,212305,deslig,13500.0,4
2025,6,212305,deslig,14000.0,3
2025,6,212305,deslig,15000.0,4
2025,6,212305,deslig,15500.0,3
2025,6,212305,deslig,16000.0,4
2025,6,212305,deslig,16500.0,1
2025,6,212305,deslig,17000.0,3
2025,6,212305,deslig,17500.0,1
2025,6,212305,deslig,18000.0,1
2025,6,212305,deslig,18500.0,2
2025,6,212305,deslig,19500.0,1
2025,6,212305,deslig,20000.0,2
2025,6,212305,deslig,21000.0,1
2025,6,212305,deslig,21500.0,2
2025,6,212305,deslig,23500.0,1
2025,6,212305,deslig,24500.0,1
2025,6,212305,deslig,25500.0,1
2025,6,212305,deslig,28500.0,1
2025,6,212405,adm,0.0,2
2025,6,212405,adm,1000.0,1
2025,6,212405,adm,1500.0,23
2025,6,212405,adm,2000.0,114
2025,6,212405,adm,2500.0,116
2025,6,212405,adm,3000.0,150
2025,6,212405,adm,3500.0,111
2025,6,212405,adm,4000.0,144
2025,6,212405,adm,4500.0,133
2025,6,212405,adm,5000.0,136
2025,6,212405,adm,5500.0,107
2025,6,212405,adm,6000.0,136
2025,6,212405,adm,6500.0,130
2025,6,212405,adm,7000.0,177
2025,6,212405,adm,7500.0,105
2025,6,212405,adm,8000.0,145
2025,6,212405,adm,8500.0,117
2025,6,212405,adm,9000.0,137
2025,6,212405,adm,9500.0,115
2025,6,212405,adm,10000.0,158
2025,6,212405,adm,10500.0,76
2025,6,212405,adm,11000.0,130
2025,6,212405,adm,11500.0,58
2025,6,212405,adm,12000.0,146
2025,6,212405,adm,12500.0,59
2025,6,212405,adm,13000.0,84
2025,6,212405,adm,13500.0,39
2025,6,212405,adm,14000.0,95
2025,6,212405,adm,14500.0,34
2025,6,212405,adm,15000.0,132
2025,6,212405,adm,15500.0,34
2025,6,212405,adm,16000.0,48
2025,6,212405,adm,16500.0,32
2025,6,212405,adm,17000.0,52
2025,6,212405,adm,17500.0,21
2025,6,212405,adm,18000.0,41
2025,6,212405,adm,18500.0,6
2025,6,212405,adm,19000.0,27
2025,6,212405,adm,19500.0,18
2025,6,212405,adm,20000.0,25
2025,6,212405,adm,20500.0,10
2025,6,212405,adm,21000.0,21
2025,6,212405,adm,21500.0,7
2025,6,212405,adm,22000.0,7
2025,6,212405,adm,22500.0,5
2025,6,212405,adm,23000.0,6
2025,6,212405,adm,23500.0,2
2025,6,212405,adm,24000.0,6
2025,6,212405,adm,24500.0,1
2025,6,212405,adm,25000.0,8
2025,6,212405,adm,25500.0,3
2025,6,212405,adm,26000.0,1
2025,6,212405,adm,27000.0,1
2025,6,212405,adm,27500.0,2
2025,6,212405,adm,28000.0,1
2025,6,212405,adm,30000.0,4
2025,6,212405,adm,31000.0,3
2025,6,212405,adm,32000.0,2
2025,6,212405,adm,32500.0,1
2025,6,212405,adm,33000.0,2
2025,6,212405,adm,34500.0,1
2025,6,212405,adm,35000.0,1
2025,6,212405,adm,36000.0,3
2025,6,212405,adm,43000.0,1
2025,6,212405,adm,50000.0,2
2025,6,212405,deslig,0.0,1
2025,6,212405,deslig,1500.0,27
2025,6,212405,deslig,2000.0,103
2025,6,212405,deslig,2500.0,99
2025,6,212405,deslig,3000.0,119
2025,6,212405,deslig,3500.0,100
2025,6,212405,deslig,4000.0,139
2025,6,212405,deslig,4500.0,107
2025,6,212405,deslig,5000.0,110
2025,6,212405,deslig,5500.0,108
2025,6,212405,deslig,6000.0,117
2025,6,212405,deslig,6500.0,131
2025,6,212405,deslig,7000.0,117
2025,6,212405,deslig,7500.0,105
2025,6,212405,deslig,8000.0,131
2025,6,212405,deslig,8500.0,96
2025,6,212405,deslig,9000.0,116
2025,6,212405,deslig,9500.0,90
2025,6,212405,deslig,10000.0,115
2025,6,212405,deslig,10500.0,70
2025,6,212405,deslig,11000.0,101
2025,6,212405,deslig,11500.0,69
2025,6,212405,deslig,12000.0,90
2025,6,212405,deslig,12500.0,75
2025,6,212405,deslig,13000.0,76
2025,6,212405,deslig,13500.0,39
2025,6,212405,deslig,14000.0,60
2025,6,212405,deslig,14500.0,39
2025,6,212405,deslig,15000.0,61
2025,6,212405,deslig,15500.0,45
2025,6,212405,deslig,16000.0,40
2025,6,212405,deslig,16500.0,29
2025,6,212405,deslig,17000.0,27
2025,6,212405,deslig,17500.0,26
2025,6,212405,deslig,18000.0,18
2025,6,212405,deslig,18500.0,10
2025,6,212405,deslig,19000.0,16
2025,6,212405,deslig,19500.0,11
2025,6,212405,deslig,20000.0,17
2025,6,212405,deslig,20500.0,12
2025,6,212405,deslig,21000.0,7
2025,6,212405,deslig,21500.0,2
2025,6,212405,deslig,22000.0,8
2025,6,212405,deslig,22500.0,3
2025,6,212405,deslig,23000.0,6
2025,6,212405,deslig,24000.0,4
2025,6,212405,deslig,24500.0,3
2025,6,212405,deslig,25000.0,3
2025,6,212405,deslig,25500.0,2
2025,6,212405,deslig,26000.0,1
2025,6,212405,deslig,27500.0,2
2025,6,212405,deslig,28000.0,1
2025,6,212405,deslig,29000.0,1
2025,6,212405,deslig,29500.0,1
2025,6,212405,deslig,30500.0,1
2025,6,212405,deslig,32500.0,1
2025,6,212405,deslig,33000.0,1
2025,6,212405,deslig,36000.0,1
2025,6,212405,deslig,37500.0,1
2025,6,212405,deslig,38000.0,1
2025,6,212405,deslig,38500.0,1
2025,6,212405,deslig,39000.0,1
2025,6,212405,deslig,39500.0,1
2025,6,212405,deslig,41000.0,1
2025,6,212405,deslig,41500.0,1
2025,6,212405,deslig,50000.0,1
2025,6,212410,adm,0.0,1
2025,6,212410,adm,1500.0,51
2025,6,212410,adm,2000.0,46
2025,6,212410,adm,2500.0,38
2025,6,212410,adm,3000.0,42
2025,6,212410,adm,3500.0,44
2025,6,212410,adm,4000.0,47
2025,6,212410,adm,4500.0,33
2025,6,212410,adm,5000.0,29
2025,6,212410,adm,5500.0,35
2025,6,212410,adm,6000.0,28
2025,6,212410,adm,6500.0,21
2025,6,212410,adm,7000.0,19
2025,6,212410,adm,7500.0,11
2025,6,212410,adm,8000.0,14
2025,6,212410,adm,8500.0,3
2025,6,212410,adm,9000.0,10
2025,6,212410,adm,9500.0,14
2025,6,212410,adm,10000.0,14
2025,6,212410,adm,10500.0,1
2025,6,212410,adm,11000.0,10
2025,6,212410,adm,11500.0,4
2025,6,212410,adm,12000.0,13
2025,6,212410,adm,12500.0,5
2025,6,212410,adm,13000.0,4
2025,6,212410,adm,13500.0,4
2025,6,212410,adm,14000.0,7
2025,6,212410,adm,14500.0,8
2025,6,212410,adm,15000.0,7
2025,6,212410,adm,15500.0,3
2025,6,212410,adm,16000.0,6
2025,6,212410,adm,16500.0,3
2025,6,212410,adm,17000.0,3
2025,6,212410,adm,17500.0,1
2025,6,212410,adm,18000.0,3
2025,6,212410,adm,18500.0,2
2025,6,212410,adm,19000.0,3
2025,6,212410,adm,19500.0,1
2025,6,212410,adm,20000.0,3
2025,6,212410,adm,21000.0,1
2025,6,212410,adm,22000.0,1
2025,6,212410,adm,23000.0,1
2025,6,212410,adm,24000.0,2
2025,6,212410,adm,24500.0,1
2025,6,212410,adm,25000.0,1
2025,6,212410,adm,25500.0,2
2025,6,212410,adm,26000.0,1
2025,6,212410,adm,27000.0,2
2025,6,212410,adm,28000.0,1
2025,6,212410,adm,28500.0,1
2025,6,212410,adm,29000.0,2
2025,6,212410,adm,34500.0,1
2025,6,212410,deslig,1500.0,28
2025,6,212410,deslig,2000.0,66
2025,6,212410,deslig,2500.0,48
2025,6,212410,deslig,3000.0,36
2025,6,212410,deslig,3500.0,50
2025,6,212410,deslig,4000.0,34
2025,6,212410,deslig,4500.0,33
2025,6,212410,deslig,5000.0,23
2025,6,212410,deslig,5500.0,14
2025,6,212410,deslig,6000.0,15
2025,6,212410,deslig,6500.0,17
2025,6,212410,deslig,7000.0,16
2025,6,212410,deslig,7500.0,22
2025,6,212410,deslig,8000.0,18
2025,6,212410,deslig,8500.0,11
2025,6,212410,deslig,9000.0,12
2025,6,212410,deslig,9500.0,6
2025,6,212410,deslig,10000.0,11
2025,6,212410,deslig,10500.0,3
2025,6,212410,deslig,11000.0,6
2025,6,212410,deslig,11500.0,3
2025,6,212410,deslig,12000.0,6
2025,6,212410,deslig,12500.0,6
2025,6,212410,deslig,13000.0,8
2025,6,212410,deslig,13500.0,4
2025,6,212410,deslig,14000.0,5
2025,6,212410,deslig,15000.0,6
2025,6,212410,deslig,15500.0,5
2025,6,212410,deslig,16000.0,6
2025,6,212410,deslig,16500.0,1
2025,6,212410,deslig,17000.0,2
2025,6,212410,deslig,18000.0,1
2025,6,212410,deslig,18500.0,3
2025,6,212410,deslig,19000.0,2
2025,6,212410,deslig,20000.0,3
2025,6,212410,deslig,21500.0,1
2025,6,212410,deslig,22500.0,1
2025,6,212410,deslig,23000.0,1
2025,6,212410,deslig,24000.0,1
2025,6,212410,deslig,25500.0,1
2025,6,212410,deslig,26000.0,1
2025,6,212410,deslig,29000.0,2
2025,6,212410,deslig,33000.0,1
2025,6,212425,adm,2000.0,1
2025,6,212425,adm,3000.0,1
2025,6,212425,adm,4000.0,1
2025,6,212425,adm,4500.0,1
2025,6,212425,adm,6000.0,1
2025,6,212425,adm,6500.0,1
2025,6,212425,adm,7500.0,2
2025,6,212425,adm,8000.0,1
2025,6,212425,adm,8500.0,2
2025,6,212425,adm,9000.0,1
2025,6,212425,adm,9500.0,2
2025,6,212425,adm,10000.0,2
2025,6,212425,adm,10500.0,1
2025,6,212425,adm,11000.0,3
2025,6,212425,adm,11500.0,1
2025,6,212425,adm,12000.0,4
2025,6,212425,adm,12500.0,1
2025,6,212425,adm,13000.0,2
2025,6,212425,adm,14000.0,4
2025,6,212425,adm,14500.0,3
2025,6,212425,adm,15000.0,4
2025,6,212425,adm,15500.0,2
2025,6,212425,adm,16000.0,6
2025,6,212425,adm,16500.0,2
2025,6,212425,adm,17000.0,6
2025,6,212425,adm,17500.0,1
2025,6,212425,adm,18000.0,6
2025,6,212425,adm,18500.0,2
2025,6,212425,adm,19000.0,5
2025,6,212425,adm,19500.0,4
2025,6,212425,adm,20000.0,6
2025,6,212425,adm,21000.0,5
2025,6,212425,adm,23000.0,3
2025,6,212425,adm,23500.0,1
2025,6,212425,adm,24000.0,1
2025,6,212425,adm,26000.0,2
2025,6,212425,adm,29000.0,1
2025,6,212425,adm,30000.0,1
2025,6,212425,adm,35000.0,1
2025,6,212425,adm,37500.0,2
2025,6,212425,adm,38000.0,1
2025,6,212425,deslig,0.0,1
2025,6,212425,deslig,5000.0,2
2025,6,212425,deslig,5500.0,3
2025,6,212425,deslig,6000.0,2
2025,6,212425,deslig,7000.0,3
2025,6,212425,deslig,7500.0,1
2025,6,212425,deslig,8000.0,2
2025,6,212425,deslig,8500.0,2
2025,6,212425,deslig,9000.0,4
2025,6,212425,deslig,9500.0,1
2025,6,212425,deslig,10000.0,1
2025,6,212425,deslig,10500.0,5
2025,6,212425,deslig,11000.0,3
2025,6,212425,deslig,11500.0,2
2025,6,212425,deslig,12000.0,7
2025,6,212425,deslig,12500.0,3
2025,6,212425,deslig,13000.0,4
2025,6,212425,deslig,13500.0,2
2025,6,212425,deslig,14000.0,1
2025,6,212425,deslig,14500.0,4
2025,6,212425,deslig,15000.0,4
2025,6,212425,deslig,15500.0,4
2025,6,212425,deslig,16000.0,3
2025,6,212425,deslig,16500.0,2
2025,6,212425,deslig,17000.0,4
2025,6,212425,deslig,17500.0,3
2025,6,212425,deslig,18000.0,3
2025,6,212425,deslig,18500.0,1
2025,6,212425,deslig,19000.0,1
2025,6,212425,deslig,19500.0,2
2025,6,212425,deslig,20000.0,1
2025,6,212425,deslig,20500.0,2
2025,6,212425,deslig,21000.0,2
2025,6,212425,deslig,22000.0,1
2025,6,212425,deslig,24500.0,1
2025,6,212425,deslig,25000.0,2
2025,6,212425,deslig,25500.0,2
2025,6,212425,deslig,27500.0,1
2025,6,212425,deslig,28000.0,1
2025,6,212425,deslig,28500.0,1
2025,6,212425,deslig,30000.0,1
2025,6,212425,deslig,30500.0,1
2025,6,212425,deslig,32000.0,1
2025,6,212425,deslig,33000.0,1
2025,6,212425,deslig,33500.0,1
2025,6,212425,deslig,37500.0,1
2025,6,212425,deslig,50000.0,1
2025,7,203105,adm,2500.0,1
2025,7,203105,adm,3000.0,2
2025,7,203105,adm,3500.0,1
2025,7,203105,adm,4000.0,7
2025,7,203105,adm,4500.0,1
2025,7,203105,adm,5500.0,3
2025,7,203105,adm,6000.0,1
2025,7,203105,adm,7000.0,2
2025,7,203105,adm,7500.0,2
2025,7,203105,adm,8000.0,6
2025,7,203105,adm,8500.0,2
2025,7,203105,adm,9500.0,1
2025,7,203105,adm,11000.0,1
2025,7,203105,adm,12000.0,1
2025,7,203105,adm,12500.0,1
2025,7,203105,adm,13000.0,1
2025,7,203105,adm,13500.0,1
2025,7,203105,adm,14000.0,1
2025,7,203105,adm,14500.0,1
2025,7,203105,adm,16500.0,1
2025,7,203105,adm,17000.0,1
2025,7,203105,adm,21500.0,1
2025,7,203105,adm,42500.0,1
2025,7,203105,deslig,0.0,1
2025,7,203105,deslig,2000.0,1
2025,7,203105,deslig,5000.0,1
2025,7,203105,deslig,5500.0,4
2025,7,203105,deslig,6500.0,1
2025,7,203105,deslig,7000.0,1
2025,7,203105,deslig,7500.0,2
2025,7,203105,deslig,8000.0,2
2025,7,203105,deslig,9000.0,1
2025,7,203105,deslig,10000.0,1
2025,7,203105,deslig,10500.0,1
2025,7,203105,deslig,11000.0,1
2025,7,203105,deslig,12000.0,3
2025,7,203105,deslig,12500.0,1
2025,7,203105,deslig,13000.0,1
2025,7,203105,deslig,13500.0,1
2025,7,203105,deslig,14000.0,3
2025,7,203105,deslig,15000.0,1
2025,7,203105,deslig,16500.0,1
2025,7,203105,deslig,17000.0,1
2025,7,203105,deslig,18000.0,1
2025,7,203105,deslig,22000.0,2
2025,7,203105,deslig,24000.0,1
2025,7,203105,deslig,25500.0,1
2025,7,203105,deslig,29000.0,1
2025,7,211205,adm,2000.0,1
2025,7,211205,adm,2500.0,3
2025,7,211205,adm,3000.0,1
2025,7,211205,adm,3500.0,2
2025,7,211205,adm,4000.0,3
2025,7,211205,adm,4500.0,3
2025,7,211205,adm,5000.0,5
2025,7,211205,adm,5500.0,1
2025,7,211205,adm,6000.0,2
2025,7,211205,adm,6500.0,1
2025,7,211205,adm,7000.0,8
2025,7,211205,adm,7500.0,1
2025,7,211205,adm,8000.0,2
2025,7,211205,adm,8500.0,2
2025,7,211205,adm,9500.0,3
2025,7,211205,adm,10500.0,2
2025,7,211205,adm,12000.0,2
2025,7,211205,adm,13000.0,1
2025,7,211205,adm,15000.0,2
2025,7,211205,adm,16000.0,1
2025,7,211205,adm,16500.0,1
2025,7,211205,adm,17000.0,1
2025,7,211205,adm,18000.0,2
2025,7,211205,adm,20000.0,2
2025,7,211205,adm,25500.0,1
2025,7,211205,adm,35000.0,1
2025,7,211205,deslig,1500.0,1
2025,7,211205,deslig,2000.0,1
2025,7,211205,deslig,2500.0,2
2025,7,211205,deslig,4000.0,1
2025,7,211205,deslig,5000.0,5
2025,7,211205,deslig,6000.0,2
2025,7,211205,deslig,6500.0,1
2025,7,211205,deslig,7000.0,3
2025,7,211205,deslig,7500.0,2
2025,7,211205,deslig,8000.0,1
2025,7,211205,deslig,8500.0,3
2025,7,211205,deslig,9000.0,2
2025,7,211205,deslig,9500.0,3
2025,7,211205,deslig,10000.0,3
2025,7,211205,deslig,11000.0,1
2025,7,211205,deslig,12000.0,1
2025,7,211205,deslig,13000.0,1
2025,7,211205,deslig,13500.0,2
2025,7,211205,deslig,14000.0,2
2025,7,211205,deslig,15000.0,1
2025,7,211205,deslig,15500.0,1
2025,7,211205,deslig,23000.0,1
2025,7,211210,adm,5000.0,1
2025,7,211210,adm,6000.0,1
2025,7,211210,adm,18500.0,1
2025,7,211210,adm,27000.0,1
2025,7,211210,deslig,3000.0,1
2025,7,211210,deslig,4500.0,1
2025,7,211210,deslig,5000.0,1
2025,7,211210,deslig,5500.0,1
2025,7,211210,deslig,19500.0,1
2025,7,211215,adm,5000.0,1
2025,7,211215,adm,6500.0,1
2025,7,211215,adm,7000.0,1
2025,7,211220,adm,3000.0,2
2025,7,211220,adm,3500.0,1
2025,7,211220,adm,4500.0,1
2025,7,211220,adm,5000.0,2
2025,7,211220,adm,5500.0,1
2025,7,211220,adm,6000.0,2
2025,7,211220,adm,8000.0,2
2025,7,211220,adm,8500.0,1
2025,7,211220,adm,9000.0,1
2025,7,211220,adm,9500.0,1
2025,7,211220,adm,10000.0,7
2025,7,211220,adm,10500.0,1
2025,7,211220,adm,12000.0,3
2025,7,211220,adm,12500.0,1
2025,7,211220,adm,13000.0,1
2025,7,211220,adm,13500.0,1
2025,7,211220,adm,14500.0,1
2025,7,211220,adm,15000.0,3
2025,7,211220,adm,16000.0,2
2025,7,211220,adm,17000.0,4
2025,7,211220,adm,18000.0,1
2025,7,211220,adm,19000.0,1
2025,7,211220,adm,20000.0,1
2025,7,211220,adm,22500.0,2
2025,7,211220,adm,28000.0,1
2025,7,211220,adm,28500.0,1
2025,7,211220,adm,33500.0,1
2025,7,211220,adm,42000.0,1
2025,7,211220,adm,50000.0,2
2025,7,211220,deslig,2500.0,1
2025,7,211220,deslig,3000.0,4
2025,7,211220,deslig,3500.0,1
2025,7,211220,deslig,5000.0,2
2025,7,211220,deslig,5500.0,1
2025,7,211220,deslig,6000.0,3
2025,7,211220,deslig,8000.0,2
2025,7,211220,deslig,8500.0,2
2025,7,211220,deslig,9000.0,1
2025,7,211220,deslig,10000.0,5
2025,7,211220,deslig,10500.0,2
2025,7,211220,deslig,11000.0,1
2025,7,211220,deslig,12000.0,3
2025,7,211220,deslig,13000.0,5
2025,7,211220,deslig,13500.0,1
2025,7,211220,deslig,14000.0,2
2025,7,211220,deslig,15000.0,2
2025,7,211220,deslig,15500.0,1
2025,7,211220,deslig,16000.0,1
2025,7,211220,deslig,17000.0,1
2025,7,211220,deslig,18000.0,1
2025,7,211220,deslig,18500.0,1
2025,7,211220,deslig,19000.0,1
2025,7,211220,deslig,20000.0,1
2025,7,211220,deslig,22000.0,1
2025,7,211220,deslig,23500.0,1
2025,7,212205,adm,0.0,1
2025,7,212205,adm,1500.0,2
2025,7,212205,adm,2000.0,2
2025,7,212205,adm,3000.0,4
2025,7,212205,adm,3500.0,1
2025,7,212205,adm,4000.0,4
2025,7,212205,adm,5000.0,6
2025,7,212205,adm,5500.0,3
2025,7,212205,adm,6000.0,4
2025,7,212205,adm,6500.0,1
2025,7,212205,adm,7000.0,4
2025,7,212205,adm,7500.0,1
2025,7,212205,adm,8000.0,10
2025,7,212205,adm,8500.0,5
2025,7,212205,adm,9000.0,4
2025,7,212205,adm,9500.0,3
2025,7,212205,adm,10000.0,3
2025,7,212205,adm,10500.0,8
2025,7,212205,adm,11000.0,9
2025,7,212205,adm,11500.0,5
2025,7,212205,adm,12000.0,6
2025,7,212205,adm,12500.0,4
2025,7,212205,adm,13000.0,4
2025,7,212205,adm,13500.0,6
2025,7,212205,adm,14000.0,12
2025,7,212205,adm,14500.0,5
2025,7,212205,adm,15000.0,17
2025,7,212205,adm,15500.0,11
2025,7,212205,adm,16000.0,10
2025,7,212205,adm,16500.0,6
2025,7,212205,adm,17000.0,5
2025,7,212205,adm,17500.0,1
2025,7,212205,adm,18000.0,10
2025,7,212205,adm,18500.0,5
2025,7,212205,adm,19000.0,2
2025,7,212205,adm,19500.0,2
2025,7,212205,adm,20000.0,1
2025,7,212205,adm,20500.0,1
2025,7,212205,adm,21000.0,1
2025,7,212205,adm,21500.0,5
2025,7,212205,adm,22000.0,7
2025,7,212205,adm,22500.0,2
2025,7,212205,adm,23000.0,5
2025,7,212205,adm,23500.0,6
2025,7,212205,adm,24000.0,4
2025,7,212205,adm,24500.0,2
2025,7,212205,adm,25000.0,5
2025,7,212205,adm,25500.0,3
2025,7,212205,adm,26000.0,2
2025,7,212205,adm,26500.0,3
2025,7,212205,adm,27000.0,1
2025,7,212205,adm,27500.0,1
2025,7,212205,adm,28000.0,2
2025,7,212205,adm,28500.0,2
2025,7,212205,adm,31500.0,1
2025,7,212205,adm,33000.0,1
2025,7,212205,adm,35000.0,1
2025,7,212205,adm,38000.0,1
2025,7,212205,adm,40000.0,2
2025,7,212205,adm,41500.0,2
2025,7,212205,adm,44000.0,1
2025,7,212205,adm,47000.0,2
2025,7,212205,adm,50000.0,1
2025,7,212205,deslig,2000.0,4
2025,7,212205,deslig,2500.0,2
2025,7,212205,deslig,3000.0,2
2025,7,212205,deslig,3500.0,1
2025,7,212205,deslig,4000.0,2
2025,7,212205,deslig,4500.0,2
2025,7,212205,deslig,5000.0,2
2025,7,212205,deslig,5500.0,1
2025,7,212205,deslig,6000.0,3
2025,7,212205,deslig,6500.0,3
2025,7,212205,deslig,7000.0,4
2025,7,212205,deslig,7500.0,1
2025,7,212205,deslig,8000.0,6
2025,7,212205,deslig,8500.0,4
2025,7,212205,deslig,9000.0,3
2025,7,212205,deslig,9500.0,10
2025,7,212205,deslig,10000.0,4
2025,7,212205,deslig,10500.0,6
2025,7,212205,deslig,11000.0,4
2025,7,212205,deslig,11500.0,2
2025,7,212205,deslig,12000.0,5
2025,7,212205,deslig,12500.0,1
2025,7,212205,deslig,13000.0,2
2025,7,212205,deslig,13500.0,5
2025,7,212205,deslig,14000.0,5
2025,7,212205,deslig,14500.0,2
2025,7,212205,deslig,15000.0,4
2025,7,212205,deslig,15500.0,2
2025,7,212205,deslig,16000.0,3
2025,7,212205,deslig,16500.0,3
2025,7,212205,deslig,17000.0,3
2025,7,212205,deslig,17500.0,1
2025,7,212205,deslig,18000.0,2
2025,7,212205,deslig,18500.0,1
2025,7,212205,deslig,20000.0,3
2025,7,212205,deslig,21000.0,1
2025,7,212205,deslig,21500.0,1
2025,7,212205,deslig,22000.0,1
2025,7,212205,deslig,23000.0,2
2025,7,212205,deslig,24000.0,2
2025,7,212205,deslig,24500.0,1
2025,7,212205,deslig,25000.0,3
2025,7,212205,deslig,25500.0,1
2025,7,212205,deslig,26000.0,3
2025,7,212205,deslig,26500.0,1
2025,7,212205,deslig,27000.0,1
2025,7,212205,deslig,27500.0,2
2025,7,212205,deslig,29500.0,1
2025,7,212205,deslig,31500.0,1
2025,7,212205,deslig,32500.0,1
2025,7,212205,deslig,33000.0,1
2025,7,212205,deslig,36500.0,1
2025,7,212205,deslig,39000.0,1
2025,7,212205,deslig,45000.0,1
2025,7,212205,deslig,50000.0,1
2025,7,212210,adm,6500.0,2
2025,7,212210,adm,7000.0,1
2025,7,212210,adm,9500.0,1
2025,7,212210,adm,10500.0,2
2025,7,212210,adm,11000.0,1
2025,7,212210,adm,11500.0,1
2025,7,212210,adm,12500.0,1
2025,7,212210,adm,13000.0,1
2025,7,212210,adm,15000.0,1
2025,7,212210,adm,15500.0,1
2025,7,212210,adm,18000.0,1
2025,7,212210,adm,20000.0,1
2025,7,212210,adm,21000.0,1
2025,7,212210,adm,23000.0,1
2025,7,212210,adm,42500.0,1
2025,7,212210,adm,47000.0,1
2025,7,212210,deslig,4000.0,1
2025,7,212210,deslig,5000.0,1
2025,7,212210,deslig,5500.0,1
2025,7,212210,deslig,7000.0,1
2025,7,212210,deslig,7500.0,1
2025,7,212210,deslig,8000.0,1
2025,7,212210,deslig,9500.0,1
2025,7,212210,deslig,11000.0,1
2025,7,212210,deslig,12500.0,1
2025,7,212210,deslig,15000.0,1
2025,7,212210,deslig,25500.0,1
2025,7,212215,adm,3500.0,2
2025,7,212215,adm,4000.0,17
2025,7,212215,adm,4500.0,1
2025,7,212215,adm,5000.0,5
2025,7,212215,adm,5500.0,2
2025,7,212215,adm,6000.0,19
2025,7,212215,adm,6500.0,3
2025,7,212215,adm,7000.0,17
2025,7,212215,adm,7500.0,3
2025,7,212215,adm,8000.0,5
2025,7,212215,adm,8500.0,2
2025,7,212215,adm,9000.0,19
2025,7,212215,adm,9500.0,4
2025,7,212215,adm,10000.0,5
2025,7,212215,adm,10500.0,1
2025,7,212215,adm,11000.0,5
2025,7,212215,adm,11500.0,5
2025,7,212215,adm,12000.0,8
2025,7,212215,adm,12500.0,2
2025,7,212215,adm,13000.0,8
2025,7,212215,adm,13500.0,2
2025,7,212215,adm,14000.0,8
2025,7,212215,adm,14500.0,2
2025,7,212215,adm,15000.0,9
2025,7,212215,adm,15500.0,4
2025,7,212215,adm,16000.0,5
2025,7,212215,adm,16500.0,3
2025,7,212215,adm,17000.0,3
2025,7,212215,adm,18000.0,6
2025,7,212215,adm,18500.0,2
2025,7,212215,adm,19000.0,3
2025,7,212215,adm,19500.0,1
2025,7,212215,adm,20000.0,4
2025,7,212215,adm,20500.0,1
2025,7,212215,adm,22000.0,3
2025,7,212215,adm,23000.0,2
2025,7,212215,adm,24000.0,2
2025,7,212215,adm,24500.0,1
2025,7,212215,adm,25000.0,3
2025,7,212215,adm,25500.0,1
2025,7,212215,adm,27500.0,1
2025,7,212215,adm,28000.0,1
2025,7,212215,adm,29000.0,3
2025,7,212215,adm,29500.0,1
2025,7,212215,adm,30000.0,1
2025,7,212215,adm,30500.0,1
2025,7,212215,adm,31500.0,1
2025,7,212215,adm,33000.0,2
2025,7,212215,adm,33500.0,1
2025,7,212215,adm,34500.0,1
2025,7,212215,adm,35000.0,1
2025,7,212215,adm,37500.0,1
2025,7,212215,adm,40500.0,1
2025,7,212215,adm,41500.0,2
2025,7,212215,adm,42500.0,1
2025,7,212215,adm,48000.0,3
2025,7,212215,adm,48500.0,1
2025,7,212215,adm,50000.0,2
2025,7,212215,deslig,2000.0,1
2025,7,212215,deslig,2500.0,1
2025,7,212215,deslig,3000.0,3
2025,7,212215,deslig,3500.0,2
2025,7,212215,deslig,4000.0,1
2025,7,212215,deslig,4500.0,2
2025,7,212215,deslig,5000.0,4
2025,7,212215,deslig,5500.0,2
2025,7,212215,deslig,6000.0,4
2025,7,212215,deslig,6500.0,4
2025,7,212215,deslig,7000.0,4
2025,7,212215,deslig,7500.0,4
2025,7,212215,deslig,8000.0,4
2025,7,212215,deslig,9000.0,6
2025,7,212215,deslig,9500.0,9
2025,7,212215,deslig,10000.0,10
2025,7,212215,deslig,10500.0,3
2025,7,212215,deslig,11000.0,6
2025,7,212215,deslig,11500.0,3
2025,7,212215,deslig,12000.0,3
2025,7,212215,deslig,12500.0,6
2025,7,212215,deslig,13000.0,8
2025,7,212215,deslig,13500.0,2
2025,7,212215,deslig,14000.0,3
2025,7,212215,deslig,14500.0,3
2025,7,212215,deslig,15000.0,4
2025,7,212215,deslig,16000.0,2
2025,7,212215,deslig,17000.0,6
2025,7,212215,deslig,17500.0,3
2025,7,212215,deslig,18000.0,2
2025,7,212215,deslig,18500.0,1
2025,7,212215,deslig,19000.0,3
2025,7,212215,deslig,19500.0,2
2025,7,212215,deslig,20000.0,6
2025,7,212215,deslig,20500.0,1
2025,7,212215,deslig,21000.0,2
2025,7,212215,deslig,21500.0,1
2025,7,212215,deslig,22000.0,1
2025,7,212215,deslig,22500.0,1
2025,7,212215,deslig,23000.0,2
2025,7,212215,deslig,24000.0,2
2025,7,212215,deslig,25500.0,1
2025,7,212215,deslig,26000.0,1
2025,7,212215,deslig,26500.0,4
2025,7,212215,deslig,27500.0,2
2025,7,212215,deslig,28000.0,2
2025,7,212215,deslig,29000.0,2
2025,7,212215,deslig,29500.0,1
2025,7,212215,deslig,30000.0,1
2025,7,212215,deslig,30500.0,1
2025,7,212215,deslig,31000.0,2
2025,7,212215,deslig,32000.0,1
2025,7,212215,deslig,33000.0,2
2025,7,212215,deslig,33500.0,1
2025,7,212215,deslig,34000.0,2
2025,7,212215,deslig,37000.0,1
2025,7,212215,deslig,37500.0,1
2025,7,212215,deslig,40000.0,1
2025,7,212215,deslig,43000.0,2
2025,7,212215,deslig,50000.0,4
2025,7,212305,adm,1500.0,2
2025,7,212305,adm,2000.0,5
2025,7,212305,adm,2500.0,4
2025,7,212305,adm,3000.0,7
2025,7,212305,adm,3500.0,3
2025,7,212305,adm,4000.0,4
2025,7,212305,adm,4500.0,6
2025,7,212305,adm,5000.0,5
2025,7,212305,adm,5500.0,2
2025,7,212305,adm,6000.0,5
2025,7,212305,adm,6500.0,3
2025,7,212305,adm,7000.0,9
2025,7,212305,adm,7500.0,4
2025,7,212305,adm,8000.0,9
2025,7,212305,adm,8500.0,3
2025,7,212305,adm,9000.0,5
2025,7,212305,adm,9500.0,5
2025,7,212305,adm,10000.0,10
2025,7,212305,adm,10500.0,6
2025,7,212305,adm,11000.0,3
2025,7,212305,adm,11500.0,2
2025,7,212305,adm,12000.0,6
2025,7,212305,adm,12500.0,7
2025,7,212305,adm,13000.0,6
2025,7,212305,adm,13500.0,2
2025,7,212305,adm,14000.0,2
2025,7,212305,adm,14500.0,2
2025,7,212305,adm,15000.0,8
2025,7,212305,adm,15500.0,2
2025,7,212305,adm,16000.0,4
2025,7,212305,adm,17000.0,6
2025,7,212305,adm,17500.0,1
2025,7,212305,adm,18000.0,3
2025,7,212305,adm,18500.0,1
2025,7,212305,adm,19000.0,1
2025,7,212305,adm,19500.0,1
2025,7,212305,adm,20000.0,3
2025,7,212305,adm,21000.0,1
2025,7,212305,adm,21500.0,2
2025,7,212305,adm,26000.0,1
2025,7,212305,adm,27000.0,1
2025,7,212305,adm,35000.0,1
2025,7,212305,adm,42000.0,1
2025,7,212305,deslig,1500.0,3
2025,7,212305,deslig,2000.0,4
2025,7,212305,deslig,2500.0,1
2025,7,212305,deslig,3000.0,4
2025,7,212305,deslig,3500.0,4
2025,7,212305,deslig,4000.0,5
2025,7,212305,deslig,4500.0,6
2025,7,212305,deslig,5000.0,3
2025,7,212305,deslig,6000.0,5
2025,7,212305,deslig,6500.0,3
2025,7,212305,deslig,7000.0,13
2025,7,212305,deslig,7500.0,4
2025,7,212305,deslig,8000.0,8
2025,7,212305,deslig,8500.0,7
2025,7,212305,deslig,9000.0,4
2025,7,212305,deslig,9500.0,2
2025,7,212305,deslig,10000.0,5
2025,7,212305,deslig,10500.0,3
2025,7,212305,deslig,11000.0,3
2025,7,212305,deslig,11500.0,6
2025,7,212305,deslig,12000.0,6
2025,7,212305,deslig,12500.0,5
2025,7,212305,deslig,13000.0,7
2025,7,212305,deslig,13500.0,2
2025,7,212305,deslig,14000.0,4
2025,7,212305,deslig,14500.0,2
2025,7,212305,deslig,15500.0,2
2025,7,212305,deslig,16000.0,1
2025,7,212305,deslig,16500.0,1
2025,7,212305,deslig,17000.0,1
2025,7,212305,deslig,17500.0,1
2025,7,212305,deslig,18500.0,1
2025,7,212305,deslig,19000.0,2
2025,7,212305,deslig,23500.0,1
2025,7,212305,deslig,29500.0,1
2025,7,212305,deslig,31000.0,2
2025,7,212305,deslig,39500.0,1
2025,7,212405,adm,0.0,7
2025,7,212405,adm,1500.0,34
2025,7,212405,adm,2000.0,159
2025,7,212405,adm,2500.0,111
2025,7,212405,adm,3000.0,185
2025,7,212405,adm,3500.0,123
2025,7,212405,adm,4000.0,113
2025,7,212405,adm,4500.0,149
2025,7,212405,adm,5000.0,138
2025,7,212405,adm,5500.0,112
2025,7,212405,adm,6000.0,177
2025,7,212405,adm,6500.0,133
2025,7,212405,adm,7000.0,163
2025,7,212405,adm,7500.0,117
2025,7,212405,adm,8000.0,169
2025,7,212405,adm,8500.0,113
2025,7,212405,adm,9000.0,118
2025,7,212405,adm,9500.0,106
2025,7,212405,adm,10000.0,167
2025,7,212405,adm,10500.0,110
2025,7,212405,adm,11000.0,131
2025,7,212405,adm,11500.0,72
2025,7,212405,adm,12000.0,160
2025,7,212405,adm,12500.0,67
2025,7,212405,adm,13000.0,86
2025,7,212405,adm,13500.0,39
2025,7,212405,adm,14000.0,77
2025,7,212405,adm,14500.0,39
2025,7,212405,adm,15000.0,95
2025,7,212405,adm,15500.0,26
2025,7,212405,adm,16000.0,49
2025,7,212405,adm,16500.0,28
2025,7,212405,adm,17000.0,44
2025,7,212405,adm,17500.0,22
2025,7,212405,adm,18000.0,38
2025,7,212405,adm,18500.0,7
2025,7,212405,adm,19000.0,17
2025,7,212405,adm,19500.0,12
2025,7,212405,adm,20000.0,25
2025,7,212405,adm,20500.0,7
2025,7,212405,adm,21000.0,12
2025,7,212405,adm,21500.0,8
2025,7,212405,adm,22000.0,5
2025,7,212405,adm,22500.0,2
2025,7,212405,adm,23000.0,10
2025,7,212405,adm,23500.0,8
2025,7,212405,adm,24000.0,5
2025,7,212405,adm,25000.0,5
2025,7,212405,adm,26000.0,2
2025,7,212405,adm,26500.0,1
2025,7,212405,adm,28000.0,2
2025,7,212405,adm,28500.0,1
2025,7,212405,adm,29000.0,2
2025,7,212405,adm,30000.0,6
2025,7,212405,adm,31000.0,3
2025,7,212405,adm,32000.0,1
2025,7,212405,adm,32500.0,1
2025,7,212405,adm,33500.0,2
2025,7,212405,adm,34000.0,2
2025,7,212405,adm,35000.0,1
2025,7,212405,adm,36000.0,1
2025,7,212405,adm,37000.0,1
2025,7,212405,adm,38000.0,1
2025,7,212405,adm,40000.0,1
2025,7,212405,adm,44000.0,1
2025,7,212405,adm,50000.0,4
2025,7,212405,deslig,0.0,8
2025,7,212405,deslig,1500.0,32
2025,7,212405,deslig,2000.0,97
2025,7,212405,deslig,2500.0,119
2025,7,212405,deslig,3000.0,132
2025,7,212405,deslig,3500.0,124
2025,7,212405,deslig,4000.0,110
2025,7,212405,deslig,4500.0,110
2025,7,212405,deslig,5000.0,130
2025,7,212405,deslig,5500.0,119
2025,7,212405,deslig,6000.0,137
2025,7,212405,deslig,6500.0,125
2025,7,212405,deslig,7000.0,157
2025,7,212405,deslig,7500.0,120
2025,7,212405,deslig,8000.0,126
2025,7,212405,deslig,8500.0,86
2025,7,212405,deslig,9000.0,104
2025,7,212405,deslig,9500.0,93
2025,7,212405,deslig,10000.0,114
2025,7,212405,deslig,10500.0,65
2025,7,212405,deslig,11000.0,98
2025,7,212405,deslig,11500.0,59
2025,7,212405,deslig,12000.0,101
2025,7,212405,deslig,12500.0,61
2025,7,212405,deslig,13000.0,72
2025,7,212405,deslig,13500.0,42
2025,7,212405,deslig,14000.0,56
2025,7,212405,deslig,14500.0,43
2025,7,212405,deslig,15000.0,69
2025,7,212405,deslig,15500.0,47
2025,7,212405,deslig,16000.0,28
2025,7,212405,deslig,16500.0,33
2025,7,212405,deslig,17000.0,35
2025,7,212405,deslig,17500.0,29
2025,7,212405,deslig,18000.0,22
2025,7,212405,deslig,18500.0,9
2025,7,212405,deslig,19000.0,20
2025,7,212405,deslig,19500.0,10
2025,7,212405,deslig,20000.0,8
2025,7,212405,deslig,20500.0,10
2025,7,212405,deslig,21000.0,13
2025,7,212405,deslig,21500.0,4
2025,7,212405,deslig,22000.0,8
2025,7,212405,deslig,22500.0,3
2025,7,212405,deslig,23000.0,5
2025,7,212405,deslig,23500.0,2
2025,7,212405,deslig,24000.0,3
2025,7,212405,deslig,24500.0,3
2025,7,212405,deslig,25000.0,2
2025,7,212405,deslig,25500.0,1
2025,7,212405,deslig,26000.0,1
2025,7,212405,deslig,26500.0,3
2025,7,212405,deslig,27000.0,2
2025,7,212405,deslig,27500.0,3
2025,7,212405,deslig,28000.0,1
2025,7,212405,deslig,29000.0,1
2025,7,212405,deslig,29500.0,1
2025,7,212405,deslig,31000.0,4
2025,7,212405,deslig,31500.0,1
2025,7,212405,deslig,32000.0,2
2025,7,212405,deslig,32500.0,1
2025,7,212405,deslig,33500.0,1
2025,7,212405,deslig,34500.0,1
2025,7,212405,deslig,36500.0,2
2025,7,212405,deslig,37500.0,1
2025,7,212405,deslig,38000.0,1
2025,7,212405,deslig,38500.0,1
2025,7,212405,deslig,40000.0,1
2025,7,212405,deslig,50000.0,2
2025,7,212410,adm,0.0,2
2025,7,212410,adm,1500.0,123
2025,7,212410,adm,2000.0,53
2025,7,212410,adm,2500.0,34
2025,7,212410,adm,3000.0,69
2025,7,212410,adm,3500.0,38
2025,7,212410,adm,4000.0,54
2025,7,212410,adm,4500.0,31
2025,7,212410,adm,5000.0,25
2025,7,212410,adm,5500.0,17
2025,7,212410,adm,6000.0,22
2025,7,212410,adm,6500.0,27
2025,7,212410,adm,7000.0,26
2025,7,212410,adm,7500.0,12
2025,7,212410,adm,8000.0,11
2025,7,212410,adm,8500.0,12
2025,7,212410,adm,9000.0,11
2025,7,212410,adm,9500.0,5
2025,7,212410,adm,10000.0,10
2025,7,212410,adm,10500.0,6
2025,7,212410,adm,11000.0,10
2025,7,212410,adm,11500.0,3
2025,7,212410,adm,12000.0,8
2025,7,212410,adm,12500.0,7
2025,7,212410,adm,13000.0,10
2025,7,212410,adm,13500.0,3
2025,7,212410,adm,14000.0,5
2025,7,212410,adm,14500.0,6
2025,7,212410,adm,15000.0,9
2025,7,212410,adm,15500.0,2
2025,7,212410,adm,16000.0,7
2025,7,212410,adm,16500.0,4
2025,7,212410,adm,17000.0,5
2025,7,212410,adm,18000.0,3
2025,7,212410,adm,18500.0,2
2025,7,212410,adm,19000.0,5
2025,7,212410,adm,20000.0,4
2025,7,212410,adm,22500.0,1
2025,7,212410,adm,23000.0,1
2025,7,212410,adm,25000.0,3
2025,7,212410,adm,27000.0,2
2025,7,212410,adm,28000.0,1
2025,7,212410,adm,30000.0,1
2025,7,212410,adm,30500.0,2
2025,7,212410,adm,32000.0,1
2025,7,212410,adm,50000.0,1
2025,7,212410,deslig,1000.0,1
2025,7,212410,deslig,1500.0,27
2025,7,212410,deslig,2000.0,44
2025,7,212410,deslig,2500.0,41
2025,7,212410,deslig,3000.0,54
2025,7,212410,deslig,3500.0,32
2025,7,212410,deslig,4000.0,44
2025,7,212410,deslig,4500.0,26
2025,7,212410,deslig,5000.0,26
2025,7,212410,deslig,5500.0,26
2025,7,212410,deslig,6000.0,18
2025,7,212410,deslig,6500.0,21
2025,7,212410,deslig,7000.0,23
2025,7,212410,deslig,7500.0,10
2025,7,212410,deslig,8000.0,20
2025,7,212410,deslig,8500.0,14
2025,7,212410,deslig,9000.0,9
2025,7,212410,deslig,9500.0,18
2025,7,212410,deslig,10000.0,10
2025,7,212410,deslig,10500.0,9
2025,7,212410,deslig,11000.0,11
2025,7,212410,deslig,11500.0,1
2025,7,212410,deslig,12000.0,9
2025,7,212410,deslig,12500.0,4
2025,7,212410,deslig,13000.0,3
2025,7,212410,deslig,13500.0,2
2025,7,212410,deslig,14500.0,2
2025,7,212410,deslig,15000.0,11
2025,7,212410,deslig,15500.0,3
2025,7,212410,deslig,16000.0,2
2025,7,212410,deslig,16500.0,5
2025,7,212410,deslig,17000.0,3
2025,7,212410,deslig,18000.0,2
2025,7,212410,deslig,18500.0,1
2025,7,212410,deslig,19000.0,1
2025,7,212410,deslig,19500.0,1
2025,7,212410,deslig,20000.0,1
2025,7,212410,deslig,24500.0,1
2025,7,212410,deslig,25500.0,2
2025,7,212410,deslig,29000.0,1
2025,7,212425,adm,2500.0,1
2025,7,212425,adm,3000.0,2
2025,7,212425,adm,3500.0,1
2025,7,212425,adm,4500.0,2
2025,7,212425,adm,5500.0,1
2025,7,212425,adm,6500.0,1
2025,7,212425,adm,8000.0,1
2025,7,212425,adm,8500.0,1
2025,7,212425,adm,9000.0,2
2025,7,212425,adm,9500.0,2
2025,7,212425,adm,10000.0,4
2025,7,212425,adm,10500.0,2
2025,7,212425,adm,11000.0,3
2025,7,212425,adm,11500.0,1
2025,7,212425,adm,12000.0,1
2025,7,212425,adm,12500.0,4
2025,7,212425,adm,13000.0,1
2025,7,212425,adm,13500.0,2
2025,7,212425,adm,14000.0,4
2025,7,212425,adm,14500.0,1
2025,7,212425,adm,15000.0,5
2025,7,212425,adm,15500.0,1
2025,7,212425,adm,16000.0,5
2025,7,212425,adm,16500.0,1
2025,7,212425,adm,17000.0,4
2025,7,212425,adm,17500.0,1
2025,7,212425,adm,18000.0,4
2025,7,212425,adm,18500.0,3
2025,7,212425,adm,19000.0,2
2025,7,212425,adm,19500.0,1
2025,7,212425,adm,20000.0,2
2025,7,212425,adm,21000.0,4
2025,7,212425,adm,22000.0,2
2025,7,212425,adm,23000.0,1
2025,7,212425,adm,24000.0,2
2025,7,212425,adm,28000.0,1
2025,7,212425,adm,31000.0,1
2025,7,212425,adm,33000.0,1
2025,7,212425,adm,35000.0,3
2025,7,212425,adm,50000.0,1
2025,7,212425,deslig,2000.0,1
2025,7,212425,deslig,3000.0,1
2025,7,212425,deslig,3500.0,1
2025,7,212425,deslig,4000.0,1
2025,7,212425,deslig,4500.0,1
2025,7,212425,deslig,5500.0,1
2025,7,212425,deslig,6500.0,4
2025,7,212425,deslig,7000.0,1
2025,7,212425,deslig,7500.0,1
2025,7,212425,deslig,8500.0,2
2025,7,212425,deslig,9000.0,2
2025,7,212425,deslig,9500.0,3
2025,7,212425,deslig,10500.0,2
2025,7,212425,deslig,11500.0,3
2025,7,212425,deslig,12000.0,5
2025,7,212425,deslig,13000.0,3
2025,7,212425,deslig,13500.0,2
2025,7,212425,deslig,14000.0,4
2025,7,212425,deslig,14500.0,5
2025,7,212425,deslig,15000.0,6
2025,7,212425,deslig,15500.0,1
2025,7,212425,deslig,16000.0,6
2025,7,212425,deslig,16500.0,4
2025,7,212425,deslig,17000.0,3
2025,7,212425,deslig,17500.0,3
2025,7,212425,deslig,18000.0,7
2025,7,212425,deslig,18500.0,3
2025,7,212425,deslig,19000.0,1
2025,7,212425,deslig,19500.0,6
2025,7,212425,deslig,20000.0,1
2025,7,212425,deslig,20500.0,1
2025,7,212425,deslig,21000.0,1
2025,7,212425,deslig,21500.0,1
2025,7,212425,deslig,22000.0,2
2025,7,212425,deslig,23000.0,2
2025,7,212425,deslig,23500.0,1
2025,7,212425,deslig,25000.0,2
2025,7,212425,deslig,25500.0,1
2025,7,212425,deslig,29500.0,1
2025,7,212425,deslig,36500.0,1
2025,8,203105,adm,4000.0,3
2025,8,203105,adm,5000.0,2
2025,8,203105,adm,5500.0,4
2025,8,203105,adm,6000.0,2
2025,8,203105,adm,7000.0,5
2025,8,203105,adm,7500.0,3
2025,8,203105,adm,8000.0,4
2025,8,203105,adm,8500.0,2
2025,8,203105,adm,9000.0,1
2025,8,203105,adm,9500.0,3
2025,8,203105,adm,10000.0,3
2025,8,203105,adm,11000.0,5
2025,8,203105,adm,11500.0,1
2025,8,203105,adm,12000.0,3
2025,8,203105,adm,12500.0,1
2025,8,203105,adm,13500.0,1
2025,8,203105,adm,14000.0,2
2025,8,203105,adm,15500.0,2
2025,8,203105,adm,16000.0,1
2025,8,203105,adm,17000.0,3
2025,8,203105,adm,19000.0,2
2025,8,203105,adm,20500.0,1
2025,8,203105,deslig,3500.0,2
2025,8,203105,deslig,4000.0,2
2025,8,203105,deslig,4500.0,2
2025,8,203105,deslig,5000.0,1
2025,8,203105,deslig,5500.0,1
2025,8,203105,deslig,6000.0,3
2025,8,203105,deslig,7000.0,4
2025,8,203105,deslig,7500.0,1
2025,8,203105,deslig,8000.0,1
2025,8,203105,deslig,8500.0,3
2025,8,203105,deslig,9000.0,2
2025,8,203105,deslig,9500.0,3
2025,8,203105,deslig,10000.0,2
2025,8,203105,deslig,10500.0,1
2025,8,203105,deslig,11000.0,1
2025,8,203105,deslig,12000.0,2
2025,8,203105,deslig,12500.0,2
2025,8,203105,deslig,13000.0,2
2025,8,203105,deslig,13500.0,2
2025,8,203105,deslig,14000.0,1
2025,8,203105,deslig,14500.0,2
2025,8,203105,deslig,15500.0,2
2025,8,203105,deslig,16500.0,1
2025,8,203105,deslig,19500.0,1
2025,8,203105,deslig,26500.0,2
2025,8,211205,adm,2000.0,1
2025,8,211205,adm,4000.0,3
2025,8,211205,adm,4500.0,4
2025,8,211205,adm,5000.0,1
2025,8,211205,adm,6000.0,1
2025,8,211205,adm,7000.0,1
2025,8,211205,adm,7500.0,2
2025,8,211205,adm,8000.0,4
2025,8,211205,adm,10000.0,1
2025,8,211205,adm,10500.0,2
2025,8,211205,adm,11000.0,2
2025,8,211205,adm,11500.0,1
2025,8,211205,adm,12000.0,4
2025,8,211205,adm,13000.0,1
2025,8,211205,adm,13500.0,1
2025,8,211205,adm,17000.0,1
2025,8,211205,adm,19000.0,1
2025,8,211205,adm,30000.0,1
2025,8,211205,deslig,2500.0,1
2025,8,211205,deslig,4000.0,2
2025,8,211205,deslig,4500.0,2
2025,8,211205,deslig,5500.0,6
2025,8,211205,deslig,6000.0,4
2025,8,211205,deslig,6500.0,1
2025,8,211205,deslig,7000.0,2
2025,8,211205,deslig,8000.0,2
2025,8,211205,deslig,8500.0,2
2025,8,211205,deslig,9500.0,1
2025,8,211205,deslig,10500.0,2
2025,8,211205,deslig,11500.0,1
2025,8,211205,deslig,12000.0,1
2025,8,211205,deslig,18000.0,1
2025,8,211205,deslig,22500.0,1
2025,8,211205,deslig,26500.0,1
2025,8,211210,adm,9500.0,1
2025,8,211210,adm,18500.0,1
2025,8,211210,deslig,2500.0,1
2025,8,211210,deslig,3000.0,2
2025,8,211210,deslig,5500.0,1
2025,8,211210,deslig,7500.0,1
2025,8,211210,deslig,9000.0,1
2025,8,211210,deslig,20500.0,1
2025,8,211215,adm,2500.0,1
2025,8,211220,adm,1500.0,2
2025,8,211220,adm,2000.0,1
2025,8,211220,adm,3500.0,1
2025,8,211220,adm,4000.0,2
2025,8,211220,adm,5000.0,1
2025,8,211220,adm,6000.0,5
2025,8,211220,adm,6500.0,2
2025,8,211220,adm,7000.0,2
2025,8,211220,adm,7500.0,2
2025,8,211220,adm,8000.0,4
2025,8,211220,adm,8500.0,1
2025,8,211220,adm,9000.0,3
2025,8,211220,adm,9500.0,2
2025,8,211220,adm,11000.0,1
2025,8,211220,adm,11500.0,2
2025,8,211220,adm,12000.0,2
2025,8,211220,adm,12500.0,2
2025,8,211220,adm,13000.0,1
2025,8,211220,adm,13500.0,1
2025,8,211220,adm,14000.0,1
2025,8,211220,adm,15000.0,5
2025,8,211220,adm,17000.0,2
2025,8,211220,adm,18000.0,4
2025,8,211220,adm,19000.0,1
2025,8,211220,adm,20000.0,1
2025,8,211220,adm,22000.0,1
2025,8,211220,adm,25000.0,1
2025,8,211220,adm,30000.0,1
2025,8,211220,deslig,2000.0,1
2025,8,211220,deslig,3000.0,2
2025,8,211220,deslig,3500.0,1
2025,8,211220,deslig,4000.0,1
2025,8,211220,deslig,5000.0,4
2025,8,211220,deslig,6000.0,2
2025,8,211220,deslig,6500.0,1
2025,8,211220,deslig,7000.0,4
2025,8,211220,deslig,9500.0,3
2025,8,211220,deslig,10000.0,2
2025,8,211220,deslig,11000.0,2
2025,8,211220,deslig,11500.0,3
2025,8,211220,deslig,12000.0,1
2025,8,211220,deslig,12500.0,1
2025,8,211220,deslig,13000.0,2
2025,8,211220,deslig,14000.0,1
2025,8,211220,deslig,14500.0,1
2025,8,211220,deslig,16000.0,1
2025,8,211220,deslig,20500.0,1
2025,8,211220,deslig,50000.0,1
2025,8,212205,adm,2000.0,4
2025,8,212205,adm,3000.0,3
2025,8,212205,adm,3500.0,2
2025,8,212205,adm,4000.0,12
2025,8,212205,adm,4500.0,3
2025,8,212205,adm,5000.0,4
2025,8,212205,adm,5500.0,3
2025,8,212205,adm,6000.0,3
2025,8,212205,adm,6500.0,5
2025,8,212205,adm,7000.0,6
2025,8,212205,adm,8000.0,34
2025,8,212205,adm,8500.0,2
2025,8,212205,adm,9000.0,7
2025,8,212205,adm,9500.0,33
2025,8,212205,adm,10000.0,7
2025,8,212205,adm,10500.0,4
2025,8,212205,adm,11000.0,1
2025,8,212205,adm,11500.0,2
2025,8,212205,adm,12000.0,7
2025,8,212205,adm,12500.0,7
2025,8,212205,adm,13000.0,5
2025,8,212205,adm,13500.0,4
2025,8,212205,adm,14000.0,4
2025,8,212205,adm,14500.0,2
2025,8,212205,adm,15000.0,15
2025,8,212205,adm,15500.0,3
2025,8,212205,adm,16000.0,8
2025,8,212205,adm,16500.0,2
2025,8,212205,adm,17000.0,4
2025,8,212205,adm,18000.0,4
2025,8,212205,adm,18500.0,1
2025,8,212205,adm,19500.0,1
2025,8,212205,adm,20000.0,5
2025,8,212205,adm,21000.0,1
2025,8,212205,adm,21500.0,3
2025,8,212205,adm,22000.0,5
2025,8,212205,adm,22500.0,2
2025,8,212205,adm,23000.0,2
2025,8,212205,adm,23500.0,1
2025,8,212205,adm,24000.0,4
2025,8,212205,adm,24500.0,1
2025,8,212205,adm,25000.0,4
2025,8,212205,adm,25500.0,4
2025,8,212205,adm,26000.0,1
2025,8,212205,adm,26500.0,2
2025,8,212205,adm,27000.0,1
2025,8,212205,adm,28500.0,2
2025,8,212205,adm,29000.0,2
2025,8,212205,adm,30500.0,1
2025,8,212205,adm,31000.0,2
2025,8,212205,adm,31500.0,1
2025,8,212205,adm,34000.0,1
2025,8,212205,adm,35500.0,1
2025,8,212205,adm,37000.0,1
2025,8,212205,adm,38000.0,1
2025,8,212205,adm,38500.0,1
2025,8,212205,adm,41000.0,1
2025,8,212205,adm,47500.0,1
2025,8,212205,adm,50000.0,4
2025,8,212205,deslig,2000.0,3
2025,8,212205,deslig,2500.0,1
2025,8,212205,deslig,3000.0,3
2025,8,212205,deslig,3500.0,4
2025,8,212205,deslig,4000.0,2
2025,8,212205,deslig,4500.0,1
2025,8,212205,deslig,5000.0,4
2025,8,212205,deslig,5500.0,2
2025,8,212205,deslig,6000.0,2
2025,8,212205,deslig,6500.0,1
2025,8,212205,deslig,7000.0,5
2025,8,212205,deslig,7500.0,3
2025,8,212205,deslig,8000.0,5
2025,8,212205,deslig,8500.0,4
2025,8,212205,deslig,9000.0,3
2025,8,212205,deslig,9500.0,6
2025,8,212205,deslig,10000.0,2
2025,8,212205,deslig,10500.0,6
2025,8,212205,deslig,11000.0,8
2025,8,212205,deslig,11500.0,1
2025,8,212205,deslig,12000.0,3
2025,8,212205,deslig,12500.0,2
2025,8,212205,deslig,13000.0,5
2025,8,212205,deslig,13500.0,3
2025,8,212205,deslig,14000.0,3
2025,8,212205,deslig,14500.0,4
2025,8,212205,deslig,16000.0,3
2025,8,212205,deslig,16500.0,1
2025,8,212205,deslig,17000.0,1
2025,8,212205,deslig,17500.0,1
2025,8,212205,deslig,18500.0,3
2025,8,212205,deslig,19000.0,1
2025,8,212205,deslig,19500.0,1
2025,8,212205,deslig,20000.0,3
2025,8,212205,deslig,20500.0,3
2025,8,212205,deslig,22000.0,2
2025,8,212205,deslig,23500.0,1
2025,8,212205,deslig,24000.0,2
2025,8,212205,deslig,25000.0,1
2025,8,212205,deslig,26000.0,1
2025,8,212205,deslig,26500.0,2
2025,8,212205,deslig,27000.0,1
2025,8,212205,deslig,27500.0,2
2025,8,212205,deslig,29000.0,2
2025,8,212205,deslig,31500.0,1
2025,8,212205,deslig,35000.0,1
2025,8,212205,deslig,38500.0,1
2025,8,212205,deslig,40500.0,1
2025,8,212205,deslig,41000.0,1
2025,8,212205,deslig,41500.0,2
2025,8,212205,deslig,45000.0,2
2025,8,212205,deslig,46000.0,1
2025,8,212205,deslig,46500.0,1
2025,8,212205,deslig,50000.0,4
2025,8,212210,adm,4500.0,1
2025,8,212210,adm,5500.0,1
2025,8,212210,adm,9000.0,1
2025,8,212210,adm,11500.0,1
2025,8,212210,adm,14500.0,2
2025,8,212210,adm,20000.0,2
2025,8,212210,adm,21000.0,1
2025,8,212210,deslig,0.0,1
2025,8,212210,deslig,6500.0,1
2025,8,212210,deslig,8000.0,1
2025,8,212210,deslig,11000.0,1
2025,8,212210,deslig,11500.0,1
2025,8,212210,deslig,12500.0,1
2025,8,212210,deslig,13500.0,1
2025,8,212210,deslig,15000.0,1
2025,8,212215,adm,2000.0,4
2025,8,212215,adm,3000.0,4
2025,8,212215,adm,3500.0,1
2025,8,212215,adm,4000.0,1
2025,8,212215,adm,5000.0,2
2025,8,212215,adm,5500.0,2
2025,8,212215,adm,6000.0,12
2025,8,212215,adm,6500.0,2
2025,8,212215,adm,7000.0,9
2025,8,212215,adm,7500.0,7
2025,8,212215,adm,8000.0,9
2025,8,212215,adm,8500.0,1
2025,8,212215,adm,9000.0,19
2025,8,212215,adm,9500.0,7
2025,8,212215,adm,10000.0,8
2025,8,212215,adm,10500.0,1
2025,8,212215,adm,11000.0,5
2025,8,212215,adm,11500.0,2
2025,8,212215,adm,12000.0,4
2025,8,212215,adm,12500.0,1
2025,8,212215,adm,13000.0,8
2025,8,212215,adm,14000.0,6
2025,8,212215,adm,14500.0,3
2025,8,212215,adm,15000.0,7
2025,8,212215,adm,15500.0,1
2025,8,212215,adm,16000.0,2
2025,8,212215,adm,16500.0,10
2025,8,212215,adm,17000.0,9
2025,8,212215,adm,17500.0,1
2025,8,212215,adm,18000.0,3
2025,8,212215,adm,18500.0,1
2025,8,212215,adm,19000.0,4
2025,8,212215,adm,19500.0,4
2025,8,212215,adm,20000.0,3
2025,8,212215,adm,20500.0,2
2025,8,212215,adm,21500.0,1
2025,8,212215,adm,22000.0,2
2025,8,212215,adm,22500.0,1
2025,8,212215,adm,23000.0,3
2025,8,212215,adm,24000.0,2
2025,8,212215,adm,24500.0,2
2025,8,212215,adm,25000.0,1
2025,8,212215,adm,25500.0,2
2025,8,212215,adm,27000.0,4
2025,8,212215,adm,27500.0,2
2025,8,212215,adm,28000.0,1
2025,8,212215,adm,28500.0,1
2025,8,212215,adm,29000.0,1
2025,8,212215,adm,29500.0,1
2025,8,212215,adm,30000.0,2
2025,8,212215,adm,31000.0,1
2025,8,212215,adm,31500.0,1
2025,8,212215,adm,32000.0,1
2025,8,212215,adm,32500.0,1
2025,8,212215,adm,36500.0,2
2025,8,212215,adm,39500.0,1
2025,8,212215,adm,42000.0,2
2025,8,212215,adm,43500.0,1
2025,8,212215,adm,47000.0,1
2025,8,212215,adm,48000.0,1
2025,8,212215,adm,50000.0,6
2025,8,212215,deslig,2000.0,2
2025,8,212215,deslig,3000.0,1
2025,8,212215,deslig,4000.0,1
2025,8,212215,deslig,4500.0,3
2025,8,212215,deslig,5000.0,2
2025,8,212215,deslig,5500.0,4
2025,8,212215,deslig,6000.0,3
2025,8,212215,deslig,6500.0,9
2025,8,212215,deslig,7000.0,1
2025,8,212215,deslig,7500.0,1
2025,8,212215,deslig,8000.0,4
2025,8,212215,deslig,8500.0,4
2025,8,212215,deslig,9000.0,8
2025,8,212215,deslig,9500.0,4
2025,8,212215,deslig,10000.0,8
2025,8,212215,deslig,10500.0,2
2025,8,212215,deslig,11000.0,3
2025,8,212215,deslig,11500.0,3
2025,8,212215,deslig,12000.0,4
2025,8,212215,deslig,12500.0,6
2025,8,212215,deslig,13000.0,4
2025,8,212215,deslig,13500.0,4
2025,8,212215,deslig,14000.0,5
2025,8,212215,deslig,14500.0,6
2025,8,212215,deslig,15000.0,4
2025,8,212215,deslig,15500.0,5
2025,8,212215,deslig,16000.0,5
2025,8,212215,deslig,16500.0,3
2025,8,212215,deslig,17000.0,5
2025,8,212215,deslig,17500.0,3
2025,8,212215,deslig,18000.0,4
2025,8,212215,deslig,18500.0,3
2025,8,212215,deslig,19000.0,3
2025,8,212215,deslig,19500.0,4
2025,8,212215,deslig,20000.0,5
2025,8,212215,deslig,20500.0,2
2025,8,212215,deslig,21000.0,2
2025,8,212215,deslig,21500.0,4
2025,8,212215,deslig,22000.0,4
2025,8,212215,deslig,22500.0,3
2025,8,212215,deslig,23000.0,2
2025,8,212215,deslig,23500.0,2
2025,8,212215,deslig,24000.0,1
2025,8,212215,deslig,25000.0,1
2025,8,212215,deslig,25500.0,3
2025,8,212215,deslig,26000.0,1
2025,8,212215,deslig,26500.0,1
2025,8,212215,deslig,27000.0,2
2025,8,212215,deslig,27500.0,4
2025,8,212215,deslig,28500.0,1
2025,8,212215,deslig,29000.0,1
2025,8,212215,deslig,29500.0,1
2025,8,212215,deslig,30000.0,1
2025,8,212215,deslig,30500.0,1
2025,8,212215,deslig,31000.0,1
2025,8,212215,deslig,32000.0,2
2025,8,212215,deslig,33000.0,1
2025,8,212215,deslig,34500.0,1
2025,8,212215,deslig,35500.0,1
2025,8,212215,deslig,36000.0,1
2025,8,212215,deslig,36500.0,1
2025,8,212215,deslig,37000.0,1
2025,8,212215,deslig,40000.0,2
2025,8,212215,deslig,41000.0,1
2025,8,212215,deslig,43000.0,1
2025,8,212215,deslig,47500.0,2
2025,8,212215,deslig,50000.0,8
2025,8,212305,adm,1500.0,1
2025,8,212305,adm,2000.0,2
2025,8,212305,adm,2500.0,1
2025,8,212305,adm,3000.0,6
2025,8,212305,adm,3500.0,4
2025,8,212305,adm,4000.0,5
2025,8,212305,adm,4500.0,5
2025,8,212305,adm,5000.0,10
2025,8,212305,adm,5500.0,4
2025,8,212305,adm,6000.0,10
2025,8,212305,adm,6500.0,2
2025,8,212305,adm,7000.0,12
2025,8,212305,adm,7500.0,12
2025,8,212305,adm,8000.0,8
2025,8,212305,adm,8500.0,5
2025,8,212305,adm,9000.0,5
2025,8,212305,adm,9500.0,4
2025,8,212305,adm,10000.0,6
2025,8,212305,adm,10500.0,1
2025,8,212305,adm,11000.0,4
2025,8,212305,adm,11500.0,3
2025,8,212305,adm,12000.0,11
2025,8,212305,adm,12500.0,1
2025,8,212305,adm,13000.0,3
2025,8,212305,adm,13500.0,5
2025,8,212305,adm,14000.0,5
2025,8,212305,adm,14500.0,2
2025,8,212305,adm,15000.0,5
2025,8,212305,adm,15500.0,2
2025,8,212305,adm,16000.0,2
2025,8,212305,adm,17000.0,1
2025,8,212305,adm,17500.0,1
2025,8,212305,adm,18000.0,2
2025,8,212305,adm,18500.0,1
2025,8,212305,adm,19000.0,5
2025,8,212305,adm,21000.0,1
2025,8,212305,adm,22000.0,1
2025,8,212305,adm,22500.0,1
2025,8,212305,adm,23500.0,1
2025,8,212305,adm,38000.0,1
2025,8,212305,adm,44000.0,1
2025,8,212305,deslig,0.0,1
2025,8,212305,deslig,1500.0,3
2025,8,212305,deslig,2000.0,5
2025,8,212305,deslig,3000.0,4
2025,8,212305,deslig,3500.0,6
2025,8,212305,deslig,4000.0,8
2025,8,212305,deslig,4500.0,1
2025,8,212305,deslig,5000.0,1
2025,8,212305,deslig,5500.0,4
2025,8,212305,deslig,6000.0,5
2025,8,212305,deslig,6500.0,4
2025,8,212305,deslig,7000.0,5
2025,8,212305,deslig,7500.0,7
2025,8,212305,deslig,8000.0,6
2025,8,212305,deslig,8500.0,3
2025,8,212305,deslig,9000.0,9
2025,8,212305,deslig,9500.0,4
2025,8,212305,deslig,10000.0,11
2025,8,212305,deslig,10500.0,5
2025,8,212305,deslig,11000.0,2
2025,8,212305,deslig,11500.0,4
2025,8,212305,deslig,12000.0,6
2025,8,212305,deslig,12500.0,7
2025,8,212305,deslig,13000.0,7
2025,8,212305,deslig,13500.0,3
2025,8,212305,deslig,14000.0,6
2025,8,212305,deslig,14500.0,2
2025,8,212305,deslig,15000.0,3
2025,8,212305,deslig,15500.0,2
2025,8,212305,deslig,16000.0,2
2025,8,212305,deslig,16500.0,2
2025,8,212305,deslig,17000.0,1
2025,8,212305,deslig,17500.0,1
2025,8,212305,deslig,18000.0,2
2025,8,212305,deslig,20000.0,2
2025,8,212305,deslig,22000.0,1
2025,8,212305,deslig,22500.0,1
2025,8,212305,deslig,23000.0,1
2025,8,212305,deslig,31000.0,1
2025,8,212305,deslig,31500.0,1
2025,8,212305,deslig,32000.0,1
2025,8,212405,adm,0.0,3
2025,8,212405,adm,1500.0,35
2025,8,212405,adm,2000.0,260
2025,8,212405,adm,2500.0,142
2025,8,212405,adm,3000.0,160
2025,8,212405,adm,3500.0,124
2025,8,212405,adm,4000.0,146
2025,8,212405,adm,4500.0,120
2025,8,212405,adm,5000.0,159
2025,8,212405,adm,5500.0,113
2025,8,212405,adm,6000.0,151
2025,8,212405,adm,6500.0,147
2025,8,212405,adm,7000.0,177
2025,8,212405,adm,7500.0,112
2025,8,212405,adm,8000.0,157
2025,8,212405,adm,8500.0,109
2025,8,212405,adm,9000.0,140
2025,8,212405,adm,9500.0,115
2025,8,212405,adm,10000.0,168
2025,8,212405,adm,10500.0,82
2025,8,212405,adm,11000.0,118
2025,8,212405,adm,11500.0,68
2025,8,212405,adm,12000.0,166
2025,8,212405,adm,12500.0,57
2025,8,212405,adm,13000.0,94
2025,8,212405,adm,13500.0,60
2025,8,212405,adm,14000.0,86
2025,8,212405,adm,14500.0,25
2025,8,212405,adm,15000.0,110
2025,8,212405,adm,15500.0,28
2025,8,212405,adm,16000.0,61
2025,8,212405,adm,16500.0,13
2025,8,212405,adm,17000.0,42
2025,8,212405,adm,17500.0,20
2025,8,212405,adm,18000.0,36
2025,8,212405,adm,18500.0,8
2025,8,212405,adm,19000.0,15
2025,8,212405,adm,19500.0,16
2025,8,212405,adm,20000.0,32
2025,8,212405,adm,20500.0,4
2025,8,212405,adm,21000.0,6
2025,8,212405,adm,21500.0,1
2025,8,212405,adm,22000.0,12
2025,8,212405,adm,22500.0,9
2025,8,212405,adm,23000.0,6
2025,8,212405,adm,23500.0,2
2025,8,212405,adm,24000.0,13
2025,8,212405,adm,24500.0,4
2025,8,212405,adm,25000.0,10
2025,8,212405,adm,25500.0,2
2025,8,212405,adm,26000.0,5
2025,8,212405,adm,26500.0,1
2025,8,212405,adm,27000.0,4
2025,8,212405,adm,28000.0,5
2025,8,212405,adm,29000.0,4
2025,8,212405,adm,29500.0,2
2025,8,212405,adm,30000.0,1
2025,8,212405,adm,30500.0,1
2025,8,212405,adm,32000.0,3
2025,8,212405,adm,32500.0,2
2025,8,212405,adm,35000.0,2
2025,8,212405,adm,50000.0,2
2025,8,212405,deslig,0.0,3
2025,8,212405,deslig,1500.0,16
2025,8,212405,deslig,2000.0,99
2025,8,212405,deslig,2500.0,131
2025,8,212405,deslig,3000.0,161
2025,8,212405,deslig,3500.0,148
2025,8,212405,deslig,4000.0,154
2025,8,212405,deslig,4500.0,141
2025,8,212405,deslig,5000.0,126
2025,8,212405,deslig,5500.0,116
2025,8,212405,deslig,6000.0,127
2025,8,212405,deslig,6500.0,121
2025,8,212405,deslig,7000.0,130
2025,8,212405,deslig,7500.0,119
2025,8,212405,deslig,8000.0,141
2025,8,212405,deslig,8500.0,121
2025,8,212405,deslig,9000.0,101
2025,8,212405,deslig,9500.0,88
2025,8,212405,deslig,10000.0,140
2025,8,212405,deslig,10500.0,97
2025,8,212405,deslig,11000.0,100
2025,8,212405,deslig,11500.0,73
2025,8,212405,deslig,12000.0,96
2025,8,212405,deslig,12500.0,100
2025,8,212405,deslig,13000.0,76
2025,8,212405,deslig,13500.0,54
2025,8,212405,deslig,14000.0,74
2025,8,212405,deslig,14500.0,36
2025,8,212405,deslig,15000.0,69
2025,8,212405,deslig,15500.0,45
2025,8,212405,deslig,16000.0,56
2025,8,212405,deslig,16500.0,38
2025,8,212405,deslig,17000.0,33
2025,8,212405,deslig,17500.0,22
2025,8,212405,deslig,18000.0,33
2025,8,212405,deslig,18500.0,19
2025,8,212405,deslig,19000.0,12
2025,8,212405,deslig,19500.0,15
2025,8,212405,deslig,20000.0,14
2025,8,212405,deslig,20500.0,9
2025,8,212405,deslig,21000.0,8
2025,8,212405,deslig,21500.0,9
2025,8,212405,deslig,22000.0,8
2025,8,212405,deslig,22500.0,2
2025,8,212405,deslig,23000.0,6
2025,8,212405,deslig,23500.0,4
2025,8,212405,deslig,24000.0,4
2025,8,212405,deslig,24500.0,2
2025,8,212405,deslig,25000.0,5
2025,8,212405,deslig,25500.0,1
2025,8,212405,deslig,26000.0,2
2025,8,212405,deslig,28000.0,4
2025,8,212405,deslig,28500.0,1
2025,8,212405,deslig,29500.0,1
2025,8,212405,deslig,30000.0,4
2025,8,212405,deslig,30500.0,2
2025,8,212405,deslig,31000.0,1
2025,8,212405,deslig,32000.0,1
2025,8,212405,deslig,33000.0,1
2025,8,212405,deslig,34000.0,2
2025,8,212405,deslig,36000.0,1
2025,8,212405,deslig,37000.0,1
2025,8,212405,deslig,38000.0,1
2025,8,212405,deslig,38500.0,1
2025,8,212405,deslig,39000.0,1
2025,8,212405,deslig,39500.0,1
2025,8,212405,deslig,40000.0,1
2025,8,212405,deslig,41000.0,1
2025,8,212405,deslig,42500.0,1
2025,8,212405,deslig,50000.0,3
2025,8,212410,adm,0.0,1
2025,8,212410,adm,1500.0,38
2025,8,212410,adm,2000.0,42
2025,8,212410,adm,2500.0,53
2025,8,212410,adm,3000.0,65
2025,8,212410,adm,3500.0,43
2025,8,212410,adm,4000.0,57
2025,8,212410,adm,4500.0,38
2025,8,212410,adm,5000.0,27
2025,8,212410,adm,5500.0,27
2025,8,212410,adm,6000.0,23
2025,8,212410,adm,6500.0,15
2025,8,212410,adm,7000.0,19
2025,8,212410,adm,7500.0,14
2025,8,212410,adm,8000.0,16
2025,8,212410,adm,8500.0,10
2025,8,212410,adm,9000.0,21
2025,8,212410,adm,9500.0,9
2025,8,212410,adm,10000.0,11
2025,8,212410,adm,10500.0,5
2025,8,212410,adm,11000.0,4
2025,8,212410,adm,11500.0,7
2025,8,212410,adm,12000.0,12
2025,8,212410,adm,12500.0,2
2025,8,212410,adm,13000.0,9
2025,8,212410,adm,13500.0,1
2025,8,212410,adm,14000.0,4
2025,8,212410,adm,14500.0,9
2025,8,212410,adm,15000.0,9
2025,8,212410,adm,15500.0,1
2025,8,212410,adm,16000.0,9
2025,8,212410,adm,17000.0,2
2025,8,212410,adm,17500.0,2
2025,8,212410,adm,18000.0,2
2025,8,212410,adm,18500.0,3
2025,8,212410,adm,19000.0,3
2025,8,212410,adm,20000.0,4
2025,8,212410,adm,22000.0,2
2025,8,212410,adm,23000.0,1
2025,8,212410,adm,25000.0,1
2025,8,212410,adm,26000.0,1
2025,8,212410,adm,29000.0,3
2025,8,212410,adm,30000.0,2
2025,8,212410,adm,50000.0,2
2025,8,212410,deslig,1500.0,26
2025,8,212410,deslig,2000.0,55
2025,8,212410,deslig,2500.0,67
2025,8,212410,deslig,3000.0,46
2025,8,212410,deslig,3500.0,33
2025,8,212410,deslig,4000.0,47
2025,8,212410,deslig,4500.0,22
2025,8,212410,deslig,5000.0,23
2025,8,212410,deslig,5500.0,23
2025,8,212410,deslig,6000.0,20
2025,8,212410,deslig,6500.0,23
2025,8,212410,deslig,7000.0,19
2025,8,212410,deslig,7500.0,9
2025,8,212410,deslig,8000.0,17
2025,8,212410,deslig,8500.0,11
2025,8,212410,deslig,9000.0,12
2025,8,212410,deslig,9500.0,10
2025,8,212410,deslig,10000.0,15
2025,8,212410,deslig,10500.0,5
2025,8,212410,deslig,11000.0,5
2025,8,212410,deslig,11500.0,8
2025,8,212410,deslig,12000.0,7
2025,8,212410,deslig,12500.0,6
2025,8,212410,deslig,13000.0,8
2025,8,212410,deslig,13500.0,2
2025,8,212410,deslig,14000.0,11
2025,8,212410,deslig,14500.0,8
2025,8,212410,deslig,15000.0,3
2025,8,212410,deslig,15500.0,1
2025,8,212410,deslig,16000.0,1
2025,8,212410,deslig,16500.0,3
2025,8,212410,deslig,17000.0,6
2025,8,212410,deslig,17500.0,3
2025,8,212410,deslig,18000.0,3
2025,8,212410,deslig,20000.0,2
2025,8,212410,deslig,20500.0,2
2025,8,212410,deslig,21000.0,2
2025,8,212410,deslig,22000.0,1
2025,8,212410,deslig,22500.0,2
2025,8,212410,deslig,23500.0,1
2025,8,212410,deslig,24000.0,1
2025,8,212410,deslig,25000.0,1
2025,8,212410,deslig,32500.0,1
2025,8,212410,deslig,33500.0,1
2025,8,212410,deslig,43000.0,1
2025,8,212410,deslig,50000.0,2
2025,8,212425,adm,2000.0,2
2025,8,212425,adm,3000.0,1
2025,8,212425,adm,4000.0,1
2025,8,212425,adm,4500.0,6
2025,8,212425,adm,5500.0,1
2025,8,212425,adm,6000.0,2
2025,8,212425,adm,6500.0,3
2025,8,212425,adm,8000.0,1
2025,8,212425,adm,9000.0,4
2025,8,212425,adm,10500.0,1
2025,8,212425,adm,11000.0,3
2025,8,212425,adm,11500.0,3
2025,8,212425,adm,12000.0,8
2025,8,212425,adm,13000.0,4
2025,8,212425,adm,13500.0,2
2025,8,212425,adm,14000.0,2
2025,8,212425,adm,14500.0,1
2025,8,212425,adm,15000.0,7
2025,8,212425,adm,15500.0,8
2025,8,212425,adm,16000.0,7
2025,8,212425,adm,16500.0,1
2025,8,212425,adm,17000.0,5
2025,8,212425,adm,17500.0,2
2025,8,212425,adm,18000.0,3
2025,8,212425,adm,18500.0,2
2025,8,212425,adm,19000.0,2
2025,8,212425,adm,19500.0,2
2025,8,212425,adm,20500.0,2
2025,8,212425,adm,21000.0,1
2025,8,212425,adm,22000.0,1
2025,8,212425,adm,22500.0,1
2025,8,212425,adm,23000.0,1
2025,8,212425,adm,23500.0,1
2025,8,212425,adm,24000.0,1
2025,8,212425,adm,24500.0,1
2025,8,212425,adm,25000.0,2
2025,8,212425,adm,25500.0,1
2025,8,212425,adm,26000.0,1
2025,8,212425,adm,28000.0,2
2025,8,212425,adm,29500.0,3
2025,8,212425,adm,30000.0,2
2025,8,212425,adm,36000.0,1
2025,8,212425,adm,50000.0,2
2025,8,212425,deslig,2000.0,1
2025,8,212425,deslig,3500.0,2
2025,8,212425,deslig,4000.0,1
2025,8,212425,deslig,4500.0,1
2025,8,212425,deslig,5500.0,1
2025,8,212425,deslig,6000.0,1
2025,8,212425,deslig,6500.0,2
2025,8,212425,deslig,8000.0,5
2025,8,212425,deslig,8500.0,2
2025,8,212425,deslig,9000.0,1
2025,8,212425,deslig,9500.0,1
2025,8,212425,deslig,10000.0,3
2025,8,212425,deslig,10500.0,4
2025,8,212425,deslig,11000.0,2
2025,8,212425,deslig,11500.0,2
2025,8,212425,deslig,12000.0,3
2025,8,212425,deslig,12500.0,4
2025,8,212425,deslig,13000.0,3
2025,8,212425,deslig,13500.0,1
2025,8,212425,deslig,14000.0,3
2025,8,212425,deslig,14500.0,3
2025,8,212425,deslig,15000.0,3
2025,8,212425,deslig,15500.0,5
2025,8,212425,deslig,16000.0,1
2025,8,212425,deslig,17000.0,2
2025,8,212425,deslig,17500.0,3
2025,8,212425,deslig,18000.0,2
2025,8,212425,deslig,18500.0,5
2025,8,212425,deslig,19000.0,1
2025,8,212425,deslig,19500.0,3
2025,8,212425,deslig,20500.0,3
2025,8,212425,deslig,21500.0,2
2025,8,212425,deslig,22000.0,1
2025,8,212425,deslig,23500.0,2
2025,8,212425,deslig,24000.0,1
2025,8,212425,deslig,24500.0,1
2025,8,212425,deslig,25500.0,1
2025,8,212425,deslig,30000.0,1
2025,9,203105,adm,4000.0,3
2025,9,203105,adm,5000.0,1
2025,9,203105,adm,5500.0,1
2025,9,203105,adm,6000.0,4
2025,9,203105,adm,6500.0,1
2025,9,203105,adm,7000.0,3
2025,9,203105,adm,7500.0,3
2025,9,203105,adm,8000.0,4
2025,9,203105,adm,8500.0,2
2025,9,203105,adm,9000.0,4
2025,9,203105,adm,9500.0,1
2025,9,203105,adm,10000.0,2
2025,9,203105,adm,11000.0,1
2025,9,203105,adm,12500.0,1
2025,9,203105,adm,13000.0,1
2025,9,203105,adm,14000.0,4
2025,9,203105,adm,15000.0,2
2025,9,203105,adm,16000.0,2
2025,9,203105,adm,17500.0,1
2025,9,203105,adm,19000.0,1
2025,9,203105,adm,21500.0,1
2025,9,203105,adm,22000.0,1
2025,9,203105,adm,23500.0,1
2025,9,203105,adm,24000.0,1
2025,9,203105,adm,25000.0,1
2025,9,203105,deslig,5000.0,1
2025,9,203105,deslig,6000.0,2
2025,9,203105,deslig,7000.0,3
2025,9,203105,deslig,7500.0,1
2025,9,203105,deslig,8000.0,2
2025,9,203105,deslig,8500.0,3
2025,9,203105,deslig,9000.0,1
2025,9,203105,deslig,9500.0,2
2025,9,203105,deslig,10000.0,1
2025,9,203105,deslig,10500.0,2
2025,9,203105,deslig,11000.0,2
2025,9,203105,deslig,13500.0,1
2025,9,203105,deslig,14500.0,1
2025,9,203105,deslig,15000.0,4
2025,9,203105,deslig,16000.0,1
2025,9,203105,deslig,20000.0,1
2025,9,203105,deslig,23500.0,1
2025,9,203105,deslig,24500.0,1
2025,9,203105,deslig,27000.0,1
2025,9,203105,deslig,29500.0,1
2025,9,203105,deslig,50000.0,1
2025,9,211205,adm,2000.0,1
2025,9,211205,adm,3000.0,3
2025,9,211205,adm,3500.0,2
2025,9,211205,adm,4000.0,4
2025,9,211205,adm,4500.0,4
2025,9,211205,adm,5000.0,3
2025,9,211205,adm,5500.0,1
2025,9,211205,adm,6000.0,2
2025,9,211205,adm,7500.0,3
2025,9,211205,adm,8000.0,4
2025,9,211205,adm,8500.0,1
2025,9,211205,adm,9000.0,1
2025,9,211205,adm,9500.0,1
2025,9,211205,adm,10500.0,3
2025,9,211205,adm,11000.0,1
2025,9,211205,adm,13000.0,1
2025,9,211205,adm,13500.0,1
2025,9,211205,adm,40000.0,1
2025,9,211205,deslig,1500.0,1
2025,9,211205,deslig,2500.0,2
2025,9,211205,deslig,3000.0,2
2025,9,211205,deslig,3500.0,1
2025,9,211205,deslig,4000.0,5
2025,9,211205,deslig,4500.0,3
2025,9,211205,deslig,5000.0,2
2025,9,211205,deslig,5500.0,1
2025,9,211205,deslig,6000.0,8
2025,9,211205,deslig,6500.0,3
2025,9,211205,deslig,7000.0,3
2025,9,211205,deslig,7500.0,3
2025,9,211205,deslig,8000.0,4
2025,9,211205,deslig,8500.0,3
2025,9,211205,deslig,9500.0,4
2025,9,211205,deslig,11000.0,1
2025,9,211205,deslig,12000.0,1
2025,9,211205,deslig,13500.0,1
2025,9,211205,deslig,14000.0,2
2025,9,211205,deslig,14500.0,1
2025,9,211205,deslig,15000.0,2
2025,9,211205,deslig,17500.0,1
2025,9,211205,deslig,19500.0,1
2025,9,211205,deslig,20500.0,1
2025,9,211205,deslig,21500.0,1
2025,9,211205,deslig,36000.0,1
2025,9,211205,deslig,36500.0,1
2025,9,211210,adm,3000.0,1
2025,9,211210,adm,4000.0,1
2025,9,211210,adm,6500.0,1
2025,9,211210,adm,7000.0,1
2025,9,211210,adm,10000.0,1
2025,9,211210,adm,14500.0,1
2025,9,211210,deslig,2000.0,1
2025,9,211210,deslig,2500.0,1
2025,9,211210,deslig,3000.0,1
2025,9,211210,deslig,7500.0,1
2025,9,211210,deslig,8000.0,2
2025,9,211220,adm,1500.0,1
2025,9,211220,adm,2000.0,1
2025,9,211220,adm,3000.0,1
2025,9,211220,adm,3500.0,1
2025,9,211220,adm,4000.0,1
2025,9,211220,adm,5000.0,3
2025,9,211220,adm,5500.0,1
2025,9,211220,adm,6000.0,1
2025,9,211220,adm,6500.0,1
2025,9,211220,adm,7000.0,4
2025,9,211220,adm,8000.0,3
2025,9,211220,adm,8500.0,1
2025,9,211220,adm,9000.0,4
2025,9,211220,adm,9500.0,1
2025,9,211220,adm,10000.0,3
2025,9,211220,adm,10500.0,2
2025,9,211220,adm,11000.0,2
2025,9,211220,adm,11500.0,2
2025,9,211220,adm,12000.0,5
2025,9,211220,adm,12500.0,1
2025,9,211220,adm,13000.0,5
2025,9,211220,adm,13500.0,3
2025,9,211220,adm,14000.0,3
2025,9,211220,adm,15000.0,3
2025,9,211220,adm,16000.0,1
2025,9,211220,adm,17000.0,2
2025,9,211220,adm,18000.0,1
2025,9,211220,adm,19000.0,1
2025,9,211220,adm,20000.0,2
2025,9,211220,adm,21000.0,2
2025,9,211220,adm,25000.0,1
2025,9,211220,adm,25500.0,1
2025,9,211220,deslig,0.0,1
2025,9,211220,deslig,1500.0,1
2025,9,211220,deslig,3000.0,3
2025,9,211220,deslig,4000.0,1
2025,9,211220,deslig,4500.0,1
2025,9,211220,deslig,5500.0,1
2025,9,211220,deslig,6500.0,2
2025,9,211220,deslig,7000.0,2
2025,9,211220,deslig,8000.0,2
2025,9,211220,deslig,8500.0,3
2025,9,211220,deslig,9000.0,2
2025,9,211220,deslig,9500.0,4
2025,9,211220,deslig,10500.0,3
2025,9,211220,deslig,12000.0,2
2025,9,211220,deslig,12500.0,1
2025,9,211220,deslig,13000.0,2
2025,9,211220,deslig,14000.0,1
2025,9,211220,deslig,15000.0,2
2025,9,211220,deslig,17000.0,2
2025,9,211220,deslig,20500.0,1
2025,9,211220,deslig,21000.0,1
2025,9,211220,deslig,27000.0,1
2025,9,211220,deslig,35000.0,1
2025,9,211220,deslig,50000.0,1
2025,9,212205,adm,0.0,1
2025,9,212205,adm,2000.0,4
2025,9,212205,adm,3000.0,1
2025,9,212205,adm,3500.0,5
2025,9,212205,adm,4000.0,4
2025,9,212205,adm,4500.0,4
2025,9,212205,adm,5000.0,8
2025,9,212205,adm,5500.0,3
2025,9,212205,adm,6000.0,4
2025,9,212205,adm,6500.0,6
2025,9,212205,adm,7000.0,9
2025,9,212205,adm,7500.0,6
2025,9,212205,adm,8000.0,4
2025,9,212205,adm,8500.0,2
2025,9,212205,adm,9000.0,7
2025,9,212205,adm,9500.0,4
2025,9,212205,adm,10000.0,4
2025,9,212205,adm,10500.0,3
2025,9,212205,adm,11000.0,7
2025,9,212205,adm,12000.0,6
2025,9,212205,adm,12500.0,6
2025,9,212205,adm,13000.0,5
2025,9,212205,adm,13500.0,3
2025,9,212205,adm,14000.0,11
2025,9,212205,adm,15000.0,4
2025,9,212205,adm,15500.0,4
2025,9,212205,adm,16000.0,4
2025,9,212205,adm,16500.0,2
2025,9,212205,adm,17000.0,4
2025,9,212205,adm,17500.0,2
2025,9,212205,adm,18000.0,2
2025,9,212205,adm,18500.0,1
2025,9,212205,adm,19000.0,6
2025,9,212205,adm,19500.0,1
2025,9,212205,adm,20000.0,1
2025,9,212205,adm,21500.0,4
2025,9,212205,adm,22000.0,8
2025,9,212205,adm,22500.0,2
2025,9,212205,adm,23000.0,4
2025,9,212205,adm,24000.0,4
2025,9,212205,adm,25000.0,2
2025,9,212205,adm,25500.0,1
2025,9,212205,adm,26000.0,1
2025,9,212205,adm,26500.0,2
2025,9,212205,adm,27000.0,2
2025,9,212205,adm,28000.0,1
2025,9,212205,adm,29000.0,1
2025,9,212205,adm,29500.0,1
2025,9,212205,adm,31500.0,1
2025,9,212205,adm,32000.0,1
2025,9,212205,adm,32500.0,2
2025,9,212205,adm,34500.0,2
2025,9,212205,adm,37000.0,2
2025,9,212205,adm,38000.0,1
2025,9,212205,adm,38500.0,1
2025,9,212205,adm,40000.0,1
2025,9,212205,adm,41500.0,1
2025,9,212205,adm,42000.0,2
2025,9,212205,adm,45000.0,2
2025,9,212205,adm,47000.0,1
2025,9,212205,adm,50000.0,8
2025,9,212205,deslig,2000.0,2
2025,9,212205,deslig,2500.0,1
2025,9,212205,deslig,3000.0,4
2025,9,212205,deslig,3500.0,1
2025,9,212205,deslig,4000.0,4
2025,9,212205,deslig,4500.0,2
2025,9,212205,deslig,5000.0,1
2025,9,212205,deslig,5500.0,2
2025,9,212205,deslig,6000.0,3
2025,9,212205,deslig,6500.0,2
2025,9,212205,deslig,7000.0,4
2025,9,212205,deslig,7500.0,2
2025,9,212205,deslig,8000.0,1
2025,9,212205,deslig,8500.0,1
2025,9,212205,deslig,9000.0,2
2025,9,212205,deslig,9500.0,3
2025,9,212205,deslig,10000.0,6
2025,9,212205,deslig,10500.0,5
2025,9,212205,deslig,11000.0,7
2025,9,212205,deslig,11500.0,2
2025,9,212205,deslig,12000.0,4
2025,9,212205,deslig,12500.0,4
2025,9,212205,deslig,13000.0,4
2025,9,212205,deslig,13500.0,5
2025,9,212205,deslig,14000.0,4
2025,9,212205,deslig,14500.0,2
2025,9,212205,deslig,15000.0,3
2025,9,212205,deslig,15500.0,8
2025,9,212205,deslig,16000.0,6
2025,9,212205,deslig,16500.0,2
2025,9,212205,deslig,17000.0,5
2025,9,212205,deslig,17500.0,3
2025,9,212205,deslig,18000.0,2
2025,9,212205,deslig,18500.0,2
2025,9,212205,deslig,19000.0,4
2025,9,212205,deslig,19500.0,4
2025,9,212205,deslig,20000.0,2
2025,9,212205,deslig,20500.0,1
2025,9,212205,deslig,21000.0,1
2025,9,212205,deslig,21500.0,3
2025,9,212205,deslig,22000.0,2
2025,9,212205,deslig,23000.0,1
2025,9,212205,deslig,23500.0,1
2025,9,212205,deslig,24000.0,2
2025,9,212205,deslig,24500.0,1
2025,9,212205,deslig,25000.0,2
2025,9,212205,deslig,26000.0,2
2025,9,212205,deslig,27000.0,2
2025,9,212205,deslig,27500.0,1
2025,9,212205,deslig,28500.0,3
2025,9,212205,deslig,30000.0,2
2025,9,212205,deslig,32000.0,1
2025,9,212205,deslig,35500.0,1
2025,9,212205,deslig,39500.0,1
2025,9,212205,deslig,41000.0,1
2025,9,212205,deslig,43000.0,1
2025,9,212205,deslig,48500.0,1
2025,9,212205,deslig,50000.0,5
2025,9,212210,adm,5000.0,1
2025,9,212210,adm,5500.0,1
2025,9,212210,adm,6500.0,1
2025,9,212210,adm,8000.0,1
2025,9,212210,adm,10000.0,3
2025,9,212210,adm,12000.0,1
2025,9,212210,adm,13000.0,1
2025,9,212210,adm,14000.0,1
2025,9,212210,adm,15000.0,1
2025,9,212210,adm,18000.0,1
2025,9,212210,adm,30000.0,1
2025,9,212210,adm,39500.0,1
2025,9,212210,adm,41500.0,1
2025,9,212210,adm,43500.0,1
2025,9,212210,deslig,2000.0,1
2025,9,212210,deslig,9000.0,1
2025,9,212210,deslig,12000.0,1
2025,9,212210,deslig,13000.0,1
2025,9,212210,deslig,41500.0,1
2025,9,212215,adm,2000.0,19
2025,9,212215,adm,2500.0,2
2025,9,212215,adm,4000.0,1
2025,9,212215,adm,4500.0,4
2025,9,212215,adm,5000.0,4
2025,9,212215,adm,5500.0,1
2025,9,212215,adm,6000.0,10
2025,9,212215,adm,6500.0,3
2025,9,212215,adm,7000.0,18
2025,9,212215,adm,7500.0,3
2025,9,212215,adm,8000.0,3
2025,9,212215,adm,8500.0,4
2025,9,212215,adm,9000.0,10
2025,9,212215,adm,9500.0,5
2025,9,212215,adm,10000.0,10
2025,9,212215,adm,10500.0,7
2025,9,212215,adm,11000.0,9
2025,9,212215,adm,11500.0,6
2025,9,212215,adm,12000.0,11
2025,9,212215,adm,12500.0,1
2025,9,212215,adm,13000.0,6
2025,9,212215,adm,14000.0,6
2025,9,212215,adm,14500.0,3
2025,9,212215,adm,15000.0,6
2025,9,212215,adm,16000.0,11
2025,9,212215,adm,16500.0,6
2025,9,212215,adm,17000.0,5
2025,9,212215,adm,17500.0,3
2025,9,212215,adm,18000.0,4
2025,9,212215,adm,19000.0,6
2025,9,212215,adm,19500.0,1
2025,9,212215,adm,20000.0,3
2025,9,212215,adm,21000.0,5
2025,9,212215,adm,22000.0,2
2025,9,212215,adm,23000.0,1
2025,9,212215,adm,23500.0,1
2025,9,212215,adm,24000.0,2
2025,9,212215,adm,25000.0,2
2025,9,212215,adm,26000.0,1
2025,9,212215,adm,27000.0,2
2025,9,212215,adm,27500.0,2
2025,9,212215,adm,28000.0,1
2025,9,212215,adm,29000.0,2
2025,9,212215,adm,30000.0,3
2025,9,212215,adm,30500.0,1
2025,9,212215,adm,31500.0,1
2025,9,212215,adm,32000.0,2
2025,9,212215,adm,33000.0,1
2025,9,212215,adm,35000.0,1
2025,9,212215,adm,35500.0,1
2025,9,212215,adm,37500.0,1
2025,9,212215,adm,38000.0,1
2025,9,212215,adm,38500.0,1
2025,9,212215,adm,40000.0,1
2025,9,212215,adm,44000.0,1
2025,9,212215,adm,47500.0,1
2025,9,212215,adm,49000.0,1
2025,9,212215,adm,50000.0,10
2025,9,212215,deslig,0.0,1
2025,9,212215,deslig,2000.0,2
2025,9,212215,deslig,2500.0,3
2025,9,212215,deslig,3000.0,1
2025,9,212215,deslig,3500.0,3
2025,9,212215,deslig,4000.0,3
2025,9,212215,deslig,4500.0,1
2025,9,212215,deslig,5000.0,7
2025,9,212215,deslig,5500.0,2
2025,9,212215,deslig,6000.0,3
2025,9,212215,deslig,6500.0,8
2025,9,212215,deslig,7000.0,5
2025,9,212215,deslig,7500.0,4
2025,9,212215,deslig,8000.0,6
2025,9,212215,deslig,8500.0,3
2025,9,212215,deslig,9000.0,11
2025,9,212215,deslig,9500.0,6
2025,9,212215,deslig,10000.0,6
2025,9,212215,deslig,10500.0,4
2025,9,212215,deslig,11000.0,8
2025,9,212215,deslig,11500.0,5
2025,9,212215,deslig,12000.0,11
2025,9,212215,deslig,12500.0,5
2025,9,212215,deslig,13000.0,2
2025,9,212215,deslig,13500.0,4
2025,9,212215,deslig,14000.0,1
2025,9,212215,deslig,14500.0,7
2025,9,212215,deslig,15000.0,3
2025,9,212215,deslig,15500.0,3
2025,9,212215,deslig,16000.0,6
2025,9,212215,deslig,16500.0,1
2025,9,212215,deslig,17000.0,3
2025,9,212215,deslig,17500.0,1
2025,9,212215,deslig,18000.0,5
2025,9,212215,deslig,18500.0,3
2025,9,212215,deslig,19000.0,2
2025,9,212215,deslig,19500.0,3
2025,9,212215,deslig,20000.0,3
2025,9,212215,deslig,20500.0,3
2025,9,212215,deslig,21000.0,2
2025,9,212215,deslig,22000.0,2
2025,9,212215,deslig,22500.0,1
2025,9,212215,deslig,23000.0,2
2025,9,212215,deslig,23500.0,2
2025,9,212215,deslig,24500.0,2
2025,9,212215,deslig,25500.0,3
2025,9,212215,deslig,26000.0,3
2025,9,212215,deslig,26500.0,1
2025,9,212215,deslig,27000.0,1
2025,9,212215,deslig,27500.0,1
2025,9,212215,deslig,28000.0,1
2025,9,212215,deslig,28500.0,1
2025,9,212215,deslig,30000.0,1
2025,9,212215,deslig,30500.0,1
2025,9,212215,deslig,32000.0,2
2025,9,212215,deslig,32500.0,1
2025,9,212215,deslig,33000.0,1
2025,9,212215,deslig,35000.0,1
2025,9,212215,deslig,38500.0,1
2025,9,212215,deslig,40500.0,1
2025,9,212215,deslig,41500.0,1
2025,9,212215,deslig,50000.0,3
2025,9,212305,adm,1500.0,3
2025,9,212305,adm,2000.0,1
2025,9,212305,adm,2500.0,3
2025,9,212305,adm,3000.0,1
2025,9,212305,adm,3500.0,6
2025,9,212305,adm,4000.0,5
2025,9,212305,adm,4500.0,5
2025,9,212305,adm,5000.0,2
2025,9,212305,adm,5500.0,6
2025,9,212305,adm,6000.0,1
2025,9,212305,adm,6500.0,5
2025,9,212305,adm,7000.0,8
2025,9,212305,adm,7500.0,5
2025,9,212305,adm,8000.0,9
2025,9,212305,adm,8500.0,8
2025,9,212305,adm,9000.0,3
2025,9,212305,adm,9500.0,7
2025,9,212305,adm,10000.0,7
2025,9,212305,adm,10500.0,3
2025,9,212305,adm,11000.0,2
2025,9,212305,adm,11500.0,4
2025,9,212305,adm,12000.0,12
2025,9,212305,adm,12500.0,3
2025,9,212305,adm,13000.0,12
2025,9,212305,adm,13500.0,5
2025,9,212305,adm,14000.0,4
2025,9,212305,adm,14500.0,2
2025,9,212305,adm,15000.0,4
2025,9,212305,adm,15500.0,2
2025,9,212305,adm,16000.0,2
2025,9,212305,adm,16500.0,1
2025,9,212305,adm,17000.0,6
2025,9,212305,adm,17500.0,1
2025,9,212305,adm,18500.0,1
2025,9,212305,adm,19000.0,1
2025,9,212305,adm,20000.0,1
2025,9,212305,adm,21000.0,1
2025,9,212305,adm,24000.0,1
2025,9,212305,adm,50000.0,2
2025,9,212305,deslig,1500.0,1
2025,9,212305,deslig,2500.0,3
2025,9,212305,deslig,3000.0,2
2025,9,212305,deslig,3500.0,5
2025,9,212305,deslig,4000.0,2
2025,9,212305,deslig,4500.0,3
2025,9,212305,deslig,5000.0,5
2025,9,212305,deslig,5500.0,3
2025,9,212305,deslig,6000.0,6
2025,9,212305,deslig,6500.0,3
2025,9,212305,deslig,7000.0,9
2025,9,212305,deslig,7500.0,7
2025,9,212305,deslig,8000.0,6
2025,9,212305,deslig,8500.0,6
2025,9,212305,deslig,9000.0,4
2025,9,212305,deslig,9500.0,6
2025,9,212305,deslig,10000.0,7
2025,9,212305,deslig,10500.0,4
2025,9,212305,deslig,11000.0,2
2025,9,212305,deslig,11500.0,2
2025,9,212305,deslig,12000.0,10
2025,9,212305,deslig,12500.0,5
2025,9,212305,deslig,13000.0,5
2025,9,212305,deslig,13500.0,8
2025,9,212305,deslig,14000.0,3
2025,9,212305,deslig,14500.0,1
2025,9,212305,deslig,15000.0,3
2025,9,212305,deslig,16000.0,3
2025,9,212305,deslig,16500.0,2
2025,9,212305,deslig,17500.0,1
2025,9,212305,deslig,18000.0,1
2025,9,212305,deslig,18500.0,1
2025,9,212305,deslig,20000.0,1
2025,9,212305,deslig,21000.0,1
2025,9,212305,deslig,22000.0,1
2025,9,212305,deslig,29000.0,1
2025,9,212305,deslig,29500.0,1
2025,9,212305,deslig,36000.0,1
2025,9,212405,adm,0.0,8
2025,9,212405,adm,1000.0,1
2025,9,212405,adm,1500.0,33
2025,9,212405,adm,2000.0,253
2025,9,212405,adm,2500.0,132
2025,9,212405,adm,3000.0,183
2025,9,212405,adm,3500.0,149
2025,9,212405,adm,4000.0,165
2025,9,212405,adm,4500.0,121
2025,9,212405,adm,5000.0,144
2025,9,212405,adm,5500.0,114
2025,9,212405,adm,6000.0,164
2025,9,212405,adm,6500.0,147
2025,9,212405,adm,7000.0,152
2025,9,212405,adm,7500.0,111
2025,9,212405,adm,8000.0,198
2025,9,212405,adm,8500.0,107
2025,9,212405,adm,9000.0,135
2025,9,212405,adm,9500.0,109
2025,9,212405,adm,10000.0,156
2025,9,212405,adm,10500.0,63
2025,9,212405,adm,11000.0,134
2025,9,212405,adm,11500.0,84
2025,9,212405,adm,12000.0,158
2025,9,212405,adm,12500.0,66
2025,9,212405,adm,13000.0,92
2025,9,212405,adm,13500.0,63
2025,9,212405,adm,14000.0,77
2025,9,212405,adm,14500.0,20
2025,9,212405,adm,15000.0,131
2025,9,212405,adm,15500.0,37
2025,9,212405,adm,16000.0,60
2025,9,212405,adm,16500.0,27
2025,9,212405,adm,17000.0,58
2025,9,212405,adm,17500.0,20
2025,9,212405,adm,18000.0,44
2025,9,212405,adm,18500.0,13
2025,9,212405,adm,19000.0,17
2025,9,212405,adm,19500.0,18
2025,9,212405,adm,20000.0,38
2025,9,212405,adm,20500.0,3
2025,9,212405,adm,21000.0,9
2025,9,212405,adm,21500.0,3
2025,9,212405,adm,22000.0,11
2025,9,212405,adm,22500.0,3
2025,9,212405,adm,23000.0,8
2025,9,212405,adm,23500.0,5
2025,9,212405,adm,24000.0,7
2025,9,212405,adm,24500.0,1
2025,9,212405,adm,25000.0,5
2025,9,212405,adm,25500.0,3
2025,9,212405,adm,26000.0,3
2025,9,212405,adm,26500.0,1
2025,9,212405,adm,27000.0,1
2025,9,212405,adm,27500.0,1
2025,9,212405,adm,28000.0,3
2025,9,212405,adm,29000.0,1
2025,9,212405,adm,29500.0,1
2025,9,212405,adm,30000.0,5
2025,9,212405,adm,32000.0,2
2025,9,212405,adm,33000.0,1
2025,9,212405,adm,33500.0,1
2025,9,212405,adm,35000.0,2
2025,9,212405,adm,38000.0,1
2025,9,212405,adm,38500.0,1
2025,9,212405,adm,40500.0,2
2025,9,212405,adm,43000.0,1
2025,9,212405,adm,43500.0,3
2025,9,212405,adm,44500.0,1
2025,9,212405,adm,50000.0,1
2025,9,212405,deslig,1000.0,1
2025,9,212405,deslig,1500.0,26
2025,9,212405,deslig,2000.0,110
2025,9,212405,deslig,2500.0,110
2025,9,212405,deslig,3000.0,126
2025,9,212405,deslig,3500.0,139
2025,9,212405,deslig,4000.0,124
2025,9,212405,deslig,4500.0,136
2025,9,212405,deslig,5000.0,134
2025,9,212405,deslig,5500.0,125
2025,9,212405,deslig,6000.0,145
2025,9,212405,deslig,6500.0,198
2025,9,212405,deslig,7000.0,149
2025,9,212405,deslig,7500.0,150
2025,9,212405,deslig,8000.0,141
2025,9,212405,deslig,8500.0,111
2025,9,212405,deslig,9000.0,123
2025,9,212405,deslig,9500.0,102
2025,9,212405,deslig,10000.0,152
2025,9,212405,deslig,10500.0,162
2025,9,212405,deslig,11000.0,118
2025,9,212405,deslig,11500.0,95
2025,9,212405,deslig,12000.0,123
2025,9,212405,deslig,12500.0,75
2025,9,212405,deslig,13000.0,97
2025,9,212405,deslig,13500.0,75
2025,9,212405,deslig,14000.0,56
2025,9,212405,deslig,14500.0,44
2025,9,212405,deslig,15000.0,58
2025,9,212405,deslig,15500.0,39
2025,9,212405,deslig,16000.0,112
2025,9,212405,deslig,16500.0,53
2025,9,212405,deslig,17000.0,44
2025,9,212405,deslig,17500.0,42
2025,9,212405,deslig,18000.0,32
2025,9,212405,deslig,18500.0,29
2025,9,212405,deslig,19000.0,30
2025,9,212405,deslig,19500.0,18
2025,9,212405,deslig,20000.0,11
2025,9,212405,deslig,20500.0,7
2025,9,212405,deslig,21000.0,11
2025,9,212405,deslig,21500.0,10
2025,9,212405,deslig,22000.0,5
2025,9,212405,deslig,22500.0,4
2025,9,212405,deslig,23000.0,6
2025,9,212405,deslig,23500.0,8
2025,9,212405,deslig,24000.0,2
2025,9,212405,deslig,24500.0,1
2025,9,212405,deslig,25000.0,1
2025,9,212405,deslig,25500.0,2
2025,9,212405,deslig,27000.0,1
2025,9,212405,deslig,28000.0,2
2025,9,212405,deslig,29000.0,2
2025,9,212405,deslig,30000.0,2
2025,9,212405,deslig,31000.0,2
2025,9,212405,deslig,33500.0,2
2025,9,212405,deslig,34000.0,4
2025,9,212405,deslig,36500.0,1
2025,9,212405,deslig,42000.0,1
2025,9,212405,deslig,46500.0,1
2025,9,212410,adm,0.0,1
2025,9,212410,adm,1500.0,21
2025,9,212410,adm,2000.0,59
2025,9,212410,adm,2500.0,25
2025,9,212410,adm,3000.0,60
2025,9,212410,adm,3500.0,47
2025,9,212410,adm,4000.0,37
2025,9,212410,adm,4500.0,33
2025,9,212410,adm,5000.0,21
2025,9,212410,adm,5500.0,21
2025,9,212410,adm,6000.0,21
2025,9,212410,adm,6500.0,18
2025,9,212410,adm,7000.0,21
2025,9,212410,adm,7500.0,12
2025,9,212410,adm,8000.0,18
2025,9,212410,adm,8500.0,7
2025,9,212410,adm,9000.0,12
2025,9,212410,adm,9500.0,7
2025,9,212410,adm,10000.0,14
2025,9,212410,adm,10500.0,2
2025,9,212410,adm,11000.0,10
2025,9,212410,adm,11500.0,5
2025,9,212410,adm,12000.0,6
2025,9,212410,adm,12500.0,5
2025,9,212410,adm,13000.0,5
2025,9,212410,adm,13500.0,5
2025,9,212410,adm,14000.0,2
2025,9,212410,adm,14500.0,2
2025,9,212410,adm,15000.0,15
2025,9,212410,adm,15500.0,1
2025,9,212410,adm,16000.0,1
2025,9,212410,adm,16500.0,2
2025,9,212410,adm,17000.0,8
2025,9,212410,adm,18000.0,6
2025,9,212410,adm,18500.0,2
2025,9,212410,adm,19000.0,2
2025,9,212410,adm,20000.0,4
2025,9,212410,adm,22000.0,1
2025,9,212410,adm,26000.0,3
2025,9,212410,adm,38000.0,1
2025,9,212410,adm,48000.0,1
2025,9,212410,adm,50000.0,1
2025,9,212410,deslig,1500.0,30
2025,9,212410,deslig,2000.0,52
2025,9,212410,deslig,2500.0,35
2025,9,212410,deslig,3000.0,44
2025,9,212410,deslig,3500.0,44
2025,9,212410,deslig,4000.0,43
2025,9,212410,deslig,4500.0,24
2025,9,212410,deslig,5000.0,26
2025,9,212410,deslig,5500.0,28
2025,9,212410,deslig,6000.0,17
2025,9,212410,deslig,6500.0,28
2025,9,212410,deslig,7000.0,16
2025,9,212410,deslig,7500.0,17
2025,9,212410,deslig,8000.0,21
2025,9,212410,deslig,8500.0,9
2025,9,212410,deslig,9000.0,8
2025,9,212410,deslig,9500.0,11
2025,9,212410,deslig,10000.0,13
2025,9,212410,deslig,10500.0,16
2025,9,212410,deslig,11000.0,6
2025,9,212410,deslig,11500.0,4
2025,9,212410,deslig,12000.0,12
2025,9,212410,deslig,12500.0,8
2025,9,212410,deslig,13000.0,8
2025,9,212410,deslig,13500.0,5
2025,9,212410,deslig,14000.0,3
2025,9,212410,deslig,14500.0,1
2025,9,212410,deslig,15000.0,5
2025,9,212410,deslig,15500.0,4
2025,9,212410,deslig,16000.0,16
2025,9,212410,deslig,16500.0,6
2025,9,212410,deslig,17000.0,4
2025,9,212410,deslig,17500.0,3
2025,9,212410,deslig,18000.0,8
2025,9,212410,deslig,19000.0,2
2025,9,212410,deslig,19500.0,3
2025,9,212410,deslig,21000.0,4
2025,9,212410,deslig,21500.0,2
2025,9,212410,deslig,22000.0,3
2025,9,212410,deslig,23000.0,3
2025,9,212410,deslig,32000.0,1
2025,9,212425,adm,1500.0,1
2025,9,212425,adm,3000.0,2
2025,9,212425,adm,3500.0,1
2025,9,212425,adm,4000.0,1
2025,9,212425,adm,4500.0,1
2025,9,212425,adm,7000.0,1
2025,9,212425,adm,8500.0,5
2025,9,212425,adm,9000.0,3
2025,9,212425,adm,10000.0,4
2025,9,212425,adm,11000.0,2
2025,9,212425,adm,11500.0,1
2025,9,212425,adm,12000.0,3
2025,9,212425,adm,12500.0,1
2025,9,212425,adm,13000.0,3
2025,9,212425,adm,13500.0,3
2025,9,212425,adm,14000.0,2
2025,9,212425,adm,14500.0,2
2025,9,212425,adm,15000.0,4
2025,9,212425,adm,15500.0,4
2025,9,212425,adm,16000.0,3
2025,9,212425,adm,16500.0,4
2025,9,212425,adm,17000.0,4
2025,9,212425,adm,17500.0,1
2025,9,212425,adm,18000.0,7
2025,9,212425,adm,20000.0,2
2025,9,212425,adm,21000.0,1
2025,9,212425,adm,22000.0,2
2025,9,212425,adm,22500.0,1
2025,9,212425,adm,23000.0,1
2025,9,212425,adm,25000.0,1
2025,9,212425,adm,26000.0,1
2025,9,212425,adm,27000.0,2
2025,9,212425,adm,27500.0,1
2025,9,212425,adm,28000.0,1
2025,9,212425,adm,29500.0,1
2025,9,212425,adm,34000.0,1
2025,9,212425,adm,50000.0,1
2025,9,212425,deslig,2000.0,1
2025,9,212425,deslig,2500.0,1
2025,9,212425,deslig,3000.0,1
2025,9,212425,deslig,4000.0,3
2025,9,212425,deslig,5500.0,3
2025,9,212425,deslig,6000.0,1
2025,9,212425,deslig,6500.0,1
2025,9,212425,deslig,7000.0,3
2025,9,212425,deslig,7500.0,1
2025,9,212425,deslig,8000.0,1
2025,9,212425,deslig,8500.0,3
2025,9,212425,deslig,10000.0,1
2025,9,212425,deslig,10500.0,2
2025,9,212425,deslig,11000.0,4
2025,9,212425,deslig,11500.0,2
2025,9,212425,deslig,12000.0,6
2025,9,212425,deslig,12500.0,2
2025,9,212425,deslig,13000.0,2
2025,9,212425,deslig,13500.0,1
2025,9,212425,deslig,14000.0,3
2025,9,212425,deslig,14500.0,6
2025,9,212425,deslig,15000.0,2
2025,9,212425,deslig,15500.0,1
2025,9,212425,deslig,16000.0,2
2025,9,212425,deslig,16500.0,1
2025,9,212425,deslig,17000.0,1
2025,9,212425,deslig,17500.0,4
2025,9,212425,deslig,18000.0,2
2025,9,212425,deslig,18500.0,3
2025,9,212425,deslig,19000.0,1
2025,9,212425,deslig,19500.0,2
2025,9,212425,deslig,20000.0,6
2025,9,212425,deslig,20500.0,1
2025,9,212425,deslig,21000.0,1
2025,9,212425,deslig,22000.0,2
2025,9,212425,deslig,23000.0,1
2025,9,212425,deslig,24000.0,1
2025,9,212425,deslig,24500.0,1
2025,9,212425,deslig,27000.0,1
2025,9,212425,deslig,28000.0,1
2025,9,212425,deslig,33500.0,1
2025,9,212425,deslig,38500.0,2
2025,9,212425,deslig,41000.0,1
2025,9,212425,deslig,48500.0,1
2025,10,203105,adm,1500.0,1
2025,10,203105,adm,2000.0,2
2025,10,203105,adm,3500.0,2
2025,10,203105,adm,4000.0,6
2025,10,203105,adm,4500.0,1
2025,10,203105,adm,6000.0,2
2025,10,203105,adm,6500.0,1
2025,10,203105,adm,7000.0,2
2025,10,203105,adm,7500.0,2
2025,10,203105,adm,8000.0,6
2025,10,203105,adm,8500.0,4
2025,10,203105,adm,9000.0,4
2025,10,203105,adm,9500.0,1
2025,10,203105,adm,10000.0,4
2025,10,203105,adm,10500.0,2
2025,10,203105,adm,11000.0,2
2025,10,203105,adm,12000.0,1
2025,10,203105,adm,12500.0,4
2025,10,203105,adm,13000.0,2
2025,10,203105,adm,14000.0,1
2025,10,203105,adm,15000.0,2
2025,10,203105,adm,16000.0,4
2025,10,203105,adm,16500.0,1
2025,10,203105,adm,17000.0,1
2025,10,203105,adm,17500.0,1
2025,10,203105,adm,22000.0,1
2025,10,203105,adm,23000.0,3
2025,10,203105,adm,26500.0,1
2025,10,203105,adm,30000.0,1
2025,10,203105,adm,42500.0,1
2025,10,203105,deslig,3000.0,1
2025,10,203105,deslig,4500.0,1
2025,10,203105,deslig,5000.0,3
2025,10,203105,deslig,6000.0,2
2025,10,203105,deslig,6500.0,2
2025,10,203105,deslig,7500.0,2
2025,10,203105,deslig,8000.0,5
2025,10,203105,deslig,8500.0,3
2025,10,203105,deslig,9000.0,2
2025,10,203105,deslig,9500.0,1
2025,10,203105,deslig,10000.0,2
2025,10,203105,deslig,11000.0,2
2025,10,203105,deslig,11500.0,1
2025,10,203105,deslig,12000.0,2
2025,10,203105,deslig,12500.0,1
2025,10,203105,deslig,13000.0,1
2025,10,203105,deslig,14500.0,2
2025,10,203105,deslig,15000.0,1
2025,10,203105,deslig,16000.0,2
2025,10,203105,deslig,18500.0,1
2025,10,203105,deslig,19500.0,1
2025,10,203105,deslig,23500.0,1
2025,10,203105,deslig,34500.0,1
2025,10,211205,adm,2000.0,1
2025,10,211205,adm,2500.0,3
2025,10,211205,adm,3500.0,3
2025,10,211205,adm,4000.0,4
2025,10,211205,adm,5000.0,3
2025,10,211205,adm,5500.0,6
2025,10,211205,adm,6000.0,3
2025,10,211205,adm,6500.0,1
2025,10,211205,adm,7000.0,6
2025,10,211205,adm,7500.0,2
2025,10,211205,adm,8000.0,3
2025,10,211205,adm,9000.0,2
2025,10,211205,adm,9500.0,2
2025,10,211205,adm,10000.0,2
2025,10,211205,adm,11000.0,1
2025,10,211205,adm,11500.0,1
2025,10,211205,adm,13000.0,2
2025,10,211205,adm,14500.0,1
2025,10,211205,adm,15000.0,2
2025,10,211205,adm,16000.0,1
2025,10,211205,adm,17000.0,1
2025,10,211205,adm,20000.0,1
2025,10,211205,adm,22000.0,1
2025,10,211205,adm,26500.0,1
2025,10,211205,adm,37000.0,1
2025,10,211205,adm,40000.0,1
2025,10,211205,deslig,1500.0,1
2025,10,211205,deslig,2500.0,1
2025,10,211205,deslig,4500.0,5
2025,10,211205,deslig,5000.0,1
2025,10,211205,deslig,5500.0,6
2025,10,211205,deslig,6000.0,2
2025,10,211205,deslig,6500.0,2
2025,10,211205,deslig,7000.0,1
2025,10,211205,deslig,8500.0,1
2025,10,211205,deslig,9000.0,1
2025,10,211205,deslig,9500.0,5
2025,10,211205,deslig,10500.0,1
2025,10,211205,deslig,13500.0,2
2025,10,211205,deslig,14500.0,1
2025,10,211205,deslig,15500.0,1
2025,10,211205,deslig,20000.0,2
2025,10,211205,deslig,21500.0,4
2025,10,211205,deslig,22500.0,1
2025,10,211205,deslig,26500.0,1
2025,10,211205,deslig,50000.0,1
2025,10,211210,adm,4000.0,2
2025,10,211210,adm,8000.0,1
2025,10,211210,adm,8500.0,1
2025,10,211210,adm,12000.0,1
2025,10,211210,adm,14500.0,1
2025,10,211210,deslig,3500.0,1
2025,10,211210,deslig,4500.0,2
2025,10,211210,deslig,6500.0,1
2025,10,211210,deslig,7500.0,1
2025,10,211210,deslig,16500.0,1
2025,10,211210,deslig,22000.0,1
2025,10,211215,adm,3000.0,1
2025,10,211220,adm,3500.0,2
2025,10,211220,adm,4000.0,1
2025,10,211220,adm,4500.0,2
2025,10,211220,adm,5000.0,2
2025,10,211220,adm,5500.0,1
2025,10,211220,adm,6000.0,5
2025,10,211220,adm,7000.0,2
2025,10,211220,adm,7500.0,1
2025,10,211220,adm,8000.0,1
2025,10,211220,adm,8500.0,1
2025,10,211220,adm,9000.0,5
2025,10,211220,adm,9500.0,3
2025,10,211220,adm,10000.0,4
2025,10,211220,adm,10500.0,1
2025,10,211220,adm,11000.0,1
2025,10,211220,adm,11500.0,1
2025,10,211220,adm,12000.0,2
2025,10,211220,adm,12500.0,1
2025,10,211220,adm,13000.0,3
2025,10,211220,adm,13500.0,2
2025,10,211220,adm,14000.0,2
2025,10,211220,adm,15000.0,5
2025,10,211220,adm,16000.0,1
2025,10,211220,adm,18000.0,1
2025,10,211220,adm,18500.0,1
2025,10,211220,adm,19500.0,1
2025,10,211220,adm,20000.0,1
2025,10,211220,adm,22000.0,2
2025,10,211220,adm,25000.0,1
2025,10,211220,adm,25500.0,1
2025,10,211220,adm,33000.0,1
2025,10,211220,deslig,2000.0,1
2025,10,211220,deslig,2500.0,1
2025,10,211220,deslig,3000.0,2
2025,10,211220,deslig,3500.0,1
2025,10,211220,deslig,4000.0,4
2025,10,211220,deslig,4500.0,1
2025,10,211220,deslig,5000.0,2
2025,10,211220,deslig,5500.0,1
2025,10,211220,deslig,6000.0,3
2025,10,211220,deslig,6500.0,1
2025,10,211220,deslig,7000.0,3
2025,10,211220,deslig,7500.0,1
2025,10,211220,deslig,9000.0,2
2025,10,211220,deslig,9500.0,3
2025,10,211220,deslig,10000.0,1
2025,10,211220,deslig,11000.0,1
2025,10,211220,deslig,12000.0,3
2025,10,211220,deslig,12500.0,1
2025,10,211220,deslig,13000.0,3
2025,10,211220,deslig,13500.0,1
2025,10,211220,deslig,14000.0,3
2025,10,211220,deslig,15000.0,2
2025,10,211220,deslig,15500.0,1
2025,10,211220,deslig,16000.0,3
2025,10,211220,deslig,16500.0,2
2025,10,211220,deslig,17000.0,2
2025,10,211220,deslig,19500.0,1
2025,10,211220,deslig,20000.0,1
2025,10,211220,deslig,20500.0,1
2025,10,211220,deslig,28500.0,1
2025,10,212205,adm,0.0,2
2025,10,212205,adm,2000.0,1
2025,10,212205,adm,3000.0,1
2025,10,212205,adm,3500.0,2
2025,10,212205,adm,4000.0,10
2025,10,212205,adm,4500.0,2
2025,10,212205,adm,5000.0,1
2025,10,212205,adm,5500.0,2
2025,10,212205,adm,6000.0,11
2025,10,212205,adm,6500.0,2
2025,10,212205,adm,7000.0,9
2025,10,212205,adm,7500.0,1
2025,10,212205,adm,8000.0,6
2025,10,212205,adm,8500.0,3
2025,10,212205,adm,9000.0,5
2025,10,212205,adm,9500.0,3
2025,10,212205,adm,10000.0,2
2025,10,212205,adm,10500.0,5
2025,10,212205,adm,11000.0,5
2025,10,212205,adm,11500.0,3
2025,10,212205,adm,12000.0,4
2025,10,212205,adm,12500.0,5
2025,10,212205,adm,13000.0,3
2025,10,212205,adm,13500.0,3
2025,10,212205,adm,14000.0,16
2025,10,212205,adm,14500.0,4
2025,10,212205,adm,15000.0,13
2025,10,212205,adm,15500.0,5
2025,10,212205,adm,16000.0,5
2025,10,212205,adm,16500.0,4
2025,10,212205,adm,17000.0,3
2025,10,212205,adm,17500.0,1
2025,10,212205,adm,18000.0,2
2025,10,212205,adm,18500.0,1
2025,10,212205,adm,19000.0,2
2025,10,212205,adm,20000.0,2
2025,10,212205,adm,20500.0,1
2025,10,212205,adm,21000.0,1
2025,10,212205,adm,22000.0,5
2025,10,212205,adm,22500.0,3
2025,10,212205,adm,23000.0,4
2025,10,212205,adm,24000.0,5
2025,10,212205,adm,25000.0,1
2025,10,212205,adm,25500.0,1
2025,10,212205,adm,26000.0,1
2025,10,212205,adm,26500.0,1
2025,10,212205,adm,27000.0,1
2025,10,212205,adm,27500.0,2
2025,10,212205,adm,28000.0,2
2025,10,212205,adm,29000.0,2
2025,10,212205,adm,29500.0,1
2025,10,212205,adm,31500.0,1
2025,10,212205,adm,32000.0,3
2025,10,212205,adm,32500.0,1
2025,10,212205,adm,46000.0,1
2025,10,212205,adm,47000.0,1
2025,10,212205,adm,48000.0,1
2025,10,212205,adm,50000.0,3
2025,10,212205,deslig,2000.0,7
2025,10,212205,deslig,2500.0,1
2025,10,212205,deslig,3000.0,1
2025,10,212205,deslig,3500.0,2
2025,10,212205,deslig,4000.0,3
2025,10,212205,deslig,4500.0,2
2025,10,212205,deslig,5000.0,2
2025,10,212205,deslig,5500.0,3
2025,10,212205,deslig,6000.0,7
2025,10,212205,deslig,6500.0,5
2025,10,212205,deslig,7000.0,5
2025,10,212205,deslig,7500.0,7
2025,10,212205,deslig,8000.0,7
2025,10,212205,deslig,8500.0,12
2025,10,212205,deslig,9000.0,1
2025,10,212205,deslig,9500.0,10
2025,10,212205,deslig,10000.0,10
2025,10,212205,deslig,10500.0,4
2025,10,212205,deslig,11000.0,4
2025,10,212205,deslig,11500.0,7
2025,10,212205,deslig,12000.0,7
2025,10,212205,deslig,12500.0,8
2025,10,212205,deslig,13000.0,3
2025,10,212205,deslig,13500.0,3
2025,10,212205,deslig,14000.0,4
2025,10,212205,deslig,14500.0,5
2025,10,212205,deslig,15000.0,5
2025,10,212205,deslig,15500.0,3
2025,10,212205,deslig,16000.0,8
2025,10,212205,deslig,16500.0,2
2025,10,212205,deslig,17000.0,3
2025,10,212205,deslig,17500.0,4
2025,10,212205,deslig,18000.0,3
2025,10,212205,deslig,19000.0,1
2025,10,212205,deslig,19500.0,2
2025,10,212205,deslig,20000.0,2
2025,10,212205,deslig,21500.0,2
2025,10,212205,deslig,22000.0,1
2025,10,212205,deslig,22500.0,1
2025,10,212205,deslig,23000.0,3
2025,10,212205,deslig,23500.0,1
2025,10,212205,deslig,24000.0,3
2025,10,212205,deslig,25000.0,3
2025,10,212205,deslig,25500.0,1
2025,10,212205,deslig,26000.0,1
2025,10,212205,deslig,26500.0,2
2025,10,212205,deslig,27000.0,1
2025,10,212205,deslig,28000.0,1
2025,10,212205,deslig,29500.0,1
2025,10,212205,deslig,30500.0,1
2025,10,212205,deslig,33000.0,1
2025,10,212205,deslig,34000.0,1
2025,10,212205,deslig,35500.0,1
2025,10,212205,deslig,36500.0,1
2025,10,212205,deslig,40000.0,2
2025,10,212205,deslig,41000.0,2
2025,10,212205,deslig,50000.0,5
2025,10,212210,adm,4000.0,1
2025,10,212210,adm,8000.0,2
2025,10,212210,adm,11500.0,1
2025,10,212210,adm,12000.0,1
2025,10,212210,adm,13500.0,1
2025,10,212210,adm,18000.0,1
2025,10,212210,adm,23000.0,1
2025,10,212210,adm,24500.0,1
2025,10,212210,adm,26000.0,1
2025,10,212210,adm,40000.0,1
2025,10,212210,deslig,6500.0,2
2025,10,212210,deslig,7500.0,1
2025,10,212210,deslig,9000.0,1
2025,10,212210,deslig,9500.0,1
2025,10,212210,deslig,11000.0,3
2025,10,212210,deslig,14000.0,1
2025,10,212210,deslig,16000.0,1
2025,10,212210,deslig,21000.0,1
2025,10,212210,deslig,24000.0,1
2025,10,212215,adm,0.0,3
2025,10,212215,adm,2000.0,5
2025,10,212215,adm,2500.0,1
2025,10,212215,adm,3500.0,1
2025,10,212215,adm,4000.0,2
2025,10,212215,adm,4500.0,4
2025,10,212215,adm,5000.0,3
2025,10,212215,adm,5500.0,1
2025,10,212215,adm,6000.0,20
2025,10,212215,adm,7000.0,20
2025,10,212215,adm,7500.0,2
2025,10,212215,adm,8000.0,12
2025,10,212215,adm,8500.0,3
2025,10,212215,adm,9000.0,24
2025,10,212215,adm,9500.0,5
2025,10,212215,adm,10000.0,7
2025,10,212215,adm,10500.0,1
2025,10,212215,adm,11000.0,5
2025,10,212215,adm,11500.0,5
2025,10,212215,adm,12000.0,13
2025,10,212215,adm,12500.0,7
2025,10,212215,adm,13000.0,11
2025,10,212215,adm,13500.0,2
2025,10,212215,adm,14000.0,11
2025,10,212215,adm,14500.0,5
2025,10,212215,adm,15000.0,13
2025,10,212215,adm,15500.0,1
2025,10,212215,adm,16000.0,5
2025,10,212215,adm,16500.0,10
2025,10,212215,adm,17000.0,2
2025,10,212215,adm,17500.0,3
2025,10,212215,adm,18000.0,5
2025,10,212215,adm,18500.0,1
2025,10,212215,adm,19000.0,5
2025,10,212215,adm,21000.0,4
2025,10,212215,adm,21500.0,2
2025,10,212215,adm,22000.0,2
2025,10,212215,adm,23000.0,4
2025,10,212215,adm,23500.0,1
2025,10,212215,adm,24500.0,1
2025,10,212215,adm,25000.0,3
2025,10,212215,adm,25500.0,1
2025,10,212215,adm,27000.0,2
2025,10,212215,adm,29000.0,1
2025,10,212215,adm,30000.0,1
2025,10,212215,adm,33000.0,1
2025,10,212215,adm,33500.0,2
2025,10,212215,adm,34000.0,1
2025,10,212215,adm,34500.0,1
2025,10,212215,adm,37500.0,1
2025,10,212215,adm,38000.0,1
2025,10,212215,adm,40500.0,1
2025,10,212215,adm,42000.0,1
2025,10,212215,adm,42500.0,1
2025,10,212215,adm,44000.0,1
2025,10,212215,adm,47000.0,1
2025,10,212215,adm,50000.0,2
2025,10,212215,deslig,2000.0,4
2025,10,212215,deslig,2500.0,1
2025,10,212215,deslig,4000.0,4
2025,10,212215,deslig,4500.0,3
2025,10,212215,deslig,5000.0,9
2025,10,212215,deslig,5500.0,3
2025,10,212215,deslig,6000.0,4
2025,10,212215,deslig,6500.0,5
2025,10,212215,deslig,7000.0,4
2025,10,212215,deslig,7500.0,4
2025,10,212215,deslig,8000.0,10
2025,10,212215,deslig,8500.0,4
2025,10,212215,deslig,9000.0,8
2025,10,212215,deslig,9500.0,6
2025,10,212215,deslig,10000.0,10
2025,10,212215,deslig,10500.0,2
2025,10,212215,deslig,11000.0,6
2025,10,212215,deslig,11500.0,3
2025,10,212215,deslig,12000.0,4
2025,10,212215,deslig,12500.0,8
2025,10,212215,deslig,13000.0,6
2025,10,212215,deslig,13500.0,3
2025,10,212215,deslig,14000.0,5
2025,10,212215,deslig,14500.0,1
2025,10,212215,deslig,15000.0,10
2025,10,212215,deslig,15500.0,3
2025,10,212215,deslig,16000.0,6
2025,10,212215,deslig,16500.0,4
2025,10,212215,deslig,17000.0,5
2025,10,212215,deslig,17500.0,2
2025,10,212215,deslig,18000.0,2
2025,10,212215,deslig,18500.0,2
2025,10,212215,deslig,19000.0,3
2025,10,212215,deslig,19500.0,2
2025,10,212215,deslig,20000.0,4
2025,10,212215,deslig,20500.0,4
2025,10,212215,deslig,21000.0,2
2025,10,212215,deslig,21500.0,2
2025,10,212215,deslig,22000.0,3
2025,10,212215,deslig,22500.0,1
2025,10,212215,deslig,23000.0,1
2025,10,212215,deslig,23500.0,1
2025,10,212215,deslig,24000.0,1
2025,10,212215,deslig,25000.0,1
2025,10,212215,deslig,25500.0,1
2025,10,212215,deslig,26000.0,4
2025,10,212215,deslig,26500.0,2
2025,10,212215,deslig,27000.0,1
2025,10,212215,deslig,28000.0,1
2025,10,212215,deslig,30000.0,1
2025,10,212215,deslig,31000.0,1
2025,10,212215,deslig,32500.0,1
2025,10,212215,deslig,33000.0,1
2025,10,212215,deslig,34000.0,1
2025,10,212215,deslig,34500.0,1
2025,10,212215,deslig,37500.0,1
2025,10,212215,deslig,38500.0,1
2025,10,212215,deslig,39000.0,1
2025,10,212215,deslig,50000.0,5
2025,10,212305,adm,1500.0,2
2025,10,212305,adm,2500.0,4
2025,10,212305,adm,3000.0,2
2025,10,212305,adm,3500.0,5
2025,10,212305,adm,4000.0,6
2025,10,212305,adm,4500.0,5
2025,10,212305,adm,5000.0,3
2025,10,212305,adm,5500.0,3
2025,10,212305,adm,6000.0,7
2025,10,212305,adm,6500.0,4
2025,10,212305,adm,7000.0,10
2025,10,212305,adm,7500.0,1
2025,10,212305,adm,8000.0,13
2025,10,212305,adm,8500.0,11
2025,10,212305,adm,9000.0,6
2025,10,212305,adm,9500.0,10
2025,10,212305,adm,10000.0,6
2025,10,212305,adm,10500.0,6
2025,10,212305,adm,11000.0,5
2025,10,212305,adm,11500.0,4
2025,10,212305,adm,12000.0,9
2025,10,212305,adm,12500.0,3
2025,10,212305,adm,13000.0,10
2025,10,212305,adm,13500.0,2
2025,10,212305,adm,14000.0,9
2025,10,212305,adm,15000.0,7
2025,10,212305,adm,15500.0,1
2025,10,212305,adm,16500.0,2
2025,10,212305,adm,17000.0,1
2025,10,212305,adm,17500.0,1
2025,10,212305,adm,18000.0,1
2025,10,212305,adm,20000.0,2
2025,10,212305,adm,22000.0,1
2025,10,212305,adm,23000.0,1
2025,10,212305,adm,25000.0,1
2025,10,212305,adm,28000.0,1
2025,10,212305,deslig,0.0,1
2025,10,212305,deslig,1500.0,5
2025,10,212305,deslig,2000.0,3
2025,10,212305,deslig,2500.0,3
2025,10,212305,deslig,3000.0,1
2025,10,212305,deslig,3500.0,5
2025,10,212305,deslig,4000.0,5
2025,10,212305,deslig,4500.0,8
2025,10,212305,deslig,5000.0,9
2025,10,212305,deslig,5500.0,4
2025,10,212305,deslig,6000.0,2
2025,10,212305,deslig,6500.0,3
2025,10,212305,deslig,7000.0,3
2025,10,212305,deslig,7500.0,6
2025,10,212305,deslig,8000.0,6
2025,10,212305,deslig,8500.0,3
2025,10,212305,deslig,9000.0,8
2025,10,212305,deslig,9500.0,1
2025,10,212305,deslig,10000.0,10
2025,10,212305,deslig,10500.0,2
2025,10,212305,deslig,11000.0,5
2025,10,212305,deslig,11500.0,10
2025,10,212305,deslig,12000.0,8
2025,10,212305,deslig,12500.0,5
2025,10,212305,deslig,13000.0,4
2025,10,212305,deslig,13500.0,3
2025,10,212305,deslig,14000.0,9
2025,10,212305,deslig,14500.0,3
2025,10,212305,deslig,15000.0,4
2025,10,212305,deslig,15500.0,4
2025,10,212305,deslig,16000.0,5
2025,10,212305,deslig,17000.0,1
2025,10,212305,deslig,17500.0,2
2025,10,212305,deslig,18000.0,3
2025,10,212305,deslig,19000.0,2
2025,10,212305,deslig,20000.0,1
2025,10,212305,deslig,23000.0,1
2025,10,212305,deslig,29000.0,1
2025,10,212405,adm,0.0,6
2025,10,212405,adm,1500.0,29
2025,10,212405,adm,2000.0,173
2025,10,212405,adm,2500.0,117
2025,10,212405,adm,3000.0,131
2025,10,212405,adm,3500.0,138
2025,10,212405,adm,4000.0,140
2025,10,212405,adm,4500.0,118
2025,10,212405,adm,5000.0,142
2025,10,212405,adm,5500.0,105
2025,10,212405,adm,6000.0,174
2025,10,212405,adm,6500.0,123
2025,10,212405,adm,7000.0,174
2025,10,212405,adm,7500.0,136
2025,10,212405,adm,8000.0,171
2025,10,212405,adm,8500.0,100
2025,10,212405,adm,9000.0,127
2025,10,212405,adm,9500.0,76
2025,10,212405,adm,10000.0,164
2025,10,212405,adm,10500.0,80
2025,10,212405,adm,11000.0,145
2025,10,212405,adm,11500.0,68
2025,10,212405,adm,12000.0,177
2025,10,212405,adm,12500.0,58
2025,10,212405,adm,13000.0,106
2025,10,212405,adm,13500.0,46
2025,10,212405,adm,14000.0,92
2025,10,212405,adm,14500.0,29
2025,10,212405,adm,15000.0,82
2025,10,212405,adm,15500.0,57
2025,10,212405,adm,16000.0,68
2025,10,212405,adm,16500.0,18
2025,10,212405,adm,17000.0,44
2025,10,212405,adm,17500.0,24
2025,10,212405,adm,18000.0,35
2025,10,212405,adm,18500.0,17
2025,10,212405,adm,19000.0,17
2025,10,212405,adm,19500.0,18
2025,10,212405,adm,20000.0,32
2025,10,212405,adm,20500.0,4
2025,10,212405,adm,21000.0,15
2025,10,212405,adm,21500.0,4
2025,10,212405,adm,22000.0,6
2025,10,212405,adm,22500.0,3
2025,10,212405,adm,23000.0,8
2025,10,212405,adm,23500.0,3
2025,10,212405,adm,24000.0,4
2025,10,212405,adm,25000.0,11
2025,10,212405,adm,25500.0,1
2025,10,212405,adm,26000.0,5
2025,10,212405,adm,27000.0,3
2025,10,212405,adm,28000.0,1
2025,10,212405,adm,28500.0,1
2025,10,212405,adm,29000.0,1
2025,10,212405,adm,30000.0,2
2025,10,212405,adm,31500.0,1
2025,10,212405,adm,32000.0,2
2025,10,212405,adm,33000.0,2
2025,10,212405,adm,40000.0,1
2025,10,212405,adm,42000.0,1
2025,10,212405,adm,44500.0,1
2025,10,212405,adm,47000.0,1
2025,10,212405,adm,50000.0,2
2025,10,212405,deslig,0.0,8
2025,10,212405,deslig,1000.0,1
2025,10,212405,deslig,1500.0,21
2025,10,212405,deslig,2000.0,103
2025,10,212405,deslig,2500.0,143
2025,10,212405,deslig,3000.0,160
2025,10,212405,deslig,3500.0,154
2025,10,212405,deslig,4000.0,148
2025,10,212405,deslig,4500.0,122
2025,10,212405,deslig,5000.0,95
2025,10,212405,deslig,5500.0,115
2025,10,212405,deslig,6000.0,152
2025,10,212405,deslig,6500.0,107
2025,10,212405,deslig,7000.0,131
2025,10,212405,deslig,7500.0,102
2025,10,212405,deslig,8000.0,138
2025,10,212405,deslig,8500.0,122
2025,10,212405,deslig,9000.0,110
2025,10,212405,deslig,9500.0,103
2025,10,212405,deslig,10000.0,125
2025,10,212405,deslig,10500.0,120
2025,10,212405,deslig,11000.0,109
2025,10,212405,deslig,11500.0,61
2025,10,212405,deslig,12000.0,117
2025,10,212405,deslig,12500.0,64
2025,10,212405,deslig,13000.0,72
2025,10,212405,deslig,13500.0,62
2025,10,212405,deslig,14000.0,69
2025,10,212405,deslig,14500.0,31
2025,10,212405,deslig,15000.0,73
2025,10,212405,deslig,15500.0,36
2025,10,212405,deslig,16000.0,58
2025,10,212405,deslig,16500.0,25
2025,10,212405,deslig,17000.0,32
2025,10,212405,deslig,17500.0,30
2025,10,212405,deslig,18000.0,41
2025,10,212405,deslig,18500.0,15
2025,10,212405,deslig,19000.0,20
2025,10,212405,deslig,19500.0,12
2025,10,212405,deslig,20000.0,19
2025,10,212405,deslig,20500.0,9
2025,10,212405,deslig,21000.0,5
2025,10,212405,deslig,21500.0,4
2025,10,212405,deslig,22000.0,8
2025,10,212405,deslig,22500.0,6
2025,10,212405,deslig,23000.0,5
2025,10,212405,deslig,23500.0,3
2025,10,212405,deslig,24000.0,4
2025,10,212405,deslig,24500.0,1
2025,10,212405,deslig,25000.0,6
2025,10,212405,deslig,25500.0,1
2025,10,212405,deslig,26000.0,1
2025,10,212405,deslig,27000.0,2
2025,10,212405,deslig,28000.0,4
2025,10,212405,deslig,28500.0,1
2025,10,212405,deslig,29000.0,1
2025,10,212405,deslig,30000.0,1
2025,10,212405,deslig,31000.0,1
2025,10,212405,deslig,33500.0,2
2025,10,212405,deslig,34000.0,1
2025,10,212405,deslig,34500.0,1
2025,10,212405,deslig,36500.0,1
2025,10,212405,deslig,39500.0,1
2025,10,212405,deslig,40500.0,1
2025,10,212405,deslig,50000.0,3
2025,10,212410,adm,1500.0,25
2025,10,212410,adm,2000.0,77
2025,10,212410,adm,2500.0,35
2025,10,212410,adm,3000.0,71
2025,10,212410,adm,3500.0,50
2025,10,212410,adm,4000.0,61
2025,10,212410,adm,4500.0,33
2025,10,212410,adm,5000.0,29
2025,10,212410,adm,5500.0,21
2025,10,212410,adm,6000.0,21
2025,10,212410,adm,6500.0,18
2025,10,212410,adm,7000.0,23
2025,10,212410,adm,7500.0,12
2025,10,212410,adm,8000.0,13
2025,10,212410,adm,8500.0,9
2025,10,212410,adm,9000.0,12
2025,10,212410,adm,9500.0,9
2025,10,212410,adm,10000.0,15
2025,10,212410,adm,10500.0,4
2025,10,212410,adm,11000.0,8
2025,10,212410,adm,11500.0,10
2025,10,212410,adm,12000.0,9
2025,10,212410,adm,12500.0,10
2025,10,212410,adm,13000.0,5
2025,10,212410,adm,13500.0,2
2025,10,212410,adm,14000.0,7
2025,10,212410,adm,14500.0,6
2025,10,212410,adm,15000.0,7
2025,10,212410,adm,15500.0,3
2025,10,212410,adm,16000.0,6
2025,10,212410,adm,17000.0,7
2025,10,212410,adm,17500.0,1
2025,10,212410,adm,18500.0,1
2025,10,212410,adm,19000.0,5
2025,10,212410,adm,20000.0,4
2025,10,212410,adm,21000.0,1
2025,10,212410,adm,21500.0,1
2025,10,212410,adm,22000.0,2
2025,10,212410,adm,23000.0,1
2025,10,212410,adm,24500.0,1
2025,10,212410,adm,28000.0,2
2025,10,212410,adm,33000.0,1
2025,10,212410,deslig,1500.0,19
2025,10,212410,deslig,2000.0,84
2025,10,212410,deslig,2500.0,48
2025,10,212410,deslig,3000.0,63
2025,10,212410,deslig,3500.0,40
2025,10,212410,deslig,4000.0,46
2025,10,212410,deslig,4500.0,17
2025,10,212410,deslig,5000.0,37
2025,10,212410,deslig,5500.0,18
2025,10,212410,deslig,6000.0,18
2025,10,212410,deslig,6500.0,13
2025,10,212410,deslig,7000.0,17
2025,10,212410,deslig,7500.0,18
2025,10,212410,deslig,8000.0,19
2025,10,212410,deslig,8500.0,12
2025,10,212410,deslig,9000.0,8
2025,10,212410,deslig,9500.0,7
2025,10,212410,deslig,10000.0,10
2025,10,212410,deslig,10500.0,5
2025,10,212410,deslig,11000.0,11
2025,10,212410,deslig,11500.0,7
2025,10,212410,deslig,12000.0,12
2025,10,212410,deslig,12500.0,9
2025,10,212410,deslig,13000.0,4
2025,10,212410,deslig,13500.0,4
2025,10,212410,deslig,14000.0,2
2025,10,212410,deslig,14500.0,4
2025,10,212410,deslig,15000.0,8
2025,10,212410,deslig,15500.0,4
2025,10,212410,deslig,16000.0,3
2025,10,212410,deslig,16500.0,5
2025,10,212410,deslig,17000.0,5
2025,10,212410,deslig,17500.0,3
2025,10,212410,deslig,18000.0,1
2025,10,212410,deslig,18500.0,1
2025,10,212410,deslig,19000.0,3
2025,10,212410,deslig,19500.0,2
2025,10,212410,deslig,20000.0,1
2025,10,212410,deslig,21000.0,1
2025,10,212410,deslig,21500.0,1
2025,10,212410,deslig,22000.0,1
2025,10,212410,deslig,23500.0,1
2025,10,212410,deslig,24500.0,1
2025,10,212410,deslig,26000.0,1
2025,10,212410,deslig,26500.0,1
2025,10,212410,deslig,27500.0,1
2025,10,212410,deslig,28000.0,1
2025,10,212425,adm,2000.0,1
2025,10,212425,adm,2500.0,2
2025,10,212425,adm,3000.0,1
2025,10,212425,adm,3500.0,1
2025,10,212425,adm,4500.0,1
2025,10,212425,adm,6000.0,1
2025,10,212425,adm,6500.0,3
2025,10,212425,adm,7500.0,1
2025,10,212425,adm,8500.0,1
2025,10,212425,adm,9000.0,3
2025,10,212425,adm,10000.0,4
2025,10,212425,adm,10500.0,1
2025,10,212425,adm,11000.0,4
2025,10,212425,adm,11500.0,1
2025,10,212425,adm,12000.0,2
2025,10,212425,adm,13000.0,2
2025,10,212425,adm,13500.0,2
2025,10,212425,adm,14000.0,7
2025,10,212425,adm,14500.0,4
2025,10,212425,adm,15000.0,7
2025,10,212425,adm,15500.0,1
2025,10,212425,adm,16000.0,6
2025,10,212425,adm,16500.0,2
2025,10,212425,adm,17000.0,4
2025,10,212425,adm,18000.0,4
2025,10,212425,adm,19000.0,5
2025,10,212425,adm,19500.0,1
2025,10,212425,adm,20000.0,4
2025,10,212425,adm,21000.0,5
2025,10,212425,adm,22000.0,1
2025,10,212425,adm,22500.0,3
2025,10,212425,adm,23000.0,1
2025,10,212425,adm,23500.0,1
2025,10,212425,adm,28000.0,1
2025,10,212425,adm,32000.0,1
2025,10,212425,adm,35000.0,1
2025,10,212425,adm,36500.0,1
2025,10,212425,deslig,0.0,1
2025,10,212425,deslig,2000.0,3
2025,10,212425,deslig,3000.0,2
2025,10,212425,deslig,4000.0,1
2025,10,212425,deslig,4500.0,2
2025,10,212425,deslig,6000.0,1
2025,10,212425,deslig,7500.0,1
2025,10,212425,deslig,8000.0,3
2025,10,212425,deslig,8500.0,2
2025,10,212425,deslig,9000.0,1
2025,10,212425,deslig,9500.0,6
2025,10,212425,deslig,10000.0,4
2025,10,212425,deslig,10500.0,1
2025,10,212425,deslig,11000.0,3
2025,10,212425,deslig,11500.0,4
2025,10,212425,deslig,12000.0,5
2025,10,212425,deslig,12500.0,6
2025,10,212425,deslig,13000.0,3
2025,10,212425,deslig,13500.0,2
2025,10,212425,deslig,14000.0,1
2025,10,212425,deslig,14500.0,1
2025,10,212425,deslig,15000.0,6
2025,10,212425,deslig,15500.0,4
2025,10,212425,deslig,16000.0,4
2025,10,212425,deslig,16500.0,4
2025,10,212425,deslig,17000.0,3
2025,10,212425,deslig,17500.0,2
2025,10,212425,deslig,18000.0,4
2025,10,212425,deslig,18500.0,4
2025,10,212425,deslig,19000.0,1
2025,10,212425,deslig,20000.0,5
2025,10,212425,deslig,21000.0,4
2025,10,212425,deslig,21500.0,1
2025,10,212425,deslig,22000.0,2
2025,10,212425,deslig,22500.0,2
2025,10,212425,deslig,23000.0,2
2025,10,212425,deslig,24000.0,2
2025,10,212425,deslig,26000.0,1
2025,10,212425,deslig,27500.0,1
2025,10,212425,deslig,30000.0,1
2025,10,212425,deslig,34000.0,1
2025,10,212425,deslig,38500.0,1
2025,11,203105,adm,3000.0,1
2025,11,203105,adm,4000.0,3
2025,11,203105,adm,4500.0,1
2025,11,203105,adm,6000.0,1
2025,11,203105,adm,7000.0,1
2025,11,203105,adm,8000.0,3
2025,11,203105,adm,9000.0,2
2025,11,203105,adm,9500.0,2
2025,11,203105,adm,10000.0,1
2025,11,203105,adm,11000.0,1
2025,11,203105,adm,11500.0,1
2025,11,203105,adm,12000.0,3
2025,11,203105,adm,12500.0,1
2025,11,203105,adm,13000.0,3
2025,11,203105,adm,14000.0,1
2025,11,203105,adm,14500.0,1
2025,11,203105,adm,15000.0,4
2025,11,203105,adm,15500.0,1
2025,11,203105,adm,16000.0,3
2025,11,203105,adm,16500.0,1
2025,11,203105,adm,17000.0,3
2025,11,203105,adm,17500.0,1
2025,11,203105,adm,20500.0,1
2025,11,203105,adm,26500.0,1
2025,11,203105,deslig,2500.0,1
2025,11,203105,deslig,4000.0,1
2025,11,203105,deslig,4500.0,2
2025,11,203105,deslig,6000.0,2
2025,11,203105,deslig,6500.0,1
2025,11,203105,deslig,7000.0,1
2025,11,203105,deslig,7500.0,3
2025,11,203105,deslig,8000.0,3
2025,11,203105,deslig,9000.0,1
2025,11,203105,deslig,10000.0,2
2025,11,203105,deslig,10500.0,1
2025,11,203105,deslig,11000.0,1
2025,11,203105,deslig,12000.0,2
2025,11,203105,deslig,12500.0,1
2025,11,203105,deslig,13500.0,1
2025,11,203105,deslig,15000.0,1
2025,11,203105,deslig,16000.0,2
2025,11,203105,deslig,20000.0,1
2025,11,203105,deslig,27500.0,1
2025,11,203105,deslig,47000.0,1
2025,11,211205,adm,3000.0,1
2025,11,211205,adm,4000.0,3
2025,11,211205,adm,5000.0,2
2025,11,211205,adm,5500.0,1
2025,11,211205,adm,6500.0,1
2025,11,211205,adm,7000.0,7
2025,11,211205,adm,7500.0,1
2025,11,211205,adm,8000.0,1
2025,11,211205,adm,8500.0,4
2025,11,211205,adm,9000.0,1
2025,11,211205,adm,9500.0,1
2025,11,211205,adm,10000.0,1
2025,11,211205,adm,11000.0,1
2025,11,211205,adm,20000.0,1
2025,11,211205,adm,24000.0,1
2025,11,211205,deslig,2500.0,1
2025,11,211205,deslig,4000.0,2
2025,11,211205,deslig,5000.0,1
2025,11,211205,deslig,6500.0,1
2025,11,211205,deslig,7000.0,1
2025,11,211205,deslig,7500.0,1
2025,11,211205,deslig,8500.0,1
2025,11,211205,deslig,9000.0,2
2025,11,211205,deslig,9500.0,1
2025,11,211205,deslig,11500.0,1
2025,11,211205,deslig,12000.0,1
2025,11,211205,deslig,13000.0,1
2025,11,211205,deslig,18500.0,1
2025,11,211205,deslig,23500.0,1
2025,11,211205,deslig,25000.0,1
2025,11,211205,deslig,26000.0,1
2025,11,211205,deslig,32000.0,1
2025,11,211210,adm,3500.0,1
2025,11,211210,adm,4000.0,1
2025,11,211210,adm,4500.0,1
2025,11,211210,deslig,4000.0,1
2025,11,211210,deslig,18500.0,1
2025,11,211210,deslig,19000.0,1
2025,11,211215,adm,10000.0,1
2025,11,211220,adm,2500.0,1
2025,11,211220,adm,3000.0,3
2025,11,211220,adm,3500.0,3
2025,11,211220,adm,4000.0,1
2025,11,211220,adm,4500.0,2
2025,11,211220,adm,5000.0,1
2025,11,211220,adm,6000.0,3
2025,11,211220,adm,6500.0,1
2025,11,211220,adm,7000.0,3
2025,11,211220,adm,7500.0,1
2025,11,211220,adm,8000.0,4
2025,11,211220,adm,8500.0,1
2025,11,211220,adm,9000.0,1
2025,11,211220,adm,9500.0,5
2025,11,211220,adm,10000.0,3
2025,11,211220,adm,11000.0,1
2025,11,211220,adm,11500.0,2
2025,11,211220,adm,12000.0,2
2025,11,211220,adm,12500.0,2
2025,11,211220,adm,15000.0,3
2025,11,211220,adm,15500.0,1
2025,11,211220,adm,16000.0,1
2025,11,211220,adm,17500.0,1
2025,11,211220,adm,18000.0,2
2025,11,211220,adm,20000.0,1
2025,11,211220,adm,20500.0,2
2025,11,211220,adm,24000.0,1
2025,11,211220,adm,25000.0,1
2025,11,211220,adm,27500.0,1
2025,11,211220,adm,43500.0,1
2025,11,211220,deslig,2000.0,1
2025,11,211220,deslig,2500.0,1
2025,11,211220,deslig,4000.0,2
2025,11,211220,deslig,4500.0,2
2025,11,211220,deslig,5000.0,2
2025,11,211220,deslig,5500.0,2
2025,11,211220,deslig,6000.0,2
2025,11,211220,deslig,6500.0,2
2025,11,211220,deslig,7000.0,1
2025,11,211220,deslig,8500.0,3
2025,11,211220,deslig,9000.0,2
2025,11,211220,deslig,10000.0,3
2025,11,211220,deslig,10500.0,1
2025,11,211220,deslig,11000.0,1
2025,11,211220,deslig,11500.0,1
2025,11,211220,deslig,12000.0,1
2025,11,211220,deslig,12500.0,1
2025,11,211220,deslig,13000.0,2
2025,11,211220,deslig,13500.0,1
2025,11,211220,deslig,15000.0,3
2025,11,211220,deslig,15500.0,1
2025,11,211220,deslig,17000.0,2
2025,11,211220,deslig,18000.0,1
2025,11,211220,deslig,20500.0,1
2025,11,211220,deslig,24000.0,1
2025,11,211220,deslig,26000.0,1
2025,11,211220,deslig,32000.0,1
2025,11,212205,adm,2000.0,6
2025,11,212205,adm,3000.0,2
2025,11,212205,adm,4000.0,6
2025,11,212205,adm,4500.0,1
2025,11,212205,adm,5000.0,5
2025,11,212205,adm,6000.0,5
2025,11,212205,adm,6500.0,4
2025,11,212205,adm,7000.0,7
2025,11,212205,adm,7500.0,2
2025,11,212205,adm,8000.0,10
2025,11,212205,adm,8500.0,2
2025,11,212205,adm,9000.0,3
2025,11,212205,adm,9500.0,1
2025,11,212205,adm,10000.0,4
2025,11,212205,adm,10500.0,3
2025,11,212205,adm,11000.0,2
2025,11,212205,adm,11500.0,1
2025,11,212205,adm,12000.0,4
2025,11,212205,adm,12500.0,6
2025,11,212205,adm,13000.0,2
2025,11,212205,adm,13500.0,3
2025,11,212205,adm,14000.0,7
2025,11,212205,adm,14500.0,2
2025,11,212205,adm,15000.0,15
2025,11,212205,adm,15500.0,5
2025,11,212205,adm,16000.0,1
2025,11,212205,adm,16500.0,4
2025,11,212205,adm,17000.0,2
2025,11,212205,adm,17500.0,2
2025,11,212205,adm,18000.0,4
2025,11,212205,adm,18500.0,1
2025,11,212205,adm,19000.0,2
2025,11,212205,adm,19500.0,3
2025,11,212205,adm,21000.0,1
2025,11,212205,adm,21500.0,1
2025,11,212205,adm,22000.0,1
2025,11,212205,adm,22500.0,2
2025,11,212205,adm,23000.0,6
2025,11,212205,adm,23500.0,2
2025,11,212205,adm,24000.0,4
2025,11,212205,adm,25000.0,2
2025,11,212205,adm,25500.0,2
2025,11,212205,adm,26000.0,2
2025,11,212205,adm,26500.0,2
2025,11,212205,adm,27000.0,1
2025,11,212205,adm,27500.0,4
2025,11,212205,adm,28000.0,1
2025,11,212205,adm,28500.0,3
2025,11,212205,adm,29000.0,1
2025,11,212205,adm,30000.0,3
2025,11,212205,adm,30500.0,3
2025,11,212205,adm,34000.0,1
2025,11,212205,adm,35000.0,1
2025,11,212205,adm,35500.0,1
2025,11,212205,adm,37000.0,2
2025,11,212205,adm,37500.0,1
2025,11,212205,adm,40000.0,1
2025,11,212205,adm,50000.0,2
2025,11,212205,deslig,2000.0,1
2025,11,212205,deslig,3000.0,1
2025,11,212205,deslig,4000.0,4
2025,11,212205,deslig,4500.0,2
2025,11,212205,deslig,5000.0,2
2025,11,212205,deslig,5500.0,6
2025,11,212205,deslig,6000.0,3
2025,11,212205,deslig,6500.0,1
2025,11,212205,deslig,7000.0,3
2025,11,212205,deslig,7500.0,3
2025,11,212205,deslig,8000.0,4
2025,11,212205,deslig,9000.0,7
2025,11,212205,deslig,9500.0,2
2025,11,212205,deslig,10000.0,11
2025,11,212205,deslig,10500.0,2
2025,11,212205,deslig,11000.0,1
2025,11,212205,deslig,12000.0,5
2025,11,212205,deslig,12500.0,2
2025,11,212205,deslig,13000.0,7
2025,11,212205,deslig,13500.0,6
2025,11,212205,deslig,14000.0,3
2025,11,212205,deslig,14500.0,5
2025,11,212205,deslig,15000.0,1
2025,11,212205,deslig,16000.0,3
2025,11,212205,deslig,17000.0,3
2025,11,212205,deslig,17500.0,3
2025,11,212205,deslig,19000.0,2
2025,11,212205,deslig,20000.0,1
2025,11,212205,deslig,20500.0,1
2025,11,212205,deslig,21000.0,1
2025,11,212205,deslig,21500.0,1
2025,11,212205,deslig,22000.0,1
2025,11,212205,deslig,22500.0,2
2025,11,212205,deslig,23500.0,1
2025,11,212205,deslig,24500.0,3
2025,11,212205,deslig,25000.0,1
2025,11,212205,deslig,26000.0,1
2025,11,212205,deslig,26500.0,1
2025,11,212205,deslig,27000.0,2
2025,11,212205,deslig,30000.0,1
2025,11,212205,deslig,31500.0,1
2025,11,212205,deslig,39500.0,1
2025,11,212205,deslig,42000.0,2
2025,11,212205,deslig,43500.0,1
2025,11,212205,deslig,47000.0,1
2025,11,212205,deslig,50000.0,3
2025,11,212210,adm,5000.0,1
2025,11,212210,adm,6000.0,1
2025,11,212210,adm,9000.0,1
2025,11,212210,adm,11000.0,1
2025,11,212210,adm,20000.0,1
2025,11,212210,adm,29000.0,1
2025,11,212210,adm,39000.0,1
2025,11,212210,adm,39500.0,2
2025,11,212210,deslig,6000.0,1
2025,11,212210,deslig,8000.0,1
2025,11,212210,deslig,9000.0,1
2025,11,212210,deslig,13500.0,1
2025,11,212210,deslig,14000.0,1
2025,11,212210,deslig,16500.0,1
2025,11,212210,deslig,20000.0,1
2025,11,212210,deslig,25000.0,1
2025,11,212215,adm,2000.0,5
2025,11,212215,adm,3500.0,1
2025,11,212215,adm,4000.0,3
2025,11,212215,adm,4500.0,2
2025,11,212215,adm,5000.0,3
2025,11,212215,adm,5500.0,1
2025,11,212215,adm,6000.0,11
2025,11,212215,adm,6500.0,4
2025,11,212215,adm,7000.0,19
2025,11,212215,adm,7500.0,2
2025,11,212215,adm,8000.0,2
2025,11,212215,adm,8500.0,1
2025,11,212215,adm,9000.0,15
2025,11,212215,adm,9500.0,2
2025,11,212215,adm,10000.0,12
2025,11,212215,adm,10500.0,4
2025,11,212215,adm,11000.0,8
2025,11,212215,adm,12000.0,8
2025,11,212215,adm,12500.0,10
2025,11,212215,adm,13000.0,3
2025,11,212215,adm,13500.0,8
2025,11,212215,adm,14000.0,14
2025,11,212215,adm,14500.0,2
2025,11,212215,adm,15000.0,6
2025,11,212215,adm,15500.0,1
2025,11,212215,adm,16000.0,4
2025,11,212215,adm,16500.0,13
2025,11,212215,adm,17000.0,3
2025,11,212215,adm,17500.0,3
2025,11,212215,adm,18000.0,9
2025,11,212215,adm,19000.0,4
2025,11,212215,adm,20000.0,3
2025,11,212215,adm,20500.0,2
2025,11,212215,adm,21000.0,3
2025,11,212215,adm,23000.0,1
2025,11,212215,adm,24000.0,4
2025,11,212215,adm,25000.0,6
2025,11,212215,adm,26000.0,1
2025,11,212215,adm,27000.0,2
2025,11,212215,adm,27500.0,1
2025,11,212215,adm,28000.0,1
2025,11,212215,adm,29500.0,1
2025,11,212215,adm,30000.0,3
2025,11,212215,adm,32000.0,1
2025,11,212215,adm,34500.0,1
2025,11,212215,adm,35000.0,1
2025,11,212215,adm,38500.0,1
2025,11,212215,adm,39000.0,3
2025,11,212215,adm,40500.0,1
2025,11,212215,adm,41500.0,1
2025,11,212215,adm,42000.0,1
2025,11,212215,adm,44000.0,1
2025,11,212215,adm,47000.0,1
2025,11,212215,adm,48500.0,1
2025,11,212215,adm,50000.0,2
2025,11,212215,deslig,2000.0,1
2025,11,212215,deslig,2500.0,1
2025,11,212215,deslig,3500.0,1
2025,11,212215,deslig,4000.0,2
2025,11,212215,deslig,4500.0,3
2025,11,212215,deslig,5000.0,6
2025,11,212215,deslig,5500.0,4
2025,11,212215,deslig,6000.0,5
2025,11,212215,deslig,6500.0,6
2025,11,212215,deslig,7000.0,5
2025,11,212215,deslig,7500.0,5
2025,11,212215,deslig,8000.0,6
2025,11,212215,deslig,8500.0,2
2025,11,212215,deslig,9000.0,7
2025,11,212215,deslig,9500.0,11
2025,11,212215,deslig,10000.0,5
2025,11,212215,deslig,10500.0,1
2025,11,212215,deslig,11000.0,2
2025,11,212215,deslig,11500.0,3
2025,11,212215,deslig,12000.0,8
2025,11,212215,deslig,12500.0,3
2025,11,212215,deslig,13000.0,7
2025,11,212215,deslig,13500.0,2
2025,11,212215,deslig,14000.0,3
2025,11,212215,deslig,14500.0,4
2025,11,212215,deslig,15000.0,6
2025,11,212215,deslig,15500.0,2
2025,11,212215,deslig,16000.0,2
2025,11,212215,deslig,16500.0,3
2025,11,212215,deslig,17000.0,3
2025,11,212215,deslig,17500.0,4
2025,11,212215,deslig,18000.0,2
2025,11,212215,deslig,19000.0,3
2025,11,212215,deslig,20000.0,2
2025,11,212215,deslig,20500.0,4
2025,11,212215,deslig,21000.0,8
2025,11,212215,deslig,21500.0,3
2025,11,212215,deslig,22000.0,2
2025,11,212215,deslig,22500.0,1
2025,11,212215,deslig,23000.0,1
2025,11,212215,deslig,23500.0,2
2025,11,212215,deslig,24000.0,2
2025,11,212215,deslig,24500.0,2
2025,11,212215,deslig,25000.0,1
2025,11,212215,deslig,26000.0,1
2025,11,212215,deslig,28500.0,2
2025,11,212215,deslig,30500.0,1
2025,11,212215,deslig,34000.0,1
2025,11,212215,deslig,35500.0,1
2025,11,212215,deslig,37000.0,1
2025,11,212215,deslig,38500.0,1
2025,11,212215,deslig,48500.0,1
2025,11,212215,deslig,50000.0,1
2025,11,212305,adm,1500.0,2
2025,11,212305,adm,2000.0,2
2025,11,212305,adm,2500.0,4
2025,11,212305,adm,3000.0,4
2025,11,212305,adm,3500.0,8
2025,11,212305,adm,4000.0,9
2025,11,212305,adm,4500.0,4
2025,11,212305,adm,5000.0,3
2025,11,212305,adm,5500.0,6
2025,11,212305,adm,6000.0,2
2025,11,212305,adm,6500.0,2
2025,11,212305,adm,7000.0,6
2025,11,212305,adm,7500.0,4
2025,11,212305,adm,8000.0,15
2025,11,212305,adm,8500.0,8
2025,11,212305,adm,9000.0,6
2025,11,212305,adm,9500.0,3
2025,11,212305,adm,10000.0,7
2025,11,212305,adm,10500.0,3
2025,11,212305,adm,11000.0,6
2025,11,212305,adm,11500.0,3
2025,11,212305,adm,12000.0,8
2025,11,212305,adm,12500.0,5
2025,11,212305,adm,13000.0,11
2025,11,212305,adm,13500.0,4
2025,11,212305,adm,14000.0,2
2025,11,212305,adm,14500.0,6
2025,11,212305,adm,15000.0,7
2025,11,212305,adm,16000.0,3
2025,11,212305,adm,16500.0,4
2025,11,212305,adm,17000.0,1
2025,11,212305,adm,17500.0,3
2025,11,212305,adm,18000.0,2
2025,11,212305,adm,18500.0,3
2025,11,212305,adm,19000.0,1
2025,11,212305,adm,20000.0,1
2025,11,212305,adm,26000.0,1
2025,11,212305,adm,29000.0,1
2025,11,212305,adm,34000.0,1
2025,11,212305,adm,42000.0,1
2025,11,212305,deslig,1500.0,2
2025,11,212305,deslig,2000.0,2
2025,11,212305,deslig,2500.0,2
2025,11,212305,deslig,3000.0,5
2025,11,212305,deslig,3500.0,3
2025,11,212305,deslig,4000.0,3
2025,11,212305,deslig,4500.0,2
2025,11,212305,deslig,5000.0,3
2025,11,212305,deslig,5500.0,4
2025,11,212305,deslig,6000.0,1
2025,11,212305,deslig,6500.0,2
2025,11,212305,deslig,7000.0,4
2025,11,212305,deslig,7500.0,6
2025,11,212305,deslig,8000.0,4
2025,11,212305,deslig,8500.0,7
2025,11,212305,deslig,9000.0,3
2025,11,212305,deslig,9500.0,2
2025,11,212305,deslig,10000.0,11
2025,11,212305,deslig,10500.0,3
2025,11,212305,deslig,11000.0,2
2025,11,212305,deslig,11500.0,3
2025,11,212305,deslig,12000.0,9
2025,11,212305,deslig,12500.0,1
2025,11,212305,deslig,13000.0,5
2025,11,212305,deslig,13500.0,4
2025,11,212305,deslig,14000.0,6
2025,11,212305,deslig,14500.0,3
2025,11,212305,deslig,15000.0,1
2025,11,212305,deslig,15500.0,3
2025,11,212305,deslig,16000.0,3
2025,11,212305,deslig,17000.0,1
2025,11,212305,deslig,17500.0,2
2025,11,212305,deslig,18000.0,2
2025,11,212305,deslig,18500.0,1
2025,11,212305,deslig,19000.0,1
2025,11,212305,deslig,19500.0,1
2025,11,212305,deslig,21000.0,1
2025,11,212305,deslig,21500.0,1
2025,11,212305,deslig,23500.0,1
2025,11,212305,deslig,34000.0,1
2025,11,212405,adm,0.0,3
2025,11,212405,adm,1500.0,36
2025,11,212405,adm,2000.0,128
2025,11,212405,adm,2500.0,123
2025,11,212405,adm,3000.0,154
2025,11,212405,adm,3500.0,210
2025,11,212405,adm,4000.0,121
2025,11,212405,adm,4500.0,101
2025,11,212405,adm,5000.0,118
2025,11,212405,adm,5500.0,100
2025,11,212405,adm,6000.0,130
2025,11,212405,adm,6500.0,118
2025,11,212405,adm,7000.0,144
2025,11,212405,adm,7500.0,132
2025,11,212405,adm,8000.0,156
2025,11,212405,adm,8500.0,97
2025,11,212405,adm,9000.0,116
2025,11,212405,adm,9500.0,79
2025,11,212405,adm,10000.0,168
2025,11,212405,adm,10500.0,83
2025,11,212405,adm,11000.0,121
2025,11,212405,adm,11500.0,50
2025,11,212405,adm,12000.0,156
2025,11,212405,adm,12500.0,66
2025,11,212405,adm,13000.0,92
2025,11,212405,adm,13500.0,55
2025,11,212405,adm,14000.0,75
2025,11,212405,adm,14500.0,36
2025,11,212405,adm,15000.0,90
2025,11,212405,adm,15500.0,21
2025,11,212405,adm,16000.0,70
2025,11,212405,adm,16500.0,22
2025,11,212405,adm,17000.0,39
2025,11,212405,adm,17500.0,8
2025,11,212405,adm,18000.0,39
2025,11,212405,adm,18500.0,8
2025,11,212405,adm,19000.0,20
2025,11,212405,adm,19500.0,15
2025,11,212405,adm,20000.0,39
2025,11,212405,adm,20500.0,3
2025,11,212405,adm,21000.0,9
2025,11,212405,adm,21500.0,5
2025,11,212405,adm,22000.0,10
2025,11,212405,adm,22500.0,4
2025,11,212405,adm,23000.0,3
2025,11,212405,adm,23500.0,4
2025,11,212405,adm,24000.0,8
2025,11,212405,adm,24500.0,1
2025,11,212405,adm,25000.0,7
2025,11,212405,adm,26000.0,1
2025,11,212405,adm,27000.0,2
2025,11,212405,adm,27500.0,3
2025,11,212405,adm,28000.0,3
2025,11,212405,adm,29500.0,1
2025,11,212405,adm,30000.0,1
2025,11,212405,adm,30500.0,2
2025,11,212405,adm,32000.0,3
2025,11,212405,adm,33500.0,2
2025,11,212405,adm,35000.0,1
2025,11,212405,adm,37500.0,1
2025,11,212405,adm,44000.0,1
2025,11,212405,adm,48500.0,1
2025,11,212405,deslig,1500.0,15
2025,11,212405,deslig,2000.0,96
2025,11,212405,deslig,2500.0,104
2025,11,212405,deslig,3000.0,107
2025,11,212405,deslig,3500.0,96
2025,11,212405,deslig,4000.0,89
2025,11,212405,deslig,4500.0,85
2025,11,212405,deslig,5000.0,96
2025,11,212405,deslig,5500.0,97
2025,11,212405,deslig,6000.0,114
2025,11,212405,deslig,6500.0,94
2025,11,212405,deslig,7000.0,108
2025,11,212405,deslig,7500.0,93
2025,11,212405,deslig,8000.0,120
2025,11,212405,deslig,8500.0,88
2025,11,212405,deslig,9000.0,93
2025,11,212405,deslig,9500.0,80
2025,11,212405,deslig,10000.0,98
2025,11,212405,deslig,10500.0,56
2025,11,212405,deslig,11000.0,73
2025,11,212405,deslig,11500.0,45
2025,11,212405,deslig,12000.0,97
2025,11,212405,deslig,12500.0,72
2025,11,212405,deslig,13000.0,53
2025,11,212405,deslig,13500.0,33
2025,11,212405,deslig,14000.0,56
2025,11,212405,deslig,14500.0,33
2025,11,212405,deslig,15000.0,62
2025,11,212405,deslig,15500.0,31
2025,11,212405,deslig,16000.0,28
2025,11,212405,deslig,16500.0,28
2025,11,212405,deslig,17000.0,19
2025,11,212405,deslig,17500.0,23
2025,11,212405,deslig,18000.0,18
2025,11,212405,deslig,18500.0,8
2025,11,212405,deslig,19000.0,12
2025,11,212405,deslig,19500.0,7
2025,11,212405,deslig,20000.0,13
2025,11,212405,deslig,20500.0,7
2025,11,212405,deslig,21000.0,8
2025,11,212405,deslig,21500.0,4
2025,11,212405,deslig,22000.0,10
2025,11,212405,deslig,22500.0,3
2025,11,212405,deslig,23500.0,3
2025,11,212405,deslig,24000.0,4
2025,11,212405,deslig,24500.0,2
2025,11,212405,deslig,25000.0,4
2025,11,212405,deslig,25500.0,4
2025,11,212405,deslig,26000.0,2
2025,11,212405,deslig,26500.0,2
2025,11,212405,deslig,27000.0,1
2025,11,212405,deslig,27500.0,1
2025,11,212405,deslig,28000.0,2
2025,11,212405,deslig,29000.0,1
2025,11,212405,deslig,30000.0,1
2025,11,212405,deslig,30500.0,1
2025,11,212405,deslig,32000.0,1
2025,11,212405,deslig,33000.0,1
2025,11,212405,deslig,34000.0,1
2025,11,212405,deslig,34500.0,1
2025,11,212405,deslig,37000.0,1
2025,11,212405,deslig,41000.0,1
2025,11,212405,deslig,46500.0,1
2025,11,212410,adm,1500.0,11
2025,11,212410,adm,2000.0,45
2025,11,212410,adm,2500.0,39
2025,11,212410,adm,3000.0,46
2025,11,212410,adm,3500.0,39
2025,11,212410,adm,4000.0,33
2025,11,212410,adm,4500.0,21
2025,11,212410,adm,5000.0,26
2025,11,212410,adm,5500.0,23
2025,11,212410,adm,6000.0,12
2025,11,212410,adm,6500.0,24
2025,11,212410,adm,7000.0,19
2025,11,212410,adm,7500.0,13
2025,11,212410,adm,8000.0,12
2025,11,212410,adm,8500.0,11
2025,11,212410,adm,9000.0,17
2025,11,212410,adm,9500.0,10
2025,11,212410,adm,10000.0,15
2025,11,212410,adm,10500.0,5
2025,11,212410,adm,11000.0,10
2025,11,212410,adm,11500.0,6
2025,11,212410,adm,12000.0,3
2025,11,212410,adm,12500.0,3
2025,11,212410,adm,13000.0,13
2025,11,212410,adm,13500.0,4
2025,11,212410,adm,14000.0,3
2025,11,212410,adm,14500.0,2
2025,11,212410,adm,15000.0,6
2025,11,212410,adm,15500.0,2
2025,11,212410,adm,16000.0,6
2025,11,212410,adm,16500.0,2
2025,11,212410,adm,17000.0,4
2025,11,212410,adm,18000.0,2
2025,11,212410,adm,18500.0,1
2025,11,212410,adm,19000.0,1
2025,11,212410,adm,19500.0,1
2025,11,212410,adm,20000.0,3
2025,11,212410,adm,22000.0,2
2025,11,212410,adm,22500.0,1
2025,11,212410,adm,23000.0,1
2025,11,212410,adm,24000.0,1
2025,11,212410,adm,24500.0,1
2025,11,212410,adm,26000.0,1
2025,11,212410,adm,27000.0,1
2025,11,212410,adm,30000.0,1
2025,11,212410,adm,50000.0,2
2025,11,212410,deslig,1500.0,23
2025,11,212410,deslig,2000.0,43
2025,11,212410,deslig,2500.0,33
2025,11,212410,deslig,3000.0,39
2025,11,212410,deslig,3500.0,30
2025,11,212410,deslig,4000.0,31
2025,11,212410,deslig,4500.0,20
2025,11,212410,deslig,5000.0,23
2025,11,212410,deslig,5500.0,12
2025,11,212410,deslig,6000.0,23
2025,11,212410,deslig,6500.0,14
2025,11,212410,deslig,7000.0,10
2025,11,212410,deslig,7500.0,21
2025,11,212410,deslig,8000.0,13
2025,11,212410,deslig,8500.0,9
2025,11,212410,deslig,9000.0,9
2025,11,212410,deslig,9500.0,6
2025,11,212410,deslig,10000.0,6
2025,11,212410,deslig,10500.0,5
2025,11,212410,deslig,11000.0,9
2025,11,212410,deslig,11500.0,5
2025,11,212410,deslig,12000.0,7
2025,11,212410,deslig,12500.0,4
2025,11,212410,deslig,13000.0,6
2025,11,212410,deslig,13500.0,3
2025,11,212410,deslig,14000.0,7
2025,11,212410,deslig,14500.0,4
2025,11,212410,deslig,15000.0,5
2025,11,212410,deslig,15500.0,3
2025,11,212410,deslig,16000.0,2
2025,11,212410,deslig,16500.0,1
2025,11,212410,deslig,17000.0,4
2025,11,212410,deslig,17500.0,2
2025,11,212410,deslig,18000.0,2
2025,11,212410,deslig,18500.0,1
2025,11,212410,deslig,19000.0,4
2025,11,212410,deslig,19500.0,3
2025,11,212410,deslig,20000.0,3
2025,11,212410,deslig,20500.0,1
2025,11,212410,deslig,21000.0,1
2025,11,212410,deslig,22000.0,2
2025,11,212410,deslig,22500.0,1
2025,11,212410,deslig,23000.0,1
2025,11,212410,deslig,23500.0,1
2025,11,212410,deslig,24000.0,2
2025,11,212410,deslig,24500.0,1
2025,11,212410,deslig,28500.0,1
2025,11,212425,adm,2000.0,1
2025,11,212425,adm,3500.0,4
2025,11,212425,adm,4000.0,1
2025,11,212425,adm,4500.0,5
2025,11,212425,adm,5000.0,1
2025,11,212425,adm,6500.0,2
2025,11,212425,adm,7500.0,1
2025,11,212425,adm,8000.0,1
2025,11,212425,adm,8500.0,1
2025,11,212425,adm,9000.0,2
2025,11,212425,adm,9500.0,2
2025,11,212425,adm,10000.0,2
2025,11,212425,adm,11500.0,4
2025,11,212425,adm,12000.0,4
2025,11,212425,adm,12500.0,2
2025,11,212425,adm,13000.0,3
2025,11,212425,adm,13500.0,1
2025,11,212425,adm,14000.0,3
2025,11,212425,adm,14500.0,1
2025,11,212425,adm,15000.0,3
2025,11,212425,adm,15500.0,2
2025,11,212425,adm,16000.0,3
2025,11,212425,adm,16500.0,1
2025,11,212425,adm,17000.0,5
2025,11,212425,adm,17500.0,3
2025,11,212425,adm,19500.0,3
2025,11,212425,adm,20000.0,4
2025,11,212425,adm,20500.0,1
2025,11,212425,adm,21000.0,3
2025,11,212425,adm,22500.0,1
2025,11,212425,adm,23500.0,1
2025,11,212425,adm,25000.0,2
2025,11,212425,adm,28000.0,3
2025,11,212425,adm,29000.0,1
2025,11,212425,adm,30000.0,1
2025,11,212425,adm,31000.0,1
2025,11,212425,adm,32500.0,1
2025,11,212425,adm,33000.0,2
2025,11,212425,adm,34000.0,1
2025,11,212425,adm,35000.0,1
2025,11,212425,adm,37500.0,1
2025,11,212425,adm,40000.0,1
2025,11,212425,adm,44000.0,1
2025,11,212425,adm,45000.0,1
2025,11,212425,adm,50000.0,1
2025,11,212425,deslig,2000.0,4
2025,11,212425,deslig,4000.0,1
2025,11,212425,deslig,6500.0,3
2025,11,212425,deslig,8000.0,2
2025,11,212425,deslig,8500.0,1
2025,11,212425,deslig,9000.0,1
2025,11,212425,deslig,9500.0,3
2025,11,212425,deslig,11000.0,1
2025,11,212425,deslig,11500.0,1
2025,11,212425,deslig,12000.0,2
2025,11,212425,deslig,12500.0,4
2025,11,212425,deslig,13000.0,6
2025,11,212425,deslig,13500.0,3
2025,11,212425,deslig,14500.0,1
2025,11,212425,deslig,15000.0,1
2025,11,212425,deslig,15500.0,1
2025,11,212425,deslig,16000.0,2
2025,11,212425,deslig,16500.0,2
2025,11,212425,deslig,17000.0,3
2025,11,212425,deslig,17500.0,2
2025,11,212425,deslig,18000.0,5
2025,11,212425,deslig,18500.0,1
2025,11,212425,deslig,19000.0,1
2025,11,212425,deslig,19500.0,2
2025,11,212425,deslig,20000.0,2
2025,11,212425,deslig,20500.0,1
2025,11,212425,deslig,21000.0,1
2025,11,212425,deslig,23000.0,3
2025,11,212425,deslig,25000.0,1
2025,11,212425,deslig,26000.0,1
2025,11,212425,deslig,31000.0,1
2025,11,212425,deslig,32000.0,1
2025,11,212425,deslig,43000.0,1
2025,12,203105,adm,4000.0,5
2025,12,203105,adm,4500.0,1
2025,12,203105,adm,5500.0,1
2025,12,203105,adm,6000.0,1
2025,12,203105,adm,6500.0,1
2025,12,203105,adm,7000.0,1
2025,12,203105,adm,7500.0,1
2025,12,203105,adm,8000.0,1
2025,12,203105,adm,8500.0,2
2025,12,203105,adm,9000.0,1
2025,12,203105,adm,9500.0,1
2025,12,203105,adm,10000.0,2
2025,12,203105,adm,11000.0,2
2025,12,203105,adm,12000.0,2
2025,12,203105,adm,12500.0,1
2025,12,203105,adm,13000.0,4
2025,12,203105,adm,14000.0,1
2025,12,203105,adm,15000.0,2
2025,12,203105,adm,16000.0,1
2025,12,203105,adm,17500.0,1
2025,12,203105,adm,18000.0,2
2025,12,203105,adm,19500.0,1
2025,12,203105,deslig,1500.0,1
2025,12,203105,deslig,3000.0,1
2025,12,203105,deslig,4000.0,1
2025,12,203105,deslig,6000.0,1
2025,12,203105,deslig,7500.0,2
2025,12,203105,deslig,8000.0,1
2025,12,203105,deslig,8500.0,2
2025,12,203105,deslig,12000.0,3
2025,12,203105,deslig,12500.0,1
2025,12,203105,deslig,13000.0,1
2025,12,203105,deslig,13500.0,1
2025,12,203105,deslig,15000.0,1
2025,12,203105,deslig,15500.0,1
2025,12,203105,deslig,16000.0,1
2025,12,203105,deslig,17500.0,2
2025,12,203105,deslig,19500.0,1
2025,12,203105,deslig,20500.0,1
2025,12,203105,deslig,21000.0,2
2025,12,203105,deslig,21500.0,1
2025,12,203105,deslig,24500.0,2
2025,12,203105,deslig,25000.0,1
2025,12,203105,deslig,27000.0,3
2025,12,203105,deslig,30000.0,2
2025,12,203105,deslig,36500.0,1
2025,12,203105,deslig,39000.0,1
2025,12,203105,deslig,39500.0,1
2025,12,203105,deslig,41500.0,1
2025,12,211205,adm,1500.0,1
2025,12,211205,adm,2000.0,2
2025,12,211205,adm,3000.0,2
2025,12,211205,adm,3500.0,1
2025,12,211205,adm,4000.0,1
2025,12,211205,adm,4500.0,2
2025,12,211205,adm,5000.0,3
2025,12,211205,adm,5500.0,1
2025,12,211205,adm,6000.0,1
2025,12,211205,adm,6500.0,3
2025,12,211205,adm,7000.0,4
2025,12,211205,adm,7500.0,2
2025,12,211205,adm,8500.0,1
2025,12,211205,adm,9000.0,1
2025,12,211205,adm,11000.0,1
2025,12,211205,adm,11500.0,2
2025,12,211205,adm,14000.0,1
2025,12,211205,adm,16000.0,1
2025,12,211205,adm,16500.0,1
2025,12,211205,adm,18000.0,1
2025,12,211205,adm,19000.0,2
2025,12,211205,adm,20000.0,1
2025,12,211205,deslig,3000.0,3
2025,12,211205,deslig,3500.0,3
2025,12,211205,deslig,4000.0,1
2025,12,211205,deslig,4500.0,2
2025,12,211205,deslig,5000.0,1
2025,12,211205,deslig,5500.0,1
2025,12,211205,deslig,6000.0,1
2025,12,211205,deslig,6500.0,1
2025,12,211205,deslig,7000.0,3
2025,12,211205,deslig,7500.0,1
2025,12,211205,deslig,8000.0,2
2025,12,211205,deslig,9000.0,2
2025,12,211205,deslig,10000.0,3
2025,12,211205,deslig,10500.0,1
2025,12,211205,deslig,11000.0,1
2025,12,211205,deslig,12000.0,1
2025,12,211205,deslig,12500.0,1
2025,12,211205,deslig,13000.0,2
2025,12,211205,deslig,13500.0,1
2025,12,211205,deslig,14000.0,1
2025,12,211205,deslig,22500.0,1
2025,12,211210,adm,2500.0,1
2025,12,211210,adm,3500.0,1
2025,12,211210,adm,5000.0,1
2025,12,211210,adm,9500.0,1
2025,12,211210,adm,12500.0,1
2025,12,211210,adm,13000.0,1
2025,12,211210,adm,15500.0,1
2025,12,211210,adm,17000.0,1
2025,12,211210,adm,20000.0,1
2025,12,211210,adm,27000.0,1
2025,12,211210,deslig,3500.0,1
2025,12,211210,deslig,5500.0,1
2025,12,211210,deslig,6500.0,1
2025,12,211210,deslig,7000.0,1
2025,12,211210,deslig,7500.0,1
2025,12,211210,deslig,9000.0,1
2025,12,211210,deslig,15000.0,1
2025,12,211215,deslig,12500.0,1
2025,12,211220,adm,1500.0,1
2025,12,211220,adm,4000.0,2
2025,12,211220,adm,4500.0,2
2025,12,211220,adm,6000.0,1
2025,12,211220,adm,6500.0,1
2025,12,211220,adm,9000.0,3
2025,12,211220,adm,9500.0,2
2025,12,211220,adm,10000.0,1
2025,12,211220,adm,12000.0,1
2025,12,211220,adm,12500.0,1
2025,12,211220,adm,13000.0,1
2025,12,211220,adm,14000.0,3
2025,12,211220,adm,14500.0,1
2025,12,211220,adm,15000.0,1
2025,12,211220,adm,15500.0,1
2025,12,211220,adm,16000.0,2
2025,12,211220,adm,16500.0,1
2025,12,211220,adm,17000.0,2
2025,12,211220,adm,18000.0,2
2025,12,211220,adm,18500.0,1
2025,12,211220,adm,19000.0,1
2025,12,211220,adm,20000.0,1
2025,12,211220,adm,21000.0,1
2025,12,211220,adm,22000.0,1
2025,12,211220,adm,24000.0,1
2025,12,211220,adm,25000.0,1
2025,12,211220,adm,27000.0,1
2025,12,211220,deslig,1500.0,1
2025,12,211220,deslig,3000.0,1
2025,12,211220,deslig,4000.0,1
2025,12,211220,deslig,5000.0,1
2025,12,211220,deslig,6000.0,1
2025,12,211220,deslig,7000.0,1
2025,12,211220,deslig,7500.0,1
2025,12,211220,deslig,9500.0,1
2025,12,211220,deslig,10000.0,2
2025,12,211220,deslig,10500.0,1
2025,12,211220,deslig,11000.0,3
2025,12,211220,deslig,13000.0,1
2025,12,211220,deslig,13500.0,1
2025,12,211220,deslig,14000.0,1
2025,12,211220,deslig,14500.0,1
2025,12,211220,deslig,15000.0,1
2025,12,211220,deslig,17500.0,1
2025,12,211220,deslig,20500.0,1
2025,12,211220,deslig,22000.0,1
2025,12,211220,deslig,25000.0,1
2025,12,211220,deslig,27000.0,1
2025,12,211220,deslig,38000.0,1
2025,12,211220,deslig,42000.0,1
2025,12,212205,adm,2000.0,2
2025,12,212205,adm,2500.0,1
2025,12,212205,adm,3000.0,1
2025,12,212205,adm,3500.0,1
2025,12,212205,adm,4000.0,16
2025,12,212205,adm,5000.0,2
2025,12,212205,adm,5500.0,1
2025,12,212205,adm,6000.0,1
2025,12,212205,adm,6500.0,1
2025,12,212205,adm,7000.0,2
2025,12,212205,adm,7500.0,2
2025,12,212205,adm,8000.0,21
2025,12,212205,adm,8500.0,2
2025,12,212205,adm,9000.0,3
2025,12,212205,adm,9500.0,2
2025,12,212205,adm,10000.0,8
2025,12,212205,adm,10500.0,5
2025,12,212205,adm,11000.0,7
2025,12,212205,adm,11500.0,2
2025,12,212205,adm,12000.0,4
2025,12,212205,adm,12500.0,5
2025,12,212205,adm,13000.0,4
2025,12,212205,adm,13500.0,2
2025,12,212205,adm,14000.0,9
2025,12,212205,adm,14500.0,2
2025,12,212205,adm,15000.0,15
2025,12,212205,adm,15500.0,1
2025,12,212205,adm,16000.0,7
2025,12,212205,adm,16500.0,1
2025,12,212205,adm,17500.0,1
2025,12,212205,adm,18000.0,2
2025,12,212205,adm,18500.0,1
2025,12,212205,adm,19000.0,2
2025,12,212205,adm,20000.0,3
2025,12,212205,adm,20500.0,2
2025,12,212205,adm,21000.0,1
2025,12,212205,adm,21500.0,3
2025,12,212205,adm,22000.0,3
2025,12,212205,adm,22500.0,1
2025,12,212205,adm,23000.0,1
2025,12,212205,adm,23500.0,1
2025,12,212205,adm,24000.0,2
2025,12,212205,adm,25000.0,1
2025,12,212205,adm,26000.0,3
2025,12,212205,adm,26500.0,1
2025,12,212205,adm,27000.0,1
2025,12,212205,adm,27500.0,1
2025,12,212205,adm,29000.0,2
2025,12,212205,adm,29500.0,2
2025,12,212205,adm,30500.0,1
2025,12,212205,adm,32000.0,1
2025,12,212205,adm,34000.0,1
2025,12,212205,adm,34500.0,1
2025,12,212205,adm,35000.0,1
2025,12,212205,adm,35500.0,1
2025,12,212205,adm,40000.0,2
2025,12,212205,adm,44000.0,1
2025,12,212205,adm,50000.0,3
2025,12,212205,deslig,2000.0,3
2025,12,212205,deslig,2500.0,1
2025,12,212205,deslig,3000.0,3
2025,12,212205,deslig,3500.0,1
2025,12,212205,deslig,4000.0,2
2025,12,212205,deslig,5000.0,3
2025,12,212205,deslig,5500.0,5
2025,12,212205,deslig,6000.0,2
2025,12,212205,deslig,6500.0,1
2025,12,212205,deslig,7000.0,3
2025,12,212205,deslig,7500.0,3
2025,12,212205,deslig,8000.0,6
2025,12,212205,deslig,8500.0,2
2025,12,212205,deslig,9000.0,1
2025,12,212205,deslig,9500.0,3
2025,12,212205,deslig,10000.0,6
2025,12,212205,deslig,10500.0,1
2025,12,212205,deslig,11000.0,2
2025,12,212205,deslig,11500.0,2
2025,12,212205,deslig,12000.0,4
2025,12,212205,deslig,12500.0,6
2025,12,212205,deslig,13000.0,2
2025,12,212205,deslig,13500.0,6
2025,12,212205,deslig,14000.0,2
2025,12,212205,deslig,14500.0,6
2025,12,212205,deslig,15000.0,5
2025,12,212205,deslig,15500.0,4
2025,12,212205,deslig,16000.0,1
2025,12,212205,deslig,16500.0,2
2025,12,212205,deslig,17500.0,5
2025,12,212205,deslig,18000.0,3
2025,12,212205,deslig,19000.0,1
2025,12,212205,deslig,20000.0,2
2025,12,212205,deslig,20500.0,1
2025,12,212205,deslig,21000.0,2
2025,12,212205,deslig,21500.0,1
2025,12,212205,deslig,22000.0,2
2025,12,212205,deslig,23000.0,1
2025,12,212205,deslig,23500.0,2
2025,12,212205,deslig,24500.0,2
2025,12,212205,deslig,25000.0,1
2025,12,212205,deslig,27000.0,3
2025,12,212205,deslig,30500.0,1
2025,12,212205,deslig,31500.0,1
2025,12,212205,deslig,32000.0,1
2025,12,212205,deslig,32500.0,1
2025,12,212205,deslig,34000.0,1
2025,12,212205,deslig,36500.0,1
2025,12,212205,deslig,38500.0,1
2025,12,212205,deslig,45000.0,1
2025,12,212205,deslig,50000.0,2
2025,12,212210,adm,12000.0,1
2025,12,212210,adm,38000.0,1
2025,12,212210,adm,43000.0,1
2025,12,212210,deslig,6500.0,1
2025,12,212210,deslig,7000.0,1
2025,12,212210,deslig,10000.0,1
2025,12,212210,deslig,10500.0,1
2025,12,212210,deslig,11000.0,1
2025,12,212210,deslig,12500.0,1
2025,12,212210,deslig,13000.0,2
2025,12,212210,deslig,13500.0,1
2025,12,212210,deslig,14500.0,1
2025,12,212210,deslig,19500.0,1
2025,12,212210,deslig,20000.0,1
2025,12,212210,deslig,22000.0,1
2025,12,212210,deslig,25000.0,1
2025,12,212210,deslig,37500.0,1
2025,12,212215,adm,2000.0,3
2025,12,212215,adm,3500.0,1
2025,12,212215,adm,4000.0,2
2025,12,212215,adm,4500.0,1
2025,12,212215,adm,5000.0,1
2025,12,212215,adm,5500.0,2
2025,12,212215,adm,6000.0,7
2025,12,212215,adm,6500.0,1
2025,12,212215,adm,7000.0,9
2025,12,212215,adm,7500.0,6
2025,12,212215,adm,8000.0,9
2025,12,212215,adm,9000.0,13
2025,12,212215,adm,9500.0,2
2025,12,212215,adm,10000.0,4
2025,12,212215,adm,10500.0,1
2025,12,212215,adm,11000.0,2
2025,12,212215,adm,11500.0,1
2025,12,212215,adm,12000.0,7
2025,12,212215,adm,12500.0,2
2025,12,212215,adm,13500.0,5
2025,12,212215,adm,14000.0,5
2025,12,212215,adm,14500.0,5
2025,12,212215,adm,15000.0,3
2025,12,212215,adm,15500.0,3
2025,12,212215,adm,16000.0,2
2025,12,212215,adm,16500.0,1
2025,12,212215,adm,17000.0,4
2025,12,212215,adm,17500.0,2
2025,12,212215,adm,18000.0,2
2025,12,212215,adm,19000.0,2
2025,12,212215,adm,19500.0,1
2025,12,212215,adm,20000.0,1
2025,12,212215,adm,20500.0,2
2025,12,212215,adm,21000.0,1
2025,12,212215,adm,22000.0,1
2025,12,212215,adm,23000.0,2
2025,12,212215,adm,23500.0,1
2025,12,212215,adm,24000.0,2
2025,12,212215,adm,27000.0,2
2025,12,212215,adm,28500.0,1
2025,12,212215,adm,30000.0,2
2025,12,212215,adm,32000.0,1
2025,12,212215,adm,35000.0,2
2025,12,212215,adm,36500.0,4
2025,12,212215,adm,37500.0,1
2025,12,212215,adm,38000.0,1
2025,12,212215,adm,38500.0,2
2025,12,212215,adm,40500.0,1
2025,12,212215,adm,41000.0,2
2025,12,212215,adm,42000.0,2
2025,12,212215,adm,44000.0,1
2025,12,212215,adm,46000.0,2
2025,12,212215,adm,50000.0,3
2025,12,212215,deslig,2000.0,3
2025,12,212215,deslig,2500.0,1
2025,12,212215,deslig,3000.0,1
2025,12,212215,deslig,4000.0,2
2025,12,212215,deslig,4500.0,3
2025,12,212215,deslig,5000.0,2
2025,12,212215,deslig,5500.0,1
2025,12,212215,deslig,6000.0,1
2025,12,212215,deslig,6500.0,1
2025,12,212215,deslig,7000.0,5
2025,12,212215,deslig,7500.0,3
2025,12,212215,deslig,8000.0,5
2025,12,212215,deslig,8500.0,6
2025,12,212215,deslig,9000.0,3
2025,12,212215,deslig,9500.0,4
2025,12,212215,deslig,10000.0,5
2025,12,212215,deslig,10500.0,3
2025,12,212215,deslig,11000.0,2
2025,12,212215,deslig,11500.0,4
2025,12,212215,deslig,12000.0,4
2025,12,212215,deslig,13000.0,2
2025,12,212215,deslig,13500.0,2
2025,12,212215,deslig,14000.0,4
2025,12,212215,deslig,14500.0,2
2025,12,212215,deslig,15000.0,5
2025,12,212215,deslig,15500.0,3
2025,12,212215,deslig,16000.0,1
2025,12,212215,deslig,16500.0,3
2025,12,212215,deslig,17000.0,3
2025,12,212215,deslig,17500.0,3
2025,12,212215,deslig,18000.0,3
2025,12,212215,deslig,18500.0,2
2025,12,212215,deslig,19000.0,1
2025,12,212215,deslig,19500.0,4
2025,12,212215,deslig,20500.0,2
2025,12,212215,deslig,21000.0,2
2025,12,212215,deslig,22500.0,1
2025,12,212215,deslig,23000.0,2
2025,12,212215,deslig,25000.0,2
2025,12,212215,deslig,26000.0,1
2025,12,212215,deslig,29000.0,3
2025,12,212215,deslig,31000.0,1
2025,12,212215,deslig,32000.0,1
2025,12,212215,deslig,36000.0,1
2025,12,212215,deslig,39000.0,1
2025,12,212215,deslig,50000.0,5
2025,12,212305,adm,1500.0,3
2025,12,212305,adm,2000.0,1
2025,12,212305,adm,3000.0,1
2025,12,212305,adm,3500.0,2
2025,12,212305,adm,4000.0,3
2025,12,212305,adm,4500.0,7
2025,12,212305,adm,5000.0,4
2025,12,212305,adm,5500.0,4
2025,12,212305,adm,6000.0,6
2025,12,212305,adm,6500.0,5
2025,12,212305,adm,7000.0,6
2025,12,212305,adm,7500.0,2
2025,12,212305,adm,8000.0,7
2025,12,212305,adm,8500.0,6
2025,12,212305,adm,9000.0,5
2025,12,212305,adm,9500.0,4
2025,12,212305,adm,10000.0,7
2025,12,212305,adm,10500.0,2
2025,12,212305,adm,11000.0,10
2025,12,212305,adm,12000.0,13
2025,12,212305,adm,12500.0,8
2025,12,212305,adm,13000.0,5
2025,12,212305,adm,13500.0,3
2025,12,212305,adm,14000.0,1
2025,12,212305,adm,14500.0,2
2025,12,212305,adm,15000.0,5
2025,12,212305,adm,15500.0,1
2025,12,212305,adm,17000.0,1
2025,12,212305,adm,17500.0,1
2025,12,212305,adm,18000.0,1
2025,12,212305,adm,18500.0,1
2025,12,212305,adm,19500.0,1
2025,12,212305,adm,26000.0,1
2025,12,212305,adm,26500.0,1
2025,12,212305,adm,33000.0,1
2025,12,212305,adm,38000.0,2
2025,12,212305,adm,42500.0,1
2025,12,212305,adm,45000.0,1
2025,12,212305,deslig,1500.0,1
2025,12,212305,deslig,2000.0,2
2025,12,212305,deslig,2500.0,1
2025,12,212305,deslig,3000.0,4
2025,12,212305,deslig,3500.0,1
2025,12,212305,deslig,4000.0,2
2025,12,212305,deslig,4500.0,8
2025,12,212305,deslig,5000.0,5
2025,12,212305,deslig,5500.0,3
2025,12,212305,deslig,6000.0,6
2025,12,212305,deslig,6500.0,3
2025,12,212305,deslig,7000.0,6
2025,12,212305,deslig,7500.0,3
2025,12,212305,deslig,8000.0,4
2025,12,212305,deslig,8500.0,4
2025,12,212305,deslig,9000.0,5
2025,12,212305,deslig,9500.0,5
2025,12,212305,deslig,10000.0,5
2025,12,212305,deslig,10500.0,1
2025,12,212305,deslig,11000.0,1
2025,12,212305,deslig,11500.0,4
2025,12,212305,deslig,12000.0,6
2025,12,212305,deslig,12500.0,4
2025,12,212305,deslig,13000.0,1
2025,12,212305,deslig,13500.0,5
2025,12,212305,deslig,14000.0,2
2025,12,212305,deslig,14500.0,2
2025,12,212305,deslig,15000.0,1
2025,12,212305,deslig,15500.0,3
2025,12,212305,deslig,16000.0,1
2025,12,212305,deslig,17000.0,1
2025,12,212305,deslig,17500.0,1
2025,12,212305,deslig,20500.0,2
2025,12,212305,deslig,24500.0,1
2025,12,212305,deslig,31000.0,1
2025,12,212305,deslig,44500.0,1
2025,12,212405,adm,0.0,1
2025,12,212405,adm,1500.0,19
2025,12,212405,adm,2000.0,106
2025,12,212405,adm,2500.0,99
2025,12,212405,adm,3000.0,122
2025,12,212405,adm,3500.0,94
2025,12,212405,adm,4000.0,95
2025,12,212405,adm,4500.0,97
2025,12,212405,adm,5000.0,83
2025,12,212405,adm,5500.0,67
2025,12,212405,adm,6000.0,84
2025,12,212405,adm,6500.0,75
2025,12,212405,adm,7000.0,101
2025,12,212405,adm,7500.0,96
2025,12,212405,adm,8000.0,122
2025,12,212405,adm,8500.0,64
2025,12,212405,adm,9000.0,100
2025,12,212405,adm,9500.0,41
2025,12,212405,adm,10000.0,95
2025,12,212405,adm,10500.0,71
2025,12,212405,adm,11000.0,91
2025,12,212405,adm,11500.0,74
2025,12,212405,adm,12000.0,88
2025,12,212405,adm,12500.0,65
2025,12,212405,adm,13000.0,39
2025,12,212405,adm,13500.0,33
2025,12,212405,adm,14000.0,52
2025,12,212405,adm,14500.0,19
2025,12,212405,adm,15000.0,69
2025,12,212405,adm,15500.0,16
2025,12,212405,adm,16000.0,35
2025,12,212405,adm,16500.0,15
2025,12,212405,adm,17000.0,30
2025,12,212405,adm,17500.0,13
2025,12,212405,adm,18000.0,32
2025,12,212405,adm,18500.0,6
2025,12,212405,adm,19000.0,16
2025,12,212405,adm,19500.0,11
2025,12,212405,adm,20000.0,20
2025,12,212405,adm,20500.0,2
2025,12,212405,adm,21000.0,3
2025,12,212405,adm,21500.0,7
2025,12,212405,adm,22000.0,9
2025,12,212405,adm,22500.0,4
2025,12,212405,adm,23000.0,6
2025,12,212405,adm,23500.0,2
2025,12,212405,adm,24000.0,5
2025,12,212405,adm,24500.0,2
2025,12,212405,adm,25000.0,4
2025,12,212405,adm,25500.0,1
2025,12,212405,adm,26000.0,1
2025,12,212405,adm,26500.0,1
2025,12,212405,adm,27000.0,3
2025,12,212405,adm,30000.0,2
2025,12,212405,adm,33000.0,1
2025,12,212405,adm,43000.0,1
2025,12,212405,adm,45500.0,1
2025,12,212405,adm,47000.0,1
2025,12,212405,deslig,0.0,1
2025,12,212405,deslig,1500.0,17
2025,12,212405,deslig,2000.0,95
2025,12,212405,deslig,2500.0,76
2025,12,212405,deslig,3000.0,121
2025,12,212405,deslig,3500.0,86
2025,12,212405,deslig,4000.0,92
2025,12,212405,deslig,4500.0,89
2025,12,212405,deslig,5000.0,104
2025,12,212405,deslig,5500.0,94
2025,12,212405,deslig,6000.0,124
2025,12,212405,deslig,6500.0,71
2025,12,212405,deslig,7000.0,107
2025,12,212405,deslig,7500.0,86
2025,12,212405,deslig,8000.0,100
2025,12,212405,deslig,8500.0,83
2025,12,212405,deslig,9000.0,83
2025,12,212405,deslig,9500.0,54
2025,12,212405,deslig,10000.0,91
2025,12,212405,deslig,10500.0,70
2025,12,212405,deslig,11000.0,81
2025,12,212405,deslig,11500.0,49
2025,12,212405,deslig,12000.0,99
2025,12,212405,deslig,12500.0,37
2025,12,212405,deslig,13000.0,60
2025,12,212405,deslig,13500.0,33
2025,12,212405,deslig,14000.0,40
2025,12,212405,deslig,14500.0,27
2025,12,212405,deslig,15000.0,52
2025,12,212405,deslig,15500.0,21
2025,12,212405,deslig,16000.0,29
2025,12,212405,deslig,16500.0,22
2025,12,212405,deslig,17000.0,22
2025,12,212405,deslig,17500.0,19
2025,12,212405,deslig,18000.0,12
2025,12,212405,deslig,18500.0,9
2025,12,212405,deslig,19000.0,18
2025,12,212405,deslig,19500.0,10
2025,12,212405,deslig,20000.0,17
2025,12,212405,deslig,20500.0,10
2025,12,212405,deslig,21000.0,13
2025,12,212405,deslig,21500.0,4
2025,12,212405,deslig,22000.0,11
2025,12,212405,deslig,22500.0,3
2025,12,212405,deslig,23000.0,2
2025,12,212405,deslig,23500.0,3
2025,12,212405,deslig,24000.0,2
2025,12,212405,deslig,24500.0,1
2025,12,212405,deslig,25000.0,1
2025,12,212405,deslig,25500.0,3
2025,12,212405,deslig,26000.0,4
2025,12,212405,deslig,27000.0,1
2025,12,212405,deslig,28000.0,1
2025,12,212405,deslig,28500.0,2
2025,12,212405,deslig,29000.0,1
2025,12,212405,deslig,30000.0,3
2025,12,212405,deslig,33000.0,1
2025,12,212405,deslig,33500.0,1
2025,12,212405,deslig,35000.0,1
2025,12,212405,deslig,43500.0,1
2025,12,212410,adm,0.0,1
2025,12,212410,adm,1500.0,6
2025,12,212410,adm,2000.0,32
2025,12,212410,adm,2500.0,21
2025,12,212410,adm,3000.0,28
2025,12,212410,adm,3500.0,36
2025,12,212410,adm,4000.0,23
2025,12,212410,adm,4500.0,15
2025,12,212410,adm,5000.0,18
2025,12,212410,adm,5500.0,16
2025,12,212410,adm,6000.0,7
2025,12,212410,adm,6500.0,9
2025,12,212410,adm,7000.0,8
2025,12,212410,adm,7500.0,10
2025,12,212410,adm,8000.0,11
2025,12,212410,adm,8500.0,6
2025,12,212410,adm,9000.0,9
2025,12,212410,adm,9500.0,6
2025,12,212410,adm,10000.0,6
2025,12,212410,adm,10500.0,7
2025,12,212410,adm,11000.0,8
2025,12,212410,adm,11500.0,5
2025,12,212410,adm,12000.0,6
2025,12,212410,adm,12500.0,6
2025,12,212410,adm,13000.0,2
2025,12,212410,adm,13500.0,4
2025,12,212410,adm,14000.0,3
2025,12,212410,adm,15000.0,4
2025,12,212410,adm,15500.0,3
2025,12,212410,adm,16000.0,2
2025,12,212410,adm,17000.0,4
2025,12,212410,adm,17500.0,4
2025,12,212410,adm,18000.0,2
2025,12,212410,adm,18500.0,4
2025,12,212410,adm,19000.0,2
2025,12,212410,adm,19500.0,1
2025,12,212410,adm,20000.0,3
2025,12,212410,adm,22000.0,1
2025,12,212410,adm,23000.0,2
2025,12,212410,adm,24000.0,1
2025,12,212410,adm,25000.0,1
2025,12,212410,adm,29500.0,1
2025,12,212410,deslig,1500.0,11
2025,12,212410,deslig,2000.0,41
2025,12,212410,deslig,2500.0,26
2025,12,212410,deslig,3000.0,32
2025,12,212410,deslig,3500.0,30
2025,12,212410,deslig,4000.0,29
2025,12,212410,deslig,4500.0,17
2025,12,212410,deslig,5000.0,25
2025,12,212410,deslig,5500.0,15
2025,12,212410,deslig,6000.0,11
2025,12,212410,deslig,6500.0,15
2025,12,212410,deslig,7000.0,11
2025,12,212410,deslig,7500.0,8
2025,12,212410,deslig,8000.0,10
2025,12,212410,deslig,8500.0,8
2025,12,212410,deslig,9000.0,7
2025,12,212410,deslig,9500.0,4
2025,12,212410,deslig,10000.0,2
2025,12,212410,deslig,10500.0,6
2025,12,212410,deslig,11000.0,10
2025,12,212410,deslig,11500.0,4
2025,12,212410,deslig,12000.0,6
2025,12,212410,deslig,12500.0,3
2025,12,212410,deslig,13000.0,6
2025,12,212410,deslig,13500.0,6
2025,12,212410,deslig,14000.0,3
2025,12,212410,deslig,14500.0,5
2025,12,212410,deslig,15000.0,3
2025,12,212410,deslig,15500.0,2
2025,12,212410,deslig,16000.0,4
2025,12,212410,deslig,16500.0,1
2025,12,212410,deslig,17000.0,2
2025,12,212410,deslig,17500.0,1
2025,12,212410,deslig,18000.0,2
2025,12,212410,deslig,19000.0,1
2025,12,212410,deslig,20000.0,2
2025,12,212410,deslig,23500.0,1
2025,12,212410,deslig,26000.0,1
2025,12,212410,deslig,26500.0,1
2025,12,212410,deslig,32500.0,1
2025,12,212410,deslig,50000.0,1
2025,12,212425,adm,2000.0,1
2025,12,212425,adm,3500.0,1
2025,12,212425,adm,6000.0,1
2025,12,212425,adm,7000.0,1
2025,12,212425,adm,8500.0,1
2025,12,212425,adm,9500.0,1
2025,12,212425,adm,10000.0,2
2025,12,212425,adm,11000.0,4
2025,12,212425,adm,12000.0,3
2025,12,212425,adm,12500.0,3
2025,12,212425,adm,13000.0,1
2025,12,212425,adm,14000.0,1
2025,12,212425,adm,14500.0,1
2025,12,212425,adm,16000.0,3
2025,12,212425,adm,17000.0,2
2025,12,212425,adm,17500.0,3
2025,12,212425,adm,18000.0,4
2025,12,212425,adm,18500.0,1
2025,12,212425,adm,19000.0,2
2025,12,212425,adm,20000.0,2
2025,12,212425,adm,20500.0,1
2025,12,212425,adm,21000.0,1
2025,12,212425,adm,21500.0,1
2025,12,212425,adm,23000.0,1
2025,12,212425,adm,24000.0,1
2025,12,212425,adm,24500.0,1
2025,12,212425,adm,25000.0,2
2025,12,212425,adm,26000.0,2
2025,12,212425,adm,29500.0,1
2025,12,212425,adm,30000.0,1
2025,12,212425,adm,35000.0,3
2025,12,212425,adm,44000.0,1
2025,12,212425,adm,44500.0,1
2025,12,212425,deslig,3500.0,3
2025,12,212425,deslig,4500.0,2
2025,12,212425,deslig,5000.0,1
2025,12,212425,deslig,5500.0,1
2025,12,212425,deslig,6500.0,2
2025,12,212425,deslig,8500.0,2
2025,12,212425,deslig,9000.0,3
2025,12,212425,deslig,9500.0,1
2025,12,212425,deslig,10000.0,1
2025,12,212425,deslig,10500.0,2
2025,12,212425,deslig,11000.0,2
2025,12,212425,deslig,11500.0,5
2025,12,212425,deslig,12000.0,2
2025,12,212425,deslig,12500.0,1
2025,12,212425,deslig,13500.0,3
2025,12,212425,deslig,14500.0,3
2025,12,212425,deslig,15000.0,4
2025,12,212425,deslig,15500.0,3
2025,12,212425,deslig,16000.0,3
2025,12,212425,deslig,16500.0,2
2025,12,212425,deslig,17000.0,3
2025,12,212425,deslig,17500.0,2
2025,12,212425,deslig,18000.0,1
2025,12,212425,deslig,18500.0,1
2025,12,212425,deslig,19000.0,2
2025,12,212425,deslig,19500.0,4
2025,12,212425,deslig,20000.0,2
2025,12,212425,deslig,20500.0,3
2025,12,212425,deslig,21000.0,2
2025,12,212425,deslig,21500.0,1
2025,12,212425,deslig,22000.0,2
2025,12,212425,deslig,23500.0,1
2025,12,212425,deslig,26000.0,1
2025,12,212425,deslig,30000.0,1
2025,12,212425,deslig,31000.0,1
2025,12,212425,deslig,32000.0,1
2025,12,212425,deslig,36500.0,1
2026,1,203105,adm,4000.0,3
2026,1,203105,adm,5000.0,4
2026,1,203105,adm,5500.0,1
2026,1,203105,adm,6500.0,1
2026,1,203105,adm,7500.0,2
2026,1,203105,adm,8500.0,1
2026,1,203105,adm,9500.0,1
2026,1,203105,adm,10000.0,1
2026,1,203105,adm,10500.0,1
2026,1,203105,adm,11000.0,3
2026,1,203105,adm,11500.0,3
2026,1,203105,adm,12000.0,3
2026,1,203105,adm,12500.0,1
2026,1,203105,adm,13000.0,3
2026,1,203105,adm,14000.0,1
2026,1,203105,adm,15000.0,1
2026,1,203105,adm,17000.0,3
2026,1,203105,adm,18000.0,2
2026,1,203105,adm,22500.0,1
2026,1,203105,adm,25000.0,1
2026,1,203105,adm,27000.0,1
2026,1,203105,adm,32000.0,1
2026,1,203105,deslig,2500.0,1
2026,1,203105,deslig,4000.0,1
2026,1,203105,deslig,5000.0,1
2026,1,203105,deslig,6000.0,1
2026,1,203105,deslig,7000.0,1
2026,1,203105,deslig,7500.0,3
2026,1,203105,deslig,8000.0,3
2026,1,203105,deslig,9000.0,4
2026,1,203105,deslig,9500.0,1
2026,1,203105,deslig,10000.0,1
2026,1,203105,deslig,10500.0,2
2026,1,203105,deslig,11500.0,1
2026,1,203105,deslig,12000.0,2
2026,1,203105,deslig,12500.0,1
2026,1,203105,deslig,14000.0,1
2026,1,203105,deslig,14500.0,1
2026,1,203105,deslig,15000.0,3
2026,1,203105,deslig,16500.0,1
2026,1,203105,deslig,17000.0,1
2026,1,203105,deslig,18500.0,1
2026,1,203105,deslig,29500.0,1
2026,1,203105,deslig,36500.0,1
2026,1,211205,adm,4500.0,4
2026,1,211205,adm,5000.0,6
2026,1,211205,adm,5500.0,1
2026,1,211205,adm,6000.0,1
2026,1,211205,adm,6500.0,4
2026,1,211205,adm,7000.0,4
2026,1,211205,adm,7500.0,1
2026,1,211205,adm,8000.0,4
2026,1,211205,adm,8500.0,1
2026,1,211205,adm,9000.0,2
2026,1,211205,adm,9500.0,2
2026,1,211205,adm,10500.0,1
2026,1,211205,adm,11000.0,1
2026,1,211205,adm,11500.0,2
2026,1,211205,adm,12000.0,1
2026,1,211205,adm,12500.0,1
2026,1,211205,adm,13000.0,1
2026,1,211205,adm,13500.0,1
2026,1,211205,adm,15000.0,2
2026,1,211205,adm,16000.0,1
2026,1,211205,adm,17000.0,1
2026,1,211205,adm,17500.0,1
2026,1,211205,adm,18500.0,1
2026,1,211205,adm,20500.0,1
2026,1,211205,adm,24000.0,1
2026,1,211205,deslig,2500.0,1
2026,1,211205,deslig,3000.0,1
2026,1,211205,deslig,3500.0,1
2026,1,211205,deslig,4500.0,1
2026,1,211205,deslig,5000.0,3
2026,1,211205,deslig,5500.0,2
2026,1,211205,deslig,6000.0,3
2026,1,211205,deslig,6500.0,2
2026,1,211205,deslig,7000.0,4
2026,1,211205,deslig,8000.0,2
2026,1,211205,deslig,8500.0,1
2026,1,211205,deslig,10000.0,2
2026,1,211205,deslig,11000.0,1
2026,1,211205,deslig,11500.0,1
2026,1,211205,deslig,12000.0,2
2026,1,211205,deslig,16000.0,2
2026,1,211205,deslig,18000.0,1
2026,1,211205,deslig,20500.0,1
2026,1,211210,adm,4500.0,1
2026,1,211210,adm,7000.0,1
2026,1,211210,adm,7500.0,3
2026,1,211210,deslig,3500.0,2
2026,1,211210,deslig,9000.0,1
2026,1,211210,deslig,10500.0,1
2026,1,211215,adm,12000.0,1
2026,1,211215,deslig,4500.0,1
2026,1,211220,adm,2500.0,2
2026,1,211220,adm,3000.0,1
2026,1,211220,adm,3500.0,3
2026,1,211220,adm,4000.0,4
2026,1,211220,adm,4500.0,3
2026,1,211220,adm,5000.0,3
2026,1,211220,adm,6000.0,3
2026,1,211220,adm,6500.0,2
2026,1,211220,adm,7000.0,1
2026,1,211220,adm,8000.0,2
2026,1,211220,adm,8500.0,2
2026,1,211220,adm,9000.0,1
2026,1,211220,adm,9500.0,1
2026,1,211220,adm,10000.0,1
2026,1,211220,adm,10500.0,2
2026,1,211220,adm,11000.0,1
2026,1,211220,adm,12000.0,4
2026,1,211220,adm,13000.0,2
2026,1,211220,adm,13500.0,1
2026,1,211220,adm,14000.0,2
2026,1,211220,adm,14500.0,1
2026,1,211220,adm,15000.0,3
2026,1,211220,adm,20000.0,1
2026,1,211220,adm,20500.0,1
2026,1,211220,adm,22000.0,1
2026,1,211220,adm,25000.0,1
2026,1,211220,adm,26500.0,1
2026,1,211220,adm,29500.0,1
2026,1,211220,adm,33000.0,1
2026,1,211220,deslig,2000.0,1
2026,1,211220,deslig,3500.0,2
2026,1,211220,deslig,4500.0,1
2026,1,211220,deslig,5500.0,1
2026,1,211220,deslig,6000.0,2
2026,1,211220,deslig,7000.0,1
2026,1,211220,deslig,8000.0,1
2026,1,211220,deslig,8500.0,4
2026,1,211220,deslig,9000.0,1
2026,1,211220,deslig,9500.0,3
2026,1,211220,deslig,10500.0,1
2026,1,211220,deslig,11000.0,1
2026,1,211220,deslig,11500.0,1
2026,1,211220,deslig,12000.0,2
2026,1,211220,deslig,13000.0,4
2026,1,211220,deslig,14000.0,1
2026,1,211220,deslig,14500.0,1
2026,1,211220,deslig,16000.0,1
2026,1,211220,deslig,16500.0,1
2026,1,211220,deslig,18000.0,1
2026,1,211220,deslig,18500.0,1
2026,1,211220,deslig,26000.0,1
2026,1,211220,deslig,28500.0,1
2026,1,211220,deslig,29000.0,1
2026,1,211220,deslig,41000.0,1
2026,1,212205,adm,0.0,1
2026,1,212205,adm,2500.0,2
2026,1,212205,adm,3500.0,4
2026,1,212205,adm,4000.0,3
2026,1,212205,adm,4500.0,5
2026,1,212205,adm,5000.0,2
2026,1,212205,adm,5500.0,6
2026,1,212205,adm,6000.0,4
2026,1,212205,adm,6500.0,6
2026,1,212205,adm,7000.0,3
2026,1,212205,adm,7500.0,4
2026,1,212205,adm,8000.0,17
2026,1,212205,adm,8500.0,3
2026,1,212205,adm,9000.0,2
2026,1,212205,adm,10000.0,2
2026,1,212205,adm,10500.0,3
2026,1,212205,adm,11000.0,1
2026,1,212205,adm,11500.0,3
2026,1,212205,adm,12000.0,7
2026,1,212205,adm,12500.0,2
2026,1,212205,adm,13000.0,1
2026,1,212205,adm,13500.0,1
2026,1,212205,adm,14000.0,7
2026,1,212205,adm,14500.0,5
2026,1,212205,adm,15000.0,4
2026,1,212205,adm,15500.0,2
2026,1,212205,adm,16000.0,4
2026,1,212205,adm,16500.0,1
2026,1,212205,adm,17000.0,2
2026,1,212205,adm,17500.0,1
2026,1,212205,adm,18000.0,3
2026,1,212205,adm,18500.0,1
2026,1,212205,adm,19000.0,3
2026,1,212205,adm,20000.0,4
2026,1,212205,adm,20500.0,1
2026,1,212205,adm,21000.0,1
2026,1,212205,adm,21500.0,1
2026,1,212205,adm,22000.0,7
2026,1,212205,adm,22500.0,3
2026,1,212205,adm,23000.0,1
2026,1,212205,adm,23500.0,2
2026,1,212205,adm,24000.0,3
2026,1,212205,adm,24500.0,1
2026,1,212205,adm,25000.0,1
2026,1,212205,adm,26500.0,5
2026,1,212205,adm,27000.0,1
2026,1,212205,adm,27500.0,1
2026,1,212205,adm,28000.0,1
2026,1,212205,adm,28500.0,1
2026,1,212205,adm,29000.0,1
2026,1,212205,adm,29500.0,1
2026,1,212205,adm,30000.0,2
2026,1,212205,adm,31000.0,1
2026,1,212205,adm,32000.0,1
2026,1,212205,adm,34000.0,1
2026,1,212205,adm,35500.0,1
2026,1,212205,adm,36500.0,2
2026,1,212205,adm,37000.0,1
2026,1,212205,adm,38000.0,1
2026,1,212205,adm,41500.0,1
2026,1,212205,adm,42000.0,1
2026,1,212205,adm,43500.0,1
2026,1,212205,adm,47000.0,1
2026,1,212205,adm,50000.0,4
2026,1,212205,deslig,0.0,4
2026,1,212205,deslig,2000.0,2
2026,1,212205,deslig,3000.0,2
2026,1,212205,deslig,3500.0,4
2026,1,212205,deslig,4000.0,11
2026,1,212205,deslig,4500.0,1
2026,1,212205,deslig,5000.0,2
2026,1,212205,deslig,5500.0,5
2026,1,212205,deslig,6000.0,3
2026,1,212205,deslig,6500.0,1
2026,1,212205,deslig,7000.0,7
2026,1,212205,deslig,7500.0,2
2026,1,212205,deslig,8000.0,9
2026,1,212205,deslig,8500.0,7
2026,1,212205,deslig,9500.0,4
2026,1,212205,deslig,10000.0,3
2026,1,212205,deslig,10500.0,6
2026,1,212205,deslig,11000.0,8
2026,1,212205,deslig,11500.0,7
2026,1,212205,deslig,12000.0,7
2026,1,212205,deslig,12500.0,4
2026,1,212205,deslig,13000.0,4
2026,1,212205,deslig,14000.0,9
2026,1,212205,deslig,14500.0,3
2026,1,212205,deslig,15000.0,3
2026,1,212205,deslig,15500.0,4
2026,1,212205,deslig,16000.0,7
2026,1,212205,deslig,16500.0,5
2026,1,212205,deslig,17000.0,2
2026,1,212205,deslig,17500.0,2
2026,1,212205,deslig,18000.0,1
2026,1,212205,deslig,18500.0,5
2026,1,212205,deslig,19000.0,3
2026,1,212205,deslig,19500.0,1
2026,1,212205,deslig,20000.0,3
2026,1,212205,deslig,20500.0,2
2026,1,212205,deslig,21000.0,2
2026,1,212205,deslig,21500.0,1
2026,1,212205,deslig,22000.0,1
2026,1,212205,deslig,22500.0,1
2026,1,212205,deslig,23000.0,2
2026,1,212205,deslig,23500.0,4
2026,1,212205,deslig,24000.0,1
2026,1,212205,deslig,24500.0,1
2026,1,212205,deslig,25000.0,2
2026,1,212205,deslig,25500.0,1
2026,1,212205,deslig,26000.0,3
2026,1,212205,deslig,26500.0,2
2026,1,212205,deslig,27500.0,1
2026,1,212205,deslig,28000.0,1
2026,1,212205,deslig,29500.0,1
2026,1,212205,deslig,30500.0,1
2026,1,212205,deslig,31000.0,1
2026,1,212205,deslig,31500.0,1
2026,1,212205,deslig,34500.0,1
2026,1,212205,deslig,39000.0,1
2026,1,212205,deslig,40000.0,1
2026,1,212205,deslig,41000.0,1
2026,1,212205,deslig,47000.0,1
2026,1,212205,deslig,50000.0,6
2026,1,212210,adm,6000.0,2
2026,1,212210,adm,6500.0,2
2026,1,212210,adm,7000.0,1
2026,1,212210,adm,10000.0,1
2026,1,212210,adm,12500.0,1
2026,1,212210,adm,15000.0,1
2026,1,212210,adm,16000.0,3
2026,1,212210,adm,18000.0,1
2026,1,212210,adm,31000.0,1
2026,1,212210,adm,35500.0,1
2026,1,212210,adm,40500.0,1
2026,1,212210,deslig,5000.0,1
2026,1,212210,deslig,6000.0,1
2026,1,212210,deslig,9500.0,1
2026,1,212210,deslig,10000.0,1
2026,1,212210,deslig,11500.0,1
2026,1,212210,deslig,12000.0,1
2026,1,212210,deslig,18500.0,1
2026,1,212210,deslig,43500.0,1
2026,1,212210,deslig,44500.0,1
2026,1,212215,adm,2000.0,4
2026,1,212215,adm,2500.0,2
2026,1,212215,adm,3000.0,3
2026,1,212215,adm,3500.0,1
2026,1,212215,adm,4000.0,1
2026,1,212215,adm,4500.0,2
2026,1,212215,adm,5000.0,9
2026,1,212215,adm,6000.0,6
2026,1,212215,adm,6500.0,3
2026,1,212215,adm,7000.0,2
2026,1,212215,adm,7500.0,2
2026,1,212215,adm,8000.0,8
2026,1,212215,adm,8500.0,10
2026,1,212215,adm,9000.0,3
2026,1,212215,adm,9500.0,1
2026,1,212215,adm,10000.0,11
2026,1,212215,adm,11000.0,3
2026,1,212215,adm,11500.0,2
2026,1,212215,adm,12000.0,6
2026,1,212215,adm,12500.0,6
2026,1,212215,adm,13000.0,3
2026,1,212215,adm,13500.0,4
2026,1,212215,adm,14000.0,15
2026,1,212215,adm,14500.0,4
2026,1,212215,adm,15000.0,8
2026,1,212215,adm,15500.0,3
2026,1,212215,adm,16000.0,6
2026,1,212215,adm,16500.0,1
2026,1,212215,adm,17000.0,2
2026,1,212215,adm,17500.0,2
2026,1,212215,adm,18000.0,3
2026,1,212215,adm,19500.0,2
2026,1,212215,adm,20000.0,3
2026,1,212215,adm,20500.0,1
2026,1,212215,adm,21000.0,1
2026,1,212215,adm,22000.0,1
2026,1,212215,adm,22500.0,1
2026,1,212215,adm,23000.0,3
2026,1,212215,adm,24000.0,2
2026,1,212215,adm,24500.0,1
2026,1,212215,adm,25000.0,2
2026,1,212215,adm,26000.0,1
2026,1,212215,adm,28000.0,2
2026,1,212215,adm,28500.0,1
2026,1,212215,adm,29500.0,1
2026,1,212215,adm,30000.0,4
2026,1,212215,adm,32000.0,1
2026,1,212215,adm,34000.0,3
2026,1,212215,adm,35000.0,1
2026,1,212215,adm,38000.0,1
2026,1,212215,adm,39000.0,1
2026,1,212215,adm,40000.0,2
2026,1,212215,adm,41500.0,1
2026,1,212215,adm,44000.0,1
2026,1,212215,adm,45500.0,1
2026,1,212215,adm,46500.0,1
2026,1,212215,adm,50000.0,8
2026,1,212215,deslig,0.0,1
2026,1,212215,deslig,2000.0,3
2026,1,212215,deslig,3500.0,1
2026,1,212215,deslig,4000.0,2
2026,1,212215,deslig,4500.0,1
2026,1,212215,deslig,5000.0,5
2026,1,212215,deslig,5500.0,2
2026,1,212215,deslig,6000.0,7
2026,1,212215,deslig,6500.0,3
2026,1,212215,deslig,7000.0,5
2026,1,212215,deslig,7500.0,2
2026,1,212215,deslig,8000.0,4
2026,1,212215,deslig,8500.0,4
2026,1,212215,deslig,9000.0,7
2026,1,212215,deslig,9500.0,3
2026,1,212215,deslig,10000.0,5
2026,1,212215,deslig,10500.0,3
2026,1,212215,deslig,11000.0,7
2026,1,212215,deslig,11500.0,6
2026,1,212215,deslig,12000.0,4
2026,1,212215,deslig,12500.0,2
2026,1,212215,deslig,13000.0,4
2026,1,212215,deslig,13500.0,2
2026,1,212215,deslig,14000.0,5
2026,1,212215,deslig,14500.0,3
2026,1,212215,deslig,15000.0,6
2026,1,212215,deslig,15500.0,3
2026,1,212215,deslig,16000.0,3
2026,1,212215,deslig,16500.0,4
2026,1,212215,deslig,17000.0,9
2026,1,212215,deslig,17500.0,5
2026,1,212215,deslig,18000.0,1
2026,1,212215,deslig,18500.0,6
2026,1,212215,deslig,19000.0,5
2026,1,212215,deslig,19500.0,5
2026,1,212215,deslig,20000.0,6
2026,1,212215,deslig,20500.0,1
2026,1,212215,deslig,21000.0,1
2026,1,212215,deslig,22000.0,4
2026,1,212215,deslig,23500.0,2
2026,1,212215,deslig,24000.0,2
2026,1,212215,deslig,24500.0,2
2026,1,212215,deslig,25000.0,3
2026,1,212215,deslig,25500.0,3
2026,1,212215,deslig,26000.0,1
2026,1,212215,deslig,27000.0,1
2026,1,212215,deslig,27500.0,2
2026,1,212215,deslig,28000.0,1
2026,1,212215,deslig,29000.0,1
2026,1,212215,deslig,29500.0,1
2026,1,212215,deslig,30000.0,1
2026,1,212215,deslig,30500.0,1
2026,1,212215,deslig,31000.0,1
2026,1,212215,deslig,32000.0,1
2026,1,212215,deslig,33000.0,3
2026,1,212215,deslig,40000.0,1
2026,1,212215,deslig,42500.0,1
2026,1,212215,deslig,43000.0,1
2026,1,212215,deslig,50000.0,2
2026,1,212305,adm,2000.0,4
2026,1,212305,adm,2500.0,7
2026,1,212305,adm,3000.0,9
2026,1,212305,adm,3500.0,4
2026,1,212305,adm,4000.0,7
2026,1,212305,adm,4500.0,4
2026,1,212305,adm,5000.0,4
2026,1,212305,adm,5500.0,4
2026,1,212305,adm,6000.0,9
2026,1,212305,adm,6500.0,2
2026,1,212305,adm,7000.0,10
2026,1,212305,adm,7500.0,4
2026,1,212305,adm,8000.0,7
2026,1,212305,adm,8500.0,4
2026,1,212305,adm,9000.0,4
2026,1,212305,adm,9500.0,3
2026,1,212305,adm,10000.0,7
2026,1,212305,adm,10500.0,3
2026,1,212305,adm,11000.0,5
2026,1,212305,adm,11500.0,1
2026,1,212305,adm,12000.0,6
2026,1,212305,adm,12500.0,4
2026,1,212305,adm,13000.0,6
2026,1,212305,adm,13500.0,6
2026,1,212305,adm,14000.0,5
2026,1,212305,adm,14500.0,5
2026,1,212305,adm,15000.0,3
2026,1,212305,adm,15500.0,4
2026,1,212305,adm,16000.0,2
2026,1,212305,adm,17000.0,2
2026,1,212305,adm,17500.0,1
2026,1,212305,adm,18500.0,1
2026,1,212305,adm,19000.0,2
2026,1,212305,adm,21000.0,2
2026,1,212305,adm,21500.0,3
2026,1,212305,adm,22000.0,1
2026,1,212305,adm,25000.0,1
2026,1,212305,adm,33500.0,1
2026,1,212305,adm,37500.0,1
2026,1,212305,adm,40000.0,1
2026,1,212305,adm,43000.0,1
2026,1,212305,deslig,0.0,3
2026,1,212305,deslig,1500.0,2
2026,1,212305,deslig,2000.0,3
2026,1,212305,deslig,2500.0,5
2026,1,212305,deslig,3000.0,7
2026,1,212305,deslig,3500.0,7
2026,1,212305,deslig,4000.0,4
2026,1,212305,deslig,4500.0,3
2026,1,212305,deslig,5000.0,6
2026,1,212305,deslig,5500.0,3
2026,1,212305,deslig,6000.0,4
2026,1,212305,deslig,6500.0,6
2026,1,212305,deslig,7000.0,5
2026,1,212305,deslig,7500.0,5
2026,1,212305,deslig,8000.0,8
2026,1,212305,deslig,8500.0,4
2026,1,212305,deslig,9000.0,5
2026,1,212305,deslig,9500.0,4
2026,1,212305,deslig,10000.0,9
2026,1,212305,deslig,10500.0,2
2026,1,212305,deslig,11000.0,1
2026,1,212305,deslig,11500.0,4
2026,1,212305,deslig,12000.0,8
2026,1,212305,deslig,12500.0,7
2026,1,212305,deslig,13000.0,7
2026,1,212305,deslig,13500.0,5
2026,1,212305,deslig,14000.0,3
2026,1,212305,deslig,14500.0,5
2026,1,212305,deslig,15000.0,8
2026,1,212305,deslig,15500.0,2
2026,1,212305,deslig,16000.0,1
2026,1,212305,deslig,16500.0,1
2026,1,212305,deslig,17500.0,1
2026,1,212305,deslig,18000.0,1
2026,1,212305,deslig,18500.0,1
2026,1,212305,deslig,19000.0,1
2026,1,212305,deslig,19500.0,1
2026,1,212305,deslig,20000.0,1
2026,1,212305,deslig,20500.0,1
2026,1,212305,deslig,32000.0,1
2026,1,212305,deslig,37000.0,1
2026,1,212305,deslig,44000.0,1
2026,1,212405,adm,1500.0,15
2026,1,212405,adm,2000.0,165
2026,1,212405,adm,2500.0,138
2026,1,212405,adm,3000.0,147
2026,1,212405,adm,3500.0,182
2026,1,212405,adm,4000.0,135
2026,1,212405,adm,4500.0,152
2026,1,212405,adm,5000.0,97
2026,1,212405,adm,5500.0,115
2026,1,212405,adm,6000.0,126
2026,1,212405,adm,6500.0,105
2026,1,212405,adm,7000.0,113
2026,1,212405,adm,7500.0,108
2026,1,212405,adm,8000.0,161
2026,1,212405,adm,8500.0,70
2026,1,212405,adm,9000.0,121
2026,1,212405,adm,9500.0,76
2026,1,212405,adm,10000.0,123
2026,1,212405,adm,10500.0,151
2026,1,212405,adm,11000.0,85
2026,1,212405,adm,11500.0,64
2026,1,212405,adm,12000.0,106
2026,1,212405,adm,12500.0,50
2026,1,212405,adm,13000.0,89
2026,1,212405,adm,13500.0,35
2026,1,212405,adm,14000.0,64
2026,1,212405,adm,14500.0,16
2026,1,212405,adm,15000.0,64
2026,1,212405,adm,15500.0,21
2026,1,212405,adm,16000.0,66
2026,1,212405,adm,16500.0,15
2026,1,212405,adm,17000.0,27
2026,1,212405,adm,17500.0,21
2026,1,212405,adm,18000.0,35
2026,1,212405,adm,18500.0,9
2026,1,212405,adm,19000.0,14
2026,1,212405,adm,19500.0,1
2026,1,212405,adm,20000.0,17
2026,1,212405,adm,20500.0,4
2026,1,212405,adm,21000.0,15
2026,1,212405,adm,21500.0,4
2026,1,212405,adm,22000.0,10
2026,1,212405,adm,22500.0,5
2026,1,212405,adm,23000.0,6
2026,1,212405,adm,23500.0,2
2026,1,212405,adm,24000.0,7
2026,1,212405,adm,24500.0,1
2026,1,212405,adm,25000.0,8
2026,1,212405,adm,25500.0,2
2026,1,212405,adm,26000.0,6
2026,1,212405,adm,26500.0,1
2026,1,212405,adm,27000.0,2
2026,1,212405,adm,28000.0,3
2026,1,212405,adm,29500.0,1
2026,1,212405,adm,30000.0,3
2026,1,212405,adm,31000.0,2
2026,1,212405,adm,31500.0,1
2026,1,212405,adm,32000.0,2
2026,1,212405,adm,33000.0,1
2026,1,212405,adm,33500.0,1
2026,1,212405,adm,34000.0,1
2026,1,212405,adm,35000.0,1
2026,1,212405,adm,36000.0,1
2026,1,212405,adm,40000.0,1
2026,1,212405,adm,42000.0,3
2026,1,212405,adm,43500.0,1
2026,1,212405,adm,44500.0,1
2026,1,212405,adm,47000.0,2
2026,1,212405,deslig,0.0,21
2026,1,212405,deslig,1500.0,20
2026,1,212405,deslig,2000.0,99
2026,1,212405,deslig,2500.0,126
2026,1,212405,deslig,3000.0,135
2026,1,212405,deslig,3500.0,126
2026,1,212405,deslig,4000.0,121
2026,1,212405,deslig,4500.0,92
2026,1,212405,deslig,5000.0,112
2026,1,212405,deslig,5500.0,89
2026,1,212405,deslig,6000.0,108
2026,1,212405,deslig,6500.0,97
2026,1,212405,deslig,7000.0,118
2026,1,212405,deslig,7500.0,111
2026,1,212405,deslig,8000.0,127
2026,1,212405,deslig,8500.0,102
2026,1,212405,deslig,9000.0,108
2026,1,212405,deslig,9500.0,109
2026,1,212405,deslig,10000.0,116
2026,1,212405,deslig,10500.0,67
2026,1,212405,deslig,11000.0,95
2026,1,212405,deslig,11500.0,79
2026,1,212405,deslig,12000.0,112
2026,1,212405,deslig,12500.0,73
2026,1,212405,deslig,13000.0,74
2026,1,212405,deslig,13500.0,57
2026,1,212405,deslig,14000.0,57
2026,1,212405,deslig,14500.0,43
2026,1,212405,deslig,15000.0,59
2026,1,212405,deslig,15500.0,40
2026,1,212405,deslig,16000.0,42
2026,1,212405,deslig,16500.0,26
2026,1,212405,deslig,17000.0,26
2026,1,212405,deslig,17500.0,24
2026,1,212405,deslig,18000.0,26
2026,1,212405,deslig,18500.0,19
2026,1,212405,deslig,19000.0,24
2026,1,212405,deslig,19500.0,11
2026,1,212405,deslig,20000.0,19
2026,1,212405,deslig,20500.0,9
2026,1,212405,deslig,21000.0,6
2026,1,212405,deslig,21500.0,6
2026,1,212405,deslig,22000.0,9
2026,1,212405,deslig,22500.0,4
2026,1,212405,deslig,23000.0,4
2026,1,212405,deslig,23500.0,8
2026,1,212405,deslig,24000.0,3
2026,1,212405,deslig,24500.0,5
2026,1,212405,deslig,25000.0,2
2026,1,212405,deslig,25500.0,4
2026,1,212405,deslig,26000.0,2
2026,1,212405,deslig,26500.0,5
2026,1,212405,deslig,27000.0,3
2026,1,212405,deslig,28000.0,2
2026,1,212405,deslig,28500.0,3
2026,1,212405,deslig,29000.0,1
2026,1,212405,deslig,29500.0,3
2026,1,212405,deslig,31000.0,1
2026,1,212405,deslig,32000.0,1
2026,1,212405,deslig,32500.0,1
2026,1,212405,deslig,33000.0,1
2026,1,212405,deslig,34500.0,1
2026,1,212405,deslig,35000.0,1
2026,1,212405,deslig,36000.0,1
2026,1,212405,deslig,36500.0,2
2026,1,212405,deslig,38000.0,1
2026,1,212405,deslig,38500.0,1
2026,1,212405,deslig,39000.0,2
2026,1,212405,deslig,40500.0,1
2026,1,212405,deslig,45500.0,1
2026,1,212405,deslig,46000.0,1
2026,1,212405,deslig,47000.0,1
2026,1,212405,deslig,49000.0,1
2026,1,212405,deslig,50000.0,5
2026,1,212410,adm,1500.0,17
2026,1,212410,adm,2000.0,49
2026,1,212410,adm,2500.0,40
2026,1,212410,adm,3000.0,38
2026,1,212410,adm,3500.0,32
2026,1,212410,adm,4000.0,34
2026,1,212410,adm,4500.0,29
2026,1,212410,adm,5000.0,32
2026,1,212410,adm,5500.0,17
2026,1,212410,adm,6000.0,23
2026,1,212410,adm,6500.0,16
2026,1,212410,adm,7000.0,20
2026,1,212410,adm,7500.0,12
2026,1,212410,adm,8000.0,14
2026,1,212410,adm,8500.0,9
2026,1,212410,adm,9000.0,14
2026,1,212410,adm,9500.0,5
2026,1,212410,adm,10000.0,9
2026,1,212410,adm,10500.0,6
2026,1,212410,adm,11000.0,7
2026,1,212410,adm,11500.0,3
2026,1,212410,adm,12000.0,3
2026,1,212410,adm,12500.0,3
2026,1,212410,adm,13000.0,8
2026,1,212410,adm,13500.0,5
2026,1,212410,adm,14000.0,6
2026,1,212410,adm,14500.0,3
2026,1,212410,adm,15000.0,10
2026,1,212410,adm,15500.0,2
2026,1,212410,adm,16000.0,5
2026,1,212410,adm,16500.0,2
2026,1,212410,adm,17000.0,3
2026,1,212410,adm,17500.0,1
2026,1,212410,adm,18000.0,2
2026,1,212410,adm,19000.0,3
2026,1,212410,adm,19500.0,1
2026,1,212410,adm,20000.0,2
2026,1,212410,adm,21000.0,4
2026,1,212410,adm,22000.0,2
2026,1,212410,adm,23000.0,1
2026,1,212410,adm,24000.0,1
2026,1,212410,adm,25000.0,1
2026,1,212410,adm,28000.0,1
2026,1,212410,adm,30000.0,2
2026,1,212410,adm,39500.0,1
2026,1,212410,deslig,0.0,4
2026,1,212410,deslig,1500.0,14
2026,1,212410,deslig,2000.0,54
2026,1,212410,deslig,2500.0,44
2026,1,212410,deslig,3000.0,50
2026,1,212410,deslig,3500.0,48
2026,1,212410,deslig,4000.0,50
2026,1,212410,deslig,4500.0,27
2026,1,212410,deslig,5000.0,32
2026,1,212410,deslig,5500.0,21
2026,1,212410,deslig,6000.0,26
2026,1,212410,deslig,6500.0,16
2026,1,212410,deslig,7000.0,13
2026,1,212410,deslig,7500.0,11
2026,1,212410,deslig,8000.0,15
2026,1,212410,deslig,8500.0,6
2026,1,212410,deslig,9000.0,11
2026,1,212410,deslig,9500.0,3
2026,1,212410,deslig,10000.0,11
2026,1,212410,deslig,10500.0,3
2026,1,212410,deslig,11000.0,3
2026,1,212410,deslig,11500.0,7
2026,1,212410,deslig,12000.0,8
2026,1,212410,deslig,12500.0,1
2026,1,212410,deslig,13000.0,5
2026,1,212410,deslig,13500.0,4
2026,1,212410,deslig,14000.0,1
2026,1,212410,deslig,14500.0,4
2026,1,212410,deslig,15000.0,1
2026,1,212410,deslig,16000.0,2
2026,1,212410,deslig,17000.0,3
2026,1,212410,deslig,18000.0,1
2026,1,212410,deslig,18500.0,3
2026,1,212410,deslig,19000.0,2
2026,1,212410,deslig,20000.0,1
2026,1,212410,deslig,21000.0,1
2026,1,212410,deslig,25000.0,1
2026,1,212410,deslig,27000.0,1
2026,1,212410,deslig,28000.0,1
2026,1,212410,deslig,46000.0,1
2026,1,212425,adm,2500.0,1
2026,1,212425,adm,3000.0,3
2026,1,212425,adm,4000.0,3
2026,1,212425,adm,4500.0,1
2026,1,212425,adm,5500.0,1
2026,1,212425,adm,6500.0,1
2026,1,212425,adm,9000.0,1
2026,1,212425,adm,9500.0,2
2026,1,212425,adm,10000.0,2
2026,1,212425,adm,10500.0,1
2026,1,212425,adm,11000.0,3
2026,1,212425,adm,11500.0,2
2026,1,212425,adm,12000.0,3
2026,1,212425,adm,12500.0,2
2026,1,212425,adm,13000.0,2
2026,1,212425,adm,14000.0,3
2026,1,212425,adm,14500.0,3
2026,1,212425,adm,15000.0,5
2026,1,212425,adm,15500.0,3
2026,1,212425,adm,16000.0,2
2026,1,212425,adm,16500.0,8
2026,1,212425,adm,17000.0,1
2026,1,212425,adm,18000.0,4
2026,1,212425,adm,18500.0,1
2026,1,212425,adm,19000.0,3
2026,1,212425,adm,19500.0,1
2026,1,212425,adm,20000.0,6
2026,1,212425,adm,21500.0,2
2026,1,212425,adm,22000.0,4
2026,1,212425,adm,22500.0,2
2026,1,212425,adm,24000.0,2
2026,1,212425,adm,24500.0,1
2026,1,212425,adm,27000.0,2
2026,1,212425,adm,30500.0,1
2026,1,212425,adm,32000.0,2
2026,1,212425,adm,33000.0,1
2026,1,212425,adm,38500.0,1
2026,1,212425,adm,39500.0,1
2026,1,212425,adm,40000.0,1
2026,1,212425,adm,40500.0,1
2026,1,212425,deslig,2500.0,1
2026,1,212425,deslig,3500.0,1
2026,1,212425,deslig,4500.0,2
2026,1,212425,deslig,6000.0,2
2026,1,212425,deslig,6500.0,3
2026,1,212425,deslig,8000.0,2
2026,1,212425,deslig,8500.0,1
2026,1,212425,deslig,9000.0,1
2026,1,212425,deslig,9500.0,1
2026,1,212425,deslig,10000.0,3
2026,1,212425,deslig,10500.0,2
2026,1,212425,deslig,11000.0,5
2026,1,212425,deslig,11500.0,2
2026,1,212425,deslig,12000.0,4
2026,1,212425,deslig,12500.0,3
2026,1,212425,deslig,13000.0,5
2026,1,212425,deslig,13500.0,2
2026,1,212425,deslig,14000.0,6
2026,1,212425,deslig,14500.0,1
2026,1,212425,deslig,15000.0,3
2026,1,212425,deslig,15500.0,5
2026,1,212425,deslig,16000.0,1
2026,1,212425,deslig,16500.0,4
2026,1,212425,deslig,17000.0,4
2026,1,212425,deslig,17500.0,5
2026,1,212425,deslig,18500.0,1
2026,1,212425,deslig,19000.0,2
2026,1,212425,deslig,20000.0,2
2026,1,212425,deslig,20500.0,1
2026,1,212425,deslig,21000.0,1
2026,1,212425,deslig,22500.0,2
2026,1,212425,deslig,23000.0,1
2026,1,212425,deslig,24500.0,1
2026,1,212425,deslig,25000.0,2
2026,1,212425,deslig,26000.0,1
2026,1,212425,deslig,28000.0,2
2026,1,212425,deslig,29000.0,1
2026,1,212425,deslig,30000.0,2
2026,1,212425,deslig,35000.0,2
2026,1,212425,deslig,35500.0,1
2026,1,212425,deslig,36000.0,1
2026,1,212425,deslig,38500.0,1
2026,1,212425,deslig,39000.0,1
2026,1,212425,deslig,39500.0,1
2026,1,212425,deslig,50000.0,1
2026,2,203105,adm,3500.0,1
2026,2,203105,adm,5500.0,1
2026,2,203105,adm,7500.0,1
2026,2,203105,adm,8000.0,1
2026,2,203105,adm,8500.0,2
2026,2,203105,adm,9500.0,1
2026,2,203105,adm,10000.0,2
2026,2,203105,adm,10500.0,10
2026,2,203105,adm,12000.0,1
2026,2,203105,adm,13000.0,1
2026,2,203105,adm,14500.0,1
2026,2,203105,adm,18000.0,2
2026,2,203105,adm,21000.0,1
2026,2,203105,deslig,2500.0,1
2026,2,203105,deslig,3500.0,1
2026,2,203105,deslig,4500.0,1
2026,2,203105,deslig,5500.0,1
2026,2,203105,deslig,6000.0,2
2026,2,203105,deslig,6500.0,3
2026,2,203105,deslig,8500.0,1
2026,2,203105,deslig,10000.0,1
2026,2,203105,deslig,11000.0,2
2026,2,203105,deslig,11500.0,1
2026,2,203105,deslig,12000.0,2
2026,2,203105,deslig,13000.0,2
2026,2,203105,deslig,14500.0,1
2026,2,203105,deslig,15500.0,1
2026,2,203105,deslig,18000.0,2
2026,2,203105,deslig,19000.0,1
2026,2,211205,adm,3000.0,1
2026,2,211205,adm,4000.0,2
2026,2,211205,adm,4500.0,2
2026,2,211205,adm,5000.0,1
2026,2,211205,adm,5500.0,2
2026,2,211205,adm,7000.0,2
2026,2,211205,adm,8000.0,1
2026,2,211205,adm,10500.0,1
2026,2,211205,adm,11000.0,1
2026,2,211205,adm,11500.0,1
2026,2,211205,adm,15500.0,1
2026,2,211205,adm,17000.0,1
2026,2,211205,adm,24000.0,1
2026,2,211205,adm,28500.0,1
2026,2,211205,adm,35000.0,1
2026,2,211205,adm,40000.0,1
2026,2,211205,adm,50000.0,1
2026,2,211205,deslig,2000.0,1
2026,2,211205,deslig,4000.0,3
2026,2,211205,deslig,4500.0,3
2026,2,211205,deslig,5500.0,2
2026,2,211205,deslig,6000.0,2
2026,2,211205,deslig,7000.0,2
2026,2,211205,deslig,8000.0,1
2026,2,211205,deslig,10000.0,1
2026,2,211205,deslig,11000.0,2
2026,2,211205,deslig,11500.0,2
2026,2,211205,deslig,14500.0,1
2026,2,211205,deslig,15000.0,1
2026,2,211205,deslig,16000.0,1
2026,2,211205,deslig,17000.0,1
2026,2,211205,deslig,21500.0,2
2026,2,211205,deslig,23000.0,1
2026,2,211205,deslig,23500.0,1
2026,2,211205,deslig,24000.0,1
2026,2,211205,deslig,28000.0,1
2026,2,211205,deslig,38000.0,1
2026,2,211210,adm,4000.0,1
2026,2,211210,deslig,3500.0,1
2026,2,211210,deslig,4500.0,1
2026,2,211210,deslig,5000.0,1
2026,2,211215,adm,3500.0,1
2026,2,211220,adm,1500.0,1
2026,2,211220,adm,2000.0,1
2026,2,211220,adm,3500.0,2
2026,2,211220,adm,4000.0,2
2026,2,211220,adm,4500.0,5
2026,2,211220,adm,5500.0,1
2026,2,211220,adm,6000.0,2
2026,2,211220,adm,6500.0,2
2026,2,211220,adm,7000.0,2
2026,2,211220,adm,8000.0,3
2026,2,211220,adm,9000.0,4
2026,2,211220,adm,9500.0,4
2026,2,211220,adm,10500.0,1
2026,2,211220,adm,11000.0,1
2026,2,211220,adm,11500.0,1
2026,2,211220,adm,12000.0,2
2026,2,211220,adm,12500.0,1
2026,2,211220,adm,13000.0,2
2026,2,211220,adm,13500.0,2
2026,2,211220,adm,15000.0,3
2026,2,211220,adm,16000.0,2
2026,2,211220,adm,17000.0,2
2026,2,211220,adm,18000.0,2
2026,2,211220,adm,19000.0,1
2026,2,211220,adm,20000.0,1
2026,2,211220,adm,33000.0,1
2026,2,211220,adm,43500.0,1
2026,2,211220,deslig,3000.0,1
2026,2,211220,deslig,3500.0,1
2026,2,211220,deslig,5000.0,4
2026,2,211220,deslig,5500.0,1
2026,2,211220,deslig,6000.0,1
2026,2,211220,deslig,7000.0,1
2026,2,211220,deslig,7500.0,3
2026,2,211220,deslig,8500.0,1
2026,2,211220,deslig,9000.0,2
2026,2,211220,deslig,10000.0,1
2026,2,211220,deslig,10500.0,1
2026,2,211220,deslig,11500.0,1
2026,2,211220,deslig,12000.0,3
2026,2,211220,deslig,12500.0,1
2026,2,211220,deslig,13000.0,1
2026,2,211220,deslig,13500.0,1
2026,2,211220,deslig,15500.0,1
2026,2,211220,deslig,18000.0,1
2026,2,211220,deslig,18500.0,1
2026,2,211220,deslig,19000.0,2
2026,2,211220,deslig,21500.0,1
2026,2,211220,deslig,22500.0,1
2026,2,211220,deslig,25000.0,1
2026,2,212205,adm,2500.0,1
2026,2,212205,adm,3500.0,3
2026,2,212205,adm,4000.0,6
2026,2,212205,adm,4500.0,1
2026,2,212205,adm,5000.0,5
2026,2,212205,adm,5500.0,4
2026,2,212205,adm,6000.0,2
2026,2,212205,adm,6500.0,2
2026,2,212205,adm,7000.0,2
2026,2,212205,adm,7500.0,4
2026,2,212205,adm,8000.0,3
2026,2,212205,adm,8500.0,1
2026,2,212205,adm,9000.0,3
2026,2,212205,adm,9500.0,2
2026,2,212205,adm,10000.0,6
2026,2,212205,adm,10500.0,3
2026,2,212205,adm,11000.0,5
2026,2,212205,adm,11500.0,2
2026,2,212205,adm,12000.0,5
2026,2,212205,adm,12500.0,2
2026,2,212205,adm,13000.0,5
2026,2,212205,adm,14000.0,5
2026,2,212205,adm,14500.0,1
2026,2,212205,adm,15000.0,4
2026,2,212205,adm,15500.0,2
2026,2,212205,adm,16000.0,3
2026,2,212205,adm,16500.0,1
2026,2,212205,adm,17000.0,4
2026,2,212205,adm,17500.0,1
2026,2,212205,adm,18000.0,1
2026,2,212205,adm,18500.0,1
2026,2,212205,adm,19000.0,3
2026,2,212205,adm,19500.0,1
2026,2,212205,adm,20000.0,4
2026,2,212205,adm,22000.0,7
2026,2,212205,adm,23000.0,1
2026,2,212205,adm,24000.0,2
2026,2,212205,adm,24500.0,1
2026,2,212205,adm,25000.0,1
2026,2,212205,adm,25500.0,1
2026,2,212205,adm,26000.0,1
2026,2,212205,adm,26500.0,9
2026,2,212205,adm,28000.0,1
2026,2,212205,adm,30000.0,2
2026,2,212205,adm,32500.0,1
2026,2,212205,adm,35000.0,1
2026,2,212205,adm,36500.0,1
2026,2,212205,adm,43000.0,1
2026,2,212205,adm,50000.0,3
2026,2,212205,deslig,2000.0,2
2026,2,212205,deslig,3000.0,3
2026,2,212205,deslig,3500.0,2
2026,2,212205,deslig,4000.0,3
2026,2,212205,deslig,4500.0,1
2026,2,212205,deslig,5000.0,3
2026,2,212205,deslig,5500.0,3
2026,2,212205,deslig,6000.0,1
2026,2,212205,deslig,6500.0,2
2026,2,212205,deslig,7000.0,1
2026,2,212205,deslig,7500.0,1
2026,2,212205,deslig,8000.0,3
2026,2,212205,deslig,8500.0,5
2026,2,212205,deslig,9000.0,1
2026,2,212205,deslig,9500.0,2
2026,2,212205,deslig,10500.0,6
2026,2,212205,deslig,11000.0,3
2026,2,212205,deslig,11500.0,4
2026,2,212205,deslig,12000.0,5
2026,2,212205,deslig,12500.0,5
2026,2,212205,deslig,13000.0,2
2026,2,212205,deslig,13500.0,4
2026,2,212205,deslig,14000.0,5
2026,2,212205,deslig,14500.0,4
2026,2,212205,deslig,15000.0,3
2026,2,212205,deslig,15500.0,3
2026,2,212205,deslig,16000.0,5
2026,2,212205,deslig,16500.0,2
2026,2,212205,deslig,17000.0,2
2026,2,212205,deslig,17500.0,2
2026,2,212205,deslig,18000.0,6
2026,2,212205,deslig,19500.0,1
2026,2,212205,deslig,21000.0,4
2026,2,212205,deslig,21500.0,1
2026,2,212205,deslig,22000.0,2
2026,2,212205,deslig,22500.0,3
2026,2,212205,deslig,23000.0,3
2026,2,212205,deslig,24000.0,3
2026,2,212205,deslig,24500.0,4
2026,2,212205,deslig,25000.0,1
2026,2,212205,deslig,26000.0,1
2026,2,212205,deslig,26500.0,1
2026,2,212205,deslig,27000.0,1
2026,2,212205,deslig,28500.0,1
2026,2,212205,deslig,31500.0,1
2026,2,212205,deslig,33000.0,1
2026,2,212205,deslig,35000.0,1
2026,2,212205,deslig,37500.0,1
2026,2,212205,deslig,38000.0,1
2026,2,212205,deslig,40500.0,1
2026,2,212205,deslig,41500.0,1
2026,2,212205,deslig,47000.0,1
2026,2,212205,deslig,47500.0,2
2026,2,212205,deslig,49000.0,1
2026,2,212205,deslig,50000.0,5
2026,2,212210,adm,7000.0,1
2026,2,212210,adm,8000.0,1
2026,2,212210,adm,11000.0,1
2026,2,212210,adm,12000.0,2
2026,2,212210,adm,13000.0,1
2026,2,212210,adm,14000.0,1
2026,2,212210,adm,25500.0,1
2026,2,212210,adm,37000.0,1
2026,2,212210,deslig,2500.0,1
2026,2,212210,deslig,7500.0,1
2026,2,212210,deslig,10000.0,1
2026,2,212210,deslig,11000.0,2
2026,2,212210,deslig,12000.0,1
2026,2,212210,deslig,12500.0,2
2026,2,212210,deslig,14500.0,1
2026,2,212210,deslig,15000.0,1
2026,2,212210,deslig,19000.0,1
2026,2,212210,deslig,25000.0,1
2026,2,212210,deslig,31000.0,1
2026,2,212215,adm,2000.0,1
2026,2,212215,adm,2500.0,4
2026,2,212215,adm,3500.0,2
2026,2,212215,adm,4000.0,2
2026,2,212215,adm,5000.0,2
2026,2,212215,adm,5500.0,1
2026,2,212215,adm,6000.0,2
2026,2,212215,adm,6500.0,9
2026,2,212215,adm,7000.0,1
2026,2,212215,adm,7500.0,3
2026,2,212215,adm,8000.0,7
2026,2,212215,adm,8500.0,17
2026,2,212215,adm,9000.0,5
2026,2,212215,adm,9500.0,7
2026,2,212215,adm,10000.0,4
2026,2,212215,adm,10500.0,1
2026,2,212215,adm,11000.0,5
2026,2,212215,adm,11500.0,8
2026,2,212215,adm,12000.0,8
2026,2,212215,adm,12500.0,3
2026,2,212215,adm,13000.0,4
2026,2,212215,adm,13500.0,2
2026,2,212215,adm,14000.0,7
2026,2,212215,adm,14500.0,2
2026,2,212215,adm,15000.0,8
2026,2,212215,adm,15500.0,1
2026,2,212215,adm,16000.0,3
2026,2,212215,adm,16500.0,1
2026,2,212215,adm,17000.0,1
2026,2,212215,adm,17500.0,1
2026,2,212215,adm,18000.0,2
2026,2,212215,adm,18500.0,2
2026,2,212215,adm,19000.0,2
2026,2,212215,adm,19500.0,1
2026,2,212215,adm,20000.0,3
2026,2,212215,adm,21000.0,3
2026,2,212215,adm,22000.0,1
2026,2,212215,adm,22500.0,1
2026,2,212215,adm,25500.0,1
2026,2,212215,adm,27000.0,1
2026,2,212215,adm,27500.0,1
2026,2,212215,adm,29000.0,1
2026,2,212215,adm,29500.0,4
2026,2,212215,adm,30000.0,2
2026,2,212215,adm,31000.0,2
2026,2,212215,adm,33000.0,1
2026,2,212215,adm,38000.0,1
2026,2,212215,adm,42000.0,2
2026,2,212215,adm,45000.0,2
2026,2,212215,adm,45500.0,1
2026,2,212215,adm,50000.0,7
2026,2,212215,deslig,2500.0,1
2026,2,212215,deslig,3000.0,1
2026,2,212215,deslig,4000.0,4
2026,2,212215,deslig,4500.0,2
2026,2,212215,deslig,5000.0,3
2026,2,212215,deslig,5500.0,2
2026,2,212215,deslig,6000.0,4
2026,2,212215,deslig,6500.0,5
2026,2,212215,deslig,7000.0,6
2026,2,212215,deslig,7500.0,8
2026,2,212215,deslig,8000.0,6
2026,2,212215,deslig,8500.0,9
2026,2,212215,deslig,9000.0,5
2026,2,212215,deslig,9500.0,2
2026,2,212215,deslig,10000.0,4
2026,2,212215,deslig,10500.0,4
2026,2,212215,deslig,11000.0,8
2026,2,212215,deslig,11500.0,6
2026,2,212215,deslig,12000.0,9
2026,2,212215,deslig,12500.0,3
2026,2,212215,deslig,13000.0,10
2026,2,212215,deslig,13500.0,2
2026,2,212215,deslig,14000.0,5
2026,2,212215,deslig,14500.0,4
2026,2,212215,deslig,15000.0,3
2026,2,212215,deslig,16000.0,7
2026,2,212215,deslig,16500.0,1
2026,2,212215,deslig,17000.0,6
2026,2,212215,deslig,17500.0,3
2026,2,212215,deslig,18000.0,6
2026,2,212215,deslig,19000.0,1
2026,2,212215,deslig,19500.0,1
2026,2,212215,deslig,20000.0,3
2026,2,212215,deslig,20500.0,4
2026,2,212215,deslig,21000.0,5
2026,2,212215,deslig,22000.0,1
2026,2,212215,deslig,22500.0,3
2026,2,212215,deslig,23000.0,1
2026,2,212215,deslig,23500.0,1
2026,2,212215,deslig,25000.0,2
2026,2,212215,deslig,25500.0,3
2026,2,212215,deslig,26000.0,1
2026,2,212215,deslig,26500.0,1
2026,2,212215,deslig,27000.0,1
2026,2,212215,deslig,27500.0,2
2026,2,212215,deslig,29000.0,1
2026,2,212215,deslig,29500.0,1
2026,2,212215,deslig,30500.0,1
2026,2,212215,deslig,32000.0,1
2026,2,212215,deslig,33000.0,1
2026,2,212215,deslig,33500.0,2
2026,2,212215,deslig,37000.0,1
2026,2,212215,deslig,38500.0,1
2026,2,212215,deslig,39000.0,1
2026,2,212215,deslig,42000.0,1
2026,2,212215,deslig,43500.0,1
2026,2,212215,deslig,50000.0,4
2026,2,212305,adm,2000.0,1
2026,2,212305,adm,2500.0,4
2026,2,212305,adm,3000.0,4
2026,2,212305,adm,3500.0,3
2026,2,212305,adm,4000.0,11
2026,2,212305,adm,4500.0,3
2026,2,212305,adm,5000.0,7
2026,2,212305,adm,5500.0,8
2026,2,212305,adm,6000.0,3
2026,2,212305,adm,6500.0,5
2026,2,212305,adm,7000.0,7
2026,2,212305,adm,7500.0,4
2026,2,212305,adm,8000.0,3
2026,2,212305,adm,8500.0,3
2026,2,212305,adm,9000.0,5
2026,2,212305,adm,9500.0,2
2026,2,212305,adm,10000.0,7
2026,2,212305,adm,10500.0,1
2026,2,212305,adm,11000.0,6
2026,2,212305,adm,11500.0,2
2026,2,212305,adm,12000.0,5
2026,2,212305,adm,12500.0,6
2026,2,212305,adm,13000.0,6
2026,2,212305,adm,14000.0,3
2026,2,212305,adm,14500.0,1
2026,2,212305,adm,15000.0,1
2026,2,212305,adm,16000.0,3
2026,2,212305,adm,16500.0,4
2026,2,212305,adm,17000.0,1
2026,2,212305,adm,17500.0,1
2026,2,212305,adm,18500.0,1
2026,2,212305,adm,20000.0,5
2026,2,212305,adm,20500.0,1
2026,2,212305,adm,26000.0,1
2026,2,212305,adm,27000.0,1
2026,2,212305,adm,45000.0,1
2026,2,212305,deslig,1500.0,3
2026,2,212305,deslig,2000.0,2
2026,2,212305,deslig,2500.0,6
2026,2,212305,deslig,3000.0,3
2026,2,212305,deslig,3500.0,3
2026,2,212305,deslig,4000.0,4
2026,2,212305,deslig,4500.0,3
2026,2,212305,deslig,5000.0,5
2026,2,212305,deslig,5500.0,1
2026,2,212305,deslig,6000.0,3
2026,2,212305,deslig,6500.0,3
2026,2,212305,deslig,7000.0,8
2026,2,212305,deslig,7500.0,4
2026,2,212305,deslig,8000.0,7
2026,2,212305,deslig,9000.0,6
2026,2,212305,deslig,9500.0,5
2026,2,212305,deslig,10000.0,10
2026,2,212305,deslig,10500.0,2
2026,2,212305,deslig,11500.0,4
2026,2,212305,deslig,12000.0,5
2026,2,212305,deslig,13000.0,4
2026,2,212305,deslig,13500.0,5
2026,2,212305,deslig,14500.0,2
2026,2,212305,deslig,15000.0,1
2026,2,212305,deslig,15500.0,1
2026,2,212305,deslig,16000.0,6
2026,2,212305,deslig,16500.0,1
2026,2,212305,deslig,17000.0,1
2026,2,212305,deslig,18000.0,1
2026,2,212305,deslig,18500.0,1
2026,2,212305,deslig,19500.0,2
2026,2,212305,deslig,23500.0,1
2026,2,212305,deslig,30000.0,1
2026,2,212405,adm,0.0,1
2026,2,212405,adm,1500.0,22
2026,2,212405,adm,2000.0,122
2026,2,212405,adm,2500.0,153
2026,2,212405,adm,3000.0,102
2026,2,212405,adm,3500.0,110
2026,2,212405,adm,4000.0,96
2026,2,212405,adm,4500.0,110
2026,2,212405,adm,5000.0,101
2026,2,212405,adm,5500.0,72
2026,2,212405,adm,6000.0,126
2026,2,212405,adm,6500.0,87
2026,2,212405,adm,7000.0,110
2026,2,212405,adm,7500.0,94
2026,2,212405,adm,8000.0,133
2026,2,212405,adm,8500.0,87
2026,2,212405,adm,9000.0,98
2026,2,212405,adm,9500.0,61
2026,2,212405,adm,10000.0,109
2026,2,212405,adm,10500.0,83
2026,2,212405,adm,11000.0,87
2026,2,212405,adm,11500.0,70
2026,2,212405,adm,12000.0,92
2026,2,212405,adm,12500.0,37
2026,2,212405,adm,13000.0,70
2026,2,212405,adm,13500.0,33
2026,2,212405,adm,14000.0,62
2026,2,212405,adm,14500.0,14
2026,2,212405,adm,15000.0,53
2026,2,212405,adm,15500.0,18
2026,2,212405,adm,16000.0,48
2026,2,212405,adm,16500.0,14
2026,2,212405,adm,17000.0,20
2026,2,212405,adm,17500.0,14
2026,2,212405,adm,18000.0,31
2026,2,212405,adm,18500.0,11
2026,2,212405,adm,19000.0,6
2026,2,212405,adm,19500.0,1
2026,2,212405,adm,20000.0,15
2026,2,212405,adm,20500.0,2
2026,2,212405,adm,21000.0,7
2026,2,212405,adm,21500.0,7
2026,2,212405,adm,22000.0,4
2026,2,212405,adm,22500.0,1
2026,2,212405,adm,23000.0,13
2026,2,212405,adm,23500.0,5
2026,2,212405,adm,24000.0,7
2026,2,212405,adm,24500.0,2
2026,2,212405,adm,25000.0,4
2026,2,212405,adm,25500.0,1
2026,2,212405,adm,26000.0,3
2026,2,212405,adm,26500.0,1
2026,2,212405,adm,27000.0,1
2026,2,212405,adm,28000.0,3
2026,2,212405,adm,30000.0,1
2026,2,212405,adm,30500.0,1
2026,2,212405,adm,31000.0,2
2026,2,212405,adm,32000.0,1
2026,2,212405,adm,33000.0,1
2026,2,212405,adm,33500.0,3
2026,2,212405,adm,34000.0,1
2026,2,212405,adm,35000.0,1
2026,2,212405,adm,35500.0,1
2026,2,212405,adm,39500.0,1
2026,2,212405,deslig,0.0,15
2026,2,212405,deslig,1500.0,23
2026,2,212405,deslig,2000.0,90
2026,2,212405,deslig,2500.0,120
2026,2,212405,deslig,3000.0,143
2026,2,212405,deslig,3500.0,133
2026,2,212405,deslig,4000.0,134
2026,2,212405,deslig,4500.0,121
2026,2,212405,deslig,5000.0,114
2026,2,212405,deslig,5500.0,86
2026,2,212405,deslig,6000.0,127
2026,2,212405,deslig,6500.0,103
2026,2,212405,deslig,7000.0,122
2026,2,212405,deslig,7500.0,99
2026,2,212405,deslig,8000.0,109
2026,2,212405,deslig,8500.0,98
2026,2,212405,deslig,9000.0,96
2026,2,212405,deslig,9500.0,85
2026,2,212405,deslig,10000.0,113
2026,2,212405,deslig,10500.0,103
2026,2,212405,deslig,11000.0,100
2026,2,212405,deslig,11500.0,78
2026,2,212405,deslig,12000.0,141
2026,2,212405,deslig,12500.0,61
2026,2,212405,deslig,13000.0,72
2026,2,212405,deslig,13500.0,54
2026,2,212405,deslig,14000.0,52
2026,2,212405,deslig,14500.0,34
2026,2,212405,deslig,15000.0,47
2026,2,212405,deslig,15500.0,31
2026,2,212405,deslig,16000.0,56
2026,2,212405,deslig,16500.0,26
2026,2,212405,deslig,17000.0,26
2026,2,212405,deslig,17500.0,21
2026,2,212405,deslig,18000.0,30
2026,2,212405,deslig,18500.0,16
2026,2,212405,deslig,19000.0,25
2026,2,212405,deslig,19500.0,15
2026,2,212405,deslig,20000.0,14
2026,2,212405,deslig,20500.0,12
2026,2,212405,deslig,21000.0,7
2026,2,212405,deslig,21500.0,7
2026,2,212405,deslig,22000.0,5
2026,2,212405,deslig,22500.0,5
2026,2,212405,deslig,23000.0,3
2026,2,212405,deslig,23500.0,4
2026,2,212405,deslig,24000.0,6
2026,2,212405,deslig,24500.0,4
2026,2,212405,deslig,25000.0,5
2026,2,212405,deslig,25500.0,3
2026,2,212405,deslig,26000.0,4
2026,2,212405,deslig,26500.0,2
2026,2,212405,deslig,27500.0,1
2026,2,212405,deslig,28000.0,2
2026,2,212405,deslig,29000.0,2
2026,2,212405,deslig,30500.0,1
2026,2,212405,deslig,31500.0,1
2026,2,212405,deslig,32000.0,2
2026,2,212405,deslig,32500.0,1
2026,2,212405,deslig,33500.0,1
2026,2,212405,deslig,35000.0,1
2026,2,212405,deslig,36500.0,1
2026,2,212405,deslig,38500.0,1
2026,2,212405,deslig,39000.0,1
2026,2,212405,deslig,44000.0,1
2026,2,212410,adm,0.0,1
2026,2,212410,adm,1500.0,7
2026,2,212410,adm,2000.0,69
2026,2,212410,adm,2500.0,31
2026,2,212410,adm,3000.0,37
2026,2,212410,adm,3500.0,25
2026,2,212410,adm,4000.0,45
2026,2,212410,adm,4500.0,13
2026,2,212410,adm,5000.0,25
2026,2,212410,adm,5500.0,24
2026,2,212410,adm,6000.0,17
2026,2,212410,adm,6500.0,15
2026,2,212410,adm,7000.0,9
2026,2,212410,adm,7500.0,9
2026,2,212410,adm,8000.0,20
2026,2,212410,adm,8500.0,18
2026,2,212410,adm,9000.0,9
2026,2,212410,adm,9500.0,9
2026,2,212410,adm,10000.0,11
2026,2,212410,adm,10500.0,2
2026,2,212410,adm,11000.0,11
2026,2,212410,adm,11500.0,2
2026,2,212410,adm,12000.0,5
2026,2,212410,adm,12500.0,4
2026,2,212410,adm,13000.0,6
2026,2,212410,adm,13500.0,1
2026,2,212410,adm,14000.0,4
2026,2,212410,adm,14500.0,1
2026,2,212410,adm,15000.0,6
2026,2,212410,adm,15500.0,2
2026,2,212410,adm,16000.0,4
2026,2,212410,adm,16500.0,1
2026,2,212410,adm,17000.0,2
2026,2,212410,adm,18000.0,3
2026,2,212410,adm,18500.0,1
2026,2,212410,adm,19000.0,1
2026,2,212410,adm,19500.0,1
2026,2,212410,adm,20000.0,2
2026,2,212410,adm,22000.0,1
2026,2,212410,adm,23000.0,1
2026,2,212410,adm,23500.0,1
2026,2,212410,adm,24000.0,2
2026,2,212410,adm,27000.0,1
2026,2,212410,adm,30000.0,1
2026,2,212410,adm,32000.0,1
2026,2,212410,adm,50000.0,1
2026,2,212410,deslig,0.0,5
2026,2,212410,deslig,1000.0,1
2026,2,212410,deslig,1500.0,20
2026,2,212410,deslig,2000.0,50
2026,2,212410,deslig,2500.0,47
2026,2,212410,deslig,3000.0,47
2026,2,212410,deslig,3500.0,40
2026,2,212410,deslig,4000.0,34
2026,2,212410,deslig,4500.0,30
2026,2,212410,deslig,5000.0,27
2026,2,212410,deslig,5500.0,15
2026,2,212410,deslig,6000.0,15
2026,2,212410,deslig,6500.0,18
2026,2,212410,deslig,7000.0,13
2026,2,212410,deslig,7500.0,8
2026,2,212410,deslig,8000.0,13
2026,2,212410,deslig,8500.0,11
2026,2,212410,deslig,9000.0,9
2026,2,212410,deslig,9500.0,8
2026,2,212410,deslig,10000.0,11
2026,2,212410,deslig,10500.0,6
2026,2,212410,deslig,11000.0,4
2026,2,212410,deslig,11500.0,6
2026,2,212410,deslig,12000.0,5
2026,2,212410,deslig,12500.0,4
2026,2,212410,deslig,13000.0,3
2026,2,212410,deslig,13500.0,2
2026,2,212410,deslig,14000.0,1
2026,2,212410,deslig,14500.0,2
2026,2,212410,deslig,15000.0,2
2026,2,212410,deslig,15500.0,3
2026,2,212410,deslig,16000.0,3
2026,2,212410,deslig,16500.0,2
2026,2,212410,deslig,17000.0,3
2026,2,212410,deslig,18500.0,1
2026,2,212410,deslig,19000.0,2
2026,2,212410,deslig,19500.0,2
2026,2,212410,deslig,20500.0,1
2026,2,212410,deslig,23000.0,1
2026,2,212410,deslig,25000.0,2
2026,2,212410,deslig,25500.0,1
2026,2,212410,deslig,27500.0,1
2026,2,212425,adm,2500.0,1
2026,2,212425,adm,4000.0,1
2026,2,212425,adm,4500.0,2
2026,2,212425,adm,6000.0,4
2026,2,212425,adm,7500.0,1
2026,2,212425,adm,8500.0,2
2026,2,212425,adm,9000.0,2
2026,2,212425,adm,10500.0,1
2026,2,212425,adm,12000.0,4
2026,2,212425,adm,12500.0,1
2026,2,212425,adm,13000.0,2
2026,2,212425,adm,13500.0,1
2026,2,212425,adm,14000.0,3
2026,2,212425,adm,14500.0,1
2026,2,212425,adm,15000.0,3
2026,2,212425,adm,16000.0,1
2026,2,212425,adm,16500.0,2
2026,2,212425,adm,17000.0,3
2026,2,212425,adm,17500.0,1
2026,2,212425,adm,18000.0,3
2026,2,212425,adm,18500.0,1
2026,2,212425,adm,19000.0,1
2026,2,212425,adm,19500.0,1
2026,2,212425,adm,20000.0,1
2026,2,212425,adm,21000.0,2
2026,2,212425,adm,22000.0,1
2026,2,212425,adm,25000.0,1
2026,2,212425,adm,27000.0,1
2026,2,212425,adm,28000.0,1
2026,2,212425,adm,33500.0,2
2026,2,212425,adm,50000.0,1
2026,2,212425,deslig,2500.0,1
2026,2,212425,deslig,4000.0,2
2026,2,212425,deslig,5500.0,1
2026,2,212425,deslig,8000.0,2
2026,2,212425,deslig,9000.0,1
2026,2,212425,deslig,9500.0,2
2026,2,212425,deslig,10000.0,2
2026,2,212425,deslig,11000.0,9
2026,2,212425,deslig,11500.0,3
2026,2,212425,deslig,12000.0,5
2026,2,212425,deslig,12500.0,1
2026,2,212425,deslig,13000.0,2
2026,2,212425,deslig,13500.0,3
2026,2,212425,deslig,14000.0,1
2026,2,212425,deslig,14500.0,1
2026,2,212425,deslig,15000.0,2
2026,2,212425,deslig,15500.0,2
2026,2,212425,deslig,16000.0,4
2026,2,212425,deslig,17000.0,2
2026,2,212425,deslig,17500.0,2
2026,2,212425,deslig,18000.0,6
2026,2,212425,deslig,18500.0,2
2026,2,212425,deslig,20000.0,3
2026,2,212425,deslig,20500.0,2
2026,2,212425,deslig,21000.0,3
2026,2,212425,deslig,21500.0,1
2026,2,212425,deslig,22000.0,2
2026,2,212425,deslig,22500.0,2
2026,2,212425,deslig,24000.0,2
2026,2,212425,deslig,25000.0,1
2026,2,212425,deslig,25500.0,2
2026,2,212425,deslig,27500.0,1
2026,2,212425,deslig,31500.0,1
2026,2,212425,deslig,33000.0,1
2026,2,212425,deslig,34000.0,1
2026,2,212425,deslig,35500.0,1
2026,2,212425,deslig,39500.0,1
2026,2,212425,deslig,50000.0,1
2026,3,203105,adm,3000.0,1
2026,3,203105,adm,4000.0,9
2026,3,203105,adm,4500.0,1
2026,3,203105,adm,5000.0,1
2026,3,203105,adm,5500.0,1
2026,3,203105,adm,6000.0,1
2026,3,203105,adm,6500.0,1
2026,3,203105,adm,7000.0,1
2026,3,203105,adm,7500.0,2
2026,3,203105,adm,8000.0,4
2026,3,203105,adm,8500.0,3
2026,3,203105,adm,9000.0,1
2026,3,203105,adm,10000.0,1
2026,3,203105,adm,10500.0,1
2026,3,203105,adm,11000.0,1
2026,3,203105,adm,11500.0,2
2026,3,203105,adm,12000.0,1
2026,3,203105,adm,12500.0,2
2026,3,203105,adm,13000.0,1
2026,3,203105,adm,13500.0,3
2026,3,203105,adm,14000.0,3
2026,3,203105,adm,15000.0,1
2026,3,203105,adm,16500.0,1
2026,3,203105,adm,17000.0,2
2026,3,203105,adm,18000.0,1
2026,3,203105,adm,18500.0,1
2026,3,203105,adm,28500.0,1
2026,3,203105,adm,40000.0,1
2026,3,203105,adm,45000.0,1
2026,3,203105,deslig,3500.0,1
2026,3,203105,deslig,5500.0,3
2026,3,203105,deslig,6500.0,1
2026,3,203105,deslig,7000.0,1
2026,3,203105,deslig,7500.0,1
2026,3,203105,deslig,8000.0,1
2026,3,203105,deslig,8500.0,1
2026,3,203105,deslig,9500.0,1
2026,3,203105,deslig,10000.0,4
2026,3,203105,deslig,11000.0,4
2026,3,203105,deslig,11500.0,1
2026,3,203105,deslig,12000.0,1
2026,3,203105,deslig,12500.0,2
2026,3,203105,deslig,13000.0,2
2026,3,203105,deslig,13500.0,2
2026,3,203105,deslig,14000.0,4
2026,3,203105,deslig,14500.0,1
2026,3,203105,deslig,17500.0,1
2026,3,203105,deslig,22000.0,1
2026,3,203105,deslig,35000.0,1
2026,3,203105,deslig,38000.0,1
2026,3,211205,adm,2500.0,4
2026,3,211205,adm,3000.0,1
2026,3,211205,adm,3500.0,1
2026,3,211205,adm,4000.0,1
2026,3,211205,adm,4500.0,2
2026,3,211205,adm,5000.0,2
2026,3,211205,adm,6000.0,3
2026,3,211205,adm,6500.0,3
2026,3,211205,adm,7000.0,2
2026,3,211205,adm,7500.0,2
2026,3,211205,adm,8000.0,2
2026,3,211205,adm,9000.0,1
2026,3,211205,adm,9500.0,2
2026,3,211205,adm,11000.0,2
2026,3,211205,adm,11500.0,4
2026,3,211205,adm,12500.0,1
2026,3,211205,adm,14000.0,2
2026,3,211205,adm,15000.0,2
2026,3,211205,adm,18000.0,1
2026,3,211205,adm,18500.0,1
2026,3,211205,adm,21500.0,1
2026,3,211205,adm,22500.0,1
2026,3,211205,adm,36500.0,1
2026,3,211205,deslig,2500.0,1
2026,3,211205,deslig,3000.0,1
2026,3,211205,deslig,4500.0,2
2026,3,211205,deslig,5000.0,1
2026,3,211205,deslig,6500.0,4
2026,3,211205,deslig,7000.0,1
2026,3,211205,deslig,7500.0,3
2026,3,211205,deslig,8000.0,4
2026,3,211205,deslig,8500.0,4
2026,3,211205,deslig,9500.0,1
2026,3,211205,deslig,10000.0,1
2026,3,211205,deslig,10500.0,4
2026,3,211205,deslig,11000.0,2
2026,3,211205,deslig,11500.0,2
2026,3,211205,deslig,12000.0,2
2026,3,211205,deslig,12500.0,1
2026,3,211205,deslig,13500.0,1
2026,3,211205,deslig,14000.0,1
2026,3,211205,deslig,15000.0,1
2026,3,211205,deslig,15500.0,2
2026,3,211205,deslig,16000.0,2
2026,3,211205,deslig,16500.0,1
2026,3,211205,deslig,17500.0,1
2026,3,211205,deslig,18500.0,1
2026,3,211205,deslig,36500.0,1
2026,3,211210,adm,4000.0,2
2026,3,211210,adm,5500.0,1
2026,3,211210,adm,12000.0,1
2026,3,211210,adm,18000.0,1
2026,3,211210,adm,31000.0,1
2026,3,211210,deslig,3500.0,1
2026,3,211210,deslig,4000.0,3
2026,3,211210,deslig,4500.0,1
2026,3,211210,deslig,8500.0,1
2026,3,211210,deslig,19500.0,1
2026,3,211210,deslig,21000.0,1
2026,3,211215,deslig,10500.0,1
2026,3,211220,adm,3000.0,1
2026,3,211220,adm,4500.0,3
2026,3,211220,adm,5000.0,3
2026,3,211220,adm,5500.0,1
2026,3,211220,adm,6500.0,1
2026,3,211220,adm,7000.0,1
2026,3,211220,adm,7500.0,2
2026,3,211220,adm,8000.0,1
2026,3,211220,adm,8500.0,2
2026,3,211220,adm,9000.0,1
2026,3,211220,adm,9500.0,2
2026,3,211220,adm,10000.0,5
2026,3,211220,adm,11000.0,1
2026,3,211220,adm,11500.0,2
2026,3,211220,adm,12000.0,3
2026,3,211220,adm,12500.0,1
2026,3,211220,adm,13000.0,2
2026,3,211220,adm,13500.0,1
2026,3,211220,adm,14000.0,2
2026,3,211220,adm,15000.0,2
2026,3,211220,adm,16000.0,1
2026,3,211220,adm,16500.0,1
2026,3,211220,adm,17000.0,1
2026,3,211220,adm,17500.0,1
2026,3,211220,adm,19000.0,3
2026,3,211220,adm,20000.0,1
2026,3,211220,adm,21000.0,3
2026,3,211220,adm,23000.0,2
2026,3,211220,adm,25000.0,2
2026,3,211220,adm,26500.0,1
2026,3,211220,adm,28000.0,1
2026,3,211220,adm,30000.0,1
2026,3,211220,adm,34500.0,1
2026,3,211220,adm,41500.0,1
2026,3,211220,adm,50000.0,1
2026,3,211220,deslig,2000.0,1
2026,3,211220,deslig,3000.0,1
2026,3,211220,deslig,3500.0,1
2026,3,211220,deslig,4000.0,2
2026,3,211220,deslig,4500.0,1
2026,3,211220,deslig,5500.0,1
2026,3,211220,deslig,6000.0,1
2026,3,211220,deslig,7000.0,2
2026,3,211220,deslig,7500.0,1
2026,3,211220,deslig,8000.0,3
2026,3,211220,deslig,8500.0,1
2026,3,211220,deslig,9000.0,1
2026,3,211220,deslig,9500.0,1
2026,3,211220,deslig,10000.0,4
2026,3,211220,deslig,10500.0,2
2026,3,211220,deslig,13000.0,3
2026,3,211220,deslig,13500.0,2
2026,3,211220,deslig,14000.0,2
2026,3,211220,deslig,14500.0,1
2026,3,211220,deslig,17500.0,1
2026,3,211220,deslig,18500.0,1
2026,3,211220,deslig,24000.0,1
2026,3,211220,deslig,25000.0,1
2026,3,211220,deslig,26500.0,1
2026,3,211220,deslig,32000.0,1
2026,3,212205,adm,2500.0,5
2026,3,212205,adm,3500.0,1
2026,3,212205,adm,4000.0,3
2026,3,212205,adm,4500.0,2
2026,3,212205,adm,5000.0,5
2026,3,212205,adm,5500.0,6
2026,3,212205,adm,6000.0,3
2026,3,212205,adm,6500.0,3
2026,3,212205,adm,7000.0,4
2026,3,212205,adm,7500.0,4
2026,3,212205,adm,8000.0,9
2026,3,212205,adm,8500.0,6
2026,3,212205,adm,9000.0,4
2026,3,212205,adm,9500.0,3
2026,3,212205,adm,10000.0,4
2026,3,212205,adm,10500.0,2
2026,3,212205,adm,11000.0,3
2026,3,212205,adm,11500.0,3
2026,3,212205,adm,12000.0,3
2026,3,212205,adm,12500.0,3
2026,3,212205,adm,13000.0,5
2026,3,212205,adm,13500.0,2
2026,3,212205,adm,14000.0,6
2026,3,212205,adm,14500.0,2
2026,3,212205,adm,15000.0,14
2026,3,212205,adm,15500.0,3
2026,3,212205,adm,16000.0,3
2026,3,212205,adm,16500.0,5
2026,3,212205,adm,17000.0,6
2026,3,212205,adm,17500.0,3
2026,3,212205,adm,18000.0,3
2026,3,212205,adm,18500.0,1
2026,3,212205,adm,19000.0,6
2026,3,212205,adm,19500.0,1
2026,3,212205,adm,20000.0,2
2026,3,212205,adm,20500.0,2
2026,3,212205,adm,21000.0,1
2026,3,212205,adm,21500.0,1
2026,3,212205,adm,22000.0,6
2026,3,212205,adm,22500.0,2
2026,3,212205,adm,23000.0,5
2026,3,212205,adm,23500.0,1
2026,3,212205,adm,24000.0,3
2026,3,212205,adm,24500.0,3
2026,3,212205,adm,25000.0,3
2026,3,212205,adm,25500.0,8
2026,3,212205,adm,26000.0,1
2026,3,212205,adm,26500.0,1
2026,3,212205,adm,27500.0,1
2026,3,212205,adm,28000.0,1
2026,3,212205,adm,29000.0,1
2026,3,212205,adm,29500.0,1
2026,3,212205,adm,30000.0,4
2026,3,212205,adm,30500.0,1
2026,3,212205,adm,31000.0,1
2026,3,212205,adm,32000.0,2
2026,3,212205,adm,33000.0,2
2026,3,212205,adm,34000.0,1
2026,3,212205,adm,34500.0,4
2026,3,212205,adm,35000.0,1
2026,3,212205,adm,36500.0,1
2026,3,212205,adm,37500.0,1
2026,3,212205,adm,38000.0,1
2026,3,212205,adm,38500.0,2
2026,3,212205,adm,40000.0,3
2026,3,212205,adm,41000.0,1
2026,3,212205,adm,41500.0,2
2026,3,212205,adm,46000.0,1
2026,3,212205,adm,48500.0,1
2026,3,212205,adm,50000.0,3
2026,3,212205,deslig,2000.0,1
2026,3,212205,deslig,3000.0,1
2026,3,212205,deslig,4000.0,3
2026,3,212205,deslig,4500.0,4
2026,3,212205,deslig,5000.0,2
2026,3,212205,deslig,5500.0,4
2026,3,212205,deslig,6000.0,3
2026,3,212205,deslig,6500.0,3
2026,3,212205,deslig,7000.0,4
2026,3,212205,deslig,7500.0,3
2026,3,212205,deslig,8000.0,5
2026,3,212205,deslig,8500.0,5
2026,3,212205,deslig,9500.0,3
2026,3,212205,deslig,10000.0,5
2026,3,212205,deslig,10500.0,3
2026,3,212205,deslig,11000.0,1
2026,3,212205,deslig,11500.0,4
2026,3,212205,deslig,12000.0,3
2026,3,212205,deslig,12500.0,5
2026,3,212205,deslig,13000.0,7
2026,3,212205,deslig,13500.0,5
2026,3,212205,deslig,14000.0,9
2026,3,212205,deslig,14500.0,3
2026,3,212205,deslig,15000.0,9
2026,3,212205,deslig,15500.0,3
2026,3,212205,deslig,16000.0,3
2026,3,212205,deslig,16500.0,6
2026,3,212205,deslig,17000.0,5
2026,3,212205,deslig,17500.0,1
2026,3,212205,deslig,18000.0,2
2026,3,212205,deslig,19500.0,1
2026,3,212205,deslig,20000.0,5
2026,3,212205,deslig,20500.0,1
2026,3,212205,deslig,21000.0,2
2026,3,212205,deslig,22000.0,3
2026,3,212205,deslig,22500.0,4
2026,3,212205,deslig,23500.0,1
2026,3,212205,deslig,25000.0,1
2026,3,212205,deslig,26000.0,1
2026,3,212205,deslig,26500.0,1
2026,3,212205,deslig,27000.0,3
2026,3,212205,deslig,27500.0,1
2026,3,212205,deslig,28000.0,1
2026,3,212205,deslig,29000.0,1
2026,3,212205,deslig,29500.0,1
2026,3,212205,deslig,32500.0,1
2026,3,212205,deslig,34000.0,1
2026,3,212205,deslig,37500.0,1
2026,3,212205,deslig,39000.0,1
2026,3,212205,deslig,39500.0,1
2026,3,212205,deslig,45500.0,1
2026,3,212205,deslig,48500.0,1
2026,3,212205,deslig,49000.0,1
2026,3,212205,deslig,50000.0,2
2026,3,212210,adm,5000.0,1
2026,3,212210,adm,8500.0,1
2026,3,212210,adm,10000.0,2
2026,3,212210,adm,11000.0,1
2026,3,212210,adm,11500.0,1
2026,3,212210,adm,12000.0,1
2026,3,212210,adm,12500.0,1
2026,3,212210,adm,13000.0,1
2026,3,212210,adm,14000.0,3
2026,3,212210,adm,15000.0,2
2026,3,212210,adm,16500.0,1
2026,3,212210,adm,17000.0,1
2026,3,212210,adm,20000.0,1
2026,3,212210,adm,25000.0,1
2026,3,212210,adm,40000.0,1
2026,3,212210,adm,41000.0,2
2026,3,212210,deslig,7000.0,1
2026,3,212210,deslig,7500.0,1
2026,3,212210,deslig,8500.0,1
2026,3,212210,deslig,12000.0,1
2026,3,212210,deslig,15000.0,1
2026,3,212210,deslig,35500.0,1
2026,3,212215,adm,0.0,3
2026,3,212215,adm,2000.0,1
2026,3,212215,adm,2500.0,17
2026,3,212215,adm,3000.0,3
2026,3,212215,adm,5000.0,1
2026,3,212215,adm,5500.0,1
2026,3,212215,adm,6000.0,4
2026,3,212215,adm,6500.0,14
2026,3,212215,adm,7000.0,1
2026,3,212215,adm,7500.0,2
2026,3,212215,adm,8000.0,6
2026,3,212215,adm,8500.0,26
2026,3,212215,adm,9000.0,4
2026,3,212215,adm,9500.0,7
2026,3,212215,adm,10000.0,5
2026,3,212215,adm,10500.0,2
2026,3,212215,adm,11000.0,7
2026,3,212215,adm,11500.0,11
2026,3,212215,adm,12000.0,10
2026,3,212215,adm,12500.0,1
2026,3,212215,adm,13000.0,9
2026,3,212215,adm,13500.0,1
2026,3,212215,adm,14000.0,7
2026,3,212215,adm,14500.0,3
2026,3,212215,adm,15000.0,9
2026,3,212215,adm,15500.0,1
2026,3,212215,adm,16000.0,5
2026,3,212215,adm,16500.0,7
2026,3,212215,adm,17000.0,7
2026,3,212215,adm,17500.0,2
2026,3,212215,adm,18000.0,9
2026,3,212215,adm,18500.0,5
2026,3,212215,adm,19000.0,4
2026,3,212215,adm,19500.0,2
2026,3,212215,adm,20000.0,10
2026,3,212215,adm,21000.0,2
2026,3,212215,adm,22000.0,3
2026,3,212215,adm,23000.0,5
2026,3,212215,adm,23500.0,1
2026,3,212215,adm,24000.0,3
2026,3,212215,adm,24500.0,1
2026,3,212215,adm,25000.0,1
2026,3,212215,adm,26000.0,2
2026,3,212215,adm,27500.0,2
2026,3,212215,adm,29500.0,3
2026,3,212215,adm,30000.0,3
2026,3,212215,adm,32000.0,1
2026,3,212215,adm,33000.0,1
2026,3,212215,adm,33500.0,1
2026,3,212215,adm,40000.0,1
2026,3,212215,adm,43500.0,1
2026,3,212215,adm,46000.0,1
2026,3,212215,adm,50000.0,14
2026,3,212215,deslig,2000.0,1
2026,3,212215,deslig,2500.0,5
2026,3,212215,deslig,3500.0,1
2026,3,212215,deslig,4000.0,5
2026,3,212215,deslig,4500.0,3
2026,3,212215,deslig,5000.0,6
2026,3,212215,deslig,5500.0,1
2026,3,212215,deslig,6000.0,3
2026,3,212215,deslig,6500.0,8
2026,3,212215,deslig,7000.0,8
2026,3,212215,deslig,7500.0,5
2026,3,212215,deslig,8000.0,7
2026,3,212215,deslig,8500.0,3
2026,3,212215,deslig,9000.0,6
2026,3,212215,deslig,9500.0,10
2026,3,212215,deslig,10000.0,6
2026,3,212215,deslig,10500.0,5
2026,3,212215,deslig,11000.0,7
2026,3,212215,deslig,11500.0,9
2026,3,212215,deslig,12000.0,10
2026,3,212215,deslig,12500.0,12
2026,3,212215,deslig,13000.0,8
2026,3,212215,deslig,13500.0,5
2026,3,212215,deslig,14000.0,12
2026,3,212215,deslig,14500.0,5
2026,3,212215,deslig,15000.0,5
2026,3,212215,deslig,15500.0,4
2026,3,212215,deslig,16000.0,7
2026,3,212215,deslig,16500.0,6
2026,3,212215,deslig,17000.0,8
2026,3,212215,deslig,17500.0,1
2026,3,212215,deslig,18000.0,2
2026,3,212215,deslig,18500.0,1
2026,3,212215,deslig,19000.0,4
2026,3,212215,deslig,19500.0,2
2026,3,212215,deslig,20000.0,4
2026,3,212215,deslig,20500.0,1
2026,3,212215,deslig,21500.0,1
2026,3,212215,deslig,22000.0,1
2026,3,212215,deslig,23000.0,1
2026,3,212215,deslig,23500.0,2
2026,3,212215,deslig,24000.0,1
2026,3,212215,deslig,24500.0,1
2026,3,212215,deslig,25000.0,2
2026,3,212215,deslig,25500.0,4
2026,3,212215,deslig,26000.0,1
2026,3,212215,deslig,27000.0,3
2026,3,212215,deslig,28000.0,2
2026,3,212215,deslig,28500.0,7
2026,3,212215,deslig,29000.0,1
2026,3,212215,deslig,29500.0,2
2026,3,212215,deslig,30000.0,5
2026,3,212215,deslig,30500.0,1
2026,3,212215,deslig,31000.0,1
2026,3,212215,deslig,31500.0,6
2026,3,212215,deslig,32000.0,2
2026,3,212215,deslig,32500.0,9
2026,3,212215,deslig,33000.0,1
2026,3,212215,deslig,33500.0,2
2026,3,212215,deslig,34000.0,1
2026,3,212215,deslig,34500.0,2
2026,3,212215,deslig,35000.0,1
2026,3,212215,deslig,36500.0,1
2026,3,212215,deslig,37500.0,1
2026,3,212215,deslig,38500.0,1
2026,3,212215,deslig,40000.0,1
2026,3,212215,deslig,42500.0,1
2026,3,212215,deslig,45500.0,1
2026,3,212215,deslig,47500.0,1
2026,3,212215,deslig,50000.0,1
2026,3,212305,adm,1500.0,1
2026,3,212305,adm,2000.0,3
2026,3,212305,adm,2500.0,3
2026,3,212305,adm,3000.0,7
2026,3,212305,adm,3500.0,2
2026,3,212305,adm,4000.0,3
2026,3,212305,adm,4500.0,2
2026,3,212305,adm,5000.0,5
2026,3,212305,adm,6000.0,7
2026,3,212305,adm,6500.0,5
2026,3,212305,adm,7000.0,6
2026,3,212305,adm,7500.0,2
2026,3,212305,adm,8000.0,9
2026,3,212305,adm,8500.0,3
2026,3,212305,adm,9000.0,6
2026,3,212305,adm,9500.0,3
2026,3,212305,adm,10000.0,7
2026,3,212305,adm,10500.0,4
2026,3,212305,adm,11000.0,7
2026,3,212305,adm,11500.0,1
2026,3,212305,adm,12000.0,10
2026,3,212305,adm,12500.0,2
2026,3,212305,adm,13000.0,8
2026,3,212305,adm,13500.0,3
2026,3,212305,adm,14000.0,8
2026,3,212305,adm,14500.0,4
2026,3,212305,adm,15000.0,6
2026,3,212305,adm,15500.0,1
2026,3,212305,adm,22000.0,1
2026,3,212305,adm,26000.0,1
2026,3,212305,adm,37500.0,1
2026,3,212305,adm,40000.0,1
2026,3,212305,deslig,1500.0,2
2026,3,212305,deslig,2000.0,1
2026,3,212305,deslig,2500.0,2
2026,3,212305,deslig,3000.0,8
2026,3,212305,deslig,3500.0,4
2026,3,212305,deslig,4000.0,4
2026,3,212305,deslig,4500.0,4
2026,3,212305,deslig,5000.0,5
2026,3,212305,deslig,5500.0,2
2026,3,212305,deslig,6000.0,7
2026,3,212305,deslig,6500.0,5
2026,3,212305,deslig,7000.0,3
2026,3,212305,deslig,7500.0,2
2026,3,212305,deslig,8000.0,3
2026,3,212305,deslig,8500.0,7
2026,3,212305,deslig,9000.0,6
2026,3,212305,deslig,9500.0,4
2026,3,212305,deslig,10000.0,9
2026,3,212305,deslig,10500.0,2
2026,3,212305,deslig,11000.0,2
2026,3,212305,deslig,11500.0,6
2026,3,212305,deslig,12000.0,12
2026,3,212305,deslig,12500.0,3
2026,3,212305,deslig,13000.0,1
2026,3,212305,deslig,13500.0,4
2026,3,212305,deslig,14000.0,5
2026,3,212305,deslig,14500.0,9
2026,3,212305,deslig,15000.0,7
2026,3,212305,deslig,15500.0,4
2026,3,212305,deslig,16000.0,2
2026,3,212305,deslig,16500.0,2
2026,3,212305,deslig,17000.0,2
2026,3,212305,deslig,18000.0,1
2026,3,212305,deslig,22500.0,1
2026,3,212405,adm,0.0,15
2026,3,212405,adm,1500.0,21
2026,3,212405,adm,2000.0,102
2026,3,212405,adm,2500.0,211
2026,3,212405,adm,3000.0,139
2026,3,212405,adm,3500.0,122
2026,3,212405,adm,4000.0,111
2026,3,212405,adm,4500.0,88
2026,3,212405,adm,5000.0,128
2026,3,212405,adm,5500.0,80
2026,3,212405,adm,6000.0,127
2026,3,212405,adm,6500.0,105
2026,3,212405,adm,7000.0,124
2026,3,212405,adm,7500.0,79
2026,3,212405,adm,8000.0,168
2026,3,212405,adm,8500.0,68
2026,3,212405,adm,9000.0,123
2026,3,212405,adm,9500.0,49
2026,3,212405,adm,10000.0,132
2026,3,212405,adm,10500.0,76
2026,3,212405,adm,11000.0,85
2026,3,212405,adm,11500.0,60
2026,3,212405,adm,12000.0,142
2026,3,212405,adm,12500.0,63
2026,3,212405,adm,13000.0,78
2026,3,212405,adm,13500.0,40
2026,3,212405,adm,14000.0,77
2026,3,212405,adm,14500.0,27
2026,3,212405,adm,15000.0,63
2026,3,212405,adm,15500.0,18
2026,3,212405,adm,16000.0,60
2026,3,212405,adm,16500.0,21
2026,3,212405,adm,17000.0,37
2026,3,212405,adm,17500.0,8
2026,3,212405,adm,18000.0,31
2026,3,212405,adm,18500.0,9
2026,3,212405,adm,19000.0,16
2026,3,212405,adm,19500.0,7
2026,3,212405,adm,20000.0,24
2026,3,212405,adm,20500.0,3
2026,3,212405,adm,21000.0,8
2026,3,212405,adm,21500.0,3
2026,3,212405,adm,22000.0,4
2026,3,212405,adm,23000.0,6
2026,3,212405,adm,23500.0,6
2026,3,212405,adm,24000.0,6
2026,3,212405,adm,24500.0,4
2026,3,212405,adm,25000.0,5
2026,3,212405,adm,25500.0,3
2026,3,212405,adm,26000.0,7
2026,3,212405,adm,26500.0,1
2026,3,212405,adm,27000.0,2
2026,3,212405,adm,27500.0,1
2026,3,212405,adm,28000.0,4
2026,3,212405,adm,30000.0,6
2026,3,212405,adm,31000.0,1
2026,3,212405,adm,32000.0,2
2026,3,212405,adm,33000.0,2
2026,3,212405,adm,34000.0,2
2026,3,212405,adm,34500.0,1
2026,3,212405,adm,37000.0,1
2026,3,212405,adm,40000.0,1
2026,3,212405,adm,43000.0,2
2026,3,212405,adm,48000.0,1
2026,3,212405,adm,50000.0,1
2026,3,212405,deslig,0.0,1
2026,3,212405,deslig,1500.0,26
2026,3,212405,deslig,2000.0,69
2026,3,212405,deslig,2500.0,137
2026,3,212405,deslig,3000.0,137
2026,3,212405,deslig,3500.0,109
2026,3,212405,deslig,4000.0,103
2026,3,212405,deslig,4500.0,133
2026,3,212405,deslig,5000.0,116
2026,3,212405,deslig,5500.0,103
2026,3,212405,deslig,6000.0,129
2026,3,212405,deslig,6500.0,99
2026,3,212405,deslig,7000.0,124
2026,3,212405,deslig,7500.0,114
2026,3,212405,deslig,8000.0,98
2026,3,212405,deslig,8500.0,97
2026,3,212405,deslig,9000.0,129
2026,3,212405,deslig,9500.0,83
2026,3,212405,deslig,10000.0,133
2026,3,212405,deslig,10500.0,103
2026,3,212405,deslig,11000.0,104
2026,3,212405,deslig,11500.0,71
2026,3,212405,deslig,12000.0,96
2026,3,212405,deslig,12500.0,58
2026,3,212405,deslig,13000.0,86
2026,3,212405,deslig,13500.0,67
2026,3,212405,deslig,14000.0,80
2026,3,212405,deslig,14500.0,41
2026,3,212405,deslig,15000.0,51
2026,3,212405,deslig,15500.0,50
2026,3,212405,deslig,16000.0,68
2026,3,212405,deslig,16500.0,38
2026,3,212405,deslig,17000.0,45
2026,3,212405,deslig,17500.0,31
2026,3,212405,deslig,18000.0,41
2026,3,212405,deslig,18500.0,19
2026,3,212405,deslig,19000.0,19
2026,3,212405,deslig,19500.0,12
2026,3,212405,deslig,20000.0,17
2026,3,212405,deslig,20500.0,11
2026,3,212405,deslig,21000.0,15
2026,3,212405,deslig,21500.0,10
2026,3,212405,deslig,22000.0,11
2026,3,212405,deslig,22500.0,5
2026,3,212405,deslig,23000.0,6
2026,3,212405,deslig,23500.0,4
2026,3,212405,deslig,24000.0,3
2026,3,212405,deslig,24500.0,1
2026,3,212405,deslig,25000.0,2
2026,3,212405,deslig,25500.0,2
2026,3,212405,deslig,26000.0,4
2026,3,212405,deslig,27000.0,2
2026,3,212405,deslig,27500.0,3
2026,3,212405,deslig,28000.0,2
2026,3,212405,deslig,28500.0,2
2026,3,212405,deslig,29000.0,1
2026,3,212405,deslig,30500.0,1
2026,3,212405,deslig,31000.0,1
2026,3,212405,deslig,31500.0,1
2026,3,212405,deslig,32000.0,1
2026,3,212405,deslig,36000.0,1
2026,3,212405,deslig,36500.0,1
2026,3,212405,deslig,41000.0,1
2026,3,212405,deslig,43000.0,1
2026,3,212405,deslig,50000.0,3
2026,3,212410,adm,0.0,1
2026,3,212410,adm,1500.0,9
2026,3,212410,adm,2000.0,36
2026,3,212410,adm,2500.0,53
2026,3,212410,adm,3000.0,37
2026,3,212410,adm,3500.0,46
2026,3,212410,adm,4000.0,33
2026,3,212410,adm,4500.0,35
2026,3,212410,adm,5000.0,22
2026,3,212410,adm,5500.0,24
2026,3,212410,adm,6000.0,26
2026,3,212410,adm,6500.0,27
2026,3,212410,adm,7000.0,20
2026,3,212410,adm,7500.0,15
2026,3,212410,adm,8000.0,17
2026,3,212410,adm,8500.0,13
2026,3,212410,adm,9000.0,9
2026,3,212410,adm,9500.0,9
2026,3,212410,adm,10000.0,12
2026,3,212410,adm,10500.0,4
2026,3,212410,adm,11000.0,14
2026,3,212410,adm,11500.0,4
2026,3,212410,adm,12000.0,6
2026,3,212410,adm,12500.0,3
2026,3,212410,adm,13000.0,16
2026,3,212410,adm,13500.0,11
2026,3,212410,adm,14000.0,7
2026,3,212410,adm,14500.0,2
2026,3,212410,adm,15000.0,8
2026,3,212410,adm,16000.0,9
2026,3,212410,adm,16500.0,4
2026,3,212410,adm,17000.0,2
2026,3,212410,adm,17500.0,1
2026,3,212410,adm,18000.0,4
2026,3,212410,adm,18500.0,2
2026,3,212410,adm,19500.0,1
2026,3,212410,adm,20000.0,2
2026,3,212410,adm,20500.0,1
2026,3,212410,adm,21000.0,1
2026,3,212410,adm,21500.0,1
2026,3,212410,adm,22000.0,1
2026,3,212410,adm,24500.0,2
2026,3,212410,adm,25000.0,1
2026,3,212410,adm,26000.0,1
2026,3,212410,adm,26500.0,1
2026,3,212410,adm,28000.0,1
2026,3,212410,adm,30000.0,1
2026,3,212410,deslig,0.0,1
2026,3,212410,deslig,1500.0,12
2026,3,212410,deslig,2000.0,51
2026,3,212410,deslig,2500.0,66
2026,3,212410,deslig,3000.0,47
2026,3,212410,deslig,3500.0,44
2026,3,212410,deslig,4000.0,51
2026,3,212410,deslig,4500.0,24
2026,3,212410,deslig,5000.0,35
2026,3,212410,deslig,5500.0,19
2026,3,212410,deslig,6000.0,23
2026,3,212410,deslig,6500.0,19
2026,3,212410,deslig,7000.0,24
2026,3,212410,deslig,7500.0,26
2026,3,212410,deslig,8000.0,14
2026,3,212410,deslig,8500.0,12
2026,3,212410,deslig,9000.0,9
2026,3,212410,deslig,9500.0,10
2026,3,212410,deslig,10000.0,13
2026,3,212410,deslig,10500.0,5
2026,3,212410,deslig,11000.0,6
2026,3,212410,deslig,11500.0,5
2026,3,212410,deslig,12000.0,4
2026,3,212410,deslig,12500.0,4
2026,3,212410,deslig,13000.0,6
2026,3,212410,deslig,13500.0,9
2026,3,212410,deslig,14000.0,3
2026,3,212410,deslig,14500.0,3
2026,3,212410,deslig,15000.0,6
2026,3,212410,deslig,15500.0,2
2026,3,212410,deslig,16000.0,3
2026,3,212410,deslig,16500.0,5
2026,3,212410,deslig,17000.0,1
2026,3,212410,deslig,17500.0,3
2026,3,212410,deslig,18000.0,3
2026,3,212410,deslig,18500.0,2
2026,3,212410,deslig,19000.0,1
2026,3,212410,deslig,19500.0,3
2026,3,212410,deslig,24000.0,2
2026,3,212410,deslig,24500.0,2
2026,3,212410,deslig,25500.0,2
2026,3,212410,deslig,27000.0,1
2026,3,212410,deslig,29000.0,1
2026,3,212410,deslig,30000.0,1
2026,3,212410,deslig,32000.0,1
2026,3,212425,adm,0.0,1
2026,3,212425,adm,4000.0,1
2026,3,212425,adm,4500.0,2
2026,3,212425,adm,5000.0,1
2026,3,212425,adm,6000.0,1
2026,3,212425,adm,6500.0,1
2026,3,212425,adm,8000.0,1
2026,3,212425,adm,8500.0,1
2026,3,212425,adm,9500.0,1
2026,3,212425,adm,10000.0,1
2026,3,212425,adm,11000.0,2
2026,3,212425,adm,11500.0,1
2026,3,212425,adm,12000.0,2
2026,3,212425,adm,12500.0,1
2026,3,212425,adm,13500.0,1
2026,3,212425,adm,14000.0,2
2026,3,212425,adm,15000.0,1
2026,3,212425,adm,16000.0,6
2026,3,212425,adm,16500.0,3
2026,3,212425,adm,17000.0,3
2026,3,212425,adm,17500.0,2
2026,3,212425,adm,18000.0,6
2026,3,212425,adm,18500.0,2
2026,3,212425,adm,19000.0,2
2026,3,212425,adm,20000.0,3
2026,3,212425,adm,21000.0,1
2026,3,212425,adm,22000.0,3
2026,3,212425,adm,23000.0,2
2026,3,212425,adm,24000.0,2
2026,3,212425,adm,25500.0,1
2026,3,212425,adm,26000.0,1
2026,3,212425,adm,29500.0,1
2026,3,212425,adm,33000.0,1
2026,3,212425,adm,36000.0,1
2026,3,212425,adm,40000.0,2
2026,3,212425,adm,50000.0,1
2026,3,212425,deslig,2000.0,1
2026,3,212425,deslig,2500.0,1
2026,3,212425,deslig,3500.0,1
2026,3,212425,deslig,4000.0,2
2026,3,212425,deslig,4500.0,1
2026,3,212425,deslig,5000.0,1
2026,3,212425,deslig,7000.0,1
2026,3,212425,deslig,7500.0,2
2026,3,212425,deslig,8500.0,2
2026,3,212425,deslig,9500.0,4
2026,3,212425,deslig,10000.0,1
2026,3,212425,deslig,10500.0,2
2026,3,212425,deslig,11500.0,2
2026,3,212425,deslig,12000.0,3
2026,3,212425,deslig,12500.0,1
2026,3,212425,deslig,13000.0,3
2026,3,212425,deslig,14000.0,1
2026,3,212425,deslig,14500.0,1
2026,3,212425,deslig,15000.0,3
2026,3,212425,deslig,16000.0,1
2026,3,212425,deslig,16500.0,5
2026,3,212425,deslig,17000.0,7
2026,3,212425,deslig,17500.0,3
2026,3,212425,deslig,18000.0,4
2026,3,212425,deslig,19000.0,3
2026,3,212425,deslig,19500.0,4
2026,3,212425,deslig,20000.0,1
2026,3,212425,deslig,20500.0,3
2026,3,212425,deslig,21000.0,2
2026,3,212425,deslig,21500.0,2
2026,3,212425,deslig,22000.0,1
2026,3,212425,deslig,22500.0,1
2026,3,212425,deslig,23000.0,2
2026,3,212425,deslig,24000.0,2
2026,3,212425,deslig,24500.0,1
2026,3,212425,deslig,25000.0,1
2026,3,212425,deslig,28000.0,1
2026,3,212425,deslig,30000.0,1
2026,3,212425,deslig,30500.0,1
2026,3,212425,deslig,33500.0,1
2026,3,212425,deslig,44000.0,1
2026,4,203105,adm,2500.0,1
2026,4,203105,adm,3500.0,1
2026,4,203105,adm,4000.0,1
2026,4,203105,adm,4500.0,1
2026,4,203105,adm,5500.0,2
2026,4,203105,adm,6000.0,2
2026,4,203105,adm,6500.0,2
2026,4,203105,adm,7000.0,2
2026,4,203105,adm,7500.0,3
2026,4,203105,adm,8000.0,3
2026,4,203105,adm,9000.0,4
2026,4,203105,adm,9500.0,1
2026,4,203105,adm,10000.0,5
2026,4,203105,adm,10500.0,2
2026,4,203105,adm,11000.0,1
2026,4,203105,adm,12000.0,3
2026,4,203105,adm,12500.0,1
2026,4,203105,adm,13000.0,1
2026,4,203105,adm,14000.0,2
2026,4,203105,adm,16000.0,1
2026,4,203105,adm,16500.0,1
2026,4,203105,adm,17000.0,1
2026,4,203105,adm,17500.0,1
2026,4,203105,adm,19500.0,1
2026,4,203105,adm,25000.0,1
2026,4,203105,adm,28000.0,2
2026,4,203105,deslig,3000.0,1
2026,4,203105,deslig,4000.0,2
2026,4,203105,deslig,4500.0,3
2026,4,203105,deslig,5000.0,1
2026,4,203105,deslig,5500.0,1
2026,4,203105,deslig,6000.0,1
2026,4,203105,deslig,6500.0,1
2026,4,203105,deslig,8000.0,1
2026,4,203105,deslig,8500.0,3
2026,4,203105,deslig,9000.0,1
2026,4,203105,deslig,9500.0,1
2026,4,203105,deslig,10000.0,2
2026,4,203105,deslig,10500.0,1
2026,4,203105,deslig,11000.0,2
2026,4,203105,deslig,12000.0,1
2026,4,203105,deslig,12500.0,2
2026,4,203105,deslig,14000.0,1
2026,4,203105,deslig,15000.0,2
2026,4,203105,deslig,15500.0,3
2026,4,203105,deslig,16000.0,2
2026,4,203105,deslig,17000.0,1
2026,4,203105,deslig,17500.0,2
2026,4,203105,deslig,25000.0,1
2026,4,203105,deslig,26500.0,1
2026,4,203105,deslig,27000.0,1
2026,4,211205,adm,2000.0,1
2026,4,211205,adm,2500.0,3
2026,4,211205,adm,4000.0,1
2026,4,211205,adm,4500.0,1
2026,4,211205,adm,5000.0,1
2026,4,211205,adm,6500.0,1
2026,4,211205,adm,7000.0,3
2026,4,211205,adm,7500.0,3
2026,4,211205,adm,9000.0,3
2026,4,211205,adm,9500.0,1
2026,4,211205,adm,10000.0,2
2026,4,211205,adm,10500.0,2
2026,4,211205,adm,11000.0,1
2026,4,211205,adm,11500.0,1
2026,4,211205,adm,14500.0,1
2026,4,211205,adm,15500.0,2
2026,4,211205,adm,16000.0,1
2026,4,211205,adm,16500.0,1
2026,4,211205,adm,17000.0,2
2026,4,211205,adm,18500.0,1
2026,4,211205,adm,21000.0,1
2026,4,211205,adm,22000.0,1
2026,4,211205,adm,24000.0,1
2026,4,211205,adm,31000.0,1
2026,4,211205,adm,50000.0,1
2026,4,211205,deslig,2500.0,1
2026,4,211205,deslig,4000.0,1
2026,4,211205,deslig,4500.0,2
2026,4,211205,deslig,5000.0,2
2026,4,211205,deslig,5500.0,1
2026,4,211205,deslig,6000.0,1
2026,4,211205,deslig,6500.0,1
2026,4,211205,deslig,7000.0,1
2026,4,211205,deslig,7500.0,1
2026,4,211205,deslig,8000.0,2
2026,4,211205,deslig,8500.0,2
2026,4,211205,deslig,9000.0,5
2026,4,211205,deslig,9500.0,1
2026,4,211205,deslig,10000.0,1
2026,4,211205,deslig,12000.0,1
2026,4,211205,deslig,13500.0,2
2026,4,211205,deslig,14500.0,1
2026,4,211205,deslig,16500.0,1
2026,4,211205,deslig,17000.0,2
2026,4,211205,deslig,30000.0,1
2026,4,211205,deslig,30500.0,1
2026,4,211210,adm,3000.0,1
2026,4,211210,adm,4000.0,3
2026,4,211210,adm,5000.0,1
2026,4,211210,adm,6000.0,1
2026,4,211210,adm,9000.0,1
2026,4,211210,deslig,8500.0,1
2026,4,211210,deslig,11500.0,1
2026,4,211210,deslig,12500.0,1
2026,4,211210,deslig,17000.0,1
2026,4,211210,deslig,28000.0,1
2026,4,211220,adm,1500.0,1
2026,4,211220,adm,3500.0,1
2026,4,211220,adm,4000.0,1
2026,4,211220,adm,4500.0,1
2026,4,211220,adm,5000.0,1
2026,4,211220,adm,6500.0,2
2026,4,211220,adm,7000.0,1
2026,4,211220,adm,7500.0,1
2026,4,211220,adm,9000.0,1
2026,4,211220,adm,9500.0,3
2026,4,211220,adm,10000.0,2
2026,4,211220,adm,11000.0,2
2026,4,211220,adm,11500.0,1
2026,4,211220,adm,12000.0,3
2026,4,211220,adm,13000.0,2
2026,4,211220,adm,13500.0,1
2026,4,211220,adm,14000.0,1
2026,4,211220,adm,15000.0,2
2026,4,211220,adm,15500.0,1
2026,4,211220,adm,16000.0,2
2026,4,211220,adm,17000.0,1
2026,4,211220,adm,17500.0,1
2026,4,211220,adm,18000.0,2
2026,4,211220,adm,19000.0,3
2026,4,211220,adm,19500.0,1
2026,4,211220,adm,20000.0,2
2026,4,211220,adm,21000.0,1
2026,4,211220,adm,21500.0,2
2026,4,211220,adm,22000.0,3
2026,4,211220,adm,24000.0,2
2026,4,211220,adm,25000.0,1
2026,4,211220,adm,26000.0,1
2026,4,211220,adm,30000.0,1
2026,4,211220,adm,36500.0,1
2026,4,211220,adm,40000.0,1
2026,4,211220,deslig,1500.0,2
2026,4,211220,deslig,3000.0,2
2026,4,211220,deslig,3500.0,1
2026,4,211220,deslig,4000.0,2
2026,4,211220,deslig,4500.0,2
2026,4,211220,deslig,5000.0,2
2026,4,211220,deslig,5500.0,2
2026,4,211220,deslig,6500.0,2
2026,4,211220,deslig,7000.0,1
2026,4,211220,deslig,7500.0,3
2026,4,211220,deslig,8000.0,3
2026,4,211220,deslig,9000.0,3
2026,4,211220,deslig,9500.0,3
2026,4,211220,deslig,10000.0,2
2026,4,211220,deslig,10500.0,2
2026,4,211220,deslig,11000.0,1
2026,4,211220,deslig,11500.0,1
2026,4,211220,deslig,12000.0,4
2026,4,211220,deslig,12500.0,1
2026,4,211220,deslig,13000.0,1
2026,4,211220,deslig,13500.0,1
2026,4,211220,deslig,15000.0,1
2026,4,211220,deslig,15500.0,3
2026,4,211220,deslig,16000.0,2
2026,4,211220,deslig,16500.0,2
2026,4,211220,deslig,17000.0,1
2026,4,211220,deslig,17500.0,1
2026,4,211220,deslig,18000.0,1
2026,4,211220,deslig,18500.0,1
2026,4,211220,deslig,20000.0,1
2026,4,211220,deslig,29500.0,1
2026,4,211220,deslig,44000.0,1
2026,4,212205,adm,2000.0,1
2026,4,212205,adm,2500.0,4
2026,4,212205,adm,3000.0,1
2026,4,212205,adm,3500.0,1
2026,4,212205,adm,4500.0,3
2026,4,212205,adm,5000.0,6
2026,4,212205,adm,5500.0,3
2026,4,212205,adm,6000.0,1
2026,4,212205,adm,6500.0,4
2026,4,212205,adm,7000.0,2
2026,4,212205,adm,7500.0,2
2026,4,212205,adm,8000.0,11
2026,4,212205,adm,8500.0,4
2026,4,212205,adm,9000.0,6
2026,4,212205,adm,9500.0,2
2026,4,212205,adm,10000.0,9
2026,4,212205,adm,10500.0,5
2026,4,212205,adm,11000.0,7
2026,4,212205,adm,11500.0,1
2026,4,212205,adm,12000.0,11
2026,4,212205,adm,12500.0,4
2026,4,212205,adm,13000.0,4
2026,4,212205,adm,13500.0,2
2026,4,212205,adm,14000.0,8
2026,4,212205,adm,14500.0,2
2026,4,212205,adm,15000.0,20
2026,4,212205,adm,15500.0,2
2026,4,212205,adm,16000.0,7
2026,4,212205,adm,16500.0,2
2026,4,212205,adm,17000.0,5
2026,4,212205,adm,17500.0,1
2026,4,212205,adm,18000.0,3
2026,4,212205,adm,18500.0,3
2026,4,212205,adm,19000.0,6
2026,4,212205,adm,20000.0,3
2026,4,212205,adm,20500.0,3
2026,4,212205,adm,21000.0,2
2026,4,212205,adm,23000.0,5
2026,4,212205,adm,23500.0,1
2026,4,212205,adm,24000.0,1
2026,4,212205,adm,24500.0,3
2026,4,212205,adm,25000.0,3
2026,4,212205,adm,25500.0,2
2026,4,212205,adm,26000.0,1
2026,4,212205,adm,26500.0,1
2026,4,212205,adm,27000.0,2
2026,4,212205,adm,28000.0,5
2026,4,212205,adm,28500.0,1
2026,4,212205,adm,29500.0,2
2026,4,212205,adm,30000.0,4
2026,4,212205,adm,30500.0,1
2026,4,212205,adm,31000.0,3
2026,4,212205,adm,32000.0,4
2026,4,212205,adm,32500.0,2
2026,4,212205,adm,34000.0,2
2026,4,212205,adm,35000.0,2
2026,4,212205,adm,36000.0,1
2026,4,212205,adm,36500.0,1
2026,4,212205,adm,37500.0,1
2026,4,212205,adm,39000.0,1
2026,4,212205,adm,40000.0,2
2026,4,212205,adm,41500.0,1
2026,4,212205,adm,43000.0,1
2026,4,212205,adm,45000.0,1
2026,4,212205,adm,47500.0,1
2026,4,212205,adm,49000.0,2
2026,4,212205,adm,50000.0,5
2026,4,212205,deslig,2000.0,2
2026,4,212205,deslig,2500.0,2
2026,4,212205,deslig,3000.0,4
2026,4,212205,deslig,4500.0,4
2026,4,212205,deslig,5000.0,3
2026,4,212205,deslig,5500.0,6
2026,4,212205,deslig,6000.0,7
2026,4,212205,deslig,6500.0,5
2026,4,212205,deslig,7000.0,6
2026,4,212205,deslig,7500.0,5
2026,4,212205,deslig,8000.0,2
2026,4,212205,deslig,8500.0,7
2026,4,212205,deslig,9000.0,4
2026,4,212205,deslig,9500.0,3
2026,4,212205,deslig,10000.0,9
2026,4,212205,deslig,10500.0,8
2026,4,212205,deslig,11000.0,6
2026,4,212205,deslig,11500.0,2
2026,4,212205,deslig,12000.0,7
2026,4,212205,deslig,12500.0,5
2026,4,212205,deslig,13000.0,3
2026,4,212205,deslig,13500.0,5
2026,4,212205,deslig,14000.0,5
2026,4,212205,deslig,14500.0,2
2026,4,212205,deslig,15000.0,8
2026,4,212205,deslig,15500.0,8
2026,4,212205,deslig,16000.0,4
2026,4,212205,deslig,16500.0,5
2026,4,212205,deslig,17000.0,12
2026,4,212205,deslig,17500.0,3
2026,4,212205,deslig,18500.0,6
2026,4,212205,deslig,19000.0,4
2026,4,212205,deslig,19500.0,1
2026,4,212205,deslig,20000.0,4
2026,4,212205,deslig,20500.0,3
2026,4,212205,deslig,21000.0,1
2026,4,212205,deslig,21500.0,3
2026,4,212205,deslig,22000.0,3
2026,4,212205,deslig,23000.0,2
2026,4,212205,deslig,23500.0,1
2026,4,212205,deslig,24000.0,4
2026,4,212205,deslig,24500.0,2
2026,4,212205,deslig,25000.0,1
2026,4,212205,deslig,26000.0,1
2026,4,212205,deslig,26500.0,1
2026,4,212205,deslig,27000.0,1
2026,4,212205,deslig,28000.0,2
2026,4,212205,deslig,28500.0,1
2026,4,212205,deslig,29500.0,1
2026,4,212205,deslig,30000.0,3
2026,4,212205,deslig,32500.0,1
2026,4,212205,deslig,33500.0,2
2026,4,212205,deslig,34000.0,1
2026,4,212205,deslig,35500.0,2
2026,4,212205,deslig,36000.0,1
2026,4,212205,deslig,37000.0,1
2026,4,212205,deslig,38000.0,1
2026,4,212205,deslig,43500.0,1
2026,4,212205,deslig,47000.0,1
2026,4,212205,deslig,50000.0,4
2026,4,212210,adm,10000.0,2
2026,4,212210,adm,11000.0,2
2026,4,212210,adm,12500.0,1
2026,4,212210,adm,14000.0,1
2026,4,212210,adm,15000.0,1
2026,4,212210,adm,16000.0,2
2026,4,212210,adm,17000.0,1
2026,4,212210,adm,17500.0,1
2026,4,212210,adm,30000.0,1
2026,4,212210,adm,30500.0,1
2026,4,212210,adm,33000.0,1
2026,4,212210,adm,44000.0,1
2026,4,212210,deslig,5000.0,1
2026,4,212210,deslig,6500.0,1
2026,4,212210,deslig,11000.0,2
2026,4,212210,deslig,12000.0,1
2026,4,212210,deslig,13000.0,1
2026,4,212210,deslig,20000.0,1
2026,4,212210,deslig,23000.0,1
2026,4,212210,deslig,24500.0,1
2026,4,212210,deslig,38000.0,1
2026,4,212215,adm,2000.0,2
2026,4,212215,adm,2500.0,2
2026,4,212215,adm,3000.0,2
2026,4,212215,adm,3500.0,1
2026,4,212215,adm,4000.0,1
2026,4,212215,adm,5000.0,1
2026,4,212215,adm,5500.0,1
2026,4,212215,adm,6000.0,4
2026,4,212215,adm,6500.0,13
2026,4,212215,adm,7000.0,1
2026,4,212215,adm,7500.0,1
2026,4,212215,adm,8000.0,5
2026,4,212215,adm,8500.0,16
2026,4,212215,adm,9000.0,5
2026,4,212215,adm,9500.0,3
2026,4,212215,adm,10000.0,6
2026,4,212215,adm,10500.0,2
2026,4,212215,adm,11000.0,7
2026,4,212215,adm,11500.0,11
2026,4,212215,adm,12000.0,6
2026,4,212215,adm,12500.0,6
2026,4,212215,adm,13000.0,7
2026,4,212215,adm,13500.0,2
2026,4,212215,adm,14000.0,10
2026,4,212215,adm,14500.0,2
2026,4,212215,adm,15000.0,8
2026,4,212215,adm,15500.0,6
2026,4,212215,adm,16000.0,7
2026,4,212215,adm,16500.0,4
2026,4,212215,adm,17000.0,8
2026,4,212215,adm,17500.0,2
2026,4,212215,adm,18000.0,6
2026,4,212215,adm,18500.0,1
2026,4,212215,adm,19000.0,4
2026,4,212215,adm,20000.0,8
2026,4,212215,adm,20500.0,4
2026,4,212215,adm,21000.0,5
2026,4,212215,adm,22000.0,2
2026,4,212215,adm,22500.0,1
2026,4,212215,adm,23000.0,5
2026,4,212215,adm,24500.0,1
2026,4,212215,adm,25000.0,3
2026,4,212215,adm,26000.0,2
2026,4,212215,adm,26500.0,1
2026,4,212215,adm,27000.0,1
2026,4,212215,adm,27500.0,1
2026,4,212215,adm,28000.0,1
2026,4,212215,adm,29000.0,3
2026,4,212215,adm,30000.0,4
2026,4,212215,adm,30500.0,1
2026,4,212215,adm,31000.0,1
2026,4,212215,adm,32000.0,1
2026,4,212215,adm,32500.0,1
2026,4,212215,adm,33000.0,2
2026,4,212215,adm,33500.0,2
2026,4,212215,adm,34000.0,2
2026,4,212215,adm,35000.0,1
2026,4,212215,adm,35500.0,1
2026,4,212215,adm,39000.0,1
2026,4,212215,adm,40000.0,1
2026,4,212215,adm,41000.0,2
2026,4,212215,adm,43000.0,2
2026,4,212215,adm,47000.0,1
2026,4,212215,adm,48000.0,1
2026,4,212215,adm,50000.0,6
2026,4,212215,deslig,2500.0,5
2026,4,212215,deslig,3000.0,2
2026,4,212215,deslig,3500.0,4
2026,4,212215,deslig,4000.0,8
2026,4,212215,deslig,4500.0,2
2026,4,212215,deslig,5000.0,1
2026,4,212215,deslig,5500.0,1
2026,4,212215,deslig,6000.0,7
2026,4,212215,deslig,6500.0,5
2026,4,212215,deslig,7000.0,5
2026,4,212215,deslig,7500.0,4
2026,4,212215,deslig,8000.0,6
2026,4,212215,deslig,8500.0,3
2026,4,212215,deslig,9000.0,4
2026,4,212215,deslig,9500.0,4
2026,4,212215,deslig,10000.0,6
2026,4,212215,deslig,10500.0,3
2026,4,212215,deslig,11000.0,2
2026,4,212215,deslig,11500.0,13
2026,4,212215,deslig,12000.0,10
2026,4,212215,deslig,12500.0,10
2026,4,212215,deslig,13000.0,7
2026,4,212215,deslig,13500.0,2
2026,4,212215,deslig,14000.0,2
2026,4,212215,deslig,14500.0,3
2026,4,212215,deslig,15000.0,5
2026,4,212215,deslig,15500.0,5
2026,4,212215,deslig,16000.0,5
2026,4,212215,deslig,16500.0,2
2026,4,212215,deslig,17000.0,5
2026,4,212215,deslig,17500.0,5
2026,4,212215,deslig,18000.0,3
2026,4,212215,deslig,18500.0,2
2026,4,212215,deslig,19000.0,6
2026,4,212215,deslig,20000.0,1
2026,4,212215,deslig,20500.0,2
2026,4,212215,deslig,21000.0,4
2026,4,212215,deslig,22000.0,4
2026,4,212215,deslig,22500.0,1
2026,4,212215,deslig,23000.0,3
2026,4,212215,deslig,23500.0,1
2026,4,212215,deslig,25000.0,1
2026,4,212215,deslig,25500.0,1
2026,4,212215,deslig,26000.0,1
2026,4,212215,deslig,27000.0,4
2026,4,212215,deslig,27500.0,1
2026,4,212215,deslig,28000.0,2
2026,4,212215,deslig,28500.0,2
2026,4,212215,deslig,30000.0,1
2026,4,212215,deslig,30500.0,1
2026,4,212215,deslig,31000.0,1
2026,4,212215,deslig,31500.0,2
2026,4,212215,deslig,33000.0,1
2026,4,212215,deslig,33500.0,1
2026,4,212215,deslig,34500.0,1
2026,4,212215,deslig,35000.0,2
2026,4,212215,deslig,38000.0,1
2026,4,212215,deslig,45000.0,1
2026,4,212215,deslig,46500.0,1
2026,4,212215,deslig,47500.0,1
2026,4,212215,deslig,50000.0,5
2026,4,212305,adm,1500.0,1
2026,4,212305,adm,2000.0,4
2026,4,212305,adm,2500.0,1
2026,4,212305,adm,3000.0,2
2026,4,212305,adm,3500.0,4
2026,4,212305,adm,4000.0,6
2026,4,212305,adm,4500.0,5
2026,4,212305,adm,5000.0,5
2026,4,212305,adm,5500.0,3
2026,4,212305,adm,6000.0,14
2026,4,212305,adm,6500.0,5
2026,4,212305,adm,7000.0,6
2026,4,212305,adm,7500.0,3
2026,4,212305,adm,8000.0,5
2026,4,212305,adm,8500.0,4
2026,4,212305,adm,9000.0,5
2026,4,212305,adm,9500.0,7
2026,4,212305,adm,10000.0,4
2026,4,212305,adm,10500.0,2
2026,4,212305,adm,11000.0,5
2026,4,212305,adm,11500.0,2
2026,4,212305,adm,12000.0,8
2026,4,212305,adm,12500.0,6
2026,4,212305,adm,13000.0,3
2026,4,212305,adm,13500.0,1
2026,4,212305,adm,14000.0,4
2026,4,212305,adm,14500.0,1
2026,4,212305,adm,15000.0,5
2026,4,212305,adm,16500.0,2
2026,4,212305,adm,17000.0,2
2026,4,212305,adm,17500.0,3
2026,4,212305,adm,18000.0,1
2026,4,212305,adm,18500.0,1
2026,4,212305,adm,19500.0,1
2026,4,212305,adm,20000.0,1
2026,4,212305,adm,25000.0,1
2026,4,212305,adm,26000.0,1
2026,4,212305,adm,31500.0,2
2026,4,212305,adm,33500.0,1
2026,4,212305,adm,35500.0,1
2026,4,212305,deslig,1500.0,2
2026,4,212305,deslig,2000.0,4
2026,4,212305,deslig,2500.0,3
2026,4,212305,deslig,3000.0,1
2026,4,212305,deslig,3500.0,6
2026,4,212305,deslig,4000.0,3
2026,4,212305,deslig,4500.0,6
2026,4,212305,deslig,5000.0,4
2026,4,212305,deslig,5500.0,4
2026,4,212305,deslig,6000.0,4
2026,4,212305,deslig,6500.0,1
2026,4,212305,deslig,7000.0,5
2026,4,212305,deslig,7500.0,2
2026,4,212305,deslig,8000.0,5
2026,4,212305,deslig,8500.0,7
2026,4,212305,deslig,9000.0,6
2026,4,212305,deslig,9500.0,3
2026,4,212305,deslig,10000.0,4
2026,4,212305,deslig,10500.0,4
2026,4,212305,deslig,11000.0,5
2026,4,212305,deslig,11500.0,2
2026,4,212305,deslig,12000.0,7
2026,4,212305,deslig,12500.0,5
2026,4,212305,deslig,13000.0,2
2026,4,212305,deslig,13500.0,5
2026,4,212305,deslig,14000.0,7
2026,4,212305,deslig,14500.0,5
2026,4,212305,deslig,15000.0,6
2026,4,212305,deslig,15500.0,5
2026,4,212305,deslig,16000.0,3
2026,4,212305,deslig,16500.0,2
2026,4,212305,deslig,17500.0,1
2026,4,212305,deslig,18000.0,3
2026,4,212305,deslig,18500.0,1
2026,4,212305,deslig,19000.0,2
2026,4,212305,deslig,19500.0,1
2026,4,212305,deslig,20000.0,1
2026,4,212305,deslig,21000.0,1
2026,4,212305,deslig,21500.0,1
2026,4,212305,deslig,22000.0,1
2026,4,212305,deslig,23500.0,1
2026,4,212305,deslig,43000.0,1
2026,4,212305,deslig,50000.0,1
2026,4,212405,adm,0.0,8
2026,4,212405,adm,1500.0,21
2026,4,212405,adm,2000.0,63
2026,4,212405,adm,2500.0,178
2026,4,212405,adm,3000.0,141
2026,4,212405,adm,3500.0,131
2026,4,212405,adm,4000.0,128
2026,4,212405,adm,4500.0,114
2026,4,212405,adm,5000.0,116
2026,4,212405,adm,5500.0,74
2026,4,212405,adm,6000.0,116
2026,4,212405,adm,6500.0,121
2026,4,212405,adm,7000.0,127
2026,4,212405,adm,7500.0,104
2026,4,212405,adm,8000.0,147
2026,4,212405,adm,8500.0,101
2026,4,212405,adm,9000.0,117
2026,4,212405,adm,9500.0,61
2026,4,212405,adm,10000.0,149
2026,4,212405,adm,10500.0,60
2026,4,212405,adm,11000.0,124
2026,4,212405,adm,11500.0,64
2026,4,212405,adm,12000.0,132
2026,4,212405,adm,12500.0,48
2026,4,212405,adm,13000.0,115
2026,4,212405,adm,13500.0,52
2026,4,212405,adm,14000.0,65
2026,4,212405,adm,14500.0,27
2026,4,212405,adm,15000.0,73
2026,4,212405,adm,15500.0,21
2026,4,212405,adm,16000.0,60
2026,4,212405,adm,16500.0,18
2026,4,212405,adm,17000.0,40
2026,4,212405,adm,17500.0,14
2026,4,212405,adm,18000.0,30
2026,4,212405,adm,18500.0,11
2026,4,212405,adm,19000.0,26
2026,4,212405,adm,19500.0,9
2026,4,212405,adm,20000.0,18
2026,4,212405,adm,20500.0,10
2026,4,212405,adm,21000.0,9
2026,4,212405,adm,21500.0,8
2026,4,212405,adm,22000.0,13
2026,4,212405,adm,23000.0,15
2026,4,212405,adm,23500.0,4
2026,4,212405,adm,24000.0,10
2026,4,212405,adm,24500.0,2
2026,4,212405,adm,25000.0,12
2026,4,212405,adm,25500.0,7
2026,4,212405,adm,26000.0,4
2026,4,212405,adm,26500.0,3
2026,4,212405,adm,27000.0,5
2026,4,212405,adm,28000.0,4
2026,4,212405,adm,28500.0,11
2026,4,212405,adm,29000.0,2
2026,4,212405,adm,29500.0,1
2026,4,212405,adm,30000.0,5
2026,4,212405,adm,30500.0,1
2026,4,212405,adm,32000.0,2
2026,4,212405,adm,32500.0,8
2026,4,212405,adm,33000.0,4
2026,4,212405,adm,33500.0,3
2026,4,212405,adm,34000.0,1
2026,4,212405,adm,34500.0,3
2026,4,212405,adm,35000.0,1
2026,4,212405,adm,35500.0,1
2026,4,212405,adm,37500.0,1
2026,4,212405,adm,38500.0,1
2026,4,212405,adm,39000.0,2
2026,4,212405,adm,41000.0,1
2026,4,212405,adm,41500.0,1
2026,4,212405,adm,43500.0,2
2026,4,212405,adm,46000.0,1
2026,4,212405,adm,47000.0,1
2026,4,212405,adm,48500.0,1
2026,4,212405,adm,49500.0,1
2026,4,212405,adm,50000.0,6
2026,4,212405,deslig,500.0,1
2026,4,212405,deslig,1500.0,17
2026,4,212405,deslig,2000.0,89
2026,4,212405,deslig,2500.0,135
2026,4,212405,deslig,3000.0,114
2026,4,212405,deslig,3500.0,102
2026,4,212405,deslig,4000.0,117
2026,4,212405,deslig,4500.0,98
2026,4,212405,deslig,5000.0,113
2026,4,212405,deslig,5500.0,117
2026,4,212405,deslig,6000.0,134
2026,4,212405,deslig,6500.0,107
2026,4,212405,deslig,7000.0,130
2026,4,212405,deslig,7500.0,121
2026,4,212405,deslig,8000.0,117
2026,4,212405,deslig,8500.0,102
2026,4,212405,deslig,9000.0,126
2026,4,212405,deslig,9500.0,97
2026,4,212405,deslig,10000.0,112
2026,4,212405,deslig,10500.0,105
2026,4,212405,deslig,11000.0,125
2026,4,212405,deslig,11500.0,80
2026,4,212405,deslig,12000.0,110
2026,4,212405,deslig,12500.0,77
2026,4,212405,deslig,13000.0,81
2026,4,212405,deslig,13500.0,66
2026,4,212405,deslig,14000.0,61
2026,4,212405,deslig,14500.0,66
2026,4,212405,deslig,15000.0,68
2026,4,212405,deslig,15500.0,38
2026,4,212405,deslig,16000.0,54
2026,4,212405,deslig,16500.0,35
2026,4,212405,deslig,17000.0,54
2026,4,212405,deslig,17500.0,30
2026,4,212405,deslig,18000.0,25
2026,4,212405,deslig,18500.0,28
2026,4,212405,deslig,19000.0,14
2026,4,212405,deslig,19500.0,16
2026,4,212405,deslig,20000.0,19
2026,4,212405,deslig,20500.0,19
2026,4,212405,deslig,21000.0,10
2026,4,212405,deslig,21500.0,8
2026,4,212405,deslig,22000.0,8
2026,4,212405,deslig,22500.0,4
2026,4,212405,deslig,23000.0,5
2026,4,212405,deslig,23500.0,8
2026,4,212405,deslig,24000.0,5
2026,4,212405,deslig,24500.0,3
2026,4,212405,deslig,25000.0,5
2026,4,212405,deslig,25500.0,2
2026,4,212405,deslig,26000.0,5
2026,4,212405,deslig,26500.0,1
2026,4,212405,deslig,27000.0,1
2026,4,212405,deslig,27500.0,1
2026,4,212405,deslig,28000.0,2
2026,4,212405,deslig,28500.0,1
2026,4,212405,deslig,29000.0,1
2026,4,212405,deslig,31000.0,3
2026,4,212405,deslig,33000.0,1
2026,4,212405,deslig,33500.0,2
2026,4,212405,deslig,34000.0,1
2026,4,212405,deslig,40500.0,1
2026,4,212405,deslig,41000.0,1
2026,4,212405,deslig,41500.0,1
2026,4,212405,deslig,42000.0,1
2026,4,212405,deslig,50000.0,2
2026,4,212410,adm,1500.0,9
2026,4,212410,adm,2000.0,52
2026,4,212410,adm,2500.0,54
2026,4,212410,adm,3000.0,51
2026,4,212410,adm,3500.0,37
2026,4,212410,adm,4000.0,46
2026,4,212410,adm,4500.0,23
2026,4,212410,adm,5000.0,27
2026,4,212410,adm,5500.0,20
2026,4,212410,adm,6000.0,24
2026,4,212410,adm,6500.0,24
2026,4,212410,adm,7000.0,23
2026,4,212410,adm,7500.0,11
2026,4,212410,adm,8000.0,17
2026,4,212410,adm,8500.0,11
2026,4,212410,adm,9000.0,3
2026,4,212410,adm,9500.0,7
2026,4,212410,adm,10000.0,6
2026,4,212410,adm,10500.0,7
2026,4,212410,adm,11000.0,12
2026,4,212410,adm,11500.0,6
2026,4,212410,adm,12000.0,9
2026,4,212410,adm,12500.0,1
2026,4,212410,adm,13000.0,2
2026,4,212410,adm,13500.0,4
2026,4,212410,adm,14000.0,6
2026,4,212410,adm,14500.0,4
2026,4,212410,adm,15000.0,3
2026,4,212410,adm,15500.0,1
2026,4,212410,adm,16500.0,5
2026,4,212410,adm,17000.0,3
2026,4,212410,adm,17500.0,2
2026,4,212410,adm,18000.0,3
2026,4,212410,adm,18500.0,2
2026,4,212410,adm,19000.0,2
2026,4,212410,adm,21000.0,2
2026,4,212410,adm,21500.0,3
2026,4,212410,adm,22000.0,3
2026,4,212410,adm,23500.0,3
2026,4,212410,adm,24000.0,1
2026,4,212410,adm,25000.0,1
2026,4,212410,adm,26500.0,1
2026,4,212410,adm,30000.0,1
2026,4,212410,adm,31000.0,1
2026,4,212410,deslig,1500.0,13
2026,4,212410,deslig,2000.0,61
2026,4,212410,deslig,2500.0,57
2026,4,212410,deslig,3000.0,51
2026,4,212410,deslig,3500.0,38
2026,4,212410,deslig,4000.0,45
2026,4,212410,deslig,4500.0,31
2026,4,212410,deslig,5000.0,36
2026,4,212410,deslig,5500.0,23
2026,4,212410,deslig,6000.0,16
2026,4,212410,deslig,6500.0,14
2026,4,212410,deslig,7000.0,10
2026,4,212410,deslig,7500.0,8
2026,4,212410,deslig,8000.0,13
2026,4,212410,deslig,8500.0,4
2026,4,212410,deslig,9000.0,15
2026,4,212410,deslig,9500.0,9
2026,4,212410,deslig,10000.0,5
2026,4,212410,deslig,10500.0,8
2026,4,212410,deslig,11000.0,7
2026,4,212410,deslig,11500.0,4
2026,4,212410,deslig,12000.0,9
2026,4,212410,deslig,12500.0,7
2026,4,212410,deslig,13000.0,8
2026,4,212410,deslig,13500.0,3
2026,4,212410,deslig,14000.0,7
2026,4,212410,deslig,14500.0,2
2026,4,212410,deslig,15000.0,4
2026,4,212410,deslig,15500.0,2
2026,4,212410,deslig,16000.0,5
2026,4,212410,deslig,16500.0,2
2026,4,212410,deslig,17000.0,5
2026,4,212410,deslig,17500.0,2
2026,4,212410,deslig,18000.0,2
2026,4,212410,deslig,18500.0,3
2026,4,212410,deslig,19000.0,1
2026,4,212410,deslig,19500.0,1
2026,4,212410,deslig,20000.0,1
2026,4,212410,deslig,20500.0,1
2026,4,212410,deslig,21000.0,1
2026,4,212410,deslig,22000.0,2
2026,4,212410,deslig,23500.0,1
2026,4,212410,deslig,24000.0,1
2026,4,212410,deslig,25000.0,1
2026,4,212410,deslig,27000.0,1
2026,4,212410,deslig,29000.0,1
2026,4,212410,deslig,50000.0,2
2026,4,212425,adm,1500.0,2
2026,4,212425,adm,2000.0,1
2026,4,212425,adm,2500.0,4
2026,4,212425,adm,5500.0,1
2026,4,212425,adm,6000.0,2
2026,4,212425,adm,8000.0,1
2026,4,212425,adm,9000.0,4
2026,4,212425,adm,9500.0,3
2026,4,212425,adm,10000.0,1
2026,4,212425,adm,10500.0,1
2026,4,212425,adm,11000.0,1
2026,4,212425,adm,12000.0,3
2026,4,212425,adm,12500.0,1
2026,4,212425,adm,13000.0,2
2026,4,212425,adm,13500.0,1
2026,4,212425,adm,14000.0,3
2026,4,212425,adm,15000.0,4
2026,4,212425,adm,15500.0,1
2026,4,212425,adm,16000.0,6
2026,4,212425,adm,17000.0,2
2026,4,212425,adm,17500.0,2
2026,4,212425,adm,18000.0,7
2026,4,212425,adm,18500.0,1
2026,4,212425,adm,19000.0,1
2026,4,212425,adm,19500.0,1
2026,4,212425,adm,20000.0,7
2026,4,212425,adm,20500.0,2
2026,4,212425,adm,21000.0,5
2026,4,212425,adm,21500.0,1
2026,4,212425,adm,22000.0,1
2026,4,212425,adm,22500.0,1
2026,4,212425,adm,23500.0,1
2026,4,212425,adm,24000.0,2
2026,4,212425,adm,24500.0,1
2026,4,212425,adm,25000.0,3
2026,4,212425,adm,28000.0,2
2026,4,212425,adm,29000.0,3
2026,4,212425,adm,30000.0,1
2026,4,212425,adm,37500.0,1
2026,4,212425,adm,46000.0,1
2026,4,212425,adm,50000.0,2
2026,4,212425,deslig,2000.0,3
2026,4,212425,deslig,2500.0,1
2026,4,212425,deslig,3500.0,1
2026,4,212425,deslig,4500.0,4
2026,4,212425,deslig,5000.0,1
2026,4,212425,deslig,6000.0,1
2026,4,212425,deslig,6500.0,1
2026,4,212425,deslig,7000.0,4
2026,4,212425,deslig,7500.0,1
2026,4,212425,deslig,8500.0,1
2026,4,212425,deslig,9000.0,3
2026,4,212425,deslig,9500.0,1
2026,4,212425,deslig,10000.0,2
2026,4,212425,deslig,10500.0,2
2026,4,212425,deslig,11000.0,2
2026,4,212425,deslig,11500.0,2
2026,4,212425,deslig,12000.0,2
2026,4,212425,deslig,13000.0,5
2026,4,212425,deslig,13500.0,1
2026,4,212425,deslig,14000.0,2
2026,4,212425,deslig,14500.0,1
2026,4,212425,deslig,15000.0,6
2026,4,212425,deslig,15500.0,4
2026,4,212425,deslig,16000.0,7
2026,4,212425,deslig,16500.0,2
2026,4,212425,deslig,17000.0,2
2026,4,212425,deslig,17500.0,1
2026,4,212425,deslig,18000.0,4
2026,4,212425,deslig,18500.0,3
2026,4,212425,deslig,19000.0,2
2026,4,212425,deslig,19500.0,2
2026,4,212425,deslig,20000.0,3
2026,4,212425,deslig,20500.0,2
2026,4,212425,deslig,21000.0,2
2026,4,212425,deslig,22000.0,2
2026,4,212425,deslig,22500.0,2
2026,4,212425,deslig,23000.0,1
2026,4,212425,deslig,23500.0,1
2026,4,212425,deslig,24000.0,1
2026,4,212425,deslig,25000.0,1
2026,4,212425,deslig,27000.0,1
2026,4,212425,deslig,29000.0,1
2026,4,212425,deslig,31500.0,1
2026,4,212425,deslig,32500.0,1
2026,4,212425,deslig,37000.0,1
2026,4,212425,deslig,38500.0,1
